customer_id,customer_name,city,state,customer_type,region,registration_date
1,Priya Reddy,Nagpur,Maharashtra,Individual,West,2020-09-11
2,Shreya Malhotra,Bengaluru,Karnataka,Individual,South,2023-11-17
3,Aarav Agarwal,Ahmedabad,Gujarat,Individual,West,2022-01-19
4,Kavya Rao,Nagpur,Maharashtra,Fleet,West,2019-06-10
5,Ankit Malhotra,New Delhi,Delhi,Individual,North,2023-04-04
6,Suresh Mehta,Hyderabad,Telangana,Individual,South,2021-09-18
7,Pooja Joshi,Noida,Uttar Pradesh,Individual,North,2024-05-18
8,Suresh Joshi,New Delhi,Delhi,Fleet,North,2020-03-24
9,Rahul Sharma,Lucknow,Uttar Pradesh,Individual,North,2019-05-29
10,Rohan Singh,Chennai,Tamil Nadu,Individual,South,2023-01-09
11,Neha Kumar,Hyderabad,Telangana,Fleet,South,2021-04-03
12,Arjun Rao,Nagpur,Maharashtra,Individual,West,2019-08-31
13,Meera Kumar,Mumbai,Maharashtra,Individual,West,2019-12-03
14,Vikram Kumar,Noida,Uttar Pradesh,Individual,North,2020-12-18
15,Vikram Agarwal,Pune,Maharashtra,Individual,West,2024-06-06
16,Arjun Sharma,Gurugram,Haryana,Individual,North,2021-01-01
17,Suresh Verma,Noida,Uttar Pradesh,Individual,North,2024-07-07
18,Riya Malhotra,Hyderabad,Telangana,Individual,South,2025-08-22
19,Neha Sharma,Gurugram,Haryana,Individual,North,2024-10-13
20,Neha Malhotra,Bengaluru,Karnataka,Individual,South,2020-01-03
21,Priya Singh,Coimbatore,Tamil Nadu,Individual,South,2020-06-28
22,Sneha Nair,Coimbatore,Tamil Nadu,Individual,South,2019-03-01
23,Karan Singh,Hyderabad,Telangana,Individual,South,2021-11-13
24,Rohan Nair,Mysuru,Karnataka,Individual,South,2025-11-26
25,Arjun Sharma,Mumbai,Maharashtra,Fleet,West,2024-07-13
26,Ananya Patel,Hyderabad,Telangana,Individual,South,2019-01-11
27,Riya Kumar,Nagpur,Maharashtra,Individual,West,2019-05-11
28,Arjun Rao,Mysuru,Karnataka,Individual,South,2022-03-23
29,Arjun Malhotra,Hyderabad,Telangana,Fleet,South,2025-04-30
30,Rahul Kumar,Hyderabad,Telangana,Individual,South,2024-01-25
31,Riya Patel,Nagpur,Maharashtra,Fleet,West,2019-07-01
32,Amit Malhotra,Noida,Uttar Pradesh,Individual,North,2021-08-02
33,Neha Iyer,Hyderabad,Telangana,Individual,South,2020-06-19
34,Priya Kumar,Mumbai,Maharashtra,Individual,West,2024-12-22
35,Neha Nair,Noida,Uttar Pradesh,Individual,North,2024-05-15
36,Arjun Reddy,Ahmedabad,Gujarat,Fleet,West,2023-02-21
37,Neha Agarwal,Lucknow,Uttar Pradesh,Fleet,North,2024-03-19
38,Ankit Patel,Mumbai,Maharashtra,Individual,West,2019-12-26
39,Aarav Singh,Mumbai,Maharashtra,Fleet,West,2020-10-12
40,Kavya Gupta,Ahmedabad,Gujarat,Individual,West,2023-03-17
41,Arjun Gupta,Mumbai,Maharashtra,Individual,West,2021-07-07
42,Priya Kumar,Bengaluru,Karnataka,Individual,South,2025-05-11
43,Vikram Agarwal,Coimbatore,Tamil Nadu,Individual,South,2025-07-08
44,Nitin Iyer,Coimbatore,Tamil Nadu,Individual,South,2020-02-11
45,Rahul Agarwal,Mumbai,Maharashtra,Fleet,West,2022-07-20
46,Rohan Patel,Noida,Uttar Pradesh,Individual,North,2022-11-10
47,Amit Singh,Mumbai,Maharashtra,Individual,West,2021-08-05
48,Sneha Kumar,Gurugram,Haryana,Individual,North,2025-04-08
49,Kavya Rao,New Delhi,Delhi,Individual,North,2021-11-12
50,Amit Nair,Gurugram,Haryana,Fleet,North,2021-01-11
51,Amit Gupta,Pune,Maharashtra,Individual,West,2023-10-04
52,Ankit Mehta,Pune,Maharashtra,Individual,West,2023-05-08
53,Riya Gupta,Nagpur,Maharashtra,Fleet,West,2023-12-01
54,Arjun Reddy,Hyderabad,Telangana,Individual,South,2021-07-06
55,Amit Verma,Noida,Uttar Pradesh,Individual,North,2023-01-15
56,Ananya Mehta,Mysuru,Karnataka,Individual,South,2022-05-09
57,Priya Joshi,Ahmedabad,Gujarat,Individual,West,2020-07-31
58,Shreya Agarwal,Mysuru,Karnataka,Individual,South,2025-01-20
59,Suresh Singh,Mumbai,Maharashtra,Individual,West,2023-05-01
60,Rohan Patel,Hyderabad,Telangana,Individual,South,2024-10-20
61,Neha Verma,Noida,Uttar Pradesh,Individual,North,2020-05-19
62,Ankit Agarwal,Coimbatore,Tamil Nadu,Individual,South,2019-01-05
63,Nitin Agarwal,Ahmedabad,Gujarat,Fleet,West,2023-04-19
64,Pooja Mehta,Chennai,Tamil Nadu,Individual,South,2020-05-04
65,Ankit Joshi,Mysuru,Karnataka,Individual,South,2023-10-23
66,Isha Mehta,New Delhi,Delhi,Individual,North,2024-10-11
67,Aarav Mehta,Pune,Maharashtra,Individual,West,2022-06-19
68,Suresh Patel,Mumbai,Maharashtra,Individual,West,2025-07-07
69,Karan Iyer,New Delhi,Delhi,Fleet,North,2021-09-07
70,Pooja Kumar,Coimbatore,Tamil Nadu,Individual,South,2023-09-23
71,Meera Patel,Ahmedabad,Gujarat,Individual,West,2024-01-13
72,Aarav Nair,Bengaluru,Karnataka,Individual,South,2020-05-24
73,Vikram Verma,Bengaluru,Karnataka,Individual,South,2021-02-06
74,Amit Kumar,Ahmedabad,Gujarat,Individual,West,2024-12-21
75,Meera Kumar,Ahmedabad,Gujarat,Individual,West,2023-02-19
76,Shreya Agarwal,Ahmedabad,Gujarat,Individual,West,2023-05-25
77,Amit Malhotra,Hyderabad,Telangana,Individual,South,2020-10-07
78,Isha Patel,Ahmedabad,Gujarat,Individual,West,2021-07-30
79,Ankit Singh,Pune,Maharashtra,Fleet,West,2023-06-14
80,Riya Agarwal,Lucknow,Uttar Pradesh,Individual,North,2023-09-19
81,Rahul Mehta,Hyderabad,Telangana,Individual,South,2019-07-26
82,Neha Kumar,Mumbai,Maharashtra,Fleet,West,2019-12-05
83,Ankit Agarwal,Lucknow,Uttar Pradesh,Individual,North,2020-09-13
84,Aarav Sharma,Coimbatore,Tamil Nadu,Individual,South,2022-01-08
85,Kavya Patel,Hyderabad,Telangana,Individual,South,2024-08-01
86,Kavya Sharma,New Delhi,Delhi,Individual,North,2019-02-27
87,Nitin Nair,Pune,Maharashtra,Individual,West,2024-06-13
88,Rahul Singh,Pune,Maharashtra,Individual,West,2024-11-20
89,Nitin Sharma,Mysuru,Karnataka,Individual,South,2020-10-21
90,Meera Verma,Pune,Maharashtra,Individual,West,2019-11-16
91,Meera Gupta,Noida,Uttar Pradesh,Individual,North,2024-12-06
92,Nitin Patel,Lucknow,Uttar Pradesh,Individual,North,2022-05-12
93,Karan Singh,Ahmedabad,Gujarat,Individual,West,2025-04-27
94,Riya Patel,Gurugram,Haryana,Individual,North,2021-07-02
95,Shreya Gupta,Coimbatore,Tamil Nadu,Individual,South,2025-11-12
96,Aarav Malhotra,Mysuru,Karnataka,Individual,South,2022-06-29
97,Ankit Agarwal,Pune,Maharashtra,Fleet,West,2019-07-29
98,Rohan Kumar,Chennai,Tamil Nadu,Fleet,South,2025-02-22
99,Neha Patel,Coimbatore,Tamil Nadu,Individual,South,2019-02-22
100,Isha Patel,Ahmedabad,Gujarat,Individual,West,2023-06-17
101,Amit Iyer,Ahmedabad,Gujarat,Individual,West,2021-03-11
102,Vikram Gupta,Pune,Maharashtra,Individual,West,2024-11-02
103,Suresh Kumar,Noida,Uttar Pradesh,Fleet,North,2025-03-26
104,Riya Reddy,Nagpur,Maharashtra,Individual,West,2022-05-13
105,Ankit Verma,Hyderabad,Telangana,Individual,South,2023-07-12
106,Nitin Kumar,Coimbatore,Tamil Nadu,Individual,South,2024-07-26
107,Pooja Rao,Coimbatore,Tamil Nadu,Individual,South,2019-06-08
108,Pooja Mehta,Coimbatore,Tamil Nadu,Fleet,South,2025-06-08
109,Priya Kumar,Mumbai,Maharashtra,Individual,West,2020-02-21
110,Arjun Rao,Noida,Uttar Pradesh,Individual,North,2021-01-08
111,Rohan Agarwal,Mysuru,Karnataka,Fleet,South,2020-06-04
112,Nitin Agarwal,Hyderabad,Telangana,Individual,South,2021-01-24
113,Rahul Mehta,New Delhi,Delhi,Individual,North,2020-12-01
114,Neha Agarwal,Coimbatore,Tamil Nadu,Individual,South,2019-07-16
115,Meera Chauhan,New Delhi,Delhi,Fleet,North,2022-01-04
116,Neha Sharma,Gurugram,Haryana,Individual,North,2025-03-10
117,Amit Rao,Noida,Uttar Pradesh,Individual,North,2024-03-22
118,Shreya Patel,Bengaluru,Karnataka,Individual,South,2024-12-01
119,Ananya Mehta,Pune,Maharashtra,Individual,West,2022-08-20
120,Riya Sharma,Mysuru,Karnataka,Individual,South,2020-05-15
121,Isha Chauhan,Mumbai,Maharashtra,Individual,West,2023-02-09
122,Riya Verma,Mysuru,Karnataka,Individual,South,2022-07-20
123,Nitin Agarwal,Lucknow,Uttar Pradesh,Individual,North,2021-07-20
124,Neha Rao,Bengaluru,Karnataka,Individual,South,2023-03-26
125,Ananya Mehta,Lucknow,Uttar Pradesh,Individual,North,2021-02-23
126,Meera Singh,Mysuru,Karnataka,Individual,South,2025-12-18
127,Neha Verma,Pune,Maharashtra,Individual,West,2022-11-26
128,Pooja Singh,Pune,Maharashtra,Individual,West,2021-05-18
129,Aarav Malhotra,Nagpur,Maharashtra,Individual,West,2022-03-24
130,Sneha Gupta,Noida,Uttar Pradesh,Individual,North,2025-01-21
131,Meera Mehta,Gurugram,Haryana,Fleet,North,2022-12-03
132,Kavya Singh,Gurugram,Haryana,Individual,North,2019-02-03
133,Ankit Mehta,Hyderabad,Telangana,Individual,South,2024-10-29
134,Vikram Iyer,Mysuru,Karnataka,Individual,South,2021-07-19
135,Suresh Patel,Lucknow,Uttar Pradesh,Individual,North,2025-08-12
136,Suresh Reddy,Nagpur,Maharashtra,Individual,West,2022-05-17
137,Sneha Rao,Lucknow,Uttar Pradesh,Individual,North,2020-11-05
138,Rahul Verma,Chennai,Tamil Nadu,Individual,South,2020-02-24
139,Shreya Gupta,New Delhi,Delhi,Individual,North,2023-07-03
140,Priya Malhotra,New Delhi,Delhi,Individual,North,2022-03-17
141,Rohan Gupta,Gurugram,Haryana,Individual,North,2023-07-05
142,Vikram Rao,Mumbai,Maharashtra,Individual,West,2023-06-19
143,Shreya Joshi,Coimbatore,Tamil Nadu,Individual,South,2023-06-21
144,Priya Joshi,Bengaluru,Karnataka,Individual,South,2025-04-18
145,Kavya Rao,Hyderabad,Telangana,Individual,South,2019-10-31
146,Isha Gupta,Hyderabad,Telangana,Individual,South,2019-01-23
147,Karan Iyer,Bengaluru,Karnataka,Individual,South,2024-12-04
148,Ananya Kumar,Noida,Uttar Pradesh,Individual,North,2020-01-02
149,Shreya Gupta,New Delhi,Delhi,Individual,North,2024-07-08
150,Suresh Chauhan,Noida,Uttar Pradesh,Individual,North,2019-03-13
151,Riya Singh,Chennai,Tamil Nadu,Individual,South,2025-07-22
152,Neha Nair,Pune,Maharashtra,Individual,West,2021-01-10
153,Sneha Sharma,Chennai,Tamil Nadu,Individual,South,2019-01-11
154,Sneha Kumar,Lucknow,Uttar Pradesh,Individual,North,2019-07-11
155,Arjun Patel,Pune,Maharashtra,Individual,West,2023-06-17
156,Suresh Kumar,Coimbatore,Tamil Nadu,Individual,South,2025-07-07
157,Ananya Agarwal,Lucknow,Uttar Pradesh,Individual,North,2024-09-10
158,Shreya Singh,Gurugram,Haryana,Individual,North,2021-05-06
159,Arjun Verma,Mysuru,Karnataka,Individual,South,2020-04-27
160,Nitin Patel,Coimbatore,Tamil Nadu,Individual,South,2023-12-31
161,Sneha Joshi,Coimbatore,Tamil Nadu,Individual,South,2021-12-09
162,Ananya Kumar,Nagpur,Maharashtra,Individual,West,2021-06-02
163,Vikram Singh,Ahmedabad,Gujarat,Individual,West,2024-09-08
164,Sneha Kumar,Chennai,Tamil Nadu,Individual,South,2024-09-10
165,Suresh Iyer,Noida,Uttar Pradesh,Individual,North,2025-08-26
166,Nitin Iyer,Hyderabad,Telangana,Individual,South,2023-03-08
167,Nitin Agarwal,Nagpur,Maharashtra,Individual,West,2021-09-27
168,Meera Iyer,Nagpur,Maharashtra,Individual,West,2023-04-13
169,Amit Reddy,Mysuru,Karnataka,Individual,South,2023-04-17
170,Rohan Patel,Hyderabad,Telangana,Fleet,South,2019-04-02
171,Amit Singh,New Delhi,Delhi,Individual,North,2023-08-30
172,Isha Sharma,Mumbai,Maharashtra,Individual,West,2025-08-08
173,Isha Rao,Noida,Uttar Pradesh,Fleet,North,2022-09-11
174,Kavya Kumar,Noida,Uttar Pradesh,Fleet,North,2020-07-30
175,Priya Iyer,Chennai,Tamil Nadu,Individual,South,2023-07-16
176,Isha Joshi,Ahmedabad,Gujarat,Individual,West,2021-11-24
177,Riya Kumar,Ahmedabad,Gujarat,Fleet,West,2023-07-24
178,Ankit Sharma,Hyderabad,Telangana,Individual,South,2019-12-31
179,Neha Kumar,Noida,Uttar Pradesh,Individual,North,2021-08-31
180,Isha Verma,Ahmedabad,Gujarat,Individual,West,2025-04-01
181,Priya Agarwal,Ahmedabad,Gujarat,Individual,West,2025-10-01
182,Suresh Reddy,Bengaluru,Karnataka,Individual,South,2020-07-05
183,Ananya Rao,Chennai,Tamil Nadu,Individual,South,2019-04-15
184,Shreya Kumar,Pune,Maharashtra,Fleet,West,2021-11-19
185,Vikram Chauhan,New Delhi,Delhi,Individual,North,2020-08-31
186,Kavya Reddy,Gurugram,Haryana,Individual,North,2019-08-20
187,Kavya Joshi,Coimbatore,Tamil Nadu,Individual,South,2025-09-12
188,Vikram Gupta,Mumbai,Maharashtra,Individual,West,2021-12-09
189,Ananya Patel,Nagpur,Maharashtra,Individual,West,2019-02-25
190,Amit Sharma,Ahmedabad,Gujarat,Individual,West,2025-05-07
191,Arjun Kumar,New Delhi,Delhi,Individual,North,2024-06-15
192,Kavya Mehta,Mumbai,Maharashtra,Individual,West,2023-05-25
193,Karan Reddy,Noida,Uttar Pradesh,Individual,North,2022-07-20
194,Suresh Chauhan,New Delhi,Delhi,Individual,North,2023-05-23
195,Kavya Patel,Bengaluru,Karnataka,Individual,South,2025-11-25
196,Kavya Kumar,Mysuru,Karnataka,Individual,South,2025-01-06
197,Arjun Chauhan,Chennai,Tamil Nadu,Fleet,South,2024-12-03
198,Shreya Malhotra,Mumbai,Maharashtra,Individual,West,2025-10-01
199,Karan Kumar,Bengaluru,Karnataka,Fleet,South,2022-03-24
200,Suresh Mehta,Hyderabad,Telangana,Individual,South,2020-10-10
201,Suresh Mehta,Hyderabad,Telangana,Individual,South,2021-09-26
202,Shreya Singh,Pune,Maharashtra,Individual,West,2021-12-14
203,Rohan Joshi,Chennai,Tamil Nadu,Individual,South,2022-10-02
204,Sneha Mehta,Mysuru,Karnataka,Individual,South,2021-03-27
205,Riya Sharma,Noida,Uttar Pradesh,Individual,North,2024-07-29
206,Ananya Rao,Coimbatore,Tamil Nadu,Individual,South,2024-11-27
207,Riya Malhotra,Gurugram,Haryana,Individual,North,2022-04-22
208,Ananya Patel,Gurugram,Haryana,Individual,North,2020-04-21
209,Ankit Patel,Hyderabad,Telangana,Individual,South,2024-06-22
210,Riya Nair,Nagpur,Maharashtra,Individual,West,2024-08-21
211,Priya Chauhan,Nagpur,Maharashtra,Individual,West,2025-01-28
212,Rahul Joshi,Coimbatore,Tamil Nadu,Individual,South,2025-05-17
213,Arjun Verma,Lucknow,Uttar Pradesh,Individual,North,2022-05-04
214,Suresh Singh,Mysuru,Karnataka,Fleet,South,2021-07-28
215,Karan Gupta,Pune,Maharashtra,Individual,West,2023-10-03
216,Ankit Kumar,Coimbatore,Tamil Nadu,Individual,South,2020-03-01
217,Amit Agarwal,Mysuru,Karnataka,Individual,South,2019-07-12
218,Shreya Malhotra,Noida,Uttar Pradesh,Fleet,North,2020-03-29
219,Ankit Agarwal,Hyderabad,Telangana,Individual,South,2022-08-04
220,Isha Nair,Nagpur,Maharashtra,Fleet,West,2023-02-07
221,Isha Malhotra,Mysuru,Karnataka,Individual,South,2023-09-19
222,Sneha Mehta,Pune,Maharashtra,Individual,West,2019-06-22
223,Isha Gupta,Noida,Uttar Pradesh,Individual,North,2020-04-12
224,Shreya Reddy,Mysuru,Karnataka,Individual,South,2022-09-22
225,Isha Mehta,Nagpur,Maharashtra,Fleet,West,2025-11-30
226,Ananya Kumar,Gurugram,Haryana,Individual,North,2022-04-04
227,Sneha Sharma,Ahmedabad,Gujarat,Individual,West,2019-06-28
228,Ananya Reddy,Hyderabad,Telangana,Individual,South,2023-10-20
229,Pooja Patel,Nagpur,Maharashtra,Fleet,West,2024-09-26
230,Aarav Reddy,Ahmedabad,Gujarat,Individual,West,2024-06-16
231,Arjun Chauhan,Mysuru,Karnataka,Individual,South,2020-02-06
232,Suresh Rao,Lucknow,Uttar Pradesh,Individual,North,2024-07-22
233,Rohan Mehta,Noida,Uttar Pradesh,Individual,North,2023-11-23
234,Meera Nair,Hyderabad,Telangana,Individual,South,2019-02-19
235,Vikram Sharma,Coimbatore,Tamil Nadu,Individual,South,2019-03-11
236,Vikram Mehta,Pune,Maharashtra,Individual,West,2019-11-26
237,Kavya Singh,Lucknow,Uttar Pradesh,Individual,North,2019-03-10
238,Suresh Rao,Gurugram,Haryana,Fleet,North,2020-05-22
239,Kavya Mehta,Noida,Uttar Pradesh,Individual,North,2020-07-17
240,Sneha Iyer,Noida,Uttar Pradesh,Individual,North,2021-01-24
241,Aarav Chauhan,Mysuru,Karnataka,Individual,South,2024-01-06
242,Meera Agarwal,Gurugram,Haryana,Individual,North,2024-12-04
243,Neha Singh,Chennai,Tamil Nadu,Individual,South,2023-10-08
244,Amit Sharma,Noida,Uttar Pradesh,Individual,North,2023-09-22
245,Sneha Nair,Bengaluru,Karnataka,Individual,South,2019-08-10
246,Sneha Rao,Pune,Maharashtra,Individual,West,2020-12-08
247,Isha Reddy,Mumbai,Maharashtra,Individual,West,2022-09-15
248,Pooja Mehta,Hyderabad,Telangana,Individual,South,2025-11-12
249,Sneha Agarwal,Gurugram,Haryana,Individual,North,2024-05-16
250,Sneha Chauhan,Coimbatore,Tamil Nadu,Individual,South,2023-10-21
251,Riya Mehta,Ahmedabad,Gujarat,Fleet,West,2025-01-09
252,Ananya Sharma,Coimbatore,Tamil Nadu,Individual,South,2025-08-29
253,Neha Gupta,Pune,Maharashtra,Individual,West,2022-06-06
254,Shreya Kumar,Mysuru,Karnataka,Individual,South,2019-03-13
255,Neha Rao,Mumbai,Maharashtra,Individual,West,2023-04-11
256,Rohan Iyer,Noida,Uttar Pradesh,Individual,North,2019-04-27
257,Pooja Mehta,Hyderabad,Telangana,Individual,South,2020-07-25
258,Amit Verma,Bengaluru,Karnataka,Individual,South,2022-10-01
259,Neha Patel,Chennai,Tamil Nadu,Individual,South,2021-05-15
260,Suresh Chauhan,New Delhi,Delhi,Individual,North,2025-04-14
261,Kavya Iyer,Bengaluru,Karnataka,Individual,South,2024-07-16
262,Kavya Nair,Mumbai,Maharashtra,Fleet,West,2020-08-02
263,Priya Rao,Bengaluru,Karnataka,Individual,South,2021-10-18
264,Riya Mehta,Hyderabad,Telangana,Individual,South,2022-02-03
265,Ananya Nair,Gurugram,Haryana,Individual,North,2024-06-17
266,Sneha Patel,Ahmedabad,Gujarat,Individual,West,2024-02-09
267,Amit Singh,Lucknow,Uttar Pradesh,Individual,North,2024-10-21
268,Vikram Sharma,Mysuru,Karnataka,Individual,South,2021-10-12
269,Isha Singh,Mumbai,Maharashtra,Individual,West,2020-03-27
270,Amit Verma,Ahmedabad,Gujarat,Individual,West,2024-09-23
271,Karan Gupta,Noida,Uttar Pradesh,Individual,North,2022-02-14
272,Rahul Joshi,Pune,Maharashtra,Individual,West,2020-06-03
273,Isha Verma,Lucknow,Uttar Pradesh,Individual,North,2019-02-20
274,Rahul Iyer,New Delhi,Delhi,Individual,North,2020-03-28
275,Meera Singh,Ahmedabad,Gujarat,Individual,West,2023-09-20
276,Pooja Rao,Mysuru,Karnataka,Fleet,South,2025-05-14
277,Amit Patel,Mumbai,Maharashtra,Individual,West,2022-03-18
278,Vikram Malhotra,Chennai,Tamil Nadu,Individual,South,2023-05-12
279,Vikram Reddy,Mysuru,Karnataka,Individual,South,2023-11-17
280,Kavya Nair,Hyderabad,Telangana,Individual,South,2021-01-17
281,Ankit Iyer,Gurugram,Haryana,Individual,North,2020-10-14
282,Ananya Kumar,Mumbai,Maharashtra,Individual,West,2022-01-06
283,Nitin Verma,Mysuru,Karnataka,Individual,South,2019-08-03
284,Vikram Joshi,Ahmedabad,Gujarat,Individual,West,2023-11-20
285,Kavya Nair,Mumbai,Maharashtra,Individual,West,2024-10-19
286,Ankit Mehta,Nagpur,Maharashtra,Individual,West,2025-09-27
287,Karan Gupta,Pune,Maharashtra,Individual,West,2024-08-17
288,Neha Chauhan,Gurugram,Haryana,Individual,North,2021-08-30
289,Neha Verma,Gurugram,Haryana,Individual,North,2024-08-24
290,Isha Verma,Chennai,Tamil Nadu,Individual,South,2023-03-02
291,Pooja Joshi,Lucknow,Uttar Pradesh,Individual,North,2019-10-12
292,Pooja Reddy,Ahmedabad,Gujarat,Individual,West,2019-12-14
293,Sneha Rao,Coimbatore,Tamil Nadu,Fleet,South,2019-03-24
294,Nitin Singh,New Delhi,Delhi,Individual,North,2022-08-30
295,Meera Reddy,Hyderabad,Telangana,Fleet,South,2025-04-27
296,Isha Patel,Noida,Uttar Pradesh,Individual,North,2025-09-08
297,Pooja Reddy,Pune,Maharashtra,Individual,West,2019-12-16
298,Ankit Joshi,Hyderabad,Telangana,Individual,South,2019-09-14
299,Amit Iyer,Bengaluru,Karnataka,Individual,South,2025-06-02
300,Suresh Agarwal,Coimbatore,Tamil Nadu,Fleet,South,2023-08-05
301,Riya Sharma,Nagpur,Maharashtra,Individual,West,2022-10-31
302,Meera Rao,Chennai,Tamil Nadu,Individual,South,2022-01-23
303,Vikram Joshi,Lucknow,Uttar Pradesh,Fleet,North,2023-06-09
304,Neha Agarwal,Ahmedabad,Gujarat,Individual,West,2024-11-23
305,Isha Rao,Lucknow,Uttar Pradesh,Individual,North,2019-05-04
306,Shreya Kumar,Mysuru,Karnataka,Individual,South,2019-01-23
307,Rahul Rao,Noida,Uttar Pradesh,Individual,North,2024-01-21
308,Amit Gupta,Pune,Maharashtra,Individual,West,2019-05-23
309,Ananya Sharma,New Delhi,Delhi,Individual,North,2021-07-19
310,Vikram Iyer,Gurugram,Haryana,Individual,North,2020-05-29
311,Shreya Malhotra,Pune,Maharashtra,Fleet,West,2021-08-23
312,Neha Mehta,Hyderabad,Telangana,Individual,South,2023-01-16
313,Arjun Chauhan,Chennai,Tamil Nadu,Individual,South,2023-05-21
314,Pooja Mehta,Noida,Uttar Pradesh,Fleet,North,2023-12-19
315,Kavya Chauhan,Chennai,Tamil Nadu,Individual,South,2023-08-16
316,Kavya Verma,Chennai,Tamil Nadu,Individual,South,2019-08-06
317,Ananya Malhotra,Lucknow,Uttar Pradesh,Individual,North,2022-02-11
318,Vikram Reddy,Bengaluru,Karnataka,Individual,South,2025-11-13
319,Meera Nair,Coimbatore,Tamil Nadu,Individual,South,2025-04-11
320,Karan Sharma,New Delhi,Delhi,Individual,North,2022-11-26
321,Shreya Verma,Coimbatore,Tamil Nadu,Fleet,South,2021-11-03
322,Priya Gupta,Chennai,Tamil Nadu,Individual,South,2025-04-18
323,Arjun Patel,Hyderabad,Telangana,Individual,South,2024-08-30
324,Meera Gupta,Gurugram,Haryana,Individual,North,2019-01-12
325,Riya Joshi,New Delhi,Delhi,Fleet,North,2022-09-07
326,Suresh Nair,New Delhi,Delhi,Individual,North,2019-06-01
327,Neha Mehta,Noida,Uttar Pradesh,Individual,North,2020-04-04
328,Vikram Chauhan,Mysuru,Karnataka,Individual,South,2025-06-23
329,Arjun Sharma,Chennai,Tamil Nadu,Individual,South,2024-12-26
330,Priya Chauhan,Hyderabad,Telangana,Individual,South,2023-06-18
331,Amit Agarwal,Pune,Maharashtra,Individual,West,2024-11-16
332,Pooja Singh,Lucknow,Uttar Pradesh,Individual,North,2025-06-05
333,Vikram Nair,Ahmedabad,Gujarat,Individual,West,2021-08-10
334,Suresh Mehta,Mysuru,Karnataka,Individual,South,2021-01-12
335,Priya Singh,Mysuru,Karnataka,Individual,South,2023-02-11
336,Arjun Sharma,Noida,Uttar Pradesh,Individual,North,2022-01-11
337,Ananya Mehta,Pune,Maharashtra,Individual,West,2024-11-30
338,Kavya Reddy,Noida,Uttar Pradesh,Individual,North,2023-11-15
339,Ankit Mehta,Ahmedabad,Gujarat,Individual,West,2020-11-19
340,Suresh Singh,Coimbatore,Tamil Nadu,Individual,South,2025-12-06
341,Pooja Chauhan,Gurugram,Haryana,Individual,North,2023-12-18
342,Kavya Joshi,New Delhi,Delhi,Individual,North,2019-02-14
343,Kavya Chauhan,New Delhi,Delhi,Individual,North,2022-02-02
344,Neha Reddy,Gurugram,Haryana,Individual,North,2023-06-08
345,Kavya Malhotra,New Delhi,Delhi,Individual,North,2021-07-05
346,Arjun Chauhan,Mysuru,Karnataka,Fleet,South,2023-01-03
347,Vikram Iyer,Pune,Maharashtra,Individual,West,2023-02-26
348,Rohan Iyer,Nagpur,Maharashtra,Individual,West,2020-09-26
349,Rahul Chauhan,Mysuru,Karnataka,Individual,South,2023-06-07
350,Shreya Joshi,Bengaluru,Karnataka,Individual,South,2022-10-19
351,Arjun Rao,Chennai,Tamil Nadu,Individual,South,2024-09-01
352,Amit Mehta,Lucknow,Uttar Pradesh,Individual,North,2021-12-14
353,Neha Patel,Chennai,Tamil Nadu,Individual,South,2022-01-01
354,Ananya Mehta,Bengaluru,Karnataka,Individual,South,2022-12-16
355,Isha Mehta,Gurugram,Haryana,Fleet,North,2020-12-06
356,Amit Agarwal,Hyderabad,Telangana,Individual,South,2025-07-09
357,Ankit Chauhan,Coimbatore,Tamil Nadu,Fleet,South,2021-01-04
358,Meera Patel,Ahmedabad,Gujarat,Fleet,West,2022-11-22
359,Riya Sharma,Gurugram,Haryana,Individual,North,2021-04-17
360,Kavya Malhotra,Bengaluru,Karnataka,Individual,South,2021-04-25
361,Shreya Nair,Gurugram,Haryana,Individual,North,2024-02-19
362,Priya Malhotra,Coimbatore,Tamil Nadu,Individual,South,2021-06-13
363,Shreya Kumar,Coimbatore,Tamil Nadu,Individual,South,2021-12-02
364,Vikram Agarwal,Coimbatore,Tamil Nadu,Individual,South,2019-07-30
365,Riya Malhotra,Noida,Uttar Pradesh,Fleet,North,2021-02-10
366,Priya Malhotra,Chennai,Tamil Nadu,Individual,South,2021-09-14
367,Kavya Patel,Nagpur,Maharashtra,Individual,West,2024-09-16
368,Meera Malhotra,Coimbatore,Tamil Nadu,Individual,South,2020-04-18
369,Vikram Singh,Coimbatore,Tamil Nadu,Individual,South,2025-03-19
370,Shreya Joshi,Lucknow,Uttar Pradesh,Individual,North,2020-01-31
371,Rohan Joshi,Bengaluru,Karnataka,Individual,South,2021-09-16
372,Sneha Chauhan,Gurugram,Haryana,Individual,North,2022-07-24
373,Amit Chauhan,Bengaluru,Karnataka,Individual,South,2020-06-10
374,Ananya Iyer,Mysuru,Karnataka,Individual,South,2021-03-23
375,Sneha Mehta,Lucknow,Uttar Pradesh,Individual,North,2020-09-11
376,Neha Malhotra,Ahmedabad,Gujarat,Individual,West,2024-04-04
377,Nitin Patel,New Delhi,Delhi,Fleet,North,2022-08-12
378,Priya Agarwal,Hyderabad,Telangana,Individual,South,2019-12-21
379,Ankit Chauhan,Coimbatore,Tamil Nadu,Individual,South,2025-05-16
380,Riya Nair,Gurugram,Haryana,Individual,North,2022-07-13
381,Aarav Singh,Lucknow,Uttar Pradesh,Individual,North,2025-07-18
382,Karan Mehta,Ahmedabad,Gujarat,Fleet,West,2021-09-13
383,Amit Iyer,Mumbai,Maharashtra,Individual,West,2024-08-26
384,Amit Sharma,Chennai,Tamil Nadu,Fleet,South,2019-10-27
385,Amit Sharma,Gurugram,Haryana,Individual,North,2020-06-21
386,Karan Sharma,Bengaluru,Karnataka,Fleet,South,2021-03-05
387,Ankit Verma,Pune,Maharashtra,Individual,West,2019-09-02
388,Karan Mehta,Noida,Uttar Pradesh,Individual,North,2020-12-28
389,Riya Sharma,Bengaluru,Karnataka,Fleet,South,2019-09-10
390,Suresh Agarwal,Mumbai,Maharashtra,Individual,West,2019-07-30
391,Suresh Mehta,Gurugram,Haryana,Individual,North,2022-03-29
392,Karan Singh,Mysuru,Karnataka,Fleet,South,2020-07-04
393,Ananya Agarwal,Chennai,Tamil Nadu,Individual,South,2021-01-24
394,Meera Sharma,Mysuru,Karnataka,Individual,South,2024-09-04
395,Arjun Iyer,Mumbai,Maharashtra,Individual,West,2022-06-22
396,Suresh Malhotra,Pune,Maharashtra,Individual,West,2023-01-17
397,Aarav Chauhan,Chennai,Tamil Nadu,Individual,South,2019-03-06
398,Ankit Nair,Lucknow,Uttar Pradesh,Fleet,North,2020-07-11
399,Riya Malhotra,Ahmedabad,Gujarat,Individual,West,2023-11-07
400,Vikram Singh,New Delhi,Delhi,Individual,North,2019-11-17
401,Vikram Mehta,Noida,Uttar Pradesh,Fleet,North,2025-06-21
402,Ananya Sharma,Coimbatore,Tamil Nadu,Individual,South,2021-04-22
403,Rahul Joshi,Nagpur,Maharashtra,Individual,West,2025-05-18
404,Rohan Verma,Pune,Maharashtra,Individual,West,2023-09-18
405,Ananya Iyer,Pune,Maharashtra,Individual,West,2022-08-12
406,Arjun Rao,Noida,Uttar Pradesh,Fleet,North,2025-01-16
407,Karan Sharma,Chennai,Tamil Nadu,Individual,South,2022-12-14
408,Kavya Mehta,New Delhi,Delhi,Individual,North,2022-11-29
409,Pooja Kumar,Chennai,Tamil Nadu,Individual,South,2021-09-02
410,Rahul Chauhan,Bengaluru,Karnataka,Individual,South,2024-10-30
411,Pooja Gupta,Gurugram,Haryana,Individual,North,2024-02-09
412,Isha Iyer,New Delhi,Delhi,Individual,North,2023-06-03
413,Pooja Sharma,Coimbatore,Tamil Nadu,Individual,South,2023-02-18
414,Suresh Joshi,Noida,Uttar Pradesh,Fleet,North,2019-03-22
415,Vikram Kumar,Gurugram,Haryana,Individual,North,2019-05-22
416,Kavya Agarwal,Mumbai,Maharashtra,Individual,West,2019-11-30
417,Rohan Nair,Mumbai,Maharashtra,Individual,West,2024-11-26
418,Suresh Iyer,Chennai,Tamil Nadu,Individual,South,2019-04-17
419,Ananya Agarwal,Nagpur,Maharashtra,Individual,West,2019-04-11
420,Sneha Sharma,Mumbai,Maharashtra,Individual,West,2020-08-06
421,Rahul Sharma,New Delhi,Delhi,Individual,North,2019-08-13
422,Suresh Malhotra,Nagpur,Maharashtra,Individual,West,2021-03-13
423,Amit Reddy,Hyderabad,Telangana,Individual,South,2021-12-12
424,Pooja Joshi,Nagpur,Maharashtra,Individual,West,2022-07-01
425,Aarav Joshi,Lucknow,Uttar Pradesh,Individual,North,2019-10-06
426,Shreya Singh,Bengaluru,Karnataka,Individual,South,2021-12-31
427,Rahul Agarwal,Chennai,Tamil Nadu,Individual,South,2022-06-06
428,Amit Reddy,New Delhi,Delhi,Individual,North,2023-03-08
429,Amit Gupta,Coimbatore,Tamil Nadu,Individual,South,2023-09-04
430,Ananya Iyer,Pune,Maharashtra,Fleet,West,2021-01-16
431,Rahul Joshi,Mysuru,Karnataka,Individual,South,2025-11-01
432,Meera Reddy,Gurugram,Haryana,Individual,North,2025-06-23
433,Meera Gupta,Nagpur,Maharashtra,Individual,West,2024-05-01
434,Isha Nair,Gurugram,Haryana,Individual,North,2021-01-10
435,Meera Chauhan,Hyderabad,Telangana,Individual,South,2019-03-05
436,Rohan Agarwal,Chennai,Tamil Nadu,Individual,South,2020-09-09
437,Neha Rao,Hyderabad,Telangana,Individual,South,2022-11-30
438,Ankit Nair,Bengaluru,Karnataka,Fleet,South,2021-08-07
439,Suresh Joshi,Noida,Uttar Pradesh,Fleet,North,2021-08-14
440,Riya Kumar,Mysuru,Karnataka,Individual,South,2025-07-31
441,Rohan Rao,Ahmedabad,Gujarat,Individual,West,2020-08-19
442,Sneha Mehta,Hyderabad,Telangana,Individual,South,2025-08-27
443,Meera Malhotra,Nagpur,Maharashtra,Individual,West,2021-01-04
444,Isha Chauhan,Ahmedabad,Gujarat,Individual,West,2023-08-17
445,Pooja Patel,Bengaluru,Karnataka,Individual,South,2024-02-10
446,Priya Sharma,Gurugram,Haryana,Fleet,North,2019-07-13
447,Karan Patel,Ahmedabad,Gujarat,Individual,West,2023-08-09
448,Aarav Gupta,Mumbai,Maharashtra,Individual,West,2021-10-05
449,Ankit Iyer,Bengaluru,Karnataka,Individual,South,2020-05-13
450,Meera Kumar,Pune,Maharashtra,Individual,West,2023-04-17
451,Isha Singh,Bengaluru,Karnataka,Fleet,South,2022-05-07
452,Rohan Sharma,Bengaluru,Karnataka,Individual,South,2020-05-16
453,Riya Kumar,Coimbatore,Tamil Nadu,Individual,South,2022-03-11
454,Suresh Malhotra,Nagpur,Maharashtra,Individual,West,2025-04-15
455,Rahul Gupta,New Delhi,Delhi,Individual,North,2023-10-06
456,Suresh Mehta,Lucknow,Uttar Pradesh,Individual,North,2021-10-14
457,Amit Rao,Chennai,Tamil Nadu,Individual,South,2024-10-25
458,Suresh Singh,Gurugram,Haryana,Individual,North,2022-04-15
459,Nitin Sharma,Ahmedabad,Gujarat,Individual,West,2025-09-27
460,Pooja Reddy,Mumbai,Maharashtra,Individual,West,2024-08-03
461,Sneha Sharma,Hyderabad,Telangana,Individual,South,2022-08-02
462,Vikram Gupta,Chennai,Tamil Nadu,Individual,South,2023-08-02
463,Neha Kumar,Lucknow,Uttar Pradesh,Individual,North,2022-04-16
464,Rohan Mehta,New Delhi,Delhi,Individual,North,2023-09-17
465,Suresh Reddy,Bengaluru,Karnataka,Individual,South,2023-09-24
466,Priya Chauhan,Mysuru,Karnataka,Individual,South,2020-05-17
467,Nitin Verma,Gurugram,Haryana,Individual,North,2019-07-28
468,Sneha Agarwal,Bengaluru,Karnataka,Individual,South,2020-02-10
469,Rohan Chauhan,Lucknow,Uttar Pradesh,Fleet,North,2022-10-01
470,Amit Gupta,Gurugram,Haryana,Individual,North,2020-04-21
471,Meera Gupta,Chennai,Tamil Nadu,Individual,South,2020-06-15
472,Meera Singh,Hyderabad,Telangana,Individual,South,2021-10-10
473,Neha Joshi,Nagpur,Maharashtra,Individual,West,2024-06-26
474,Vikram Gupta,Lucknow,Uttar Pradesh,Individual,North,2024-03-03
475,Rohan Reddy,Bengaluru,Karnataka,Individual,South,2024-04-13
476,Nitin Nair,Mysuru,Karnataka,Individual,South,2019-04-12
477,Suresh Nair,Coimbatore,Tamil Nadu,Individual,South,2025-11-27
478,Ananya Singh,Nagpur,Maharashtra,Individual,West,2024-07-10
479,Rohan Reddy,Nagpur,Maharashtra,Individual,West,2023-05-18
480,Rohan Mehta,Mumbai,Maharashtra,Individual,West,2022-10-19
481,Rohan Rao,Ahmedabad,Gujarat,Individual,West,2025-08-02
482,Aarav Mehta,Mumbai,Maharashtra,Individual,West,2021-07-21
483,Ankit Singh,Ahmedabad,Gujarat,Individual,West,2022-06-01
484,Shreya Joshi,New Delhi,Delhi,Individual,North,2021-06-23
485,Arjun Singh,Mumbai,Maharashtra,Fleet,West,2019-12-29
486,Aarav Singh,Mysuru,Karnataka,Individual,South,2025-02-27
487,Riya Verma,Gurugram,Haryana,Individual,North,2025-07-05
488,Riya Patel,Gurugram,Haryana,Individual,North,2020-10-07
489,Nitin Rao,Gurugram,Haryana,Individual,North,2024-12-14
490,Amit Nair,Gurugram,Haryana,Individual,North,2021-08-02
491,Ananya Mehta,Ahmedabad,Gujarat,Individual,West,2025-12-03
492,Priya Kumar,Lucknow,Uttar Pradesh,Individual,North,2024-08-08
493,Ankit Iyer,Noida,Uttar Pradesh,Individual,North,2024-03-27
494,Rahul Sharma,Coimbatore,Tamil Nadu,Individual,South,2025-04-18
495,Sneha Nair,Nagpur,Maharashtra,Individual,West,2025-03-23
496,Kavya Iyer,Coimbatore,Tamil Nadu,Individual,South,2024-06-12
497,Rohan Mehta,Bengaluru,Karnataka,Individual,South,2025-10-22
498,Pooja Gupta,Coimbatore,Tamil Nadu,Individual,South,2023-10-15
499,Riya Verma,Gurugram,Haryana,Individual,North,2022-08-24
500,Karan Chauhan,Mysuru,Karnataka,Individual,South,2025-03-18
501,Arjun Singh,Noida,Uttar Pradesh,Individual,North,2022-09-15
502,Neha Mehta,New Delhi,Delhi,Fleet,North,2020-03-08
503,Kavya Agarwal,Mysuru,Karnataka,Fleet,South,2019-03-29
504,Aarav Mehta,Nagpur,Maharashtra,Individual,West,2021-12-27
505,Neha Reddy,Nagpur,Maharashtra,Individual,West,2025-11-15
506,Shreya Joshi,Gurugram,Haryana,Individual,North,2025-02-22
507,Kavya Agarwal,Gurugram,Haryana,Individual,North,2025-10-19
508,Kavya Gupta,Noida,Uttar Pradesh,Fleet,North,2025-09-28
509,Meera Joshi,Bengaluru,Karnataka,Individual,South,2020-03-04
510,Kavya Rao,Pune,Maharashtra,Individual,West,2021-06-08
511,Amit Sharma,Mumbai,Maharashtra,Individual,West,2024-12-07
512,Amit Reddy,Gurugram,Haryana,Individual,North,2022-02-03
513,Rahul Agarwal,Ahmedabad,Gujarat,Individual,West,2022-04-08
514,Vikram Gupta,Ahmedabad,Gujarat,Individual,West,2019-08-24
515,Karan Verma,Bengaluru,Karnataka,Individual,South,2019-11-13
516,Neha Iyer,Noida,Uttar Pradesh,Individual,North,2019-08-22
517,Arjun Kumar,Mysuru,Karnataka,Individual,South,2024-11-17
518,Amit Singh,Gurugram,Haryana,Individual,North,2022-09-18
519,Rahul Nair,Lucknow,Uttar Pradesh,Individual,North,2019-09-17
520,Shreya Gupta,Bengaluru,Karnataka,Individual,South,2021-06-14
521,Sneha Singh,Hyderabad,Telangana,Individual,South,2021-06-09
522,Amit Nair,Coimbatore,Tamil Nadu,Fleet,South,2022-04-16
523,Vikram Patel,Ahmedabad,Gujarat,Individual,West,2019-11-22
524,Arjun Malhotra,Ahmedabad,Gujarat,Individual,West,2020-07-09
525,Rohan Sharma,Lucknow,Uttar Pradesh,Individual,North,2024-09-23
526,Rahul Gupta,New Delhi,Delhi,Fleet,North,2023-10-29
527,Priya Rao,Mumbai,Maharashtra,Individual,West,2023-09-16
528,Pooja Reddy,Gurugram,Haryana,Individual,North,2023-03-30
529,Ankit Reddy,Nagpur,Maharashtra,Individual,West,2021-09-23
530,Aarav Joshi,New Delhi,Delhi,Individual,North,2025-02-02
531,Meera Rao,Gurugram,Haryana,Individual,North,2020-04-27
532,Isha Joshi,Bengaluru,Karnataka,Individual,South,2025-02-06
533,Rohan Mehta,Hyderabad,Telangana,Individual,South,2024-08-25
534,Kavya Verma,Noida,Uttar Pradesh,Individual,North,2025-03-31
535,Nitin Agarwal,Nagpur,Maharashtra,Individual,West,2020-10-06
536,Amit Reddy,Lucknow,Uttar Pradesh,Individual,North,2019-02-03
537,Pooja Verma,Gurugram,Haryana,Individual,North,2025-03-14
538,Nitin Chauhan,Noida,Uttar Pradesh,Individual,North,2020-07-20
539,Vikram Mehta,New Delhi,Delhi,Individual,North,2024-06-06
540,Arjun Nair,Mysuru,Karnataka,Individual,South,2021-11-26
541,Ankit Verma,Gurugram,Haryana,Individual,North,2020-12-02
542,Rohan Iyer,Mumbai,Maharashtra,Individual,West,2022-05-22
543,Ananya Reddy,New Delhi,Delhi,Individual,North,2021-08-20
544,Aarav Malhotra,Coimbatore,Tamil Nadu,Individual,South,2020-11-15
545,Suresh Gupta,Pune,Maharashtra,Individual,West,2020-04-03
546,Karan Mehta,Pune,Maharashtra,Individual,West,2021-08-14
547,Pooja Chauhan,Coimbatore,Tamil Nadu,Individual,South,2023-11-04
548,Arjun Nair,Coimbatore,Tamil Nadu,Individual,South,2021-05-22
549,Riya Reddy,Pune,Maharashtra,Individual,West,2020-06-02
550,Vikram Joshi,Nagpur,Maharashtra,Fleet,West,2023-10-01
551,Meera Sharma,Coimbatore,Tamil Nadu,Fleet,South,2019-08-03
552,Neha Nair,Coimbatore,Tamil Nadu,Individual,South,2020-08-08
553,Isha Sharma,Noida,Uttar Pradesh,Individual,North,2021-11-23
554,Priya Singh,Lucknow,Uttar Pradesh,Fleet,North,2024-01-17
555,Sneha Chauhan,New Delhi,Delhi,Individual,North,2024-04-26
556,Kavya Reddy,Pune,Maharashtra,Individual,West,2019-01-27
557,Rohan Reddy,Chennai,Tamil Nadu,Individual,South,2024-02-17
558,Kavya Chauhan,Nagpur,Maharashtra,Individual,West,2025-06-20
559,Rahul Singh,Coimbatore,Tamil Nadu,Individual,South,2019-07-28
560,Isha Kumar,Ahmedabad,Gujarat,Individual,West,2024-02-05
561,Priya Reddy,New Delhi,Delhi,Individual,North,2020-08-09
562,Vikram Chauhan,Gurugram,Haryana,Individual,North,2024-02-05
563,Neha Gupta,Hyderabad,Telangana,Individual,South,2024-08-26
564,Pooja Patel,New Delhi,Delhi,Individual,North,2024-04-16
565,Sneha Sharma,New Delhi,Delhi,Individual,North,2022-07-15
566,Priya Gupta,New Delhi,Delhi,Individual,North,2021-11-05
567,Rahul Sharma,Gurugram,Haryana,Individual,North,2019-01-27
568,Amit Nair,Chennai,Tamil Nadu,Individual,South,2021-01-03
569,Suresh Reddy,Pune,Maharashtra,Individual,West,2021-10-26
570,Rohan Kumar,Hyderabad,Telangana,Individual,South,2023-05-29
571,Neha Singh,Mysuru,Karnataka,Individual,South,2023-06-19
572,Amit Nair,Chennai,Tamil Nadu,Individual,South,2024-05-14
573,Aarav Gupta,Nagpur,Maharashtra,Individual,West,2020-08-15
574,Meera Agarwal,Ahmedabad,Gujarat,Individual,West,2023-06-29
575,Ankit Joshi,Pune,Maharashtra,Individual,West,2021-12-20
576,Ankit Malhotra,Hyderabad,Telangana,Individual,South,2021-05-14
577,Amit Kumar,Mumbai,Maharashtra,Individual,West,2023-10-26
578,Ananya Mehta,Coimbatore,Tamil Nadu,Individual,South,2020-05-16
579,Pooja Kumar,Mumbai,Maharashtra,Fleet,West,2023-08-30
580,Amit Kumar,Noida,Uttar Pradesh,Individual,North,2025-11-27
581,Aarav Sharma,New Delhi,Delhi,Individual,North,2021-11-18
582,Kavya Sharma,Pune,Maharashtra,Individual,West,2021-03-22
583,Priya Sharma,Chennai,Tamil Nadu,Individual,South,2022-05-10
584,Vikram Rao,Mysuru,Karnataka,Individual,South,2020-03-23
585,Isha Reddy,New Delhi,Delhi,Individual,North,2024-08-13
586,Neha Verma,Pune,Maharashtra,Individual,West,2025-11-20
587,Vikram Sharma,New Delhi,Delhi,Individual,North,2025-09-02
588,Rahul Verma,Gurugram,Haryana,Individual,North,2025-08-29
589,Ananya Rao,Mysuru,Karnataka,Fleet,South,2021-01-28
590,Neha Singh,New Delhi,Delhi,Individual,North,2023-01-02
591,Meera Nair,Hyderabad,Telangana,Individual,South,2019-01-14
592,Suresh Sharma,Bengaluru,Karnataka,Individual,South,2019-05-07
593,Ankit Kumar,Lucknow,Uttar Pradesh,Individual,North,2025-09-21
594,Suresh Patel,Gurugram,Haryana,Individual,North,2024-07-02
595,Karan Verma,Ahmedabad,Gujarat,Individual,West,2019-04-25
596,Sneha Joshi,New Delhi,Delhi,Individual,North,2022-10-31
597,Isha Kumar,Hyderabad,Telangana,Individual,South,2021-05-26
598,Aarav Malhotra,Ahmedabad,Gujarat,Individual,West,2025-08-10
599,Sneha Gupta,New Delhi,Delhi,Fleet,North,2025-04-05
600,Nitin Agarwal,Coimbatore,Tamil Nadu,Fleet,South,2021-08-16
601,Shreya Malhotra,Nagpur,Maharashtra,Individual,West,2020-09-22
602,Vikram Joshi,Pune,Maharashtra,Individual,West,2020-09-19
603,Rahul Nair,Ahmedabad,Gujarat,Individual,West,2020-01-09
604,Vikram Nair,Mumbai,Maharashtra,Individual,West,2025-11-04
605,Priya Nair,Pune,Maharashtra,Fleet,West,2023-06-08
606,Nitin Iyer,Nagpur,Maharashtra,Individual,West,2025-04-27
607,Rohan Rao,Mumbai,Maharashtra,Individual,West,2021-11-26
608,Ananya Mehta,Nagpur,Maharashtra,Individual,West,2023-08-04
609,Sneha Singh,Ahmedabad,Gujarat,Fleet,West,2023-04-09
610,Meera Nair,Chennai,Tamil Nadu,Individual,South,2025-04-27
611,Ankit Reddy,New Delhi,Delhi,Individual,North,2022-09-14
612,Ananya Malhotra,Hyderabad,Telangana,Individual,South,2019-03-11
613,Isha Chauhan,Pune,Maharashtra,Individual,West,2020-02-23
614,Priya Mehta,Lucknow,Uttar Pradesh,Individual,North,2019-09-25
615,Arjun Rao,Gurugram,Haryana,Individual,North,2019-05-12
616,Karan Agarwal,Hyderabad,Telangana,Individual,South,2022-06-16
617,Aarav Joshi,Gurugram,Haryana,Individual,North,2021-02-19
618,Aarav Gupta,Mumbai,Maharashtra,Fleet,West,2022-01-16
619,Amit Mehta,Nagpur,Maharashtra,Individual,West,2019-09-26
620,Kavya Joshi,Lucknow,Uttar Pradesh,Individual,North,2021-02-25
621,Kavya Iyer,Pune,Maharashtra,Individual,West,2021-05-27
622,Priya Nair,Pune,Maharashtra,Individual,West,2022-07-17
623,Neha Patel,Bengaluru,Karnataka,Individual,South,2021-10-03
624,Ananya Chauhan,New Delhi,Delhi,Individual,North,2020-09-26
625,Priya Rao,Pune,Maharashtra,Individual,West,2021-04-01
626,Ankit Mehta,Nagpur,Maharashtra,Individual,West,2019-09-13
627,Suresh Agarwal,Nagpur,Maharashtra,Individual,West,2022-07-12
628,Rahul Sharma,Lucknow,Uttar Pradesh,Individual,North,2020-04-18
629,Shreya Rao,Nagpur,Maharashtra,Individual,West,2022-08-10
630,Neha Gupta,Coimbatore,Tamil Nadu,Individual,South,2023-06-04
631,Riya Verma,Pune,Maharashtra,Fleet,West,2019-04-14
632,Kavya Malhotra,Lucknow,Uttar Pradesh,Individual,North,2020-08-05
633,Ankit Gupta,Hyderabad,Telangana,Individual,South,2024-10-08
634,Sneha Rao,Nagpur,Maharashtra,Individual,West,2023-03-28
635,Suresh Chauhan,Ahmedabad,Gujarat,Individual,West,2020-04-04
636,Rohan Mehta,Coimbatore,Tamil Nadu,Individual,South,2019-10-19
637,Priya Iyer,Bengaluru,Karnataka,Individual,South,2019-03-20
638,Neha Rao,Lucknow,Uttar Pradesh,Individual,North,2022-10-24
639,Meera Nair,Mumbai,Maharashtra,Individual,West,2019-01-28
640,Ananya Chauhan,Lucknow,Uttar Pradesh,Individual,North,2020-05-02
641,Vikram Agarwal,Mumbai,Maharashtra,Individual,West,2023-09-15
642,Aarav Agarwal,Coimbatore,Tamil Nadu,Individual,South,2019-06-26
643,Suresh Chauhan,Coimbatore,Tamil Nadu,Individual,South,2025-09-02
644,Neha Mehta,Mysuru,Karnataka,Individual,South,2025-08-19
645,Riya Joshi,Bengaluru,Karnataka,Individual,South,2021-01-19
646,Suresh Chauhan,Gurugram,Haryana,Fleet,North,2024-12-09
647,Isha Rao,Coimbatore,Tamil Nadu,Individual,South,2023-12-20
648,Ananya Gupta,Mumbai,Maharashtra,Individual,West,2024-03-22
649,Amit Iyer,New Delhi,Delhi,Individual,North,2020-11-06
650,Rohan Gupta,Pune,Maharashtra,Individual,West,2023-08-30
651,Karan Singh,Nagpur,Maharashtra,Fleet,West,2023-05-21
652,Isha Joshi,Mysuru,Karnataka,Individual,South,2020-06-05
653,Isha Reddy,Chennai,Tamil Nadu,Individual,South,2025-10-27
654,Kavya Joshi,Mysuru,Karnataka,Individual,South,2024-08-16
655,Meera Singh,Nagpur,Maharashtra,Individual,West,2020-11-03
656,Ankit Joshi,Hyderabad,Telangana,Individual,South,2020-06-04
657,Suresh Rao,Gurugram,Haryana,Individual,North,2024-02-02
658,Aarav Joshi,Ahmedabad,Gujarat,Individual,West,2022-05-24
659,Isha Singh,Noida,Uttar Pradesh,Individual,North,2021-09-18
660,Rahul Nair,New Delhi,Delhi,Fleet,North,2019-07-28
661,Amit Iyer,Ahmedabad,Gujarat,Fleet,West,2022-05-03
662,Sneha Nair,New Delhi,Delhi,Individual,North,2019-04-20
663,Rohan Mehta,Coimbatore,Tamil Nadu,Individual,South,2023-12-01
664,Isha Verma,New Delhi,Delhi,Individual,North,2022-06-04
665,Meera Kumar,Bengaluru,Karnataka,Individual,South,2023-12-30
666,Meera Malhotra,Pune,Maharashtra,Individual,West,2025-08-24
667,Pooja Reddy,Noida,Uttar Pradesh,Individual,North,2022-04-05
668,Suresh Kumar,Ahmedabad,Gujarat,Individual,West,2020-05-25
669,Priya Kumar,Noida,Uttar Pradesh,Fleet,North,2019-06-14
670,Riya Sharma,Bengaluru,Karnataka,Fleet,South,2023-04-23
671,Neha Agarwal,Ahmedabad,Gujarat,Fleet,West,2025-03-12
672,Amit Iyer,Ahmedabad,Gujarat,Individual,West,2024-10-31
673,Amit Verma,Lucknow,Uttar Pradesh,Fleet,North,2025-09-28
674,Rohan Malhotra,Nagpur,Maharashtra,Individual,West,2021-11-14
675,Nitin Iyer,New Delhi,Delhi,Fleet,North,2022-06-19
676,Arjun Nair,Hyderabad,Telangana,Individual,South,2019-03-05
677,Amit Reddy,Gurugram,Haryana,Individual,North,2022-07-29
678,Amit Gupta,Hyderabad,Telangana,Fleet,South,2025-09-23
679,Kavya Patel,New Delhi,Delhi,Individual,North,2019-04-22
680,Aarav Singh,New Delhi,Delhi,Fleet,North,2020-04-03
681,Priya Sharma,Mumbai,Maharashtra,Individual,West,2024-08-19
682,Rohan Gupta,Hyderabad,Telangana,Individual,South,2023-06-13
683,Priya Kumar,Pune,Maharashtra,Individual,West,2019-11-05
684,Amit Nair,New Delhi,Delhi,Individual,North,2022-04-16
685,Aarav Mehta,Hyderabad,Telangana,Individual,South,2025-10-14
686,Nitin Nair,Mysuru,Karnataka,Individual,South,2025-10-31
687,Nitin Singh,Hyderabad,Telangana,Individual,South,2019-06-26
688,Arjun Chauhan,Noida,Uttar Pradesh,Individual,North,2024-01-29
689,Karan Verma,Lucknow,Uttar Pradesh,Individual,North,2025-01-04
690,Ankit Malhotra,Gurugram,Haryana,Individual,North,2019-10-13
691,Aarav Sharma,Coimbatore,Tamil Nadu,Individual,South,2019-09-26
692,Karan Patel,Pune,Maharashtra,Individual,West,2021-04-04
693,Sneha Kumar,Noida,Uttar Pradesh,Fleet,North,2024-11-03
694,Rohan Patel,Chennai,Tamil Nadu,Individual,South,2023-06-10
695,Neha Reddy,New Delhi,Delhi,Individual,North,2023-10-19
696,Meera Patel,Nagpur,Maharashtra,Fleet,West,2021-01-22
697,Arjun Gupta,Chennai,Tamil Nadu,Individual,South,2025-02-08
698,Ankit Agarwal,Coimbatore,Tamil Nadu,Individual,South,2019-02-02
699,Isha Reddy,Hyderabad,Telangana,Individual,South,2022-03-11
700,Amit Singh,Noida,Uttar Pradesh,Individual,North,2025-05-23
701,Meera Agarwal,Pune,Maharashtra,Individual,West,2022-02-03
702,Amit Verma,Noida,Uttar Pradesh,Fleet,North,2023-10-23
703,Sneha Malhotra,Pune,Maharashtra,Individual,West,2021-01-26
704,Neha Reddy,Noida,Uttar Pradesh,Individual,North,2021-05-20
705,Sneha Verma,Hyderabad,Telangana,Individual,South,2024-10-21
706,Rahul Patel,Ahmedabad,Gujarat,Individual,West,2024-05-13
707,Ananya Kumar,Coimbatore,Tamil Nadu,Individual,South,2024-03-02
708,Pooja Mehta,Hyderabad,Telangana,Individual,South,2019-08-29
709,Pooja Sharma,Nagpur,Maharashtra,Individual,West,2021-02-22
710,Shreya Mehta,Lucknow,Uttar Pradesh,Individual,North,2021-10-04
711,Amit Nair,Bengaluru,Karnataka,Individual,South,2020-11-17
712,Shreya Nair,Ahmedabad,Gujarat,Individual,West,2022-06-06
713,Neha Sharma,Gurugram,Haryana,Individual,North,2024-12-11
714,Pooja Chauhan,Mumbai,Maharashtra,Individual,West,2024-07-06
715,Nitin Kumar,Hyderabad,Telangana,Individual,South,2025-07-15
716,Sneha Mehta,New Delhi,Delhi,Individual,North,2025-07-03
717,Rohan Kumar,Nagpur,Maharashtra,Individual,West,2023-06-10
718,Priya Gupta,Pune,Maharashtra,Individual,West,2023-05-13
719,Riya Gupta,Mysuru,Karnataka,Individual,South,2023-06-20
720,Isha Nair,Lucknow,Uttar Pradesh,Fleet,North,2023-02-10
721,Kavya Gupta,Gurugram,Haryana,Individual,North,2020-10-08
722,Ananya Gupta,Chennai,Tamil Nadu,Individual,South,2022-11-11
723,Neha Mehta,Nagpur,Maharashtra,Individual,West,2022-03-04
724,Rohan Joshi,Mysuru,Karnataka,Individual,South,2020-01-15
725,Amit Sharma,Gurugram,Haryana,Individual,North,2020-03-05
726,Rahul Gupta,Mumbai,Maharashtra,Individual,West,2024-10-18
727,Aarav Nair,Pune,Maharashtra,Individual,West,2021-12-01
728,Karan Joshi,Mysuru,Karnataka,Fleet,South,2019-06-11
729,Pooja Malhotra,Chennai,Tamil Nadu,Individual,South,2021-07-31
730,Meera Joshi,Pune,Maharashtra,Individual,West,2023-06-16
731,Arjun Mehta,Hyderabad,Telangana,Fleet,South,2025-01-26
732,Arjun Rao,Hyderabad,Telangana,Fleet,South,2021-04-15
733,Suresh Agarwal,Nagpur,Maharashtra,Individual,West,2021-06-23
734,Suresh Reddy,Coimbatore,Tamil Nadu,Individual,South,2021-10-03
735,Nitin Rao,Hyderabad,Telangana,Individual,South,2024-12-31
736,Ananya Reddy,Lucknow,Uttar Pradesh,Individual,North,2022-01-06
737,Pooja Malhotra,Chennai,Tamil Nadu,Individual,South,2025-04-20
738,Neha Chauhan,Pune,Maharashtra,Individual,West,2025-04-16
739,Ankit Agarwal,Lucknow,Uttar Pradesh,Individual,North,2022-05-11
740,Amit Kumar,Mysuru,Karnataka,Individual,South,2022-03-13
741,Meera Rao,New Delhi,Delhi,Individual,North,2020-08-11
742,Priya Chauhan,Ahmedabad,Gujarat,Individual,West,2019-04-09
743,Isha Malhotra,Ahmedabad,Gujarat,Individual,West,2021-02-15
744,Meera Iyer,Coimbatore,Tamil Nadu,Fleet,South,2024-06-19
745,Sneha Reddy,Gurugram,Haryana,Individual,North,2023-01-11
746,Pooja Nair,Lucknow,Uttar Pradesh,Individual,North,2023-09-01
747,Isha Verma,Mysuru,Karnataka,Individual,South,2020-07-09
748,Priya Patel,Mumbai,Maharashtra,Individual,West,2021-07-04
749,Priya Sharma,Chennai,Tamil Nadu,Individual,South,2021-09-02
750,Aarav Gupta,Coimbatore,Tamil Nadu,Individual,South,2020-03-04
751,Aarav Agarwal,Coimbatore,Tamil Nadu,Fleet,South,2025-11-29
752,Isha Nair,Noida,Uttar Pradesh,Fleet,North,2025-07-18
753,Isha Agarwal,Ahmedabad,Gujarat,Fleet,West,2020-08-29
754,Karan Patel,Gurugram,Haryana,Individual,North,2025-09-24
755,Rahul Agarwal,New Delhi,Delhi,Individual,North,2023-03-15
756,Sneha Joshi,Coimbatore,Tamil Nadu,Individual,South,2020-01-19
757,Ananya Patel,Mumbai,Maharashtra,Individual,West,2024-08-18
758,Isha Nair,Nagpur,Maharashtra,Individual,West,2024-02-03
759,Isha Sharma,Mumbai,Maharashtra,Individual,West,2025-05-08
760,Kavya Joshi,Coimbatore,Tamil Nadu,Individual,South,2024-05-11
761,Vikram Joshi,Chennai,Tamil Nadu,Individual,South,2022-04-20
762,Aarav Reddy,Coimbatore,Tamil Nadu,Individual,South,2025-03-12
763,Ankit Gupta,Hyderabad,Telangana,Individual,South,2020-06-18
764,Neha Sharma,Mumbai,Maharashtra,Individual,West,2019-12-25
765,Ananya Nair,Mumbai,Maharashtra,Fleet,West,2022-05-07
766,Aarav Kumar,New Delhi,Delhi,Individual,North,2021-01-14
767,Arjun Gupta,Mumbai,Maharashtra,Individual,West,2024-12-12
768,Karan Nair,Chennai,Tamil Nadu,Individual,South,2025-04-01
769,Riya Malhotra,Coimbatore,Tamil Nadu,Individual,South,2021-04-09
770,Nitin Chauhan,Hyderabad,Telangana,Individual,South,2025-01-26
771,Meera Iyer,Mumbai,Maharashtra,Individual,West,2021-10-11
772,Aarav Sharma,Coimbatore,Tamil Nadu,Individual,South,2024-01-11
773,Arjun Patel,Ahmedabad,Gujarat,Individual,West,2019-09-18
774,Neha Mehta,Noida,Uttar Pradesh,Fleet,North,2023-06-14
775,Amit Agarwal,Gurugram,Haryana,Individual,North,2024-02-12
776,Shreya Nair,New Delhi,Delhi,Fleet,North,2022-12-04
777,Riya Sharma,Mysuru,Karnataka,Individual,South,2021-09-13
778,Arjun Nair,Mumbai,Maharashtra,Fleet,West,2021-10-27
779,Suresh Sharma,Gurugram,Haryana,Fleet,North,2020-01-19
780,Rohan Sharma,Lucknow,Uttar Pradesh,Individual,North,2023-09-16
781,Aarav Patel,Nagpur,Maharashtra,Individual,West,2020-11-16
782,Priya Singh,Gurugram,Haryana,Individual,North,2025-01-22
783,Sneha Joshi,Mumbai,Maharashtra,Fleet,West,2022-09-22
784,Ananya Malhotra,Mumbai,Maharashtra,Individual,West,2021-02-24
785,Rohan Rao,Chennai,Tamil Nadu,Individual,South,2025-09-27
786,Neha Reddy,Gurugram,Haryana,Fleet,North,2020-07-24
787,Arjun Sharma,Pune,Maharashtra,Individual,West,2019-03-26
788,Neha Nair,Hyderabad,Telangana,Individual,South,2020-10-15
789,Sneha Kumar,Lucknow,Uttar Pradesh,Individual,North,2024-03-31
790,Pooja Kumar,Noida,Uttar Pradesh,Individual,North,2020-12-14
791,Isha Patel,Pune,Maharashtra,Individual,West,2021-05-14
792,Nitin Chauhan,Nagpur,Maharashtra,Individual,West,2021-08-11
793,Shreya Sharma,Coimbatore,Tamil Nadu,Individual,South,2019-11-04
794,Riya Kumar,Coimbatore,Tamil Nadu,Individual,South,2025-10-23
795,Rahul Rao,Coimbatore,Tamil Nadu,Individual,South,2020-11-11
796,Isha Gupta,Ahmedabad,Gujarat,Individual,West,2021-03-06
797,Ankit Kumar,Mumbai,Maharashtra,Individual,West,2022-07-01
798,Shreya Chauhan,Ahmedabad,Gujarat,Individual,West,2022-05-24
799,Arjun Kumar,Coimbatore,Tamil Nadu,Individual,South,2022-01-24
800,Vikram Iyer,Gurugram,Haryana,Individual,North,2021-07-12
801,Karan Verma,Mysuru,Karnataka,Individual,South,2023-07-20
802,Meera Nair,Bengaluru,Karnataka,Individual,South,2024-10-06
803,Isha Gupta,Mysuru,Karnataka,Individual,South,2019-04-25
804,Kavya Patel,Coimbatore,Tamil Nadu,Individual,South,2019-11-02
805,Ananya Joshi,Pune,Maharashtra,Individual,West,2022-11-08
806,Amit Chauhan,Coimbatore,Tamil Nadu,Fleet,South,2019-08-19
807,Vikram Gupta,New Delhi,Delhi,Fleet,North,2024-02-06
808,Neha Iyer,Ahmedabad,Gujarat,Individual,West,2019-02-06
809,Neha Reddy,Mumbai,Maharashtra,Individual,West,2020-04-17
810,Kavya Rao,Hyderabad,Telangana,Individual,South,2024-01-07
811,Rohan Reddy,Noida,Uttar Pradesh,Individual,North,2021-01-16
812,Shreya Patel,Mysuru,Karnataka,Individual,South,2023-07-15
813,Rohan Mehta,Lucknow,Uttar Pradesh,Fleet,North,2022-12-30
814,Priya Iyer,Nagpur,Maharashtra,Individual,West,2020-03-31
815,Aarav Reddy,Lucknow,Uttar Pradesh,Individual,North,2022-08-29
816,Rahul Malhotra,Bengaluru,Karnataka,Fleet,South,2019-09-18
817,Suresh Mehta,Coimbatore,Tamil Nadu,Individual,South,2024-09-17
818,Vikram Verma,Pune,Maharashtra,Fleet,West,2022-07-13
819,Arjun Mehta,Bengaluru,Karnataka,Individual,South,2019-04-06
820,Pooja Agarwal,Pune,Maharashtra,Individual,West,2025-12-23
821,Shreya Sharma,Ahmedabad,Gujarat,Individual,West,2024-05-29
822,Neha Reddy,Mysuru,Karnataka,Individual,South,2023-12-02
823,Neha Chauhan,New Delhi,Delhi,Individual,North,2022-12-21
824,Aarav Joshi,Chennai,Tamil Nadu,Individual,South,2022-10-16
825,Rohan Patel,Mumbai,Maharashtra,Individual,West,2023-09-12
826,Suresh Patel,New Delhi,Delhi,Fleet,North,2021-12-04
827,Aarav Sharma,Lucknow,Uttar Pradesh,Fleet,North,2019-11-25
828,Priya Kumar,Chennai,Tamil Nadu,Individual,South,2022-07-05
829,Karan Malhotra,Mysuru,Karnataka,Individual,South,2023-04-14
830,Ananya Nair,Lucknow,Uttar Pradesh,Individual,North,2025-11-14
831,Suresh Sharma,Mysuru,Karnataka,Individual,South,2021-07-13
832,Shreya Agarwal,New Delhi,Delhi,Individual,North,2020-07-01
833,Karan Malhotra,Lucknow,Uttar Pradesh,Individual,North,2023-04-25
834,Vikram Singh,Bengaluru,Karnataka,Fleet,South,2020-06-06
835,Nitin Gupta,Mumbai,Maharashtra,Individual,West,2025-09-09
836,Kavya Gupta,Ahmedabad,Gujarat,Individual,West,2022-05-09
837,Riya Sharma,Bengaluru,Karnataka,Individual,South,2022-01-18
838,Kavya Agarwal,Pune,Maharashtra,Individual,West,2025-09-26
839,Ananya Verma,Bengaluru,Karnataka,Fleet,South,2024-07-05
840,Kavya Reddy,Mumbai,Maharashtra,Individual,West,2025-09-22
841,Riya Mehta,Hyderabad,Telangana,Individual,South,2025-03-07
842,Vikram Mehta,Ahmedabad,Gujarat,Individual,West,2022-05-16
843,Meera Mehta,Coimbatore,Tamil Nadu,Individual,South,2022-11-17
844,Vikram Malhotra,Mumbai,Maharashtra,Individual,West,2025-01-10
845,Neha Agarwal,Hyderabad,Telangana,Individual,South,2025-04-07
846,Amit Singh,Mysuru,Karnataka,Individual,South,2025-10-16
847,Ananya Rao,Bengaluru,Karnataka,Individual,South,2023-06-20
848,Sneha Chauhan,Hyderabad,Telangana,Individual,South,2025-11-08
849,Sneha Rao,Mysuru,Karnataka,Individual,South,2024-06-14
850,Neha Mehta,Coimbatore,Tamil Nadu,Individual,South,2022-11-14
851,Amit Reddy,Bengaluru,Karnataka,Individual,South,2023-09-20
852,Meera Mehta,New Delhi,Delhi,Fleet,North,2022-03-14
853,Rohan Nair,Hyderabad,Telangana,Individual,South,2024-05-04
854,Rahul Nair,Chennai,Tamil Nadu,Individual,South,2022-01-28
855,Nitin Chauhan,Noida,Uttar Pradesh,Individual,North,2020-02-06
856,Vikram Joshi,Coimbatore,Tamil Nadu,Individual,South,2022-07-05
857,Rohan Patel,Mysuru,Karnataka,Individual,South,2024-01-19
858,Rohan Chauhan,Ahmedabad,Gujarat,Individual,West,2021-10-19
859,Amit Sharma,Mumbai,Maharashtra,Individual,West,2021-07-31
860,Karan Iyer,Chennai,Tamil Nadu,Individual,South,2025-09-19
861,Rahul Gupta,Gurugram,Haryana,Individual,North,2024-03-02
862,Karan Mehta,Chennai,Tamil Nadu,Individual,South,2022-06-15
863,Aarav Verma,Noida,Uttar Pradesh,Fleet,North,2020-10-30
864,Rahul Malhotra,Gurugram,Haryana,Individual,North,2023-01-02
865,Pooja Verma,Ahmedabad,Gujarat,Individual,West,2022-01-07
866,Aarav Malhotra,New Delhi,Delhi,Individual,North,2021-10-25
867,Aarav Chauhan,Ahmedabad,Gujarat,Individual,West,2020-01-13
868,Karan Agarwal,Chennai,Tamil Nadu,Individual,South,2022-03-28
869,Ananya Patel,Lucknow,Uttar Pradesh,Individual,North,2023-08-25
870,Sneha Agarwal,Chennai,Tamil Nadu,Individual,South,2023-09-18
871,Priya Malhotra,Chennai,Tamil Nadu,Individual,South,2023-03-29
872,Neha Mehta,Hyderabad,Telangana,Individual,South,2023-08-25
873,Sneha Malhotra,Lucknow,Uttar Pradesh,Fleet,North,2025-01-10
874,Rohan Singh,Mysuru,Karnataka,Individual,South,2024-01-31
875,Riya Reddy,Mumbai,Maharashtra,Individual,West,2020-11-24
876,Amit Sharma,Chennai,Tamil Nadu,Individual,South,2020-05-26
877,Arjun Malhotra,Mumbai,Maharashtra,Individual,West,2022-09-07
878,Kavya Joshi,Gurugram,Haryana,Individual,North,2020-01-15
879,Riya Kumar,Mumbai,Maharashtra,Individual,West,2020-07-10
880,Karan Verma,Lucknow,Uttar Pradesh,Individual,North,2025-04-28
881,Rahul Reddy,Hyderabad,Telangana,Individual,South,2020-11-30
882,Neha Joshi,Coimbatore,Tamil Nadu,Individual,South,2020-10-26
883,Nitin Iyer,Chennai,Tamil Nadu,Individual,South,2023-07-12
884,Rahul Chauhan,Bengaluru,Karnataka,Individual,South,2025-08-03
885,Shreya Malhotra,Bengaluru,Karnataka,Individual,South,2019-02-14
886,Ankit Sharma,Mysuru,Karnataka,Fleet,South,2022-06-23
887,Pooja Patel,New Delhi,Delhi,Individual,North,2024-12-25
888,Aarav Reddy,Chennai,Tamil Nadu,Individual,South,2020-10-21
889,Ananya Rao,Chennai,Tamil Nadu,Individual,South,2025-04-29
890,Pooja Nair,Mysuru,Karnataka,Fleet,South,2024-07-24
891,Ankit Patel,Mumbai,Maharashtra,Individual,West,2024-04-18
892,Sneha Reddy,Coimbatore,Tamil Nadu,Fleet,South,2025-02-21
893,Meera Rao,Noida,Uttar Pradesh,Individual,North,2019-06-08
894,Ankit Sharma,Gurugram,Haryana,Individual,North,2023-12-31
895,Pooja Verma,Gurugram,Haryana,Individual,North,2022-11-24
896,Neha Kumar,Noida,Uttar Pradesh,Individual,North,2019-03-04
897,Neha Joshi,Gurugram,Haryana,Individual,North,2022-02-19
898,Rahul Agarwal,Gurugram,Haryana,Individual,North,2020-06-05
899,Meera Patel,Coimbatore,Tamil Nadu,Fleet,South,2023-04-25
900,Rohan Kumar,Noida,Uttar Pradesh,Individual,North,2023-03-09
901,Amit Reddy,Gurugram,Haryana,Individual,North,2019-07-28
902,Rohan Singh,Mysuru,Karnataka,Individual,South,2019-03-29
903,Isha Rao,Chennai,Tamil Nadu,Individual,South,2023-05-20
904,Neha Gupta,Mumbai,Maharashtra,Individual,West,2020-01-05
905,Shreya Gupta,Noida,Uttar Pradesh,Individual,North,2020-10-09
906,Vikram Joshi,Lucknow,Uttar Pradesh,Fleet,North,2021-10-09
907,Amit Kumar,Pune,Maharashtra,Individual,West,2019-01-06
908,Suresh Agarwal,New Delhi,Delhi,Individual,North,2019-04-16
909,Karan Agarwal,Pune,Maharashtra,Individual,West,2021-10-14
910,Nitin Sharma,Ahmedabad,Gujarat,Individual,West,2023-05-22
911,Neha Sharma,Lucknow,Uttar Pradesh,Individual,North,2021-06-13
912,Meera Gupta,Noida,Uttar Pradesh,Individual,North,2020-04-16
913,Vikram Singh,Gurugram,Haryana,Individual,North,2022-05-03
914,Priya Reddy,Coimbatore,Tamil Nadu,Individual,South,2025-10-30
915,Arjun Verma,Mysuru,Karnataka,Individual,South,2023-12-26
916,Meera Joshi,New Delhi,Delhi,Individual,North,2021-07-09
917,Amit Malhotra,Gurugram,Haryana,Individual,North,2021-05-28
918,Nitin Sharma,New Delhi,Delhi,Individual,North,2024-11-19
919,Suresh Joshi,Coimbatore,Tamil Nadu,Individual,South,2020-10-20
920,Nitin Chauhan,Chennai,Tamil Nadu,Individual,South,2025-05-14
921,Pooja Nair,Bengaluru,Karnataka,Individual,South,2021-04-29
922,Arjun Patel,Hyderabad,Telangana,Individual,South,2021-01-30
923,Amit Singh,Chennai,Tamil Nadu,Individual,South,2021-11-22
924,Kavya Singh,Bengaluru,Karnataka,Individual,South,2019-07-20
925,Priya Joshi,Lucknow,Uttar Pradesh,Individual,North,2021-04-09
926,Riya Malhotra,Chennai,Tamil Nadu,Individual,South,2020-01-01
927,Ananya Patel,Nagpur,Maharashtra,Fleet,West,2021-08-23
928,Arjun Reddy,Hyderabad,Telangana,Individual,South,2019-03-27
929,Riya Chauhan,Coimbatore,Tamil Nadu,Individual,South,2022-12-29
930,Ankit Verma,Ahmedabad,Gujarat,Individual,West,2021-12-24
931,Amit Verma,Noida,Uttar Pradesh,Individual,North,2023-09-01
932,Rahul Singh,Hyderabad,Telangana,Fleet,South,2025-06-25
933,Isha Chauhan,Noida,Uttar Pradesh,Individual,North,2025-02-22
934,Vikram Verma,New Delhi,Delhi,Fleet,North,2025-08-10
935,Riya Rao,Mumbai,Maharashtra,Individual,West,2023-07-13
936,Shreya Nair,Lucknow,Uttar Pradesh,Individual,North,2024-03-05
937,Riya Reddy,Coimbatore,Tamil Nadu,Individual,South,2023-04-27
938,Meera Malhotra,Bengaluru,Karnataka,Individual,South,2022-11-20
939,Isha Chauhan,Bengaluru,Karnataka,Individual,South,2020-12-14
940,Kavya Rao,Bengaluru,Karnataka,Individual,South,2019-02-05
941,Amit Malhotra,Mumbai,Maharashtra,Individual,West,2020-07-31
942,Rahul Rao,Mysuru,Karnataka,Individual,South,2025-06-11
943,Shreya Iyer,Ahmedabad,Gujarat,Individual,West,2021-02-07
944,Isha Chauhan,Chennai,Tamil Nadu,Individual,South,2019-10-15
945,Ankit Singh,Mysuru,Karnataka,Individual,South,2021-01-06
946,Kavya Nair,Noida,Uttar Pradesh,Individual,North,2023-07-22
947,Neha Sharma,Nagpur,Maharashtra,Individual,West,2025-10-29
948,Nitin Gupta,Chennai,Tamil Nadu,Individual,South,2020-09-14
949,Ankit Rao,Lucknow,Uttar Pradesh,Individual,North,2024-01-21
950,Isha Singh,Mysuru,Karnataka,Fleet,South,2024-12-04
951,Rahul Kumar,Mysuru,Karnataka,Fleet,South,2022-04-02
952,Isha Sharma,Noida,Uttar Pradesh,Individual,North,2019-12-02
953,Riya Agarwal,Nagpur,Maharashtra,Individual,West,2020-01-18
954,Priya Iyer,Noida,Uttar Pradesh,Individual,North,2019-12-14
955,Karan Gupta,Ahmedabad,Gujarat,Individual,West,2021-01-26
956,Kavya Iyer,Nagpur,Maharashtra,Individual,West,2024-02-11
957,Pooja Joshi,Noida,Uttar Pradesh,Individual,North,2022-01-10
958,Neha Iyer,Chennai,Tamil Nadu,Individual,South,2020-08-16
959,Amit Gupta,Chennai,Tamil Nadu,Individual,South,2022-08-05
960,Neha Iyer,Lucknow,Uttar Pradesh,Individual,North,2021-07-30
961,Riya Singh,Lucknow,Uttar Pradesh,Individual,North,2019-03-16
962,Rahul Nair,New Delhi,Delhi,Fleet,North,2020-04-20
963,Rahul Patel,Coimbatore,Tamil Nadu,Individual,South,2020-01-06
964,Ananya Chauhan,Lucknow,Uttar Pradesh,Fleet,North,2023-12-16
965,Aarav Iyer,Pune,Maharashtra,Individual,West,2023-09-15
966,Rahul Agarwal,Hyderabad,Telangana,Fleet,South,2019-02-25
967,Vikram Nair,Coimbatore,Tamil Nadu,Individual,South,2019-02-23
968,Rahul Mehta,Ahmedabad,Gujarat,Individual,West,2021-02-07
969,Nitin Sharma,Bengaluru,Karnataka,Individual,South,2023-12-30
970,Amit Reddy,Coimbatore,Tamil Nadu,Individual,South,2023-02-10
971,Isha Nair,Mumbai,Maharashtra,Individual,West,2024-08-09
972,Kavya Iyer,Gurugram,Haryana,Individual,North,2021-07-06
973,Nitin Chauhan,Bengaluru,Karnataka,Individual,South,2022-05-24
974,Aarav Mehta,New Delhi,Delhi,Individual,North,2024-12-06
975,Shreya Malhotra,Noida,Uttar Pradesh,Individual,North,2021-08-17
976,Shreya Patel,Nagpur,Maharashtra,Fleet,West,2024-03-20
977,Meera Patel,Chennai,Tamil Nadu,Individual,South,2024-02-01
978,Vikram Gupta,Gurugram,Haryana,Individual,North,2019-01-08
979,Shreya Singh,Pune,Maharashtra,Individual,West,2021-05-22
980,Amit Mehta,Hyderabad,Telangana,Individual,South,2023-08-18
981,Sneha Chauhan,Chennai,Tamil Nadu,Individual,South,2019-07-15
982,Riya Gupta,Noida,Uttar Pradesh,Individual,North,2022-11-20
983,Amit Nair,Ahmedabad,Gujarat,Individual,West,2024-03-19
984,Shreya Nair,Pune,Maharashtra,Individual,West,2022-08-18
985,Ananya Mehta,Noida,Uttar Pradesh,Individual,North,2020-02-25
986,Shreya Reddy,Chennai,Tamil Nadu,Individual,South,2019-05-20
987,Ananya Malhotra,Hyderabad,Telangana,Individual,South,2024-04-28
988,Ankit Kumar,Lucknow,Uttar Pradesh,Individual,North,2024-10-01
989,Isha Chauhan,Mysuru,Karnataka,Fleet,South,2019-12-10
990,Riya Joshi,Nagpur,Maharashtra,Individual,West,2021-03-13
991,Arjun Iyer,Noida,Uttar Pradesh,Individual,North,2021-06-03
992,Priya Gupta,Chennai,Tamil Nadu,Individual,South,2019-10-14
993,Meera Verma,Lucknow,Uttar Pradesh,Individual,North,2023-05-12
994,Rahul Agarwal,Chennai,Tamil Nadu,Individual,South,2023-10-19
995,Kavya Sharma,Noida,Uttar Pradesh,Individual,North,2021-10-17
996,Sneha Kumar,Bengaluru,Karnataka,Individual,South,2023-01-23
997,Kavya Verma,Mumbai,Maharashtra,Individual,West,2023-11-01
998,Aarav Joshi,Mumbai,Maharashtra,Individual,West,2025-06-16
999,Meera Sharma,Mysuru,Karnataka,Individual,South,2022-03-06
1000,Shreya Nair,Ahmedabad,Gujarat,Individual,West,2025-09-24
1001,Ankit Agarwal,Pune,Maharashtra,Individual,West,2020-03-15
1002,Ankit Joshi,Mumbai,Maharashtra,Individual,West,2025-06-17
1003,Nitin Reddy,Nagpur,Maharashtra,Individual,West,2020-12-31
1004,Aarav Kumar,Pune,Maharashtra,Individual,West,2024-11-09
1005,Rohan Patel,Chennai,Tamil Nadu,Fleet,South,2019-03-10
1006,Ankit Sharma,Coimbatore,Tamil Nadu,Fleet,South,2024-02-12
1007,Shreya Joshi,Ahmedabad,Gujarat,Individual,West,2020-11-06
1008,Neha Chauhan,Noida,Uttar Pradesh,Individual,North,2020-04-12
1009,Vikram Gupta,Mysuru,Karnataka,Individual,South,2019-01-24
1010,Rohan Rao,Chennai,Tamil Nadu,Individual,South,2021-10-11
1011,Neha Singh,Bengaluru,Karnataka,Individual,South,2019-11-28
1012,Shreya Verma,Hyderabad,Telangana,Individual,South,2022-07-06
1013,Isha Malhotra,Noida,Uttar Pradesh,Individual,North,2023-06-11
1014,Nitin Iyer,Hyderabad,Telangana,Individual,South,2025-05-08
1015,Suresh Verma,Gurugram,Haryana,Individual,North,2019-01-09
1016,Meera Sharma,Hyderabad,Telangana,Individual,South,2019-01-04
1017,Ankit Reddy,Noida,Uttar Pradesh,Individual,North,2020-01-24
1018,Meera Sharma,Chennai,Tamil Nadu,Individual,South,2020-02-16
1019,Isha Rao,Bengaluru,Karnataka,Individual,South,2020-09-23
1020,Riya Kumar,Hyderabad,Telangana,Individual,South,2025-06-15
1021,Rohan Kumar,Mysuru,Karnataka,Individual,South,2021-02-11
1022,Priya Sharma,Coimbatore,Tamil Nadu,Individual,South,2020-02-17
1023,Meera Iyer,Lucknow,Uttar Pradesh,Individual,North,2019-03-17
1024,Meera Chauhan,Mumbai,Maharashtra,Individual,West,2020-12-08
1025,Ankit Sharma,Noida,Uttar Pradesh,Individual,North,2019-04-09
1026,Isha Nair,Lucknow,Uttar Pradesh,Individual,North,2019-02-16
1027,Rahul Verma,Bengaluru,Karnataka,Fleet,South,2020-05-02
1028,Aarav Singh,New Delhi,Delhi,Individual,North,2024-11-17
1029,Rahul Verma,Pune,Maharashtra,Individual,West,2020-07-05
1030,Meera Joshi,Mysuru,Karnataka,Individual,South,2025-10-05
1031,Nitin Agarwal,Noida,Uttar Pradesh,Individual,North,2022-09-18
1032,Ananya Malhotra,Gurugram,Haryana,Individual,North,2024-11-13
1033,Rohan Nair,Lucknow,Uttar Pradesh,Individual,North,2021-12-09
1034,Suresh Nair,Mysuru,Karnataka,Individual,South,2023-12-06
1035,Nitin Mehta,New Delhi,Delhi,Individual,North,2025-05-01
1036,Sneha Chauhan,Gurugram,Haryana,Individual,North,2022-09-09
1037,Ananya Singh,Bengaluru,Karnataka,Individual,South,2025-03-31
1038,Riya Nair,Hyderabad,Telangana,Individual,South,2022-08-09
1039,Rahul Patel,Bengaluru,Karnataka,Individual,South,2020-08-10
1040,Meera Mehta,Bengaluru,Karnataka,Individual,South,2023-08-27
1041,Ananya Iyer,Ahmedabad,Gujarat,Individual,West,2024-06-20
1042,Karan Iyer,Mumbai,Maharashtra,Individual,West,2021-05-12
1043,Kavya Chauhan,Noida,Uttar Pradesh,Fleet,North,2025-03-28
1044,Amit Malhotra,New Delhi,Delhi,Individual,North,2023-05-29
1045,Amit Malhotra,Ahmedabad,Gujarat,Individual,West,2024-10-09
1046,Ananya Patel,Hyderabad,Telangana,Individual,South,2021-07-26
1047,Aarav Agarwal,Chennai,Tamil Nadu,Individual,South,2023-07-05
1048,Ankit Iyer,Hyderabad,Telangana,Individual,South,2019-12-09
1049,Priya Malhotra,Ahmedabad,Gujarat,Fleet,West,2023-06-27
1050,Ananya Iyer,Gurugram,Haryana,Individual,North,2021-06-28
1051,Meera Singh,New Delhi,Delhi,Individual,North,2025-07-21
1052,Rohan Agarwal,Gurugram,Haryana,Individual,North,2023-02-04
1053,Rahul Gupta,Hyderabad,Telangana,Individual,South,2025-05-26
1054,Priya Nair,Coimbatore,Tamil Nadu,Individual,South,2025-06-14
1055,Karan Chauhan,New Delhi,Delhi,Individual,North,2021-12-19
1056,Ananya Chauhan,Coimbatore,Tamil Nadu,Individual,South,2022-07-01
1057,Aarav Agarwal,Gurugram,Haryana,Individual,North,2021-03-31
1058,Isha Patel,Coimbatore,Tamil Nadu,Fleet,South,2023-01-22
1059,Rohan Agarwal,Mysuru,Karnataka,Individual,South,2020-03-01
1060,Suresh Sharma,Bengaluru,Karnataka,Individual,South,2023-05-09
1061,Shreya Gupta,Mumbai,Maharashtra,Individual,West,2022-01-14
1062,Amit Singh,Gurugram,Haryana,Individual,North,2022-08-23
1063,Rohan Chauhan,Nagpur,Maharashtra,Individual,West,2020-12-07
1064,Kavya Singh,Bengaluru,Karnataka,Fleet,South,2022-11-29
1065,Vikram Mehta,Noida,Uttar Pradesh,Individual,North,2024-07-19
1066,Priya Patel,Bengaluru,Karnataka,Individual,South,2022-04-29
1067,Isha Mehta,Nagpur,Maharashtra,Individual,West,2020-10-09
1068,Rahul Agarwal,New Delhi,Delhi,Fleet,North,2021-08-07
1069,Priya Rao,Lucknow,Uttar Pradesh,Individual,North,2023-07-17
1070,Rohan Nair,New Delhi,Delhi,Individual,North,2022-08-13
1071,Sneha Malhotra,Pune,Maharashtra,Individual,West,2022-10-15
1072,Suresh Joshi,Mysuru,Karnataka,Individual,South,2023-10-12
1073,Meera Rao,Coimbatore,Tamil Nadu,Individual,South,2021-01-09
1074,Vikram Rao,Mumbai,Maharashtra,Individual,West,2023-07-06
1075,Ankit Iyer,New Delhi,Delhi,Individual,North,2023-09-25
1076,Rohan Chauhan,Lucknow,Uttar Pradesh,Individual,North,2019-11-10
1077,Ananya Sharma,Bengaluru,Karnataka,Individual,South,2021-12-16
1078,Shreya Chauhan,Bengaluru,Karnataka,Individual,South,2019-05-03
1079,Aarav Gupta,Nagpur,Maharashtra,Fleet,West,2023-10-22
1080,Nitin Mehta,Chennai,Tamil Nadu,Individual,South,2024-04-26
1081,Ankit Reddy,Hyderabad,Telangana,Individual,South,2023-01-18
1082,Karan Joshi,Ahmedabad,Gujarat,Individual,West,2025-02-15
1083,Suresh Malhotra,Hyderabad,Telangana,Individual,South,2024-07-04
1084,Aarav Verma,Mysuru,Karnataka,Individual,South,2021-11-17
1085,Rohan Patel,Noida,Uttar Pradesh,Individual,North,2020-07-11
1086,Karan Verma,Gurugram,Haryana,Individual,North,2024-08-15
1087,Riya Mehta,Pune,Maharashtra,Individual,West,2019-09-22
1088,Suresh Iyer,Gurugram,Haryana,Fleet,North,2023-03-23
1089,Nitin Malhotra,Pune,Maharashtra,Individual,West,2021-04-19
1090,Ankit Patel,Bengaluru,Karnataka,Individual,South,2023-03-15
1091,Vikram Chauhan,Hyderabad,Telangana,Individual,South,2020-05-14
1092,Shreya Singh,Hyderabad,Telangana,Individual,South,2022-04-30
1093,Ankit Patel,Mumbai,Maharashtra,Individual,West,2023-01-20
1094,Neha Iyer,Gurugram,Haryana,Fleet,North,2024-02-10
1095,Rohan Malhotra,Nagpur,Maharashtra,Individual,West,2019-10-20
1096,Riya Verma,New Delhi,Delhi,Individual,North,2024-11-14
1097,Neha Iyer,Ahmedabad,Gujarat,Individual,West,2024-02-14
1098,Isha Kumar,New Delhi,Delhi,Individual,North,2023-03-03
1099,Riya Reddy,Ahmedabad,Gujarat,Fleet,West,2025-01-12
1100,Meera Reddy,Pune,Maharashtra,Individual,West,2025-08-12
1101,Kavya Reddy,Ahmedabad,Gujarat,Individual,West,2021-12-24
1102,Ananya Rao,Lucknow,Uttar Pradesh,Fleet,North,2019-12-25
1103,Arjun Joshi,Nagpur,Maharashtra,Individual,West,2024-02-20
1104,Meera Patel,Pune,Maharashtra,Individual,West,2025-09-22
1105,Suresh Mehta,Noida,Uttar Pradesh,Individual,North,2021-02-03
1106,Riya Chauhan,Noida,Uttar Pradesh,Individual,North,2023-06-01
1107,Rahul Sharma,Chennai,Tamil Nadu,Fleet,South,2020-06-14
1108,Neha Agarwal,Hyderabad,Telangana,Individual,South,2025-08-17
1109,Arjun Agarwal,New Delhi,Delhi,Individual,North,2019-10-21
1110,Arjun Joshi,Ahmedabad,Gujarat,Individual,West,2025-06-07
1111,Sneha Kumar,Coimbatore,Tamil Nadu,Individual,South,2019-03-27
1112,Suresh Gupta,Bengaluru,Karnataka,Individual,South,2021-06-09
1113,Nitin Nair,Coimbatore,Tamil Nadu,Individual,South,2020-10-04
1114,Neha Agarwal,Noida,Uttar Pradesh,Individual,North,2023-11-11
1115,Riya Chauhan,Ahmedabad,Gujarat,Individual,West,2019-06-25
1116,Ankit Nair,Mysuru,Karnataka,Individual,South,2022-04-03
1117,Meera Rao,Pune,Maharashtra,Individual,West,2020-08-13
1118,Neha Kumar,Mumbai,Maharashtra,Individual,West,2025-09-18
1119,Amit Rao,Nagpur,Maharashtra,Individual,West,2022-07-10
1120,Pooja Sharma,New Delhi,Delhi,Individual,North,2019-11-12
1121,Arjun Kumar,Hyderabad,Telangana,Individual,South,2021-01-30
1122,Riya Rao,Nagpur,Maharashtra,Individual,West,2022-06-14
1123,Ankit Chauhan,Mysuru,Karnataka,Individual,South,2024-07-21
1124,Sneha Chauhan,Bengaluru,Karnataka,Fleet,South,2023-08-16
1125,Ankit Joshi,Hyderabad,Telangana,Individual,South,2024-04-11
1126,Nitin Kumar,Lucknow,Uttar Pradesh,Individual,North,2020-01-24
1127,Aarav Gupta,Pune,Maharashtra,Individual,West,2024-05-16
1128,Sneha Gupta,Ahmedabad,Gujarat,Individual,West,2021-10-25
1129,Rohan Nair,Lucknow,Uttar Pradesh,Individual,North,2024-08-05
1130,Neha Singh,Pune,Maharashtra,Individual,West,2019-12-27
1131,Ankit Singh,Bengaluru,Karnataka,Individual,South,2022-02-08
1132,Amit Verma,New Delhi,Delhi,Individual,North,2020-10-09
1133,Suresh Malhotra,Pune,Maharashtra,Individual,West,2025-11-05
1134,Shreya Verma,Mumbai,Maharashtra,Individual,West,2021-02-14
1135,Nitin Patel,Mumbai,Maharashtra,Individual,West,2023-05-15
1136,Rahul Chauhan,Hyderabad,Telangana,Individual,South,2020-04-22
1137,Kavya Gupta,Ahmedabad,Gujarat,Individual,West,2022-05-17
1138,Meera Rao,Coimbatore,Tamil Nadu,Individual,South,2021-01-07
1139,Nitin Sharma,Noida,Uttar Pradesh,Individual,North,2022-06-06
1140,Aarav Mehta,Mysuru,Karnataka,Individual,South,2025-08-16
1141,Shreya Agarwal,Mumbai,Maharashtra,Individual,West,2019-08-18
1142,Isha Mehta,Nagpur,Maharashtra,Individual,West,2019-09-06
1143,Rahul Agarwal,Nagpur,Maharashtra,Individual,West,2020-07-07
1144,Rohan Reddy,Nagpur,Maharashtra,Fleet,West,2025-12-26
1145,Vikram Joshi,Ahmedabad,Gujarat,Individual,West,2019-04-10
1146,Shreya Reddy,Mysuru,Karnataka,Individual,South,2024-08-18
1147,Amit Nair,Gurugram,Haryana,Individual,North,2019-07-02
1148,Shreya Chauhan,Bengaluru,Karnataka,Individual,South,2022-02-18
1149,Ananya Chauhan,Ahmedabad,Gujarat,Fleet,West,2025-09-20
1150,Meera Rao,Nagpur,Maharashtra,Individual,West,2021-03-12
1151,Isha Agarwal,Bengaluru,Karnataka,Individual,South,2019-12-23
1152,Ananya Kumar,Gurugram,Haryana,Individual,North,2023-09-11
1153,Karan Verma,Gurugram,Haryana,Individual,North,2021-07-14
1154,Vikram Reddy,Ahmedabad,Gujarat,Individual,West,2024-12-14
1155,Karan Nair,Lucknow,Uttar Pradesh,Individual,North,2023-08-05
1156,Arjun Patel,Hyderabad,Telangana,Individual,South,2023-10-09
1157,Amit Patel,Noida,Uttar Pradesh,Individual,North,2023-06-12
1158,Ankit Chauhan,Chennai,Tamil Nadu,Individual,South,2020-11-19
1159,Shreya Gupta,New Delhi,Delhi,Fleet,North,2019-08-02
1160,Sneha Iyer,Noida,Uttar Pradesh,Individual,North,2019-06-25
1161,Shreya Joshi,Chennai,Tamil Nadu,Individual,South,2019-07-15
1162,Arjun Chauhan,Noida,Uttar Pradesh,Individual,North,2019-02-19
1163,Isha Reddy,Hyderabad,Telangana,Individual,South,2021-07-05
1164,Isha Chauhan,Noida,Uttar Pradesh,Fleet,North,2023-03-08
1165,Shreya Sharma,Pune,Maharashtra,Fleet,West,2020-05-19
1166,Neha Mehta,Bengaluru,Karnataka,Individual,South,2019-06-05
1167,Rahul Agarwal,Mysuru,Karnataka,Individual,South,2025-10-22
1168,Suresh Chauhan,Nagpur,Maharashtra,Individual,West,2021-04-22
1169,Isha Kumar,Gurugram,Haryana,Individual,North,2025-09-15
1170,Isha Rao,Chennai,Tamil Nadu,Individual,South,2022-11-10
1171,Priya Kumar,Mysuru,Karnataka,Individual,South,2022-03-17
1172,Rahul Reddy,Ahmedabad,Gujarat,Individual,West,2025-07-20
1173,Vikram Rao,Bengaluru,Karnataka,Individual,South,2021-10-08
1174,Pooja Nair,Bengaluru,Karnataka,Individual,South,2023-09-28
1175,Arjun Joshi,Bengaluru,Karnataka,Individual,South,2019-02-11
1176,Aarav Patel,Mysuru,Karnataka,Fleet,South,2024-11-04
1177,Karan Singh,Gurugram,Haryana,Individual,North,2022-04-19
1178,Arjun Verma,Bengaluru,Karnataka,Individual,South,2021-11-16
1179,Aarav Agarwal,Hyderabad,Telangana,Individual,South,2023-07-19
1180,Ananya Agarwal,Gurugram,Haryana,Individual,North,2023-09-08
1181,Nitin Gupta,Lucknow,Uttar Pradesh,Individual,North,2025-11-27
1182,Rahul Chauhan,Mysuru,Karnataka,Individual,South,2022-03-20
1183,Ananya Mehta,Lucknow,Uttar Pradesh,Individual,North,2021-06-08
1184,Riya Reddy,Ahmedabad,Gujarat,Individual,West,2023-01-12
1185,Neha Rao,Mysuru,Karnataka,Individual,South,2020-07-10
1186,Aarav Verma,New Delhi,Delhi,Individual,North,2020-03-23
1187,Suresh Malhotra,Mumbai,Maharashtra,Individual,West,2021-02-16
1188,Kavya Rao,Noida,Uttar Pradesh,Individual,North,2021-06-03
1189,Pooja Mehta,Gurugram,Haryana,Individual,North,2020-11-17
1190,Priya Chauhan,Mumbai,Maharashtra,Individual,West,2021-03-24
1191,Aarav Patel,Coimbatore,Tamil Nadu,Fleet,South,2023-09-06
1192,Rohan Reddy,Nagpur,Maharashtra,Individual,West,2022-05-14
1193,Shreya Joshi,Pune,Maharashtra,Individual,West,2019-09-10
1194,Aarav Joshi,Coimbatore,Tamil Nadu,Individual,South,2019-12-09
1195,Ananya Sharma,Ahmedabad,Gujarat,Individual,West,2019-01-19
1196,Pooja Chauhan,Ahmedabad,Gujarat,Individual,West,2022-10-25
1197,Priya Joshi,Coimbatore,Tamil Nadu,Individual,South,2025-08-17
1198,Rahul Verma,Noida,Uttar Pradesh,Individual,North,2022-10-19
1199,Isha Agarwal,Nagpur,Maharashtra,Individual,West,2020-03-28
1200,Priya Singh,Nagpur,Maharashtra,Individual,West,2024-10-12
1201,Vikram Reddy,Chennai,Tamil Nadu,Individual,South,2023-09-02
1202,Sneha Nair,Bengaluru,Karnataka,Individual,South,2024-01-31
1203,Riya Verma,Coimbatore,Tamil Nadu,Individual,South,2021-02-19
1204,Amit Verma,Gurugram,Haryana,Individual,North,2023-05-31
1205,Karan Iyer,Chennai,Tamil Nadu,Individual,South,2022-06-25
1206,Isha Reddy,Mysuru,Karnataka,Individual,South,2024-02-25
1207,Pooja Patel,Mysuru,Karnataka,Individual,South,2021-03-19
1208,Ankit Joshi,Bengaluru,Karnataka,Individual,South,2021-11-29
1209,Rohan Reddy,Mumbai,Maharashtra,Individual,West,2024-06-07
1210,Shreya Agarwal,Chennai,Tamil Nadu,Individual,South,2025-11-24
1211,Suresh Patel,Pune,Maharashtra,Individual,West,2022-02-25
1212,Meera Malhotra,Bengaluru,Karnataka,Individual,South,2024-08-28
1213,Neha Agarwal,Bengaluru,Karnataka,Individual,South,2021-05-09
1214,Arjun Malhotra,Ahmedabad,Gujarat,Individual,West,2021-06-24
1215,Ankit Nair,Gurugram,Haryana,Individual,North,2024-10-11
1216,Meera Kumar,Pune,Maharashtra,Individual,West,2022-08-03
1217,Neha Kumar,Chennai,Tamil Nadu,Individual,South,2023-03-27
1218,Riya Rao,Hyderabad,Telangana,Individual,South,2021-11-04
1219,Kavya Patel,Bengaluru,Karnataka,Individual,South,2025-08-06
1220,Priya Verma,New Delhi,Delhi,Individual,North,2019-06-02
1221,Isha Singh,Coimbatore,Tamil Nadu,Individual,South,2024-04-15
1222,Aarav Nair,Pune,Maharashtra,Individual,West,2024-07-28
1223,Vikram Gupta,Bengaluru,Karnataka,Individual,South,2023-05-04
1224,Suresh Nair,Mysuru,Karnataka,Individual,South,2021-08-27
1225,Amit Iyer,Ahmedabad,Gujarat,Individual,West,2022-01-17
1226,Aarav Malhotra,Mumbai,Maharashtra,Individual,West,2024-10-12
1227,Rahul Rao,Pune,Maharashtra,Individual,West,2024-06-25
1228,Shreya Singh,Lucknow,Uttar Pradesh,Individual,North,2021-10-24
1229,Amit Malhotra,Gurugram,Haryana,Individual,North,2024-04-19
1230,Ankit Verma,Noida,Uttar Pradesh,Fleet,North,2022-12-16
1231,Priya Gupta,Coimbatore,Tamil Nadu,Individual,South,2025-04-09
1232,Nitin Iyer,Pune,Maharashtra,Individual,West,2019-11-13
1233,Ananya Mehta,Bengaluru,Karnataka,Individual,South,2021-10-13
1234,Meera Agarwal,Chennai,Tamil Nadu,Fleet,South,2020-01-17
1235,Nitin Sharma,New Delhi,Delhi,Individual,North,2021-12-26
1236,Kavya Agarwal,Hyderabad,Telangana,Individual,South,2020-04-01
1237,Ankit Rao,Bengaluru,Karnataka,Individual,South,2020-12-31
1238,Pooja Mehta,Ahmedabad,Gujarat,Individual,West,2021-02-16
1239,Vikram Iyer,Lucknow,Uttar Pradesh,Individual,North,2023-09-02
1240,Sneha Sharma,Hyderabad,Telangana,Individual,South,2021-03-15
1241,Arjun Nair,New Delhi,Delhi,Individual,North,2023-06-19
1242,Karan Sharma,Mumbai,Maharashtra,Individual,West,2019-12-16
1243,Rahul Singh,Ahmedabad,Gujarat,Individual,West,2020-06-03
1244,Meera Iyer,Ahmedabad,Gujarat,Individual,West,2021-05-21
1245,Kavya Agarwal,Pune,Maharashtra,Individual,West,2024-07-17
1246,Vikram Reddy,New Delhi,Delhi,Fleet,North,2022-04-16
1247,Aarav Verma,Bengaluru,Karnataka,Fleet,South,2019-03-29
1248,Suresh Chauhan,Gurugram,Haryana,Individual,North,2024-05-15
1249,Arjun Rao,Coimbatore,Tamil Nadu,Individual,South,2020-08-04
1250,Ananya Joshi,Mumbai,Maharashtra,Individual,West,2025-05-31
1251,Karan Kumar,New Delhi,Delhi,Individual,North,2022-12-26
1252,Shreya Singh,Ahmedabad,Gujarat,Individual,West,2024-01-09
1253,Kavya Kumar,Nagpur,Maharashtra,Individual,West,2022-07-29
1254,Rahul Sharma,Mumbai,Maharashtra,Fleet,West,2019-07-31
1255,Neha Reddy,Mumbai,Maharashtra,Individual,West,2020-11-28
1256,Karan Iyer,Ahmedabad,Gujarat,Fleet,West,2023-05-21
1257,Arjun Malhotra,Ahmedabad,Gujarat,Individual,West,2023-11-05
1258,Suresh Malhotra,Chennai,Tamil Nadu,Individual,South,2022-06-04
1259,Amit Reddy,Ahmedabad,Gujarat,Individual,West,2025-06-25
1260,Priya Reddy,Gurugram,Haryana,Individual,North,2024-05-03
1261,Neha Sharma,Mumbai,Maharashtra,Individual,West,2022-10-13
1262,Kavya Patel,Mysuru,Karnataka,Individual,South,2021-12-05
1263,Nitin Agarwal,Mysuru,Karnataka,Individual,South,2025-05-10
1264,Shreya Singh,Lucknow,Uttar Pradesh,Individual,North,2024-09-30
1265,Shreya Rao,Mysuru,Karnataka,Fleet,South,2020-04-15
1266,Kavya Sharma,Mysuru,Karnataka,Individual,South,2025-04-01
1267,Ananya Nair,Pune,Maharashtra,Individual,West,2025-10-16
1268,Rahul Agarwal,Mysuru,Karnataka,Individual,South,2025-01-06
1269,Amit Reddy,Mumbai,Maharashtra,Individual,West,2020-08-05
1270,Vikram Singh,Lucknow,Uttar Pradesh,Individual,North,2025-04-30
1271,Riya Kumar,Mysuru,Karnataka,Individual,South,2024-12-26
1272,Suresh Agarwal,Chennai,Tamil Nadu,Individual,South,2024-07-22
1273,Riya Agarwal,Hyderabad,Telangana,Individual,South,2024-11-26
1274,Arjun Agarwal,Bengaluru,Karnataka,Individual,South,2019-12-25
1275,Suresh Patel,Mysuru,Karnataka,Individual,South,2024-10-01
1276,Rohan Mehta,Lucknow,Uttar Pradesh,Individual,North,2021-03-24
1277,Priya Rao,New Delhi,Delhi,Individual,North,2020-09-25
1278,Karan Verma,Lucknow,Uttar Pradesh,Individual,North,2025-08-13
1279,Amit Chauhan,Nagpur,Maharashtra,Fleet,West,2024-08-29
1280,Nitin Sharma,Nagpur,Maharashtra,Individual,West,2022-10-10
1281,Nitin Nair,Mumbai,Maharashtra,Fleet,West,2022-12-05
1282,Rahul Joshi,Mumbai,Maharashtra,Individual,West,2024-05-22
1283,Amit Sharma,Mysuru,Karnataka,Individual,South,2019-03-14
1284,Neha Malhotra,New Delhi,Delhi,Individual,North,2025-11-23
1285,Vikram Rao,Ahmedabad,Gujarat,Individual,West,2025-12-12
1286,Riya Kumar,Hyderabad,Telangana,Fleet,South,2025-01-02
1287,Kavya Rao,Bengaluru,Karnataka,Individual,South,2024-06-17
1288,Sneha Sharma,Mysuru,Karnataka,Individual,South,2024-01-22
1289,Isha Iyer,Pune,Maharashtra,Individual,West,2022-02-12
1290,Vikram Iyer,Nagpur,Maharashtra,Individual,West,2025-03-24
1291,Amit Verma,Lucknow,Uttar Pradesh,Individual,North,2020-12-08
1292,Rohan Gupta,Hyderabad,Telangana,Individual,South,2021-08-11
1293,Isha Nair,Hyderabad,Telangana,Individual,South,2019-06-29
1294,Arjun Malhotra,Coimbatore,Tamil Nadu,Individual,South,2022-11-25
1295,Karan Chauhan,Noida,Uttar Pradesh,Individual,North,2020-07-29
1296,Nitin Sharma,Chennai,Tamil Nadu,Individual,South,2021-05-24
1297,Meera Mehta,Hyderabad,Telangana,Individual,South,2024-06-05
1298,Amit Iyer,Bengaluru,Karnataka,Individual,South,2021-04-26
1299,Amit Malhotra,Pune,Maharashtra,Individual,West,2022-01-18
1300,Vikram Joshi,Coimbatore,Tamil Nadu,Individual,South,2020-10-10
1301,Nitin Joshi,Mumbai,Maharashtra,Individual,West,2022-01-28
1302,Ankit Malhotra,Ahmedabad,Gujarat,Individual,West,2020-02-08
1303,Rahul Agarwal,Pune,Maharashtra,Individual,West,2023-08-15
1304,Pooja Nair,Noida,Uttar Pradesh,Individual,North,2025-03-02
1305,Meera Nair,Nagpur,Maharashtra,Fleet,West,2025-07-04
1306,Ankit Nair,Ahmedabad,Gujarat,Individual,West,2021-11-04
1307,Isha Gupta,Coimbatore,Tamil Nadu,Individual,South,2020-02-28
1308,Karan Verma,Pune,Maharashtra,Individual,West,2019-11-24
1309,Shreya Nair,Mumbai,Maharashtra,Fleet,West,2024-09-17
1310,Arjun Verma,Gurugram,Haryana,Individual,North,2022-04-22
1311,Neha Patel,Chennai,Tamil Nadu,Individual,South,2019-06-04
1312,Shreya Reddy,Ahmedabad,Gujarat,Fleet,West,2022-11-17
1313,Shreya Kumar,Coimbatore,Tamil Nadu,Individual,South,2022-12-27
1314,Aarav Gupta,Pune,Maharashtra,Individual,West,2019-11-09
1315,Riya Gupta,Hyderabad,Telangana,Individual,South,2021-12-20
1316,Rohan Joshi,Gurugram,Haryana,Individual,North,2021-01-03
1317,Suresh Rao,Coimbatore,Tamil Nadu,Individual,South,2019-01-13
1318,Rahul Singh,Lucknow,Uttar Pradesh,Fleet,North,2020-09-06
1319,Vikram Nair,Pune,Maharashtra,Individual,West,2024-10-23
1320,Riya Singh,Ahmedabad,Gujarat,Individual,West,2023-07-14
1321,Neha Iyer,Chennai,Tamil Nadu,Individual,South,2022-10-06
1322,Karan Joshi,Hyderabad,Telangana,Individual,South,2023-06-23
1323,Rahul Kumar,Mysuru,Karnataka,Fleet,South,2025-02-18
1324,Ankit Kumar,Chennai,Tamil Nadu,Individual,South,2020-06-07
1325,Nitin Agarwal,Nagpur,Maharashtra,Individual,West,2021-01-12
1326,Sneha Nair,Noida,Uttar Pradesh,Fleet,North,2019-06-05
1327,Amit Joshi,Coimbatore,Tamil Nadu,Individual,South,2023-12-25
1328,Pooja Nair,Pune,Maharashtra,Fleet,West,2024-03-11
1329,Rohan Nair,Lucknow,Uttar Pradesh,Individual,North,2020-08-08
1330,Neha Sharma,Noida,Uttar Pradesh,Individual,North,2019-12-26
1331,Isha Nair,Mumbai,Maharashtra,Individual,West,2020-02-07
1332,Aarav Iyer,Pune,Maharashtra,Individual,West,2022-01-15
1333,Shreya Chauhan,Coimbatore,Tamil Nadu,Individual,South,2020-04-04
1334,Ankit Chauhan,Hyderabad,Telangana,Individual,South,2023-06-03
1335,Kavya Malhotra,Pune,Maharashtra,Individual,West,2019-01-03
1336,Sneha Gupta,Ahmedabad,Gujarat,Individual,West,2020-06-03
1337,Karan Gupta,Lucknow,Uttar Pradesh,Individual,North,2024-01-29
1338,Vikram Nair,Mumbai,Maharashtra,Individual,West,2025-01-19
1339,Rahul Malhotra,Chennai,Tamil Nadu,Individual,South,2020-12-25
1340,Kavya Joshi,Hyderabad,Telangana,Individual,South,2021-06-15
1341,Shreya Gupta,Mysuru,Karnataka,Individual,South,2024-07-16
1342,Pooja Kumar,Coimbatore,Tamil Nadu,Individual,South,2022-10-21
1343,Meera Gupta,Ahmedabad,Gujarat,Individual,West,2022-11-24
1344,Karan Joshi,Ahmedabad,Gujarat,Individual,West,2020-09-16
1345,Priya Iyer,New Delhi,Delhi,Individual,North,2024-01-26
1346,Suresh Iyer,Nagpur,Maharashtra,Individual,West,2023-09-28
1347,Isha Patel,New Delhi,Delhi,Fleet,North,2025-06-15
1348,Shreya Iyer,Mumbai,Maharashtra,Individual,West,2025-05-13
1349,Rahul Verma,Mysuru,Karnataka,Individual,South,2025-07-27
1350,Suresh Singh,Coimbatore,Tamil Nadu,Individual,South,2020-11-10
1351,Priya Mehta,Chennai,Tamil Nadu,Individual,South,2021-08-11
1352,Rahul Agarwal,Gurugram,Haryana,Individual,North,2022-08-18
1353,Ananya Patel,Chennai,Tamil Nadu,Individual,South,2024-01-02
1354,Ananya Sharma,Mysuru,Karnataka,Individual,South,2021-08-19
1355,Shreya Gupta,Ahmedabad,Gujarat,Individual,West,2023-06-17
1356,Pooja Agarwal,Coimbatore,Tamil Nadu,Individual,South,2023-05-06
1357,Karan Patel,Mumbai,Maharashtra,Fleet,West,2025-06-23
1358,Ananya Rao,Ahmedabad,Gujarat,Individual,West,2019-08-22
1359,Nitin Singh,Nagpur,Maharashtra,Individual,West,2024-06-30
1360,Sneha Nair,Nagpur,Maharashtra,Individual,West,2020-10-02
1361,Isha Chauhan,Noida,Uttar Pradesh,Individual,North,2024-07-18
1362,Ananya Agarwal,Ahmedabad,Gujarat,Fleet,West,2022-05-29
1363,Priya Agarwal,Gurugram,Haryana,Individual,North,2025-08-24
1364,Kavya Patel,Coimbatore,Tamil Nadu,Individual,South,2020-06-03
1365,Aarav Patel,Bengaluru,Karnataka,Individual,South,2024-10-18
1366,Nitin Joshi,Gurugram,Haryana,Individual,North,2024-09-28
1367,Amit Iyer,Hyderabad,Telangana,Individual,South,2021-12-30
1368,Suresh Rao,Hyderabad,Telangana,Individual,South,2021-11-24
1369,Sneha Reddy,Coimbatore,Tamil Nadu,Individual,South,2023-04-30
1370,Karan Sharma,Mysuru,Karnataka,Individual,South,2023-01-24
1371,Vikram Patel,Hyderabad,Telangana,Fleet,South,2020-11-17
1372,Rahul Kumar,Chennai,Tamil Nadu,Individual,South,2022-04-24
1373,Amit Kumar,Bengaluru,Karnataka,Individual,South,2025-01-19
1374,Isha Rao,Noida,Uttar Pradesh,Individual,North,2022-10-16
1375,Ananya Mehta,Nagpur,Maharashtra,Individual,West,2024-11-13
1376,Amit Verma,Chennai,Tamil Nadu,Individual,South,2023-08-14
1377,Ankit Patel,Mumbai,Maharashtra,Individual,West,2021-03-12
1378,Aarav Rao,Nagpur,Maharashtra,Individual,West,2023-09-06
1379,Vikram Reddy,Coimbatore,Tamil Nadu,Fleet,South,2020-01-18
1380,Nitin Kumar,Lucknow,Uttar Pradesh,Individual,North,2021-11-20
1381,Sneha Mehta,Pune,Maharashtra,Fleet,West,2019-01-05
1382,Neha Patel,Nagpur,Maharashtra,Fleet,West,2021-06-27
1383,Sneha Iyer,New Delhi,Delhi,Individual,North,2019-03-29
1384,Aarav Nair,Hyderabad,Telangana,Individual,South,2024-02-16
1385,Isha Joshi,Ahmedabad,Gujarat,Fleet,West,2020-03-08
1386,Ankit Patel,Bengaluru,Karnataka,Individual,South,2021-08-16
1387,Meera Rao,Lucknow,Uttar Pradesh,Individual,North,2019-08-15
1388,Kavya Malhotra,Noida,Uttar Pradesh,Individual,North,2020-03-07
1389,Vikram Nair,Nagpur,Maharashtra,Individual,West,2021-07-29
1390,Rahul Rao,Noida,Uttar Pradesh,Individual,North,2022-02-15
1391,Kavya Rao,Nagpur,Maharashtra,Individual,West,2024-12-22
1392,Karan Iyer,Lucknow,Uttar Pradesh,Individual,North,2022-08-22
1393,Arjun Reddy,New Delhi,Delhi,Individual,North,2025-12-17
1394,Neha Gupta,Pune,Maharashtra,Individual,West,2021-01-22
1395,Ananya Kumar,Gurugram,Haryana,Individual,North,2020-03-06
1396,Rohan Gupta,Ahmedabad,Gujarat,Individual,West,2021-09-29
1397,Sneha Joshi,Noida,Uttar Pradesh,Individual,North,2022-09-27
1398,Vikram Chauhan,Hyderabad,Telangana,Individual,South,2019-11-22
1399,Rohan Agarwal,Gurugram,Haryana,Individual,North,2023-08-18
1400,Sneha Kumar,Mysuru,Karnataka,Individual,South,2020-12-13
1401,Priya Joshi,Ahmedabad,Gujarat,Individual,West,2022-12-25
1402,Ananya Malhotra,Bengaluru,Karnataka,Individual,South,2024-09-28
1403,Aarav Malhotra,Mumbai,Maharashtra,Individual,West,2021-04-11
1404,Arjun Verma,Nagpur,Maharashtra,Individual,West,2025-03-05
1405,Vikram Iyer,New Delhi,Delhi,Individual,North,2021-10-09
1406,Isha Verma,Pune,Maharashtra,Individual,West,2022-07-12
1407,Riya Joshi,Coimbatore,Tamil Nadu,Individual,South,2025-06-25
1408,Rahul Joshi,New Delhi,Delhi,Individual,North,2022-03-19
1409,Kavya Reddy,Pune,Maharashtra,Fleet,West,2022-01-28
1410,Suresh Reddy,Bengaluru,Karnataka,Fleet,South,2025-03-04
1411,Pooja Sharma,Mysuru,Karnataka,Individual,South,2023-01-23
1412,Suresh Malhotra,Bengaluru,Karnataka,Fleet,South,2019-09-05
1413,Kavya Chauhan,Ahmedabad,Gujarat,Fleet,West,2019-06-10
1414,Aarav Nair,Ahmedabad,Gujarat,Individual,West,2025-03-27
1415,Rohan Joshi,Mysuru,Karnataka,Individual,South,2024-05-27
1416,Sneha Chauhan,Bengaluru,Karnataka,Individual,South,2023-01-23
1417,Ankit Mehta,Coimbatore,Tamil Nadu,Individual,South,2020-02-20
1418,Neha Chauhan,Nagpur,Maharashtra,Individual,West,2022-10-01
1419,Karan Joshi,Gurugram,Haryana,Individual,North,2020-09-23
1420,Nitin Malhotra,Coimbatore,Tamil Nadu,Individual,South,2024-05-18
1421,Rohan Singh,Coimbatore,Tamil Nadu,Individual,South,2025-05-15
1422,Isha Kumar,Chennai,Tamil Nadu,Individual,South,2020-10-13
1423,Suresh Kumar,Coimbatore,Tamil Nadu,Individual,South,2023-05-30
1424,Nitin Verma,Mysuru,Karnataka,Individual,South,2021-11-17
1425,Meera Mehta,Mumbai,Maharashtra,Individual,West,2024-04-06
1426,Arjun Verma,Chennai,Tamil Nadu,Individual,South,2022-11-21
1427,Rahul Joshi,Gurugram,Haryana,Fleet,North,2023-10-19
1428,Aarav Reddy,Coimbatore,Tamil Nadu,Individual,South,2021-01-10
1429,Shreya Nair,Hyderabad,Telangana,Individual,South,2025-05-30
1430,Amit Chauhan,Chennai,Tamil Nadu,Fleet,South,2024-07-06
1431,Rohan Gupta,Nagpur,Maharashtra,Individual,West,2025-10-05
1432,Isha Agarwal,Chennai,Tamil Nadu,Individual,South,2022-08-22
1433,Priya Patel,Chennai,Tamil Nadu,Individual,South,2020-08-09
1434,Arjun Kumar,Pune,Maharashtra,Individual,West,2021-11-15
1435,Karan Kumar,Ahmedabad,Gujarat,Individual,West,2020-02-20
1436,Rohan Malhotra,Bengaluru,Karnataka,Individual,South,2021-04-16
1437,Amit Sharma,Mysuru,Karnataka,Individual,South,2021-01-01
1438,Neha Patel,Ahmedabad,Gujarat,Individual,West,2020-01-25
1439,Shreya Chauhan,Bengaluru,Karnataka,Individual,South,2025-06-27
1440,Neha Singh,Noida,Uttar Pradesh,Individual,North,2020-07-28
1441,Rohan Nair,Bengaluru,Karnataka,Individual,South,2023-08-03
1442,Suresh Gupta,Ahmedabad,Gujarat,Individual,West,2023-05-25
1443,Sneha Reddy,Nagpur,Maharashtra,Individual,West,2022-10-07
1444,Aarav Sharma,Hyderabad,Telangana,Individual,South,2024-01-16
1445,Vikram Joshi,Chennai,Tamil Nadu,Individual,South,2025-09-05
1446,Vikram Joshi,Nagpur,Maharashtra,Individual,West,2025-03-21
1447,Isha Chauhan,Coimbatore,Tamil Nadu,Individual,South,2023-11-19
1448,Isha Iyer,Coimbatore,Tamil Nadu,Individual,South,2022-01-08
1449,Riya Sharma,Nagpur,Maharashtra,Individual,West,2022-11-29
1450,Vikram Patel,Bengaluru,Karnataka,Individual,South,2020-07-18
1451,Priya Gupta,New Delhi,Delhi,Individual,North,2023-05-23
1452,Sneha Joshi,Pune,Maharashtra,Individual,West,2021-08-23
1453,Sneha Joshi,New Delhi,Delhi,Individual,North,2020-07-18
1454,Pooja Nair,Mysuru,Karnataka,Individual,South,2025-03-04
1455,Ankit Reddy,Nagpur,Maharashtra,Individual,West,2023-08-28
1456,Rohan Nair,Ahmedabad,Gujarat,Individual,West,2023-05-19
1457,Sneha Malhotra,Bengaluru,Karnataka,Individual,South,2021-03-11
1458,Rohan Malhotra,Gurugram,Haryana,Fleet,North,2019-08-14
1459,Rohan Mehta,Lucknow,Uttar Pradesh,Fleet,North,2020-03-03
1460,Kavya Nair,Bengaluru,Karnataka,Individual,South,2020-12-09
1461,Amit Gupta,Ahmedabad,Gujarat,Fleet,West,2024-05-19
1462,Ankit Patel,Ahmedabad,Gujarat,Fleet,West,2019-05-21
1463,Neha Gupta,Gurugram,Haryana,Individual,North,2019-03-07
1464,Priya Sharma,Ahmedabad,Gujarat,Individual,West,2019-01-24
1465,Arjun Iyer,Nagpur,Maharashtra,Individual,West,2025-05-23
1466,Meera Agarwal,Gurugram,Haryana,Individual,North,2024-09-22
1467,Arjun Chauhan,Coimbatore,Tamil Nadu,Individual,South,2020-10-04
1468,Ananya Singh,Mumbai,Maharashtra,Individual,West,2019-04-08
1469,Amit Mehta,Lucknow,Uttar Pradesh,Individual,North,2022-10-10
1470,Aarav Malhotra,Gurugram,Haryana,Individual,North,2024-12-24
1471,Rohan Kumar,Gurugram,Haryana,Individual,North,2021-09-16
1472,Ananya Mehta,Noida,Uttar Pradesh,Individual,North,2020-08-30
1473,Shreya Agarwal,Mysuru,Karnataka,Individual,South,2022-08-21
1474,Nitin Mehta,Mumbai,Maharashtra,Individual,West,2020-11-06
1475,Karan Joshi,Mumbai,Maharashtra,Individual,West,2019-10-17
1476,Priya Gupta,Gurugram,Haryana,Individual,North,2022-08-26
1477,Vikram Nair,Chennai,Tamil Nadu,Individual,South,2025-04-01
1478,Kavya Mehta,Bengaluru,Karnataka,Individual,South,2023-08-19
1479,Ananya Chauhan,Pune,Maharashtra,Individual,West,2023-04-17
1480,Rohan Agarwal,Noida,Uttar Pradesh,Individual,North,2022-11-23
1481,Vikram Reddy,Mumbai,Maharashtra,Individual,West,2020-03-24
1482,Amit Verma,New Delhi,Delhi,Individual,North,2019-11-24
1483,Karan Agarwal,Coimbatore,Tamil Nadu,Individual,South,2020-07-18
1484,Meera Singh,Ahmedabad,Gujarat,Individual,West,2021-12-29
1485,Pooja Singh,Hyderabad,Telangana,Fleet,South,2022-08-02
1486,Ankit Iyer,Pune,Maharashtra,Fleet,West,2024-04-20
1487,Meera Joshi,Lucknow,Uttar Pradesh,Individual,North,2025-05-29
1488,Sneha Sharma,Chennai,Tamil Nadu,Fleet,South,2023-10-26
1489,Rahul Kumar,Chennai,Tamil Nadu,Fleet,South,2019-09-25
1490,Sneha Singh,Chennai,Tamil Nadu,Individual,South,2020-08-31
1491,Rohan Singh,Pune,Maharashtra,Individual,West,2020-12-03
1492,Isha Joshi,Mysuru,Karnataka,Individual,South,2025-02-04
1493,Rahul Iyer,Coimbatore,Tamil Nadu,Individual,South,2023-07-01
1494,Sneha Chauhan,Bengaluru,Karnataka,Fleet,South,2019-08-20
1495,Rahul Chauhan,Mysuru,Karnataka,Fleet,South,2024-08-31
1496,Meera Gupta,Coimbatore,Tamil Nadu,Individual,South,2025-01-10
1497,Priya Sharma,New Delhi,Delhi,Individual,North,2020-10-09
1498,Aarav Patel,Ahmedabad,Gujarat,Fleet,West,2019-09-27
1499,Isha Kumar,Hyderabad,Telangana,Individual,South,2025-04-12
1500,Karan Sharma,Noida,Uttar Pradesh,Individual,North,2022-11-26
1501,Karan Nair,Nagpur,Maharashtra,Individual,West,2024-09-19
1502,Aarav Joshi,Hyderabad,Telangana,Individual,South,2024-08-07
1503,Kavya Iyer,Mysuru,Karnataka,Individual,South,2024-05-15
1504,Ananya Agarwal,Ahmedabad,Gujarat,Individual,West,2024-03-09
1505,Ananya Nair,Ahmedabad,Gujarat,Individual,West,2023-09-01
1506,Riya Gupta,Mysuru,Karnataka,Individual,South,2021-10-24
1507,Suresh Patel,Noida,Uttar Pradesh,Individual,North,2024-06-20
1508,Neha Sharma,Mysuru,Karnataka,Individual,South,2020-04-10
1509,Neha Joshi,Lucknow,Uttar Pradesh,Individual,North,2023-07-08
1510,Isha Nair,Hyderabad,Telangana,Individual,South,2023-07-15
1511,Suresh Mehta,Gurugram,Haryana,Individual,North,2024-10-13
1512,Rahul Verma,Hyderabad,Telangana,Individual,South,2023-01-25
1513,Sneha Kumar,Noida,Uttar Pradesh,Individual,North,2022-03-14
1514,Aarav Verma,Ahmedabad,Gujarat,Fleet,West,2023-06-11
1515,Pooja Patel,Chennai,Tamil Nadu,Individual,South,2025-08-18
1516,Kavya Sharma,Lucknow,Uttar Pradesh,Individual,North,2021-08-29
1517,Sneha Mehta,Bengaluru,Karnataka,Individual,South,2021-11-30
1518,Aarav Chauhan,New Delhi,Delhi,Individual,North,2021-01-17
1519,Shreya Gupta,New Delhi,Delhi,Individual,North,2019-12-14
1520,Sneha Chauhan,Chennai,Tamil Nadu,Fleet,South,2021-12-25
1521,Rahul Chauhan,Lucknow,Uttar Pradesh,Individual,North,2023-09-12
1522,Meera Rao,New Delhi,Delhi,Individual,North,2022-07-03
1523,Rohan Mehta,Mysuru,Karnataka,Individual,South,2022-03-17
1524,Ankit Singh,Pune,Maharashtra,Individual,West,2020-09-24
1525,Nitin Nair,Chennai,Tamil Nadu,Individual,South,2020-03-01
1526,Nitin Reddy,Gurugram,Haryana,Individual,North,2022-03-11
1527,Nitin Kumar,Ahmedabad,Gujarat,Individual,West,2025-12-02
1528,Rahul Iyer,Chennai,Tamil Nadu,Fleet,South,2021-05-20
1529,Kavya Joshi,Hyderabad,Telangana,Fleet,South,2023-04-07
1530,Karan Kumar,Coimbatore,Tamil Nadu,Individual,South,2020-08-16
1531,Rohan Patel,New Delhi,Delhi,Individual,North,2019-01-30
1532,Ananya Kumar,Bengaluru,Karnataka,Individual,South,2020-08-18
1533,Shreya Kumar,Mumbai,Maharashtra,Individual,West,2021-05-22
1534,Ananya Joshi,Pune,Maharashtra,Individual,West,2024-08-23
1535,Shreya Nair,Hyderabad,Telangana,Individual,South,2020-06-14
1536,Aarav Rao,Ahmedabad,Gujarat,Individual,West,2024-05-04
1537,Pooja Sharma,Lucknow,Uttar Pradesh,Individual,North,2024-08-22
1538,Aarav Verma,Noida,Uttar Pradesh,Individual,North,2022-09-22
1539,Rahul Agarwal,Pune,Maharashtra,Individual,West,2025-05-25
1540,Shreya Reddy,Mysuru,Karnataka,Individual,South,2023-05-07
1541,Ankit Rao,Lucknow,Uttar Pradesh,Fleet,North,2021-08-11
1542,Rohan Singh,Chennai,Tamil Nadu,Individual,South,2025-11-07
1543,Kavya Iyer,Ahmedabad,Gujarat,Individual,West,2019-05-18
1544,Riya Kumar,Chennai,Tamil Nadu,Individual,South,2025-06-03
1545,Suresh Patel,Mysuru,Karnataka,Individual,South,2023-09-01
1546,Meera Agarwal,Mumbai,Maharashtra,Individual,West,2019-01-02
1547,Karan Gupta,Pune,Maharashtra,Individual,West,2019-01-06
1548,Riya Joshi,Nagpur,Maharashtra,Fleet,West,2023-12-14
1549,Kavya Reddy,Coimbatore,Tamil Nadu,Individual,South,2024-05-08
1550,Priya Joshi,Nagpur,Maharashtra,Individual,West,2019-08-19
1551,Vikram Patel,Mumbai,Maharashtra,Individual,West,2021-10-31
1552,Amit Nair,Chennai,Tamil Nadu,Individual,South,2023-06-04
1553,Isha Chauhan,Bengaluru,Karnataka,Individual,South,2022-07-23
1554,Rahul Patel,Hyderabad,Telangana,Fleet,South,2025-04-30
1555,Sneha Patel,Lucknow,Uttar Pradesh,Individual,North,2020-02-13
1556,Aarav Joshi,Ahmedabad,Gujarat,Individual,West,2025-05-28
1557,Priya Mehta,Ahmedabad,Gujarat,Individual,West,2020-09-09
1558,Rohan Chauhan,Hyderabad,Telangana,Individual,South,2020-06-17
1559,Arjun Malhotra,Gurugram,Haryana,Individual,North,2025-11-21
1560,Isha Gupta,Mumbai,Maharashtra,Individual,West,2023-02-28
1561,Kavya Iyer,Noida,Uttar Pradesh,Individual,North,2021-06-20
1562,Nitin Malhotra,Gurugram,Haryana,Individual,North,2020-05-30
1563,Rahul Nair,Nagpur,Maharashtra,Individual,West,2021-10-18
1564,Vikram Nair,Lucknow,Uttar Pradesh,Individual,North,2020-10-11
1565,Ananya Singh,Noida,Uttar Pradesh,Individual,North,2019-10-22
1566,Neha Rao,Bengaluru,Karnataka,Individual,South,2022-10-27
1567,Shreya Reddy,Chennai,Tamil Nadu,Individual,South,2019-03-20
1568,Riya Nair,Hyderabad,Telangana,Individual,South,2019-02-06
1569,Vikram Gupta,Bengaluru,Karnataka,Fleet,South,2022-06-15
1570,Pooja Mehta,Chennai,Tamil Nadu,Individual,South,2020-11-23
1571,Isha Verma,Bengaluru,Karnataka,Individual,South,2025-06-20
1572,Arjun Reddy,Noida,Uttar Pradesh,Fleet,North,2022-01-12
1573,Nitin Singh,Pune,Maharashtra,Individual,West,2025-09-25
1574,Shreya Verma,Mysuru,Karnataka,Individual,South,2022-08-10
1575,Riya Iyer,Lucknow,Uttar Pradesh,Individual,North,2021-10-12
1576,Neha Iyer,Noida,Uttar Pradesh,Individual,North,2020-11-27
1577,Sneha Sharma,Ahmedabad,Gujarat,Individual,West,2024-04-09
1578,Riya Malhotra,Lucknow,Uttar Pradesh,Individual,North,2022-12-22
1579,Isha Joshi,Coimbatore,Tamil Nadu,Fleet,South,2021-01-03
1580,Vikram Singh,Mumbai,Maharashtra,Individual,West,2024-11-23
1581,Priya Verma,New Delhi,Delhi,Individual,North,2025-12-29
1582,Priya Agarwal,Ahmedabad,Gujarat,Individual,West,2025-04-26
1583,Aarav Chauhan,Chennai,Tamil Nadu,Individual,South,2022-09-25
1584,Pooja Mehta,Bengaluru,Karnataka,Individual,South,2024-09-13
1585,Neha Patel,Gurugram,Haryana,Individual,North,2021-07-06
1586,Ankit Patel,Ahmedabad,Gujarat,Individual,West,2025-01-09
1587,Riya Kumar,Noida,Uttar Pradesh,Individual,North,2020-08-17
1588,Vikram Sharma,Bengaluru,Karnataka,Individual,South,2024-01-12
1589,Neha Reddy,Mysuru,Karnataka,Individual,South,2023-04-06
1590,Rohan Agarwal,Nagpur,Maharashtra,Individual,West,2021-02-08
1591,Riya Iyer,Ahmedabad,Gujarat,Fleet,West,2023-07-29
1592,Neha Agarwal,New Delhi,Delhi,Individual,North,2020-07-06
1593,Rahul Rao,Lucknow,Uttar Pradesh,Fleet,North,2023-09-29
1594,Suresh Singh,Noida,Uttar Pradesh,Individual,North,2025-06-12
1595,Arjun Kumar,Bengaluru,Karnataka,Individual,South,2021-07-09
1596,Neha Patel,Gurugram,Haryana,Individual,North,2022-01-25
1597,Priya Joshi,Nagpur,Maharashtra,Individual,West,2024-05-04
1598,Shreya Nair,Mysuru,Karnataka,Individual,South,2025-11-12
1599,Riya Reddy,Mysuru,Karnataka,Individual,South,2022-11-10
1600,Vikram Verma,New Delhi,Delhi,Individual,North,2019-10-09
1601,Pooja Agarwal,Lucknow,Uttar Pradesh,Individual,North,2020-05-19
1602,Karan Chauhan,Gurugram,Haryana,Individual,North,2024-06-14
1603,Meera Chauhan,Bengaluru,Karnataka,Fleet,South,2023-03-19
1604,Isha Agarwal,Chennai,Tamil Nadu,Individual,South,2020-06-28
1605,Sneha Agarwal,Mumbai,Maharashtra,Individual,West,2021-09-09
1606,Rahul Gupta,Noida,Uttar Pradesh,Individual,North,2019-12-07
1607,Pooja Malhotra,Coimbatore,Tamil Nadu,Individual,South,2025-07-21
1608,Nitin Nair,Nagpur,Maharashtra,Individual,West,2022-06-05
1609,Vikram Rao,Coimbatore,Tamil Nadu,Individual,South,2020-07-28
1610,Rahul Kumar,Lucknow,Uttar Pradesh,Individual,North,2025-08-30
1611,Riya Agarwal,Mumbai,Maharashtra,Individual,West,2023-06-30
1612,Ankit Nair,Hyderabad,Telangana,Individual,South,2020-03-01
1613,Sneha Nair,Ahmedabad,Gujarat,Individual,West,2025-06-09
1614,Ankit Chauhan,Bengaluru,Karnataka,Fleet,South,2020-10-21
1615,Neha Sharma,Ahmedabad,Gujarat,Individual,West,2020-11-10
1616,Aarav Gupta,Chennai,Tamil Nadu,Individual,South,2019-03-31
1617,Vikram Mehta,Coimbatore,Tamil Nadu,Individual,South,2023-02-07
1618,Amit Kumar,Ahmedabad,Gujarat,Individual,West,2024-03-07
1619,Ananya Iyer,Mumbai,Maharashtra,Individual,West,2023-05-30
1620,Kavya Patel,Chennai,Tamil Nadu,Individual,South,2019-06-15
1621,Priya Gupta,Gurugram,Haryana,Individual,North,2025-09-12
1622,Sneha Chauhan,Hyderabad,Telangana,Individual,South,2020-10-23
1623,Neha Verma,Bengaluru,Karnataka,Individual,South,2022-02-17
1624,Shreya Chauhan,Lucknow,Uttar Pradesh,Individual,North,2019-08-18
1625,Kavya Patel,Mysuru,Karnataka,Individual,South,2022-03-18
1626,Amit Joshi,Bengaluru,Karnataka,Individual,South,2025-08-31
1627,Amit Patel,Ahmedabad,Gujarat,Fleet,West,2019-07-18
1628,Priya Malhotra,Gurugram,Haryana,Individual,North,2021-04-18
1629,Amit Mehta,Coimbatore,Tamil Nadu,Individual,South,2024-01-11
1630,Neha Gupta,Lucknow,Uttar Pradesh,Individual,North,2023-07-11
1631,Vikram Chauhan,New Delhi,Delhi,Individual,North,2020-04-01
1632,Suresh Iyer,New Delhi,Delhi,Individual,North,2021-03-21
1633,Pooja Iyer,Bengaluru,Karnataka,Individual,South,2022-08-31
1634,Meera Rao,Coimbatore,Tamil Nadu,Individual,South,2019-04-13
1635,Kavya Gupta,Lucknow,Uttar Pradesh,Individual,North,2024-08-24
1636,Karan Singh,Bengaluru,Karnataka,Individual,South,2025-06-05
1637,Priya Nair,Mumbai,Maharashtra,Individual,West,2024-11-21
1638,Rahul Singh,Mumbai,Maharashtra,Fleet,West,2022-09-04
1639,Rohan Reddy,Lucknow,Uttar Pradesh,Individual,North,2021-03-04
1640,Arjun Nair,Hyderabad,Telangana,Individual,South,2024-02-03
1641,Riya Patel,Coimbatore,Tamil Nadu,Individual,South,2025-10-19
1642,Pooja Iyer,Ahmedabad,Gujarat,Fleet,West,2019-09-18
1643,Pooja Rao,Nagpur,Maharashtra,Individual,West,2020-01-30
1644,Ananya Reddy,Bengaluru,Karnataka,Individual,South,2023-03-11
1645,Pooja Nair,Chennai,Tamil Nadu,Individual,South,2023-10-28
1646,Pooja Verma,Noida,Uttar Pradesh,Individual,North,2022-08-09
1647,Karan Reddy,Mysuru,Karnataka,Individual,South,2020-12-22
1648,Suresh Mehta,Bengaluru,Karnataka,Individual,South,2024-01-10
1649,Sneha Agarwal,Lucknow,Uttar Pradesh,Individual,North,2019-04-10
1650,Ananya Reddy,Pune,Maharashtra,Individual,West,2021-10-25
1651,Nitin Kumar,Lucknow,Uttar Pradesh,Individual,North,2025-12-23
1652,Kavya Reddy,Chennai,Tamil Nadu,Individual,South,2023-01-23
1653,Meera Gupta,Noida,Uttar Pradesh,Individual,North,2020-02-19
1654,Karan Rao,Mysuru,Karnataka,Fleet,South,2021-10-27
1655,Arjun Verma,Pune,Maharashtra,Individual,West,2019-03-22
1656,Ankit Joshi,Bengaluru,Karnataka,Individual,South,2021-05-08
1657,Neha Singh,Noida,Uttar Pradesh,Individual,North,2021-11-30
1658,Arjun Singh,Noida,Uttar Pradesh,Fleet,North,2021-06-21
1659,Suresh Chauhan,Coimbatore,Tamil Nadu,Individual,South,2025-01-25
1660,Aarav Verma,Hyderabad,Telangana,Individual,South,2019-12-02
1661,Karan Sharma,Lucknow,Uttar Pradesh,Individual,North,2024-06-08
1662,Karan Malhotra,Mysuru,Karnataka,Individual,South,2019-12-10
1663,Ankit Gupta,Ahmedabad,Gujarat,Individual,West,2024-06-28
1664,Pooja Sharma,Chennai,Tamil Nadu,Individual,South,2023-08-30
1665,Kavya Kumar,Ahmedabad,Gujarat,Individual,West,2023-05-15
1666,Vikram Verma,Noida,Uttar Pradesh,Individual,North,2020-09-18
1667,Rohan Gupta,Gurugram,Haryana,Individual,North,2020-09-30
1668,Shreya Gupta,Coimbatore,Tamil Nadu,Individual,South,2020-05-22
1669,Suresh Agarwal,Mumbai,Maharashtra,Individual,West,2019-03-08
1670,Sneha Rao,Ahmedabad,Gujarat,Individual,West,2020-11-18
1671,Sneha Nair,Lucknow,Uttar Pradesh,Fleet,North,2023-11-28
1672,Sneha Iyer,Mysuru,Karnataka,Individual,South,2025-08-18
1673,Arjun Rao,Bengaluru,Karnataka,Individual,South,2019-12-05
1674,Priya Nair,Nagpur,Maharashtra,Individual,West,2021-03-26
1675,Ankit Verma,Noida,Uttar Pradesh,Individual,North,2022-12-18
1676,Rahul Patel,Ahmedabad,Gujarat,Individual,West,2020-08-31
1677,Meera Verma,Ahmedabad,Gujarat,Individual,West,2023-12-26
1678,Amit Verma,Pune,Maharashtra,Individual,West,2022-11-12
1679,Karan Joshi,Chennai,Tamil Nadu,Individual,South,2020-07-16
1680,Aarav Nair,Ahmedabad,Gujarat,Individual,West,2020-07-13
1681,Meera Verma,Pune,Maharashtra,Individual,West,2023-06-17
1682,Vikram Gupta,Coimbatore,Tamil Nadu,Individual,South,2023-12-26
1683,Shreya Agarwal,Nagpur,Maharashtra,Individual,West,2023-12-17
1684,Isha Mehta,Ahmedabad,Gujarat,Individual,West,2023-12-31
1685,Rahul Agarwal,Hyderabad,Telangana,Individual,South,2025-07-30
1686,Suresh Agarwal,Hyderabad,Telangana,Individual,South,2023-11-21
1687,Arjun Sharma,Coimbatore,Tamil Nadu,Individual,South,2020-06-24
1688,Priya Patel,Hyderabad,Telangana,Individual,South,2021-12-12
1689,Nitin Mehta,Hyderabad,Telangana,Individual,South,2021-01-26
1690,Meera Gupta,Nagpur,Maharashtra,Individual,West,2019-05-31
1691,Kavya Nair,Noida,Uttar Pradesh,Individual,North,2019-07-14
1692,Riya Rao,Ahmedabad,Gujarat,Individual,West,2021-04-12
1693,Ankit Chauhan,Coimbatore,Tamil Nadu,Fleet,South,2020-03-31
1694,Neha Iyer,Hyderabad,Telangana,Individual,South,2021-04-16
1695,Karan Reddy,Chennai,Tamil Nadu,Fleet,South,2022-09-03
1696,Ankit Mehta,Nagpur,Maharashtra,Individual,West,2022-04-15
1697,Karan Chauhan,Coimbatore,Tamil Nadu,Individual,South,2021-03-29
1698,Riya Sharma,Pune,Maharashtra,Individual,West,2025-06-02
1699,Shreya Iyer,New Delhi,Delhi,Individual,North,2022-04-30
1700,Karan Rao,Bengaluru,Karnataka,Individual,South,2023-05-07
1701,Rahul Patel,Mysuru,Karnataka,Individual,South,2025-04-28
1702,Riya Joshi,Chennai,Tamil Nadu,Individual,South,2020-11-09
1703,Suresh Sharma,Noida,Uttar Pradesh,Individual,North,2025-02-25
1704,Arjun Singh,Lucknow,Uttar Pradesh,Individual,North,2020-12-02
1705,Suresh Patel,Mysuru,Karnataka,Individual,South,2020-10-18
1706,Pooja Reddy,Lucknow,Uttar Pradesh,Individual,North,2020-03-17
1707,Karan Chauhan,Hyderabad,Telangana,Individual,South,2019-11-29
1708,Isha Nair,Lucknow,Uttar Pradesh,Individual,North,2023-06-14
1709,Arjun Singh,Chennai,Tamil Nadu,Fleet,South,2020-04-22
1710,Neha Gupta,Ahmedabad,Gujarat,Individual,West,2023-03-09
1711,Sneha Iyer,Gurugram,Haryana,Fleet,North,2021-12-24
1712,Isha Joshi,Hyderabad,Telangana,Individual,South,2025-10-27
1713,Isha Verma,Chennai,Tamil Nadu,Individual,South,2023-08-10
1714,Ananya Singh,Nagpur,Maharashtra,Individual,West,2023-05-26
1715,Ananya Patel,Lucknow,Uttar Pradesh,Fleet,North,2020-10-23
1716,Riya Iyer,Mumbai,Maharashtra,Fleet,West,2020-09-26
1717,Priya Joshi,Nagpur,Maharashtra,Fleet,West,2022-08-21
1718,Priya Nair,Hyderabad,Telangana,Individual,South,2025-06-22
1719,Ankit Nair,Mysuru,Karnataka,Fleet,South,2025-12-01
1720,Isha Gupta,Noida,Uttar Pradesh,Individual,North,2020-12-17
1721,Priya Patel,Chennai,Tamil Nadu,Fleet,South,2024-04-07
1722,Rohan Reddy,Ahmedabad,Gujarat,Individual,West,2023-03-04
1723,Karan Nair,Noida,Uttar Pradesh,Individual,North,2022-03-03
1724,Nitin Joshi,Noida,Uttar Pradesh,Individual,North,2024-05-01
1725,Aarav Singh,Nagpur,Maharashtra,Individual,West,2019-11-27
1726,Vikram Singh,Pune,Maharashtra,Individual,West,2022-10-06
1727,Aarav Singh,Noida,Uttar Pradesh,Individual,North,2025-09-04
1728,Sneha Singh,Hyderabad,Telangana,Individual,South,2021-10-03
1729,Arjun Patel,Gurugram,Haryana,Individual,North,2022-02-08
1730,Shreya Iyer,Pune,Maharashtra,Individual,West,2025-08-08
1731,Pooja Chauhan,Lucknow,Uttar Pradesh,Individual,North,2021-08-23
1732,Ankit Mehta,Ahmedabad,Gujarat,Individual,West,2019-01-06
1733,Nitin Iyer,New Delhi,Delhi,Individual,North,2024-02-12
1734,Ankit Iyer,Gurugram,Haryana,Individual,North,2022-09-11
1735,Ankit Chauhan,Bengaluru,Karnataka,Individual,South,2020-07-07
1736,Aarav Nair,Chennai,Tamil Nadu,Individual,South,2021-10-20
1737,Riya Sharma,Mysuru,Karnataka,Individual,South,2023-09-10
1738,Arjun Patel,Mumbai,Maharashtra,Individual,West,2023-11-12
1739,Kavya Malhotra,Chennai,Tamil Nadu,Fleet,South,2021-11-18
1740,Pooja Patel,Lucknow,Uttar Pradesh,Individual,North,2024-09-03
1741,Meera Joshi,Mumbai,Maharashtra,Fleet,West,2021-12-28
1742,Kavya Reddy,Nagpur,Maharashtra,Individual,West,2019-07-05
1743,Amit Joshi,Noida,Uttar Pradesh,Individual,North,2025-10-01
1744,Riya Kumar,Hyderabad,Telangana,Individual,South,2024-06-17
1745,Aarav Chauhan,Bengaluru,Karnataka,Individual,South,2020-02-25
1746,Meera Verma,New Delhi,Delhi,Individual,North,2020-06-29
1747,Nitin Iyer,Bengaluru,Karnataka,Individual,South,2020-11-12
1748,Neha Kumar,Nagpur,Maharashtra,Fleet,West,2025-02-07
1749,Shreya Gupta,Gurugram,Haryana,Individual,North,2020-08-17
1750,Riya Malhotra,Chennai,Tamil Nadu,Individual,South,2023-03-29
1751,Rohan Rao,Mysuru,Karnataka,Individual,South,2022-02-13
1752,Ananya Reddy,Coimbatore,Tamil Nadu,Individual,South,2021-10-21
1753,Isha Rao,Ahmedabad,Gujarat,Individual,West,2025-12-20
1754,Vikram Gupta,Chennai,Tamil Nadu,Individual,South,2024-11-20
1755,Nitin Verma,Mysuru,Karnataka,Individual,South,2022-12-21
1756,Amit Malhotra,Bengaluru,Karnataka,Fleet,South,2024-06-14
1757,Nitin Joshi,Mysuru,Karnataka,Individual,South,2024-01-01
1758,Ankit Patel,Hyderabad,Telangana,Individual,South,2025-04-04
1759,Isha Kumar,Lucknow,Uttar Pradesh,Individual,North,2024-12-13
1760,Riya Reddy,Mumbai,Maharashtra,Individual,West,2021-10-24
1761,Ankit Verma,Mumbai,Maharashtra,Individual,West,2022-04-21
1762,Shreya Nair,Lucknow,Uttar Pradesh,Individual,North,2025-03-31
1763,Vikram Joshi,Gurugram,Haryana,Fleet,North,2023-04-18
1764,Rahul Mehta,Gurugram,Haryana,Individual,North,2025-05-01
1765,Karan Joshi,Chennai,Tamil Nadu,Individual,South,2019-05-10
1766,Vikram Kumar,Bengaluru,Karnataka,Individual,South,2023-01-14
1767,Vikram Joshi,Hyderabad,Telangana,Individual,South,2023-04-04
1768,Ankit Verma,Bengaluru,Karnataka,Individual,South,2022-12-14
1769,Karan Gupta,New Delhi,Delhi,Individual,North,2024-12-13
1770,Aarav Agarwal,Mysuru,Karnataka,Individual,South,2024-09-09
1771,Ananya Kumar,New Delhi,Delhi,Individual,North,2025-08-03
1772,Sneha Iyer,New Delhi,Delhi,Individual,North,2025-01-29
1773,Pooja Joshi,Ahmedabad,Gujarat,Fleet,West,2022-10-23
1774,Riya Iyer,Hyderabad,Telangana,Individual,South,2022-06-15
1775,Neha Kumar,Coimbatore,Tamil Nadu,Fleet,South,2022-08-22
1776,Arjun Chauhan,Mumbai,Maharashtra,Individual,West,2022-05-28
1777,Ananya Singh,Bengaluru,Karnataka,Individual,South,2021-10-05
1778,Kavya Iyer,New Delhi,Delhi,Individual,North,2022-07-13
1779,Priya Malhotra,Pune,Maharashtra,Individual,West,2020-10-17
1780,Ananya Patel,New Delhi,Delhi,Individual,North,2024-11-15
1781,Ankit Gupta,Nagpur,Maharashtra,Fleet,West,2022-08-10
1782,Rohan Malhotra,Coimbatore,Tamil Nadu,Individual,South,2022-11-30
1783,Ananya Mehta,Mumbai,Maharashtra,Individual,West,2023-02-26
1784,Sneha Chauhan,Ahmedabad,Gujarat,Individual,West,2021-04-20
1785,Pooja Reddy,Nagpur,Maharashtra,Individual,West,2019-09-06
1786,Isha Gupta,Mysuru,Karnataka,Individual,South,2019-01-01
1787,Arjun Mehta,Gurugram,Haryana,Individual,North,2022-11-28
1788,Vikram Sharma,Hyderabad,Telangana,Individual,South,2024-09-14
1789,Riya Kumar,Nagpur,Maharashtra,Individual,West,2020-10-22
1790,Priya Singh,Mumbai,Maharashtra,Individual,West,2019-08-14
1791,Ankit Reddy,Pune,Maharashtra,Individual,West,2025-10-12
1792,Isha Malhotra,Noida,Uttar Pradesh,Individual,North,2021-08-23
1793,Ananya Kumar,Coimbatore,Tamil Nadu,Individual,South,2020-09-15
1794,Ananya Joshi,Chennai,Tamil Nadu,Fleet,South,2022-04-03
1795,Rahul Sharma,New Delhi,Delhi,Individual,North,2024-10-29
1796,Riya Chauhan,Hyderabad,Telangana,Individual,South,2021-02-17
1797,Aarav Agarwal,Hyderabad,Telangana,Individual,South,2025-11-25
1798,Ananya Agarwal,Noida,Uttar Pradesh,Individual,North,2019-11-01
1799,Rohan Gupta,Bengaluru,Karnataka,Individual,South,2020-08-12
1800,Arjun Chauhan,Mysuru,Karnataka,Individual,South,2020-08-24
