invoice_id,work_order_id,invoice_date,labor_cost,parts_cost,tax,discount,total_amount,payment_status
1,1,2024-09-20,2681.44,7680.71,1771.93,518.11,11615.97,Pending
2,2,2025-12-09,1747.73,32128.98,5914.87,1016.3,38775.28,Paid
3,3,2025-08-09,2307.26,7849.18,1773.31,304.69,11625.06,Paid
4,4,2024-02-08,8985.96,20047.98,4808.02,2322.72,31519.24,Pending
5,5,2025-05-03,2788.75,12486.07,2749.47,0.0,18024.29,Partially Paid
6,6,2024-04-05,8856.57,30997.47,6599.83,3188.32,43265.55,Pending
7,7,2025-02-06,2094.66,7957.16,1664.58,804.15,10912.25,Paid
8,8,2025-05-07,3778.89,19076.15,3908.21,1142.75,25620.5,Paid
9,9,2025-12-28,3207.51,10266.78,2352.61,404.23,15422.67,Paid
10,10,2025-09-13,2689.35,29566.91,5806.13,0.0,38062.39,Paid
11,11,2025-12-04,3245.59,56419.19,10739.66,0.0,70404.44,Paid
12,12,2024-02-21,2152.66,18897.46,3675.35,631.5,24093.97,Paid
13,13,2024-11-05,2201.82,31821.079999999998,6124.12,0.0,40147.02,Paid
14,14,2025-03-08,2353.74,26712.92,5232.0,0.0,34298.66,Paid
15,15,2024-02-14,2360.72,17133.5,3508.96,0.0,23003.18,Partially Paid
16,16,2024-07-31,3914.75,25893.86,5097.27,1490.43,33415.45,Paid
17,17,2024-07-22,2774.14,13597.17,2858.43,491.14,18738.6,Pending
18,18,2025-07-24,1537.67,8208.5,1701.68,292.39,11155.46,Partially Paid
19,19,2025-03-18,2180.06,52689.0,9382.61,2743.45,61508.22,Paid
20,20,2024-09-09,2199.72,19018.98,3628.4,1060.94,23786.16,Paid
22,22,2024-05-13,2255.04,2070.63,778.62,0.0,5104.29,Paid
23,23,2025-05-20,2829.58,1301.15,743.53,0.0,4874.26,Paid
24,24,2025-07-08,2043.56,7642.22,1743.44,0.0,11429.22,Pending
25,25,2025-09-21,1714.04,4405.58,1068.49,183.59,7004.52,Pending
26,26,2025-04-03,6527.17,20030.44,4636.96,796.73,30397.84,Paid
27,27,2024-09-26,7483.83,32933.66,6911.39,2020.87,45308.01,Paid
28,28,2024-04-29,3450.39,15589.2,3427.13,0.0,22466.72,Pending
29,29,2024-02-24,2950.99,28582.9,5676.1,0.0,37209.99,Pending
30,30,2025-03-19,2895.6,5571.56,1447.88,423.36,9491.68,Paid
31,31,2025-10-08,2052.9,1302.06,573.7,167.75,3760.91,Paid
32,32,2024-01-15,3045.13,0.0,531.68,91.35,3485.46,Paid
33,33,2025-10-14,2069.48,7234.66,1591.01,465.21,10429.94,Paid
34,34,2025-07-11,2395.05,7059.57,1701.83,0.0,11156.45,Paid
35,35,2024-11-04,8821.21,61464.030000000006,12018.78,3514.26,78789.76,Paid
36,36,2024-02-29,2593.14,2640.35,942.03,0.0,6175.52,Paid
37,37,2024-11-01,3677.87,659.62,780.75,0.0,5118.24,Paid
38,38,2024-06-09,9646.48,55877.57,11204.61,3276.2,73452.46,Paid
39,39,2024-05-29,8392.3,12162.19,3699.81,0.0,24254.3,Paid
40,40,2025-09-27,2336.26,34263.22,6390.27,1097.98,41891.77,Paid
41,41,2025-07-09,8634.55,6685.98,2757.7,0.0,18078.23,Paid
42,42,2025-03-17,1668.14,8520.12,1778.87,305.65,11661.48,Paid
43,43,2025-01-06,2787.75,14571.51,3030.93,520.78,19869.41,Paid
44,44,2025-01-01,5776.28,19480.74,4546.26,0.0,29803.28,Paid
45,45,2024-11-12,7773.99,19989.92,4847.58,832.92,31778.57,Paid
46,46,2024-02-17,2447.09,9412.62,2134.75,0.0,13994.46,Paid
47,47,2024-06-04,1635.23,1271.06,523.13,0.0,3429.42,Paid
48,48,2025-10-13,2534.83,44728.23999999999,8252.13,1417.89,54097.31,Paid
49,49,2024-02-08,2295.66,8862.42,2008.45,0.0,13166.53,Partially Paid
50,50,2024-12-31,2567.3,1348.74,704.89,0.0,4620.93,Paid
51,51,2024-07-20,2046.33,35610.69,6778.26,0.0,44435.28,Paid
52,52,2024-06-15,10510.43,24275.34,6261.44,0.0,41047.21,Paid
53,53,2025-10-10,1706.43,2174.46,698.56,0.0,4579.45,Paid
54,54,2024-05-19,8416.01,9298.36,3188.59,0.0,20902.96,Paid
55,55,2025-04-06,2682.79,9856.02,2256.99,0.0,14795.8,Paid
56,56,2024-03-24,3330.54,8487.53,2127.25,0.0,13945.32,Paid
57,57,2024-11-01,3857.69,21239.73,4517.54,0.0,29614.96,Paid
58,58,2025-03-24,3971.13,9258.6,2309.91,396.89,15142.75,Paid
59,59,2025-12-14,2338.77,662.03,523.94,90.02,3434.72,Paid
60,60,2024-11-26,1714.55,27354.31,5232.39,0.0,34301.25,Pending
61,61,2024-12-10,7573.34,13798.78,3846.98,0.0,25219.1,Pending
62,62,2025-03-20,1590.71,10502.36,2111.45,362.79,13841.73,Paid
63,63,2025-11-09,1521.74,28221.66,5086.12,1487.17,33342.35,Pending
64,64,2024-02-26,2335.45,11072.98,2341.11,402.25,15347.29,Paid
65,65,2025-09-18,2752.32,24354.16,4732.79,813.19,31026.08,Paid
66,66,2024-10-04,1852.61,1088.11,513.45,88.22,3365.95,Partially Paid
67,67,2024-11-20,8353.09,0.0,1428.38,417.65,9363.82,Paid
68,68,2025-06-24,1922.51,45362.95,8511.38,0.0,55796.84,Paid
69,69,2024-02-21,1463.93,8574.14,1752.65,301.14,11489.58,Paid
70,70,2025-09-28,1586.85,9634.07,2019.77,0.0,13240.69,Paid
71,71,2024-07-12,2652.06,17045.78,3545.61,0.0,23243.45,Paid
72,72,2024-01-30,1978.74,37110.12,6824.91,1172.67,44741.1,Paid
73,73,2025-08-05,1898.27,13405.83,2754.74,0.0,18058.84,Paid
74,74,2025-07-22,1921.78,1032.82,531.83,0.0,3486.43,Pending
75,75,2024-11-26,1777.07,25407.2,4893.17,0.0,32077.44,Paid
76,76,2025-11-15,6911.27,16713.84,4252.52,0.0,27877.63,Partially Paid
77,77,2025-08-11,2797.88,25668.75,4970.27,854.0,32582.9,Paid
78,78,2024-11-21,4035.21,22341.67,4747.84,0.0,31124.72,Paid
79,79,2025-03-02,2778.32,7213.620000000001,1798.55,0.0,11790.49,Paid
80,80,2025-02-25,2873.02,7314.32,1833.72,0.0,12021.06,Pending
81,81,2025-03-09,8764.78,14990.199999999999,4275.9,0.0,28030.88,Paid
82,82,2025-07-22,10204.63,44066.84,9768.86,0.0,64040.33,Paid
83,83,2025-06-20,2974.71,5047.71,1400.72,240.67,9182.47,Paid
84,84,2025-02-25,2844.97,1513.23,760.94,130.75,4988.39,Paid
85,85,2024-06-17,2643.14,6686.0,1595.28,466.46,10457.96,Paid
86,86,2025-09-22,2474.58,29497.02,5582.24,959.15,36594.69,Paid
87,87,2024-12-12,3257.06,4566.51,1408.24,0.0,9231.81,Paid
88,88,2025-06-27,1637.04,13104.16,2653.42,0.0,17394.62,Paid
89,89,2024-03-16,2763.59,15561.550000000001,3298.53,0.0,21623.67,Pending
90,90,2025-12-18,9143.41,570.56,1696.06,291.42,11118.61,Paid
91,91,2025-11-04,3127.48,2195.48,958.13,0.0,6281.09,Paid
92,92,2024-01-31,9105.52,24599.21,5763.51,1685.24,37783.0,Pending
93,93,2025-04-20,7529.66,31863.35,7090.74,0.0,46483.75,Paid
94,94,2025-04-12,2024.62,13289.53,2618.72,765.71,17167.16,Paid
95,95,2025-09-30,2131.45,12750.140000000001,2598.33,446.45,17033.47,Paid
96,96,2025-11-09,2719.45,31010.42,5889.23,1011.9,38607.2,Paid
98,98,2024-04-23,2883.17,14351.25,2947.09,861.72,19319.79,Paid
99,99,2025-07-11,2938.43,13544.24,2818.54,824.13,18477.08,Paid
100,100,2024-01-25,2506.54,35997.979999999996,6930.81,0.0,45435.33,Paid
101,101,2024-11-25,2616.74,6062.900000000001,1484.22,433.98,9729.88,Paid
102,102,2025-08-14,1649.89,9110.57,1878.78,322.81,12316.43,Paid
103,103,2025-01-29,2675.87,6989.21,1652.73,483.25,10834.56,Paid
104,104,2025-03-24,1589.69,87116.66,15168.79,4435.32,99439.82,Pending
105,105,2024-02-02,1621.52,1854.06,606.84,104.27,3978.15,Paid
106,106,2024-08-23,8453.89,8490.42,2897.48,847.22,18994.57,Paid
107,107,2025-04-01,1662.84,19423.15,3795.48,0.0,24881.47,Paid
108,108,2024-10-25,2724.66,808.38,635.95,0.0,4168.99,Pending
109,109,2024-07-20,1978.35,18962.620000000003,3769.37,0.0,24710.34,Paid
110,110,2024-09-16,9114.86,26083.85,6335.77,0.0,41534.48,Paid
111,111,2025-12-11,7651.9,12501.39,3627.59,0.0,23780.88,Paid
112,112,2024-09-21,2159.28,17899.82,3502.32,601.77,22959.65,Paid
113,113,2024-01-22,3304.94,34861.35,6526.44,1908.31,42784.42,Paid
114,114,2024-09-14,2198.83,31202.629999999997,6012.26,0.0,39413.72,Pending
115,115,2024-03-24,2361.57,10225.0,2265.58,0.0,14852.15,Paid
116,116,2025-09-18,2173.71,34865.94,6467.12,1111.19,42395.58,Pending
117,117,2025-05-29,9080.97,2057.8599999999997,1944.84,334.16,12749.51,Paid
118,118,2024-10-29,1574.69,2584.03,748.57,0.0,4907.29,Paid
119,119,2025-09-28,3218.31,41868.47,7872.15,1352.6,51606.33,Paid
120,120,2025-11-24,2187.66,4185.75,1147.21,0.0,7520.62,Paid
121,121,2025-08-27,2728.09,20169.77,4121.61,0.0,27019.47,Paid
122,122,2025-03-17,3677.43,50238.34,9413.69,1617.47,61711.99,Paid
123,123,2024-01-13,2841.24,1189.9499999999998,725.61,0.0,4756.8,Paid
124,124,2024-08-26,6010.18,0.0,1027.74,300.51,6737.41,Paid
125,125,2025-04-22,6274.12,17041.23,4196.76,0.0,27512.11,Paid
126,126,2025-03-25,1701.78,22256.43,4312.48,0.0,28270.69,Pending
127,127,2025-12-03,2291.03,26685.42,5215.76,0.0,34192.21,Paid
128,128,2024-05-04,2723.81,3457.32,1056.97,309.06,6929.04,Paid
129,129,2025-12-12,1825.24,45014.270000000004,8431.11,0.0,55270.62,Paid
130,130,2024-07-18,3103.29,15057.98,3170.96,544.84,20787.39,Paid
131,131,2025-01-31,2240.93,20444.41,4083.36,0.0,26768.7,Paid
132,132,2024-11-06,3434.07,1170.19,803.9,138.13,5270.03,Pending
133,133,2025-12-29,1925.79,13901.21,2848.86,0.0,18675.86,Paid
134,134,2024-12-26,3282.12,22671.440000000002,4438.06,1297.68,29093.94,Partially Paid
135,135,2024-04-24,3226.13,14887.86,3260.52,0.0,21374.51,Paid
136,136,2025-10-26,2561.95,7643.88,1745.2,510.29,11440.74,Paid
138,138,2025-09-25,10750.27,18834.63,4899.26,2366.79,32117.37,Paid
139,139,2024-05-13,1690.77,3287.59,851.3,248.92,5580.74,Paid
140,140,2024-03-11,1567.05,15067.42,2754.67,1330.76,18058.38,Paid
141,141,2025-08-12,3701.19,1863.09,971.52,166.93,6368.87,Paid
142,142,2024-04-09,1557.87,19647.420000000002,3626.11,1060.26,23771.14,Paid
143,143,2025-10-16,1735.84,39316.840000000004,7389.48,0.0,48442.16,Paid
144,144,2024-04-14,3258.4,404.74,659.37,0.0,4322.51,Pending
145,145,2025-11-21,4053.27,33408.21,6743.07,0.0,44204.55,Paid
146,146,2024-09-23,2456.79,29304.97,5717.12,0.0,37478.88,Paid
147,147,2024-03-09,2683.6,0.0,468.56,80.51,3071.65,Paid
148,148,2025-09-11,2106.53,22581.690000000002,4443.88,0.0,29132.1,Paid
149,149,2025-11-22,1547.86,3731.39,921.76,158.38,6042.63,Paid
150,150,2025-06-05,2513.78,91493.24999999999,16921.27,0.0,110928.3,Paid
151,151,2024-01-15,1544.69,16067.349999999999,3170.17,0.0,20782.21,Paid
152,152,2024-07-16,3587.99,34346.13,6828.14,0.0,44762.26,Paid
153,153,2024-06-03,2338.38,19777.46,3980.85,0.0,26096.69,Paid
154,154,2025-02-26,2801.86,31860.32,6239.19,0.0,40901.37,Pending
155,155,2024-04-16,2187.19,22340.62,4415.01,0.0,28942.82,Paid
156,156,2024-06-03,2810.8,18967.48,3920.09,0.0,25698.37,Paid
157,157,2024-09-14,1872.24,7630.32,1624.94,475.13,10652.37,Paid
158,158,2025-05-25,2307.63,0.0,415.37,0.0,2723.0,Paid
159,159,2025-04-02,7086.58,0.0,1275.58,0.0,8362.16,Paid
160,160,2024-10-04,3175.84,22304.910000000003,4586.54,0.0,30067.29,Paid
161,161,2025-03-02,1897.72,10079.06,2091.15,359.3,13708.63,Paid
162,162,2025-08-13,2908.37,0.0,523.51,0.0,3431.88,Pending
163,163,2025-11-22,3123.9,11430.76,2619.84,0.0,17174.5,Paid
164,164,2025-04-26,1798.74,14904.470000000001,2916.38,501.1,19118.49,Paid
165,165,2025-06-17,2539.67,24298.45,4830.86,0.0,31668.98,Paid
166,166,2024-01-20,3986.07,447.98,774.19,133.02,5075.22,Paid
167,167,2024-05-07,1901.72,6055.09,1389.26,238.7,9107.37,Paid
168,168,2024-07-21,8161.88,0.0,1469.14,0.0,9631.02,Pending
169,169,2025-09-14,1533.96,17542.75,3330.79,572.3,21835.2,Paid
170,170,2025-12-17,2580.61,30750.09,5699.55,1666.54,37363.71,Paid
171,171,2024-05-06,1849.65,35674.92,6416.7,1876.23,42065.04,Paid
172,172,2025-02-16,1910.27,20315.29,4000.6,0.0,26226.16,Partially Paid
173,173,2025-07-09,3773.19,24287.739999999998,4899.44,841.83,32118.54,Paid
174,174,2025-06-23,2064.02,10021.880000000001,2175.46,0.0,14261.36,Paid
175,175,2024-02-01,10196.55,11133.94,3532.33,1706.44,23156.38,Paid
176,176,2024-09-04,8060.21,0.0,1378.3,403.01,9035.5,Paid
177,177,2024-05-15,2936.72,5476.8,1393.28,673.08,9133.72,Paid
178,178,2024-09-29,2924.37,27547.06,5320.31,914.14,34877.6,Paid
179,179,2025-11-16,2461.07,7318.18,1760.26,0.0,11539.51,Paid
180,180,2024-12-18,2562.94,22201.88,4234.78,1238.24,27761.36,Paid
181,181,2025-03-24,7731.27,4260.0599999999995,2158.44,0.0,14149.77,Partially Paid
182,182,2025-04-22,2519.56,14392.86,2952.91,507.37,19357.96,Paid
183,183,2024-04-29,2201.39,46343.770000000004,8301.22,2427.26,54419.12,Pending
184,184,2025-04-04,3648.51,18674.629999999997,4018.17,0.0,26341.31,Paid
185,185,2025-08-11,2124.81,10000.52,2117.08,363.76,13878.65,Paid
186,186,2025-12-01,2385.0,0.0,429.3,0.0,2814.3,Paid
187,187,2025-03-19,7694.48,39306.25,8460.13,0.0,55460.86,Paid
188,188,2025-05-18,2171.12,13165.25,2760.55,0.0,18096.92,Paid
189,189,2024-03-25,2419.18,13744.98,2909.55,0.0,19073.71,Paid
190,190,2025-07-29,1846.55,23599.99,4580.38,0.0,30026.92,Paid
191,191,2024-02-06,2275.82,22650.920000000002,4486.81,0.0,29413.55,Paid
192,192,2025-07-13,1759.53,1235.72,512.19,149.76,3357.68,Paid
193,193,2025-06-22,3969.68,13589.43,3160.64,0.0,20719.75,Paid
194,194,2024-01-09,2267.65,22370.309999999998,4434.83,0.0,29072.79,Paid
195,195,2025-11-16,1504.92,3961.12,905.18,437.28,5933.94,Paid
196,196,2025-09-12,8559.67,4277.53,2310.7,0.0,15147.9,Paid
197,197,2024-12-22,3105.61,0.0,559.01,0.0,3664.62,Paid
198,198,2024-11-06,2218.97,21895.61,4340.62,0.0,28455.2,Paid
199,199,2025-01-11,2671.26,23011.27,4484.17,770.48,29396.22,Paid
200,200,2025-01-16,10590.76,43728.32,8995.24,4345.53,58968.79,Paid
201,201,2024-03-14,4032.54,33962.73,6633.97,1139.86,43489.38,Paid
202,202,2024-04-30,2609.4,15844.32,3321.67,0.0,21775.39,Paid
203,203,2025-10-27,3072.63,4453.89,1354.77,0.0,8881.29,Paid
204,204,2024-05-03,2946.56,53028.59,9773.26,1679.25,64069.16,Paid
205,205,2025-02-10,8472.89,2019.16,1888.57,0.0,12380.62,Paid
206,206,2025-05-31,2635.35,29918.68,5859.73,0.0,38413.76,Paid
207,207,2024-07-21,2674.26,70866.51999999999,12575.47,3677.04,82439.21,Paid
208,208,2025-10-22,3061.61,57413.509999999995,10885.52,0.0,71360.64,Paid
209,209,2025-03-06,2118.77,4682.24,1162.97,340.05,7623.93,Paid
210,210,2024-03-23,7935.83,45375.55,9596.05,0.0,62907.43,Paid
211,211,2025-01-12,3452.59,0.0,621.47,0.0,4074.06,Partially Paid
212,212,2025-06-15,1835.59,837.44,466.71,80.19,3059.55,Paid
213,213,2025-04-15,10007.79,33568.49,7451.54,2178.81,48849.01,Paid
214,214,2025-10-23,1786.97,54354.92,10105.54,0.0,66247.43,Paid
215,215,2024-09-23,10975.68,4014.08,2563.25,749.49,16803.52,Paid
216,216,2024-03-04,2854.25,1032.64,643.67,310.95,4219.61,Partially Paid
217,217,2024-11-08,1913.62,10373.87,2211.75,0.0,14499.24,Paid
218,218,2024-01-19,1883.62,2354.31,762.83,0.0,5000.76,Paid
219,219,2025-03-12,1731.7,49395.73,8742.79,2556.37,57313.85,Paid
220,220,2024-12-12,2052.6,23460.82,4454.64,765.4,29202.66,Paid
221,221,2024-09-30,1945.08,36151.65,6514.54,1904.84,42706.43,Pending
222,222,2024-05-26,8730.85,4320.77,2278.81,391.55,14938.88,Paid
223,223,2025-09-16,3446.15,35307.47,6975.65,0.0,45729.27,Paid
224,224,2025-10-10,1441.39,22529.989999999998,4314.85,0.0,28286.23,Partially Paid
227,227,2024-07-29,3465.69,3300.4399999999996,1217.9,0.0,7984.03,Paid
228,228,2024-09-20,1978.98,20854.12,3986.66,684.99,26134.77,Paid
229,229,2025-11-09,2750.58,24363.27,4880.49,0.0,31994.34,Paid
230,230,2025-11-12,10729.86,35792.630000000005,7704.12,3721.8,50504.81,Paid
231,231,2024-05-31,2597.83,54474.560000000005,10273.03,0.0,67345.42,Pending
232,232,2024-03-04,2287.7,5915.2,1402.7,410.14,9195.46,Paid
233,233,2025-08-11,1443.32,17913.489999999998,3484.23,0.0,22841.04,Paid
234,234,2024-03-25,7030.35,23821.899999999998,5553.4,0.0,36405.65,Paid
235,235,2024-08-10,2304.27,30773.61,5954.02,0.0,39031.9,Paid
236,236,2025-09-12,2754.49,15754.49,3331.62,0.0,21840.6,Paid
237,237,2025-05-21,3046.22,18380.120000000003,3856.74,0.0,25283.08,Paid
238,238,2025-07-27,2214.04,4118.13,1139.79,0.0,7471.96,Partially Paid
239,239,2025-05-29,1929.61,22227.08,4217.76,724.7,27649.75,Paid
240,240,2024-10-20,2581.25,22955.0,4596.52,0.0,30132.77,Paid
241,241,2024-07-09,3789.78,0.0,682.16,0.0,4471.94,Paid
242,242,2025-01-06,2649.19,17900.02,3513.92,1027.46,23035.67,Paid
243,243,2025-11-16,1472.55,77224.68,13032.26,6295.78,85433.71,Pending
244,244,2025-05-29,1665.94,27436.41,5238.42,0.0,34340.77,Pending
245,245,2025-07-19,9684.65,22500.23,5793.28,0.0,37978.16,Pending
246,246,2024-06-30,2669.74,29293.25,5753.34,0.0,37716.33,Paid
247,247,2024-04-18,2062.69,12764.96,2588.91,444.83,16971.73,Paid
248,248,2025-10-12,7104.71,41867.46,8814.99,0.0,57787.16,Paid
249,249,2025-01-07,2588.81,16472.5,3328.1,571.84,21817.57,Paid
250,250,2025-12-10,6696.69,46715.16,9325.71,1602.36,61135.2,Paid
251,251,2025-06-17,1988.95,2360.47,759.41,130.48,4978.35,Paid
252,252,2025-02-28,2988.63,2615.72,978.52,168.13,6414.74,Paid
253,253,2024-06-06,2919.31,0.0,525.48,0.0,3444.79,Paid
254,254,2025-12-12,2725.89,6463.79,1654.14,0.0,10843.82,Paid
255,255,2025-10-12,5618.69,68276.01000000001,12902.01,2216.84,84579.87,Paid
256,256,2024-02-21,3010.46,26051.949999999997,5231.23,0.0,34293.64,Paid
257,257,2024-08-26,1577.73,511.87,376.13,0.0,2465.73,Paid
258,258,2025-12-08,3023.32,23211.57,4722.28,0.0,30957.17,Paid
259,259,2025-06-22,3213.78,25550.760000000002,4763.41,2301.16,31226.79,Paid
260,260,2024-09-28,2271.2,23087.47,4564.56,0.0,29923.23,Paid
261,261,2025-08-27,2601.91,7554.56,1828.16,0.0,11984.63,Paid
262,262,2025-07-08,4127.31,0.0,720.63,123.82,4724.12,Pending
263,263,2025-10-27,3222.38,3024.33,1090.68,187.4,7149.99,Paid
264,264,2024-03-10,6593.35,23605.98,5435.88,0.0,35635.21,Paid
265,265,2025-02-04,7888.74,1373.3,1583.81,463.1,10382.75,Paid
266,266,2025-07-30,2437.36,36132.57,6942.59,0.0,45512.52,Paid
267,267,2025-07-08,7853.54,16495.879999999997,4251.41,730.48,27870.35,Paid
268,268,2025-07-17,2309.98,4659.86,1254.57,0.0,8224.41,Paid
269,269,2024-01-21,4017.07,18916.24,4004.16,688.0,26249.47,Paid
270,270,2025-10-08,2403.96,28181.5,5230.11,1529.27,34286.3,Paid
271,271,2024-03-23,1498.92,9381.779999999999,1958.53,0.0,12839.23,Paid
272,272,2025-06-01,7685.97,13408.44,3796.99,0.0,24891.4,Paid
273,273,2025-02-20,2317.54,25314.52,4824.56,828.96,31627.66,Paid
274,274,2025-05-23,2280.85,0.0,410.55,0.0,2691.4,Paid
275,275,2024-08-03,1853.51,2349.41,756.53,0.0,4959.45,Paid
276,276,2025-10-09,1533.21,23066.59,4206.57,1229.99,27576.38,Paid
277,277,2024-09-23,2874.46,19677.71,3937.61,676.57,25813.21,Paid
278,278,2024-11-20,8775.17,64560.94000000001,13200.5,0.0,86536.61,Paid
279,279,2024-03-07,1912.29,5840.389999999999,1395.48,0.0,9148.16,Partially Paid
280,280,2024-09-04,2630.8,6218.33,1592.84,0.0,10441.97,Paid
281,281,2025-07-04,2063.41,30248.0,5816.05,0.0,38127.46,Paid
282,282,2024-06-09,1717.11,3555.83,873.2,421.84,5724.3,Paid
283,283,2025-11-17,3966.03,49050.54,9065.83,2650.83,59431.57,Paid
284,284,2025-08-16,2526.64,8851.46,2048.06,0.0,13426.16,Pending
285,285,2024-07-01,6400.34,23589.59,5398.19,0.0,35388.12,Paid
286,286,2025-06-04,3202.53,32746.479999999996,6276.7,1078.47,41147.24,Pending
287,287,2024-01-04,1489.6,17916.44,3493.09,0.0,22899.13,Paid
288,288,2025-11-01,2455.23,17081.61,3516.63,0.0,23053.47,Paid
289,289,2024-11-29,7096.05,2740.7700000000004,1717.51,295.1,11259.23,Paid
290,290,2025-03-14,2318.37,5144.21,1343.26,0.0,8805.84,Paid
291,291,2024-01-18,2403.59,19492.75,3744.27,1094.82,24545.79,Paid
292,292,2024-04-27,8552.84,7856.31,2805.96,820.46,18394.65,Paid
293,293,2024-01-24,3012.78,26920.99,5388.08,0.0,35321.85,Paid
294,294,2025-11-21,2903.51,2643.98,998.55,0.0,6546.04,Pending
295,295,2024-08-30,3630.45,0.0,653.48,0.0,4283.93,Paid
296,296,2025-11-06,10042.53,12929.34,4010.89,689.16,26293.6,Paid
297,297,2024-12-13,2110.58,1312.0,597.58,102.68,3917.48,Partially Paid
298,298,2024-06-22,2236.17,14641.84,3038.04,0.0,19916.05,Paid
299,299,2025-05-05,2331.7,4803.28,1220.08,356.75,7998.31,Paid
300,300,2025-06-08,2993.64,17732.91,3544.24,1036.33,23234.46,Pending
301,301,2024-10-15,2860.84,0.0,499.5,85.83,3274.51,Paid
302,302,2025-08-17,4045.25,14260.99,3130.37,915.31,20521.3,Paid
303,303,2024-02-09,2332.2,35097.47,6737.34,0.0,44167.01,Paid
304,304,2025-03-04,2509.66,7516.29,1660.3,802.08,10884.17,Paid
305,305,2024-07-20,2737.7,28648.699999999997,5649.55,0.0,37035.95,Paid
306,306,2024-12-19,2702.38,20987.019999999997,4264.09,0.0,27953.49,Paid
307,307,2025-09-20,1845.44,10060.91,2078.85,357.19,13628.01,Paid
308,308,2025-08-10,2747.58,26361.179999999997,4977.6,1455.44,32630.92,Paid
309,309,2025-05-16,1624.04,3607.05,913.35,156.93,5987.51,Paid
310,310,2024-01-19,2011.69,10376.06,2229.8,0.0,14617.55,Paid
311,311,2025-06-05,2558.78,4562.55,1179.29,569.71,7730.91,Paid
312,312,2025-02-08,2796.35,4917.86,1346.9,231.43,8829.68,Paid
313,313,2024-07-06,1999.67,12366.18,2508.28,430.98,16443.15,Paid
314,314,2024-03-13,1696.52,2132.94,689.3,0.0,4518.76,Paid
315,315,2025-01-05,1507.33,54370.200000000004,9756.22,1676.33,63957.42,Paid
316,316,2025-02-13,1552.75,2009.42,641.19,0.0,4203.36,Paid
317,317,2025-11-22,6810.67,10506.32,3117.06,0.0,20434.05,Paid
318,318,2024-04-22,3941.87,0.0,709.54,0.0,4651.41,Paid
319,319,2025-03-21,2609.52,0.0,469.71,0.0,3079.23,Paid
320,320,2024-04-29,2357.68,413.28,483.81,83.13,3171.64,Paid
321,321,2025-05-01,4111.66,4227.6,1501.07,0.0,9840.33,Paid
322,322,2024-11-16,2643.78,59600.9,11204.04,0.0,73448.72,Paid
323,323,2024-04-03,1620.12,25260.46,4838.5,0.0,31719.08,Paid
324,324,2025-02-01,2657.08,33613.95,6528.79,0.0,42799.82,Paid
325,325,2025-12-08,2271.09,8818.84,1896.38,554.5,12431.81,Paid
326,326,2024-12-21,2820.12,11317.98,2544.86,0.0,16682.96,Paid
327,327,2024-06-22,2108.09,12271.8,2588.38,0.0,16968.27,Paid
328,328,2024-03-29,2731.82,2604.48,960.53,0.0,6296.83,Paid
329,329,2025-04-29,8053.79,28496.18,6578.99,0.0,43128.96,Paid
330,330,2024-06-29,2283.29,12964.899999999998,2744.67,0.0,17992.86,Paid
331,331,2024-06-18,1935.19,8767.46,1926.48,0.0,12629.13,Paid
332,332,2024-03-10,3273.25,18139.33,3854.26,0.0,25266.84,Paid
333,333,2025-12-23,7495.84,61247.850000000006,12373.86,0.0,81117.55,Paid
334,334,2024-05-02,2837.3,7341.3,1832.15,0.0,12010.75,Paid
335,335,2024-12-17,3822.53,0.0,667.41,114.68,4375.26,Paid
336,336,2024-03-01,2163.95,25597.100000000002,4996.99,0.0,32758.04,Pending
337,337,2024-07-10,1803.46,1863.88,627.11,183.37,4111.08,Paid
338,338,2025-10-18,1490.28,13631.7,2640.3,453.66,17308.62,Paid
339,339,2025-08-31,8922.11,14791.59,4268.47,0.0,27982.17,Paid
340,340,2024-08-28,2087.1,34154.92,6197.39,1812.1,40627.31,Paid
341,341,2025-01-26,1932.66,26069.550000000003,4889.19,840.07,32051.33,Paid
342,342,2024-07-29,6834.15,13836.17,3720.66,0.0,24390.98,Paid
343,343,2025-10-22,2256.55,14380.12,2844.87,831.83,18649.71,Paid
344,344,2025-08-24,9029.35,10516.29,3412.67,586.37,22371.94,Paid
345,345,2024-12-21,2041.72,1378.12,615.57,0.0,4035.41,Paid
346,346,2025-03-10,2816.01,2596.5,974.25,0.0,6386.76,Paid
347,347,2025-01-08,2965.38,15917.07,3398.84,0.0,22281.29,Paid
348,348,2025-09-26,10826.85,2725.08,2366.17,406.56,15511.54,Paid
349,349,2024-03-30,2598.0,10685.07,2271.41,664.15,14890.33,Paid
350,350,2025-02-04,10178.39,14547.81,4450.72,0.0,29176.92,Paid
351,351,2024-04-23,7468.21,13369.77,3750.84,0.0,24588.82,Paid
352,352,2025-10-26,7969.44,13803.9,3919.2,0.0,25692.54,Partially Paid
353,353,2025-04-02,1793.79,0.0,306.74,89.69,2010.84,Paid
354,354,2025-06-12,3019.49,1993.01,902.25,0.0,5914.75,Paid
355,355,2024-04-30,2945.78,17891.77,3750.76,0.0,24588.31,Paid
356,356,2025-04-06,2249.54,38181.4,7059.24,1212.93,46277.25,Paid
357,357,2024-05-27,3569.69,24577.68,5066.53,0.0,33213.9,Paid
358,358,2024-12-10,8883.98,20452.79,5016.59,1466.84,32886.52,Paid
359,359,2024-11-10,2122.17,13787.630000000001,2863.76,0.0,18773.56,Paid
360,360,2024-04-19,2524.29,16154.08,3261.24,560.35,21379.26,Paid
361,361,2025-08-28,7342.8,12445.830000000002,3561.95,0.0,23350.58,Paid
362,362,2025-05-26,2669.99,4259.3,1184.91,346.46,7767.74,Paid
363,363,2025-10-08,2169.04,1193.63,605.28,0.0,3967.95,Paid
364,364,2024-10-17,1542.25,4687.84,1065.35,311.5,6983.94,Paid
365,365,2025-11-19,2835.86,30254.29,5658.42,1654.51,37094.06,Paid
366,366,2024-07-28,3347.53,5184.620000000001,1412.92,682.57,9262.5,Paid
367,367,2024-09-25,2743.73,19921.09,4079.67,0.0,26744.49,Paid
368,368,2025-01-16,6756.91,16246.17,3933.53,1150.15,25786.46,Pending
369,369,2025-08-09,1790.68,22192.8,4317.03,0.0,28300.51,Paid
370,370,2025-11-21,3362.62,23878.36,4511.11,2179.28,29572.81,Pending
371,371,2024-12-28,4131.49,14512.279999999999,3355.88,0.0,21999.65,Pending
372,372,2025-12-10,2044.97,11212.75,2195.48,1060.62,14392.58,Paid
373,373,2024-03-28,2305.46,17026.559999999998,3375.37,579.96,22127.43,Paid
374,374,2024-11-08,4085.11,23972.170000000002,5050.31,0.0,33107.59,Paid
375,375,2025-04-02,1834.09,32739.76,6223.29,0.0,40797.14,Paid
376,376,2025-11-29,2854.51,9981.21,2310.43,0.0,15146.15,Paid
377,377,2024-12-23,3891.91,990.75,852.51,146.48,5588.69,Partially Paid
378,378,2025-01-30,2117.48,10070.84,2084.2,609.42,13663.1,Paid
379,379,2025-08-29,4133.17,0.0,743.97,0.0,4877.14,Paid
380,380,2024-06-24,2230.91,2304.48,816.37,0.0,5351.76,Paid
381,381,2024-12-14,1883.39,13781.410000000002,2819.66,0.0,18484.46,Pending
382,382,2025-02-12,1685.43,20533.0,3879.34,666.55,25431.22,Paid
383,383,2024-06-28,2407.56,20162.05,4062.53,0.0,26632.14,Paid
384,384,2024-06-25,10153.05,27071.9,6365.47,1861.25,41729.17,Paid
385,385,2025-06-10,2246.62,16612.54,3394.65,0.0,22253.81,Paid
386,386,2025-11-27,2416.52,10398.87,2122.23,1025.23,13912.39,Paid
387,387,2024-03-13,2194.84,6700.21,1521.05,444.75,9971.35,Partially Paid
388,388,2025-03-19,8801.92,0.0,1505.13,440.1,9866.95,Partially Paid
389,389,2025-04-10,2035.55,1227.64,569.75,97.9,3735.04,Paid
390,390,2024-06-21,2291.94,26282.67,5143.43,0.0,33718.04,Paid
391,391,2025-02-08,10979.7,555.15,2076.27,0.0,13611.12,Paid
392,392,2025-02-28,11031.19,7771.950000000001,3215.34,940.16,21078.32,Paid
393,393,2025-04-10,6320.35,29408.99,6109.72,1786.47,40052.59,Paid
394,394,2024-10-27,1549.41,4409.5199999999995,1040.43,178.77,6820.59,Partially Paid
395,395,2025-11-14,8168.85,4737.6,2253.47,387.19,14772.73,Pending
396,396,2024-10-31,1645.73,21885.64,4023.86,1176.57,26378.66,Paid
397,397,2025-02-09,3433.81,18683.06,3981.04,0.0,26097.91,Paid
398,398,2024-03-01,7992.99,2076.41,1812.49,0.0,11881.89,Paid
399,399,2024-03-28,3809.26,23270.37,4874.33,0.0,31953.96,Partially Paid
400,400,2025-07-15,1548.82,11596.35,2366.13,0.0,15511.3,Paid
401,401,2025-01-03,4004.52,8622.72,2272.9,0.0,14900.14,Paid
402,402,2024-12-18,2298.51,36316.229999999996,6742.13,1158.44,44198.43,Paid
403,403,2024-11-01,2603.71,12662.26,2665.44,457.98,17473.43,Paid
404,404,2024-11-03,1542.55,10846.22,2229.98,0.0,14618.75,Paid
405,405,2025-10-24,6707.21,20030.87,4427.83,2139.05,29026.86,Paid
406,406,2025-01-17,2854.74,22430.84,4551.4,0.0,29836.98,Paid
407,407,2024-07-24,3182.94,27473.6,5076.72,2452.52,33280.74,Paid
408,408,2025-05-06,1547.67,25771.67,4671.61,1365.97,30624.98,Paid
409,409,2025-10-25,1565.04,13138.41,2567.22,441.1,16829.57,Paid
410,410,2024-10-28,2333.17,38572.369999999995,6994.85,2045.28,45855.11,Paid
411,411,2025-03-13,1666.27,14699.62,2857.48,490.98,18732.39,Paid
412,412,2024-08-27,2420.26,15189.470000000001,3074.66,528.29,20156.1,Paid
413,413,2024-06-12,6390.25,18625.739999999998,4502.88,0.0,29518.87,Paid
415,415,2024-09-02,3610.44,21751.29,4336.86,1268.09,28430.5,Partially Paid
416,416,2024-08-10,1956.98,21822.71,4066.33,1188.98,26657.04,Paid
417,417,2024-04-01,3001.37,12599.82,2723.97,468.04,17857.12,Paid
418,418,2024-02-29,8062.09,9311.43,3127.23,0.0,20500.75,Paid
419,419,2025-11-14,7409.14,38214.24,7965.84,1368.7,52220.52,Paid
420,420,2025-01-01,2654.3,636.34,574.55,98.72,3766.47,Paid
421,421,2025-07-05,1790.23,2622.87,770.53,132.39,5051.24,Partially Paid
422,422,2025-12-05,1961.81,17909.85,3398.05,993.58,22276.13,Paid
423,423,2024-11-20,1892.47,23406.399999999998,4417.18,758.97,28957.08,Paid
424,424,2025-01-29,3702.32,7928.219999999999,2093.5,0.0,13724.04,Paid
425,425,2024-09-19,1867.52,9216.66,1995.15,0.0,13079.33,Paid
426,426,2024-06-13,2985.3,847.03,689.82,0.0,4522.15,Partially Paid
427,427,2024-05-24,3793.12,1802.87,926.7,447.68,6075.01,Paid
428,428,2025-02-12,2283.09,1552.31,690.37,0.0,4525.77,Paid
429,429,2025-09-12,2292.55,12875.57,2648.35,455.04,17361.43,Paid
430,430,2024-09-06,7661.32,54203.39,10578.86,3093.24,69350.33,Paid
431,431,2025-04-02,1995.71,15132.140000000001,3083.01,0.0,20210.86,Paid
432,432,2024-08-08,2212.36,23978.489999999998,4714.35,0.0,30905.2,Paid
433,433,2025-09-02,7409.24,11768.75,3348.48,575.34,21951.13,Paid
434,434,2024-08-30,1727.3,27938.12,5339.78,0.0,35005.2,Paid
435,435,2025-07-02,4042.92,12225.470000000001,2781.89,813.42,18236.86,Paid
436,436,2025-02-12,1963.85,6054.62,1400.03,240.55,9177.95,Partially Paid
437,437,2025-08-23,3246.25,44459.65,8157.71,2385.3,53478.31,Pending
438,438,2025-01-18,4016.32,16900.55,3463.83,1673.35,22707.35,Paid
439,439,2025-11-19,1843.49,6240.76,1455.16,0.0,9539.41,Paid
440,440,2025-04-22,2692.37,15122.18,2950.09,1425.16,19339.48,Paid
441,441,2025-01-13,2475.73,30284.58,5719.95,982.81,37497.45,Paid
442,442,2025-11-01,3586.69,1697.81,922.67,158.54,6048.63,Paid
443,443,2024-05-25,2064.11,23412.519999999997,4356.5,1273.83,28559.3,Paid
444,444,2025-01-13,2627.5,0.0,458.76,78.82,3007.44,Pending
445,445,2025-11-26,1794.07,46889.55,8763.05,0.0,57446.67,Pending
446,446,2025-02-24,3051.9,8383.93,2058.45,0.0,13494.28,Paid
447,447,2025-11-02,2066.5,3117.41,933.1,0.0,6117.01,Paid
448,448,2025-07-24,2706.82,28652.47,5475.33,940.78,35893.84,Paid
449,449,2024-12-11,2772.13,31002.13,5775.4,1688.71,37860.95,Paid
450,450,2025-04-26,7281.81,43084.79,9065.99,0.0,59432.59,Paid
451,451,2024-04-08,3011.64,30959.22,5809.02,1698.54,38081.34,Paid
453,453,2025-06-02,3219.52,19800.28,3936.39,1150.99,25805.2,Paid
454,454,2025-08-07,8347.72,12208.61,3589.14,616.69,23528.78,Paid
455,455,2025-12-13,1920.48,7987.7,1783.47,0.0,11691.65,Paid
456,456,2025-12-23,1964.56,51885.03,9692.93,0.0,63542.52,Paid
457,457,2024-08-30,1458.12,1146.34,468.8,0.0,3073.26,Paid
458,458,2024-04-02,2724.61,19199.140000000003,3748.96,1096.19,24576.52,Paid
459,459,2025-05-10,2988.44,2220.09,862.53,416.68,5654.38,Paid
460,460,2025-06-05,2280.85,10826.04,2359.24,0.0,15466.13,Paid
461,461,2025-06-12,7128.75,79041.55,15510.65,0.0,101680.95,Paid
462,462,2024-05-12,6829.19,54722.99,10525.42,3077.61,68999.99,Paid
463,463,2025-02-17,2699.32,54467.64,10290.05,0.0,67457.01,Paid
464,464,2025-12-29,2649.8,1099.1,674.8,0.0,4423.7,Paid
465,465,2024-11-05,2906.98,0.0,497.09,145.35,3258.72,Paid
466,466,2025-05-19,6834.17,55153.56,10599.9,3099.39,69488.24,Paid
467,467,2025-11-19,3603.75,17131.39,3732.33,0.0,24467.47,Paid
468,468,2024-12-10,2102.77,50676.49,9025.25,2638.96,59165.55,Paid
469,469,2024-04-26,2129.07,73714.44,13242.28,2275.31,86810.48,Paid
470,470,2025-04-26,2707.82,533.03,583.35,0.0,3824.2,Paid
471,471,2025-10-21,2113.9,10423.77,2143.94,626.88,14054.73,Paid
472,472,2024-03-16,1544.58,16719.46,3287.53,0.0,21551.57,Paid
473,473,2025-07-03,2992.37,13002.81,2792.76,479.86,18308.08,Paid
474,474,2024-05-02,7186.74,4991.89,2126.39,365.36,13939.66,Paid
475,475,2024-04-14,2957.13,11431.3,2589.92,0.0,16978.35,Paid
476,476,2025-11-06,3747.63,8516.25,2207.5,0.0,14471.38,Paid
477,477,2024-05-27,1737.46,979.9,449.99,217.39,2949.96,Paid
478,478,2024-11-04,2472.07,1758.5,723.43,211.53,4742.47,Paid
479,479,2025-09-28,3377.4,11136.03,2481.8,725.67,16269.56,Paid
480,480,2025-02-25,3600.6,21418.52,4278.27,1250.96,28046.43,Paid
481,481,2025-09-07,2924.51,2714.93,984.65,169.18,6454.91,Paid
482,482,2024-04-07,1610.83,1960.54,610.7,178.57,4003.5,Partially Paid
483,483,2024-12-22,2028.45,48250.380000000005,8326.17,4022.31,54582.69,Paid
484,484,2024-06-13,2568.72,51722.93,9772.5,0.0,64064.15,Partially Paid
485,485,2025-11-18,2226.9,16087.51,3131.76,915.72,20530.45,Paid
486,486,2025-09-04,2243.12,19501.86,3914.1,0.0,25659.08,Paid
487,487,2024-07-04,3169.49,6698.06,1687.35,493.38,11061.52,Paid
488,488,2024-08-11,4008.18,14564.34,3242.76,557.18,21258.1,Paid
489,489,2024-02-09,2526.91,831.29,586.34,100.75,3843.79,Paid
490,490,2025-11-07,2426.19,10416.4,2311.67,0.0,15154.26,Paid
491,491,2024-04-28,3148.32,14798.38,3230.41,0.0,21177.11,Paid
492,492,2024-09-05,8168.5,5512.46,2339.44,684.05,15336.35,Paid
493,493,2024-11-13,1956.51,615.8,449.13,77.17,2944.27,Pending
494,494,2024-05-30,2427.43,46678.600000000006,8839.09,0.0,57945.12,Paid
495,495,2025-09-18,3405.52,832.49,724.7,211.9,4750.81,Paid
496,496,2025-03-02,7954.14,17339.79,4552.91,0.0,29846.84,Paid
497,497,2025-10-02,2714.63,713.37,598.53,102.84,3923.69,Paid
498,498,2024-10-20,3081.24,4010.19,1238.16,212.74,8116.85,Paid
499,499,2024-07-02,1950.62,38701.91,7317.46,0.0,47969.99,Paid
500,500,2024-10-08,1721.21,19408.4,3613.16,1056.48,23686.29,Paid
501,501,2024-06-27,2075.29,18339.68,3674.69,0.0,24089.66,Partially Paid
502,502,2024-02-03,6493.2,2918.9700000000003,1643.36,282.37,10773.16,Paid
503,503,2024-02-05,5606.35,55199.45,10945.04,0.0,71750.84,Partially Paid
504,504,2024-01-17,1868.32,2703.6099999999997,781.8,228.6,5125.13,Paid
505,505,2025-05-24,2105.3,10358.31,2176.15,373.91,14265.85,Paid
506,506,2024-12-16,2885.48,14720.83,3074.06,528.19,20152.18,Partially Paid
507,507,2025-01-26,2020.66,13555.97,2803.79,0.0,18380.42,Paid
508,508,2024-05-30,1550.7,1603.64,522.36,252.35,3424.35,Paid
509,509,2024-08-31,2729.88,24317.17,4868.47,0.0,31915.52,Paid
510,510,2024-03-25,2763.52,21059.0,4073.65,1191.13,26705.04,Paid
511,511,2025-10-05,9778.47,37715.22,8292.4,1424.81,54361.28,Paid
512,512,2024-02-10,3834.6,16259.52,3436.09,1004.71,22525.5,Paid
513,513,2024-01-09,3991.04,11739.83,2689.98,786.54,17634.31,Paid
514,514,2024-11-02,2829.48,699.47,616.15,105.87,4039.23,Paid
515,515,2025-07-27,3702.81,11467.5,2730.66,0.0,17900.97,Paid
516,516,2024-03-24,1441.91,8937.69,1774.91,518.98,11635.53,Paid
517,517,2025-02-10,3792.06,41255.63,7703.16,2252.38,50498.47,Paid
518,518,2024-03-20,2598.08,693.1,592.41,0.0,3883.59,Partially Paid
519,519,2025-06-10,3551.47,57704.53,10474.78,3062.8,68667.98,Paid
520,520,2024-04-04,8885.88,36644.96,8195.55,0.0,53726.39,Partially Paid
521,521,2024-02-05,2677.73,11604.94,2442.34,714.13,16010.88,Paid
522,522,2024-03-07,8492.75,41206.02,8945.78,0.0,58644.55,Partially Paid
523,523,2024-12-27,1879.58,9997.97,2073.82,356.33,13595.04,Pending
525,525,2025-09-15,5910.24,14846.81,3736.27,0.0,24493.32,Paid
526,526,2025-01-07,1460.17,11805.68,2387.85,0.0,15653.7,Paid
527,527,2024-02-15,2775.91,13617.46,2803.27,819.67,18376.97,Paid
528,528,2025-01-14,10804.37,43697.95,9516.1,1635.07,62383.35,Paid
529,529,2024-02-17,1987.66,48576.49,8828.5,1516.92,57875.73,Paid
530,530,2024-10-18,1873.04,20966.36,3987.76,685.18,26141.98,Paid
531,531,2024-07-03,1809.79,4453.56,1093.58,187.9,7169.03,Pending
532,532,2024-09-01,1828.77,5256.33,1237.06,212.55,8109.61,Paid
533,533,2025-05-15,3006.28,536.41,618.55,106.28,4054.96,Paid
534,534,2025-09-23,1813.69,26705.22,5133.4,0.0,33652.31,Partially Paid
535,535,2025-02-27,2386.47,44825.340000000004,8243.18,1416.35,54038.64,Pending
536,536,2025-03-24,3131.31,775.7,682.16,117.21,4471.96,Paid
537,537,2024-12-28,2270.14,524.35,503.01,0.0,3297.5,Paid
538,538,2024-03-18,2458.78,23042.18,4590.17,0.0,30091.13,Paid
539,539,2025-10-14,8192.46,33924.23,7353.57,1263.5,48206.76,Paid
540,540,2025-09-01,3647.41,51775.43,9976.11,0.0,65398.95,Partially Paid
541,541,2024-10-07,2969.27,16720.660000000003,3544.19,0.0,23234.12,Paid
542,542,2025-11-23,2421.18,0.0,422.74,72.64,2771.28,Paid
544,544,2024-01-27,2076.76,21566.43,4255.77,0.0,27898.96,Paid
545,545,2024-03-03,1928.19,4221.19,1106.89,0.0,7256.27,Paid
546,546,2024-06-01,2141.33,28021.309999999998,5429.28,0.0,35591.92,Paid
547,547,2025-04-18,3003.26,24905.760000000002,4872.92,837.27,31944.67,Paid
548,548,2024-04-06,2407.64,41533.74,7909.45,0.0,51850.83,Partially Paid
549,549,2025-09-01,2278.75,17866.03,3444.76,1007.24,22582.3,Paid
550,550,2024-03-01,2263.46,14413.789999999999,3001.9,0.0,19679.15,Paid
551,551,2024-09-20,2538.12,41983.61,8013.91,0.0,52535.64,Paid
552,552,2024-05-13,6623.7,15805.460000000001,3916.13,672.87,25672.42,Paid
553,553,2025-02-28,2868.79,21299.2,4002.22,1933.44,26236.77,Paid
555,555,2024-08-07,2205.61,17300.68,3230.24,1560.5,21176.03,Partially Paid
556,556,2024-08-07,3915.93,3186.5,1278.44,0.0,8380.87,Paid
557,557,2025-04-24,9581.97,20879.809999999998,5318.63,913.85,34866.56,Paid
558,558,2025-08-08,2649.58,14160.34,2783.72,1344.79,18248.85,Paid
559,559,2024-12-01,2643.36,2100.57,811.21,237.2,5317.94,Pending
560,560,2024-08-17,2915.14,33930.42,6632.2,0.0,43477.76,Paid
561,561,2024-05-24,8622.13,12598.97,3819.8,0.0,25040.9,Pending
562,562,2025-05-28,2191.01,49877.780000000006,9091.21,1562.06,59597.94,Pending
563,563,2025-01-15,3147.85,10872.519999999999,2397.48,701.02,15716.83,Paid
564,564,2024-01-04,1808.78,9319.16,2003.03,0.0,13130.97,Paid
565,565,2024-09-12,9045.11,9427.36,3158.79,923.62,20707.64,Paid
566,566,2024-05-13,7912.37,3273.38,1953.03,335.57,12803.21,Paid
567,567,2025-12-09,7006.61,12157.31,3173.55,1533.11,20804.36,Paid
568,568,2025-12-18,2157.66,11617.08,2479.45,0.0,16254.19,Paid
569,569,2024-07-22,5977.69,35133.99999999999,7030.1,2055.58,46086.21,Paid
570,570,2025-03-30,5724.56,2491.07,1478.81,0.0,9694.44,Partially Paid
571,571,2024-12-08,2904.88,13164.35,2892.46,0.0,18961.69,Paid
572,572,2025-07-24,1508.79,5377.41,1177.54,344.31,7719.43,Paid
573,573,2024-10-13,2253.16,9960.84,2198.52,0.0,14412.52,Paid
574,574,2024-02-09,2580.75,14202.6,2869.95,839.17,18814.13,Paid
575,575,2024-11-29,2895.8,0.0,505.61,86.87,3314.54,Paid
576,576,2025-12-17,3271.1,20920.5,4136.76,1209.58,27118.78,Pending
577,577,2025-09-08,2478.95,3476.07,1039.75,178.65,6816.12,Paid
578,578,2025-03-18,8032.52,30325.219999999998,6904.39,0.0,45262.13,Paid
579,579,2024-06-27,2560.21,26888.3,5300.73,0.0,34749.24,Partially Paid
580,580,2024-07-04,2879.73,4038.68,1207.95,207.55,7918.81,Paid
581,581,2024-08-01,2088.27,5009.44,1239.26,212.93,8124.04,Paid
582,582,2024-01-04,3060.75,36093.94,6836.41,1174.64,44816.46,Pending
583,583,2025-02-04,2879.49,1778.56,771.37,372.64,5056.78,Paid
584,584,2025-11-24,2327.37,2673.89,828.21,400.1,5429.37,Paid
585,585,2024-12-15,3451.13,17310.739999999998,3737.14,0.0,24499.01,Paid
586,586,2024-09-02,1582.24,6892.710000000001,1479.73,254.25,9700.43,Paid
587,587,2024-07-02,4077.64,15944.34,3495.84,600.66,22917.16,Paid
588,588,2024-10-16,6853.45,24421.45,5629.48,0.0,36904.38,Paid
589,589,2025-11-27,3510.59,10992.87,2532.3,435.1,16600.66,Paid
590,590,2025-03-22,2779.06,14421.35,3096.07,0.0,20296.48,Pending
591,591,2024-11-17,2060.95,4001.13,1058.44,181.86,6938.66,Paid
592,592,2024-08-21,2143.23,5206.299999999999,1322.92,0.0,8672.45,Paid
593,593,2025-11-29,2168.93,16112.490000000002,3126.12,914.07,20493.47,Paid
594,594,2024-01-24,1651.71,30856.66,5558.93,1625.42,36441.88,Paid
595,595,2025-01-07,3241.52,4308.11,1290.99,377.48,8463.14,Paid
596,596,2025-06-16,1732.77,13654.91,2686.69,461.63,17612.74,Paid
597,597,2024-10-20,4114.96,9628.55,2399.62,412.31,15730.82,Paid
598,598,2025-11-23,3216.93,41149.649999999994,7985.98,0.0,52352.56,Partially Paid
599,599,2024-09-30,2785.18,12284.640000000001,2712.57,0.0,17782.39,Paid
600,600,2025-10-20,2737.14,13867.5,2899.17,498.14,19005.67,Paid
601,601,2025-09-26,1862.33,42717.35,8024.34,0.0,52604.02,Paid
602,602,2024-09-11,7487.52,13330.949999999999,3747.32,0.0,24565.79,Pending
603,603,2024-11-13,2813.62,7540.18,1807.77,310.61,11850.96,Paid
604,604,2025-05-20,2320.08,15003.92,2962.4,866.2,19420.2,Paid
605,605,2024-08-20,1885.39,688.86,440.2,128.71,2885.74,Paid
606,606,2025-06-04,3777.33,20709.8,4407.68,0.0,28894.81,Pending
607,607,2025-05-25,3056.25,3349.69,1153.07,0.0,7559.01,Paid
608,608,2025-09-20,2826.55,0.0,508.78,0.0,3335.33,Paid
609,609,2024-05-15,2336.38,14998.880000000001,3120.35,0.0,20455.61,Paid
610,610,2024-06-10,1529.59,4437.26,1041.81,179.01,6829.65,Pending
611,611,2025-01-01,1831.3,20900.18,4091.67,0.0,26823.15,Paid
612,612,2025-12-13,2039.4,5155.55,1295.09,0.0,8490.04,Paid
613,613,2025-11-07,2271.73,41513.2,7644.85,1313.55,50116.23,Paid
614,614,2024-10-10,10229.1,34739.68,8094.38,0.0,53063.16,Paid
615,615,2024-05-31,9771.67,7160.73,2956.4,507.97,19380.83,Paid
616,616,2024-09-18,3301.13,29448.11,5718.02,982.48,37484.78,Paid
617,617,2024-09-03,2070.11,54522.75,9677.38,2829.64,63440.6,Partially Paid
618,618,2024-12-16,9918.06,12600.939999999999,4053.42,0.0,26572.42,Paid
619,619,2024-06-21,2171.17,5129.18,1208.94,584.03,7925.26,Paid
621,621,2024-08-07,3525.84,69327.17,13113.54,0.0,85966.55,Paid
622,622,2025-05-21,1661.48,961.64,458.0,78.69,3002.43,Paid
623,623,2025-04-20,8855.03,5120.57,2314.36,1118.05,15171.91,Paid
624,624,2024-05-04,1876.45,14674.77,2889.84,496.54,18944.52,Paid
625,625,2025-01-07,3304.72,16865.81,3630.7,0.0,23801.23,Paid
626,626,2025-11-25,2681.99,13113.42,2843.17,0.0,18638.58,Paid
627,627,2025-10-11,3065.75,0.0,535.28,91.97,3509.06,Paid
628,628,2025-08-15,1770.04,60802.11,11262.99,0.0,73835.14,Paid
629,629,2025-07-13,2728.44,20632.329999999998,3868.54,1868.86,25360.45,Paid
630,630,2025-08-07,4111.97,2047.02,1075.36,184.77,7049.58,Paid
631,631,2025-06-05,1692.49,5549.76,1238.43,362.11,8118.57,Paid
632,632,2024-07-07,7605.21,40457.97,8391.83,1441.9,55013.11,Paid
633,633,2024-03-07,2472.96,73560.70999999999,13001.76,3801.68,85233.75,Paid
634,634,2024-05-20,3059.69,9304.29,2158.75,370.92,14151.81,Paid
635,635,2024-09-08,2554.44,18511.95,3791.95,0.0,24858.34,Paid
637,637,2025-04-28,1808.3,5762.6,1362.76,0.0,8933.66,Paid
638,638,2025-04-18,1733.51,12409.460000000001,2469.36,424.29,16188.04,Paid
639,639,2024-09-06,8807.19,0.0,1506.03,440.36,9872.86,Paid
641,641,2025-08-27,2080.63,0.0,355.79,104.03,2332.39,Paid
642,642,2024-12-20,3253.16,20065.66,4197.39,0.0,27516.21,Pending
643,643,2024-03-31,1959.24,16650.59,3349.77,0.0,21959.6,Paid
644,644,2025-03-26,4045.47,16367.769999999999,3674.38,0.0,24087.62,Paid
645,645,2024-08-16,2559.66,89349.49,15716.46,4595.46,103030.15,Partially Paid
646,646,2025-02-26,9201.08,35096.909999999996,7734.43,1328.94,50703.48,Paid
647,647,2024-03-25,2029.59,10169.29,2086.01,609.94,13674.95,Pending
648,648,2024-05-05,2912.5,43424.78,7673.45,3706.98,50303.75,Paid
649,649,2025-04-19,3385.93,4461.45,1370.15,235.42,8982.11,Paid
650,650,2024-08-14,1893.26,1978.74,696.96,0.0,4568.96,Paid
651,651,2024-12-04,4082.68,10771.6,2540.08,742.71,16651.65,Pending
652,652,2025-01-21,1827.47,14533.49,2856.62,490.83,18726.75,Paid
653,653,2025-08-12,1455.54,2467.58,706.16,0.0,4629.28,Paid
654,654,2025-12-26,7198.46,1742.38,1528.88,447.04,10022.68,Paid
655,655,2024-04-16,2169.63,17698.76,3469.02,596.05,22741.36,Paid
656,656,2025-02-19,2341.97,782.43,562.39,0.0,3686.79,Partially Paid
657,657,2025-03-07,2238.53,34969.340000000004,6496.49,1116.24,42588.12,Paid
658,658,2025-10-18,8880.9,16157.060000000001,4506.83,0.0,29544.79,Pending
659,659,2024-04-23,9508.76,26387.479999999996,6267.48,1076.89,41086.83,Paid
660,660,2024-09-29,2355.21,2021.68,748.45,218.84,4906.5,Paid
661,661,2025-09-25,6710.49,5944.82,2209.62,379.66,14485.27,Paid
662,662,2025-01-25,1652.06,39660.22,7213.12,1239.37,47286.03,Paid
663,663,2024-10-21,4152.91,9628.41,2356.6,689.07,15448.85,Paid
664,664,2024-02-15,8596.68,11541.05,3624.79,0.0,23762.52,Paid
665,665,2024-05-31,2738.02,29750.96,5555.62,1624.45,36420.15,Paid
666,666,2024-06-15,6262.03,668.87,1185.18,346.54,7769.54,Paid
667,667,2024-07-01,2153.62,891.85,548.18,0.0,3593.65,Paid
668,668,2025-08-07,1711.8,1057.96,473.63,138.49,3104.9,Paid
669,669,2025-03-06,7523.12,5030.9,2259.72,0.0,14813.74,Paid
670,670,2024-11-06,2036.1,11418.0,2300.65,672.7,15082.05,Paid
671,671,2025-02-02,1641.17,514.7,388.06,0.0,2543.93,Paid
672,672,2024-12-12,7503.02,0.0,1283.02,375.15,8410.89,Paid
673,673,2025-07-02,8541.62,0.0,1491.37,256.25,9776.74,Paid
674,674,2024-05-19,7429.07,0.0,1270.37,371.45,8327.99,Paid
675,675,2024-11-26,6517.16,20119.48,4794.6,0.0,31431.24,Paid
676,676,2025-03-02,3255.08,10309.42,2441.61,0.0,16006.11,Paid
677,677,2025-06-08,2113.05,24617.57,4570.94,1336.53,29965.03,Paid
678,678,2025-11-14,3400.61,16814.57,3456.8,1010.76,22661.22,Paid
679,679,2025-03-20,5824.44,23587.58,5029.46,1470.6,32970.88,Partially Paid
681,681,2024-12-12,1816.54,15685.37,3055.83,525.06,20032.68,Pending
682,682,2024-11-13,4070.63,9984.789999999999,2529.98,0.0,16585.4,Paid
683,683,2024-07-11,2826.04,5736.09,1494.95,256.86,9800.22,Paid
684,684,2025-03-02,2597.76,4017.3500000000004,1155.0,198.45,7571.66,Paid
685,685,2024-09-17,4081.2,2383.86,1163.71,0.0,7628.77,Paid
686,686,2024-03-29,3810.49,29199.0,5644.62,1650.47,37003.64,Paid
687,687,2025-07-21,1943.29,6577.37,1533.72,0.0,10054.38,Paid
688,688,2024-09-22,2640.65,15219.48,3214.82,0.0,21074.95,Paid
689,689,2025-04-02,3643.16,36101.490000000005,6796.34,1987.23,44553.76,Paid
690,690,2024-05-08,1460.13,22693.92,4217.3,724.62,27646.73,Paid
691,691,2025-08-27,3643.01,32219.15,5938.77,2868.97,38931.96,Paid
692,692,2024-01-19,7083.54,13095.130000000001,3632.16,0.0,23810.83,Paid
693,693,2024-10-03,2213.32,28892.04,5598.96,0.0,36704.32,Paid
694,694,2025-12-13,2358.63,1467.72,633.64,306.11,4153.88,Paid
695,695,2024-01-05,3605.45,11267.859999999999,2677.2,0.0,17550.51,Paid
696,696,2025-02-16,2965.44,17932.27,3648.74,626.93,23919.52,Paid
697,697,2025-08-07,3181.96,15082.09,3188.9,547.92,20905.03,Paid
698,698,2025-01-28,2436.48,21276.7,4268.37,0.0,27981.55,Paid
699,699,2025-06-10,1556.56,4836.85,1116.29,191.8,7317.9,Paid
700,700,2024-06-07,2943.62,24496.19,4939.17,0.0,32378.98,Paid
701,701,2024-06-23,3157.09,22932.230000000003,4696.08,0.0,30785.4,Paid
702,702,2024-01-16,3315.87,25159.19,5125.51,0.0,33600.57,Paid
703,703,2024-07-17,2878.01,15306.130000000001,3011.29,1454.73,19740.7,Paid
704,704,2025-07-27,2096.89,0.0,358.57,104.84,2350.62,Partially Paid
705,705,2025-11-22,3997.97,37865.97,7535.51,0.0,49399.45,Pending
706,706,2025-08-29,7336.36,4750.150000000001,2175.57,0.0,14262.08,Paid
707,707,2025-03-18,2762.9,10565.77,2399.16,0.0,15727.83,Paid
708,708,2025-11-15,2850.06,3313.9,1109.51,0.0,7273.47,Paid
709,709,2024-01-08,1941.24,2707.99,795.02,232.46,5211.79,Paid
710,710,2025-11-16,1913.39,29673.170000000002,5515.01,947.6,36153.97,Paid
711,711,2024-07-16,10437.14,12989.34,4005.93,1171.32,26261.09,Paid
712,712,2025-04-06,1658.85,63392.81999999999,11358.02,1951.55,74458.14,Paid
713,713,2025-06-27,8666.38,17855.350000000002,4630.69,795.65,30356.77,Paid
714,714,2024-08-31,1713.69,22472.34,4222.88,725.58,27683.33,Paid
715,715,2024-05-25,2225.14,8266.6,1737.43,839.34,11389.83,Paid
716,716,2025-04-04,1817.37,22864.29,4442.7,0.0,29124.36,Paid
717,717,2024-05-13,6626.53,31700.97,6691.98,1149.82,43869.66,Paid
718,718,2024-12-21,2702.93,10144.65,2196.94,642.38,14402.14,Paid
719,719,2024-01-07,2176.42,2092.64,768.43,0.0,5037.49,Paid
720,720,2025-09-04,1452.45,33588.090000000004,6307.3,0.0,41347.84,Paid
721,721,2024-05-08,1650.98,7917.33,1722.3,0.0,11290.61,Paid
722,722,2024-06-06,2738.27,0.0,468.24,136.91,3069.6,Paid
723,723,2024-01-04,2479.1,616.5,557.21,0.0,3652.81,Paid
724,724,2025-06-24,2521.01,5548.62,1452.53,0.0,9522.16,Paid
725,725,2025-04-08,2390.94,30631.8,5765.77,990.68,37797.83,Paid
726,726,2025-12-10,3378.5,14663.26,3150.09,541.25,20650.6,Paid
727,727,2025-11-22,2152.63,11805.64,2437.11,418.75,15976.63,Paid
728,728,2024-03-21,2099.92,12863.01,2693.33,0.0,17656.26,Paid
729,729,2025-12-13,1866.88,16554.41,3315.83,0.0,21737.12,Paid
730,730,2025-01-29,3144.89,3968.24,1280.36,0.0,8393.49,Paid
731,731,2025-12-18,7095.15,2469.46,1721.63,0.0,11286.24,Paid
733,733,2024-07-22,2963.23,4017.7,1256.57,0.0,8237.5,Paid
734,734,2025-04-08,2208.47,33887.08,5977.42,2887.64,39185.33,Paid
735,735,2025-05-28,1462.71,4655.42,1068.23,183.54,7002.82,Paid
736,736,2024-09-02,2050.56,20303.62,3822.56,1117.71,25059.03,Paid
737,737,2024-09-28,3948.13,25037.48,5217.41,0.0,34203.02,Paid
738,738,2024-10-28,8798.34,0.0,1583.7,0.0,10382.04,Paid
739,739,2025-08-07,2330.79,1759.22,677.31,327.2,4440.12,Paid
740,740,2025-07-09,2026.82,18818.76,3452.03,1667.65,22629.96,Paid
741,741,2024-10-17,2723.45,5806.71,1489.37,255.9,9763.63,Paid
742,742,2024-11-02,1473.38,13363.039999999999,2537.03,741.82,16631.63,Paid
743,743,2024-03-30,2081.23,1602.01,662.98,0.0,4346.22,Paid
744,744,2025-07-23,1892.53,1328.33,562.36,96.63,3686.59,Paid
745,745,2024-11-24,3120.5,1164.9,748.23,128.56,4905.07,Paid
746,746,2024-08-10,2725.65,16883.379999999997,3353.14,980.45,21981.72,Paid
747,747,2024-08-08,1849.19,18740.03,3706.06,0.0,24295.28,Paid
748,748,2025-12-08,2111.25,813.73,510.7,87.75,3347.93,Partially Paid
749,749,2024-10-25,7217.1,25320.479999999996,5563.93,1626.88,36474.63,Paid
750,750,2024-12-15,2018.17,6016.05,1330.47,642.74,8721.95,Paid
751,751,2024-04-07,2306.25,621.02,526.91,0.0,3454.18,Pending
752,752,2025-04-22,6487.49,19825.07,4736.26,0.0,31048.82,Paid
753,753,2024-07-25,2964.75,13274.15,2776.85,811.94,18203.81,Paid
754,754,2024-09-05,2501.66,37790.0,7252.5,0.0,47544.16,Partially Paid
755,755,2024-01-23,2201.52,892.98,557.01,0.0,3651.51,Paid
756,756,2024-09-25,1965.8,3578.41,968.02,166.33,6345.9,Paid
757,757,2024-01-16,3447.91,5112.84,1540.94,0.0,10101.69,Paid
758,758,2025-10-22,6093.54,33987.21,6998.1,1202.42,45876.43,Paid
759,759,2024-07-25,3733.34,427.79,726.53,124.83,4762.83,Paid
760,760,2024-06-25,2123.54,3153.77,949.92,0.0,6227.23,Pending
761,761,2025-09-29,1546.72,42492.74,7689.29,1321.18,50407.57,Partially Paid
762,762,2025-01-23,3795.37,38284.11,7574.31,0.0,49653.79,Paid
763,763,2024-03-09,1800.66,1551.07,573.15,167.59,3757.29,Pending
764,764,2025-01-26,2483.39,25564.48,5048.62,0.0,33096.49,Paid
765,765,2025-07-18,2338.67,4747.68,1275.54,0.0,8361.89,Paid
766,766,2025-09-28,2577.0,7302.75,1725.0,296.39,11308.36,Partially Paid
767,767,2024-10-08,2490.32,0.0,434.81,74.71,2850.42,Pending
768,768,2024-04-09,8343.37,13912.69,4006.09,0.0,26262.15,Paid
770,770,2025-02-10,1716.69,13264.43,2696.6,0.0,17677.72,Paid
771,771,2025-01-14,1765.34,23089.99,4473.96,0.0,29329.29,Pending
772,772,2024-12-01,3185.83,12228.59,2635.87,770.72,17279.57,Paid
773,773,2025-07-05,2792.92,923.88,635.57,185.84,4166.53,Paid
774,774,2024-07-07,5693.89,44461.2,9027.92,0.0,59183.01,Paid
775,775,2025-08-15,3708.21,27736.77,5490.29,943.35,35991.92,Paid
776,776,2025-06-15,4040.73,858.34,881.83,0.0,5780.9,Paid
777,777,2024-06-25,2273.18,29773.58,5768.42,0.0,37815.18,Pending
778,778,2024-12-13,1744.02,25155.39,4599.8,1344.97,30154.24,Paid
779,779,2024-05-11,9211.31,961.8,1776.23,305.19,11644.15,Paid
780,780,2024-05-01,3348.71,18591.739999999998,3949.28,0.0,25889.73,Paid
781,781,2024-06-30,2195.22,39697.240000000005,7540.64,0.0,49433.1,Paid
782,782,2024-09-22,3070.88,31431.18,6024.06,1035.06,39491.06,Paid
783,783,2024-01-23,2974.82,3898.89,1175.4,343.69,7705.42,Paid
784,784,2025-02-17,2327.96,4739.54,1233.99,212.02,8089.47,Paid
785,785,2025-10-20,4024.86,62746.67,11417.93,3338.58,74850.88,Paid
786,786,2024-10-21,3417.75,23079.15,4769.44,0.0,31266.34,Pending
787,787,2025-11-10,3317.75,8518.66,2130.55,0.0,13966.96,Partially Paid
788,788,2024-11-29,2235.39,13390.98,2812.75,0.0,18439.12,Paid
789,789,2024-06-22,2197.4,5364.51,1252.25,604.95,8209.21,Paid
790,790,2026-01-03,7490.67,26212.03,5581.17,2696.22,36587.65,Paid
791,791,2025-07-23,3220.1,5070.56,1492.32,0.0,9782.98,Paid
792,792,2024-05-31,2150.88,29899.559999999998,5769.08,0.0,37819.52,Paid
793,793,2024-07-28,3062.1,2255.31,909.28,265.87,5960.82,Paid
794,794,2025-10-07,2833.28,0.0,509.99,0.0,3343.27,Paid
795,795,2024-08-19,1561.91,4867.93,1157.37,0.0,7587.21,Paid
796,796,2025-09-03,1445.71,51223.64,9480.48,0.0,62149.83,Paid
797,797,2025-06-23,1861.99,0.0,325.1,55.86,2131.23,Paid
798,798,2025-02-15,2223.72,0.0,400.27,0.0,2623.99,Paid
799,799,2024-04-12,4016.2,3860.23,1417.76,0.0,9294.19,Paid
800,800,2025-04-12,8618.11,27600.27,6323.73,1086.55,41455.56,Paid
801,801,2024-01-22,2075.94,38431.49,7072.6,1215.22,46364.81,Paid
802,802,2024-09-30,6506.25,4276.5199999999995,1940.9,0.0,12723.67,Paid
803,803,2024-05-24,3192.85,35111.77,6894.83,0.0,45199.45,Paid
804,804,2025-12-25,2141.83,15604.04,3194.26,0.0,20940.13,Paid
805,805,2024-09-09,2734.79,14536.08,3108.76,0.0,20379.63,Partially Paid
806,806,2025-05-09,2644.83,0.0,461.79,79.34,3027.28,Paid
807,807,2025-12-28,1489.81,23521.07,4501.96,0.0,29512.84,Paid
808,808,2024-12-30,2136.33,9306.59,2059.73,0.0,13502.65,Paid
809,809,2024-01-04,1513.37,39234.46,7334.61,0.0,48082.44,Paid
810,810,2024-07-27,2192.07,1562.86,642.09,187.75,4209.27,Paid
811,811,2024-11-29,3182.21,27163.05,5298.28,910.36,34733.18,Paid
812,812,2024-12-07,1669.57,18935.420000000002,3708.9,0.0,24313.89,Paid
813,813,2024-10-07,2296.91,11273.470000000001,2442.67,0.0,16013.05,Paid
814,814,2024-12-19,2131.21,22734.71,4475.87,0.0,29341.79,Paid
815,815,2025-03-31,2636.8,12368.939999999999,2620.0,450.17,17175.57,Paid
816,816,2025-10-20,2571.89,5413.219999999999,1437.32,0.0,9422.43,Paid
817,817,2024-10-04,1821.23,14711.150000000001,2975.83,0.0,19508.21,Partially Paid
818,818,2025-09-16,2236.27,58415.299999999996,10043.9,4852.13,65843.34,Paid
819,819,2025-09-04,3693.22,5692.91,1638.82,281.58,10743.37,Paid
820,820,2025-08-18,9124.12,2231.14,1982.63,340.66,12997.23,Paid
821,821,2025-04-17,2316.31,9441.52,2052.92,352.73,13458.02,Partially Paid
822,822,2024-09-16,2983.26,64092.3,11711.39,2012.27,76774.68,Paid
823,823,2024-03-21,1544.01,17399.64,3409.86,0.0,22353.51,Paid
824,824,2025-05-29,2996.05,15448.8,3320.07,0.0,21764.92,Paid
825,825,2025-01-10,3571.03,0.0,642.79,0.0,4213.82,Paid
826,826,2025-01-06,2089.61,14675.949999999999,2927.27,502.97,19189.86,Paid
827,827,2025-12-22,1676.48,9540.57,2019.07,0.0,13236.12,Paid
828,828,2025-02-09,8772.17,17961.43,4812.05,0.0,31545.65,Paid
829,829,2025-01-09,3387.55,32903.82,6336.47,1088.74,41539.1,Paid
830,830,2024-10-11,3546.03,0.0,638.29,0.0,4184.32,Paid
831,831,2025-10-27,1887.44,8398.78,1851.52,0.0,12137.74,Paid
832,832,2024-01-07,2875.43,12291.279999999999,2593.51,758.34,17001.88,Paid
833,833,2024-06-20,2288.32,24248.79,4776.68,0.0,31313.79,Paid
834,834,2025-04-22,1477.41,18937.04,3380.63,1633.16,22161.92,Paid
835,835,2024-07-01,1511.78,51064.56,9179.83,1577.29,60178.88,Pending
836,836,2025-03-19,2098.56,9282.87,1987.2,341.44,13027.19,Paid
837,837,2024-07-04,7052.01,14393.6,3860.21,0.0,25305.82,Paid
838,838,2025-09-21,1887.54,33795.39,6230.24,1070.49,40842.68,Pending
839,839,2024-09-12,2245.9,18340.41,3705.54,0.0,24291.85,Paid
840,840,2024-01-07,7990.21,56528.880000000005,11032.77,3225.95,72325.91,Paid
841,841,2024-10-01,3637.35,8877.82,2185.15,375.46,14324.86,Pending
842,842,2025-10-11,3114.11,0.0,560.54,0.0,3674.65,Paid
843,843,2025-08-28,2122.23,26870.65,5218.72,0.0,34211.6,Paid
844,844,2024-08-11,3122.58,0.0,562.06,0.0,3684.64,Paid
845,845,2026-01-01,8166.11,18501.27,4800.13,0.0,31467.51,Paid
846,846,2025-09-22,3061.65,30551.68,6050.4,0.0,39663.73,Partially Paid
847,847,2024-02-23,6462.77,27944.72,6193.35,0.0,40600.84,Paid
848,848,2025-01-17,2937.25,32714.299999999996,6417.28,0.0,42068.83,Partially Paid
849,849,2024-03-07,2476.82,15338.130000000001,3206.69,0.0,21021.64,Paid
850,850,2025-03-09,3733.57,7928.52,2036.2,349.86,13348.43,Paid
851,851,2024-09-13,3281.94,0.0,561.21,164.1,3679.05,Partially Paid
852,852,2025-06-01,8273.03,44223.44,9449.36,0.0,61945.83,Paid
853,853,2024-08-07,4086.91,3166.3,1305.58,0.0,8558.79,Paid
854,854,2024-03-08,7006.96,46324.72,9599.7,0.0,62931.38,Paid
855,855,2025-01-19,2340.44,11827.64,2550.25,0.0,16718.33,Pending
856,856,2024-03-23,2006.48,18091.29,3436.72,1004.89,22529.6,Paid
857,857,2025-04-17,2594.73,31956.71,6219.26,0.0,40770.7,Paid
858,858,2024-09-02,2295.02,5353.37,1307.87,382.42,8573.84,Paid
859,859,2025-02-15,2069.52,4425.81,1134.08,194.86,7434.55,Partially Paid
860,860,2024-09-30,3742.88,0.0,673.72,0.0,4416.6,Paid
861,861,2025-10-24,3338.55,1596.06,861.58,148.04,5648.15,Pending
862,862,2025-04-22,2181.37,55647.38,10409.17,0.0,68237.92,Paid
863,863,2024-02-25,3110.3,28699.45,5553.98,954.29,36409.44,Paid
864,864,2024-12-29,3811.36,7723.57,2076.29,0.0,13611.22,Paid
865,865,2024-09-25,1636.48,24089.81,4630.73,0.0,30357.02,Paid
866,866,2024-03-12,3263.12,9609.43,2247.55,386.18,14733.92,Paid
867,867,2024-08-03,2437.07,4134.46,1147.39,197.15,7521.77,Pending
868,868,2025-08-31,1965.27,704.76,442.16,213.6,2898.59,Paid
869,869,2025-07-16,2245.76,1701.06,689.12,118.4,4517.54,Paid
870,870,2025-12-20,2793.78,0.0,462.65,223.5,3032.93,Paid
871,871,2024-08-06,6868.74,25517.46,5829.52,0.0,38215.72,Partially Paid
872,872,2024-08-17,2725.09,59221.5,11150.39,0.0,73096.98,Paid
873,873,2025-05-11,6798.69,1424.64,1480.2,0.0,9703.53,Paid
874,874,2024-03-28,2738.14,0.0,492.87,0.0,3231.01,Paid
875,875,2024-06-03,2207.12,6527.26,1446.41,698.75,9482.04,Paid
876,876,2024-01-27,2611.63,13082.14,2683.63,784.69,17592.71,Pending
877,877,2024-04-07,2093.89,28816.840000000004,5397.01,927.32,35380.42,Pending
878,878,2024-11-22,3636.11,53913.89,10048.23,1726.5,65871.73,Paid
879,879,2025-01-31,2479.67,13939.41,2955.43,0.0,19374.51,Paid
880,880,2025-09-10,3833.3,8984.1,2307.13,0.0,15124.53,Paid
881,881,2024-08-08,1720.83,4879.2300000000005,1188.01,0.0,7788.07,Pending
882,882,2024-08-01,3244.89,61863.44,11719.5,0.0,76827.83,Paid
883,883,2025-07-31,8071.7,0.0,1452.91,0.0,9524.61,Paid
884,884,2024-04-07,2732.0,5387.83,1461.57,0.0,9581.4,Paid
885,885,2024-06-11,3503.02,10678.73,2552.71,0.0,16734.46,Paid
887,887,2025-12-03,3104.55,41494.05,8027.75,0.0,52626.35,Paid
888,888,2025-03-21,2766.63,9362.47,2074.08,606.45,13596.73,Paid
889,889,2025-09-23,3967.33,2317.2,1074.65,314.23,7044.95,Paid
890,890,2024-02-04,1460.22,5578.58,1266.98,0.0,8305.78,Pending
891,891,2024-04-06,2619.17,610.2,581.29,0.0,3810.66,Paid
892,892,2024-05-04,1779.03,3541.71,909.85,266.04,5964.55,Paid
893,893,2024-07-22,3503.55,11181.24,2563.96,440.54,16808.21,Paid
894,894,2024-07-15,3910.26,18468.199999999997,4028.12,0.0,26406.58,Partially Paid
895,895,2024-11-13,7659.71,36727.89,7989.77,0.0,52377.37,Pending
896,896,2025-07-12,2192.59,18390.11,3593.74,617.48,23558.96,Paid
897,897,2025-04-28,2924.32,0.0,526.38,0.0,3450.7,Paid
898,898,2025-12-04,1792.64,26020.0,4856.09,834.38,31834.35,Paid
899,899,2025-01-14,1834.94,1379.64,549.69,160.73,3603.54,Paid
900,900,2024-04-05,8076.01,29288.160000000003,6725.55,0.0,44089.72,Paid
901,901,2025-01-17,9813.27,10420.24,3642.03,0.0,23875.54,Paid
902,902,2024-08-13,3140.46,83162.04000000001,14757.73,4315.13,96745.1,Paid
903,903,2024-04-20,3859.23,1876.46,1001.45,172.07,6565.07,Paid
904,904,2024-05-23,3139.05,2939.2700000000004,1039.39,303.92,6813.79,Paid
905,905,2025-05-03,9581.05,21229.78,5545.95,0.0,36356.78,Paid
906,906,2025-07-19,3823.18,13712.81,3061.78,526.08,20071.69,Paid
907,907,2024-12-29,2896.96,3945.75,1231.69,0.0,8074.4,Paid
908,908,2025-04-10,2932.96,18240.68,3811.26,0.0,24984.9,Pending
909,909,2024-02-09,3815.31,6120.21,1788.39,0.0,11723.91,Paid
910,910,2024-06-01,2230.73,33028.119999999995,6156.19,1057.77,40357.27,Paid
911,911,2025-12-27,2866.12,1616.0,806.78,0.0,5288.9,Partially Paid
912,912,2024-01-14,2109.3,7682.65,1709.67,293.76,11207.86,Paid
913,913,2025-05-18,2291.47,8899.18,2014.32,0.0,13204.97,Paid
914,914,2024-09-23,2803.41,54904.5,10075.8,1731.24,66052.47,Paid
915,915,2024-01-09,2733.02,0.0,491.94,0.0,3224.96,Paid
916,916,2025-12-19,1640.55,10498.11,2119.41,364.16,13893.91,Paid
918,918,2025-03-19,3032.44,20553.660000000003,3905.86,1886.89,25605.07,Paid
919,919,2024-03-15,3025.19,8701.16,2110.74,0.0,13837.09,Paid
920,920,2025-07-01,4069.74,14851.47,3405.82,0.0,22327.03,Paid
921,921,2024-02-12,2051.31,9406.050000000001,1959.21,572.87,12843.7,Paid
922,922,2024-02-21,7821.66,0.0,1407.9,0.0,9229.56,Paid
923,923,2025-03-18,3686.65,17669.59,3651.92,1067.81,23940.35,Paid
924,924,2025-05-15,7258.65,53750.39,10981.63,0.0,71990.67,Paid
925,925,2024-08-12,3799.18,31770.660000000003,6210.49,1067.1,40713.23,Paid
926,926,2025-11-16,2041.39,13810.800000000001,2767.79,475.57,18144.41,Paid
927,927,2024-12-07,2470.78,41664.229999999996,7944.3,0.0,52079.31,Paid
928,928,2024-04-12,3059.44,23716.59,4675.1,803.28,30647.85,Paid
929,929,2025-07-09,1831.16,4902.79,1212.11,0.0,7946.06,Paid
930,930,2024-03-31,7864.57,11553.359999999999,3215.61,1553.43,21080.11,Paid
931,931,2024-08-22,1808.97,23415.640000000003,4540.43,0.0,29765.04,Pending
932,932,2024-06-18,2471.43,1446.41,669.95,195.89,4391.9,Paid
933,933,2025-06-28,3957.31,2330.42,1131.79,0.0,7419.52,Paid
934,934,2025-04-26,2481.79,19541.8,3964.25,0.0,25987.84,Paid
935,935,2025-12-29,2916.11,36918.21,6811.67,1991.72,44654.27,Partially Paid
936,936,2025-05-25,3773.93,11590.45,2765.59,0.0,18129.97,Paid
937,937,2025-10-28,1549.7,5534.42,1275.14,0.0,8359.26,Paid
938,938,2025-03-02,2310.7,26463.96,5179.44,0.0,33954.1,Paid
939,939,2024-02-29,3315.28,13176.98,2968.61,0.0,19460.87,Paid
940,940,2024-07-22,3513.84,9092.55,2155.69,630.32,14131.76,Paid
941,941,2024-11-01,2838.17,0.0,510.87,0.0,3349.04,Paid
943,943,2025-10-02,8099.18,11584.32,3365.88,984.18,22065.2,Paid
944,944,2025-10-19,3915.12,47949.71000000001,8868.89,2593.24,58140.48,Pending
946,946,2025-08-08,1686.4,41189.950000000004,7331.86,2143.82,48064.39,Pending
947,947,2025-11-12,2609.64,0.0,455.64,78.29,2986.99,Paid
948,948,2024-04-30,7312.69,3509.0699999999997,1947.92,0.0,12769.68,Paid
949,949,2024-06-15,10817.54,1436.32,2029.24,980.31,13302.79,Paid
951,951,2025-09-25,2068.29,16336.009999999998,3312.77,0.0,21717.07,Paid
952,952,2025-11-09,7552.16,41492.31,8563.17,1471.33,56136.31,Paid
953,953,2025-12-19,3438.5,29566.72,5762.71,990.16,37777.77,Paid
954,954,2024-02-06,10832.22,610.02,1894.83,915.38,12421.69,Paid
955,955,2024-07-09,2101.03,11426.66,2361.93,405.83,15483.79,Paid
956,956,2025-07-11,3279.28,1338.16,806.21,138.52,5285.13,Paid
957,957,2024-03-21,2785.18,22119.46,4482.84,0.0,29387.48,Paid
958,958,2024-11-28,2102.03,9966.48,2063.71,603.43,13528.79,Paid
959,959,2025-07-01,1516.43,17646.78,3345.9,574.9,21934.21,Partially Paid
960,960,2024-02-26,1555.77,63804.270000000004,11764.81,0.0,77124.85,Paid
961,961,2024-06-29,1895.63,0.0,330.98,56.87,2169.74,Pending
962,962,2025-11-19,2044.09,43501.92,7788.37,2277.3,51057.08,Paid
963,963,2025-07-02,1661.78,13043.82,2567.6,441.17,16832.03,Paid
964,964,2024-04-18,3484.04,0.0,627.13,0.0,4111.17,Paid
966,966,2025-04-04,3945.73,9042.78,2337.93,0.0,15326.44,Paid
967,967,2025-12-27,2108.31,0.0,360.52,105.42,2363.41,Paid
968,968,2024-10-20,1476.59,22389.9,4295.97,0.0,28162.46,Paid
969,969,2024-09-10,2104.11,9402.28,1967.59,575.32,12898.66,Paid
970,970,2025-07-23,9121.09,75523.14,15235.96,0.0,99880.19,Paid
971,971,2025-10-25,3873.25,16969.7,3451.59,1667.44,22627.1,Paid
972,972,2024-01-08,8518.98,13738.39,4006.33,0.0,26263.7,Paid
973,973,2025-07-09,9923.43,29492.46,6740.12,1970.79,44185.22,Paid
974,974,2024-02-15,2725.49,539.14,558.25,163.23,3659.65,Paid
975,975,2025-05-06,3109.73,11465.1,2544.77,437.24,16682.36,Paid
977,977,2025-09-23,2303.5,17571.71,3470.21,596.26,22749.16,Paid
978,978,2024-10-05,3447.9,28581.04,5765.21,0.0,37794.15,Pending
979,979,2024-04-06,2740.1,1448.3,731.29,125.65,4794.04,Paid
980,980,2025-08-27,3202.46,8643.4,2132.25,0.0,13978.11,Paid
981,981,2024-06-02,3664.55,677.95,781.65,0.0,5124.15,Paid
982,982,2025-10-03,2252.09,2659.67,839.91,245.59,5506.08,Paid
983,983,2024-02-08,1920.09,23169.56,4516.14,0.0,29605.79,Paid
984,984,2024-06-19,2513.02,1054.55,622.9,107.03,4083.44,Pending
985,985,2025-07-22,1956.17,6380.38,1500.58,0.0,9837.13,Paid
986,986,2025-07-08,1953.7,17122.08,3261.96,953.79,21383.95,Paid
987,987,2024-09-29,2256.97,23877.57,4563.09,784.04,29913.59,Paid
988,988,2024-06-21,2182.19,11887.7,2405.95,703.49,15772.35,Paid
989,989,2024-10-12,2167.87,10492.689999999999,2278.9,0.0,14939.46,Paid
990,990,2025-01-16,2815.59,10246.68,2351.21,0.0,15413.48,Paid
991,991,2025-03-13,2023.38,6391.24,1438.9,420.73,9432.79,Paid
992,992,2024-09-27,1648.32,15231.95,2947.29,506.41,19321.15,Partially Paid
993,993,2025-04-27,2313.85,5874.75,1429.73,245.66,9372.67,Paid
994,994,2025-08-03,2458.05,38304.69,7117.17,1222.88,46657.03,Paid
995,995,2024-11-29,9072.89,0.0,1633.12,0.0,10706.01,Paid
996,996,2024-04-12,2198.54,13868.86,2892.13,0.0,18959.53,Paid
997,997,2025-11-06,2117.85,11789.789999999999,2303.11,1112.61,15098.14,Paid
999,999,2025-09-16,3230.29,817.6,692.19,202.39,4537.69,Paid
1000,1000,2025-04-21,2590.99,31500.680000000004,5952.41,1022.75,39021.33,Paid
1001,1001,2025-08-06,3235.71,58675.689999999995,11144.05,0.0,73055.45,Pending
1002,1002,2025-12-21,2617.97,32488.699999999997,6319.2,0.0,41425.87,Paid
1003,1003,2025-03-06,8217.08,16794.79,4367.07,750.36,28628.58,Paid
1004,1004,2025-07-26,2065.39,79755.59999999999,14727.78,0.0,96548.77,Paid
1005,1005,2024-01-26,1807.93,33461.92,6348.57,0.0,41618.42,Paid
1006,1006,2024-11-30,6919.56,14503.93,3740.54,642.7,24521.33,Pending
1007,1007,2024-12-15,2456.15,14958.9,3134.71,0.0,20549.76,Paid
1008,1008,2024-11-16,1615.11,10259.2,2073.25,356.23,13591.33,Paid
1009,1009,2025-09-14,3899.45,0.0,680.84,116.98,4463.31,Paid
1010,1010,2025-06-29,3168.26,12851.3,2797.01,480.59,18335.98,Paid
1011,1011,2025-02-03,1926.12,32306.43,5977.0,1026.98,39182.57,Paid
1012,1012,2024-03-04,8692.46,4944.44,2454.64,0.0,16091.54,Pending
1013,1013,2024-07-18,2393.6,4506.780000000001,1204.81,207.01,7898.18,Paid
1014,1014,2024-09-09,3199.9,0.0,529.9,255.99,3473.81,Pending
1015,1015,2024-04-08,3373.87,14230.0,3010.26,880.19,19733.94,Paid
1016,1016,2024-06-27,2597.08,0.0,444.1,129.85,2911.33,Paid
1017,1017,2025-02-26,2764.25,13234.47,2793.38,479.96,18312.14,Paid
1018,1018,2025-12-24,7588.61,34829.47,7253.49,2120.9,47550.67,Paid
1019,1019,2025-04-22,3217.42,16558.4,3559.65,0.0,23335.47,Pending
1020,1020,2025-03-13,1533.68,8014.400000000001,1718.65,0.0,11266.73,Paid
1021,1021,2024-12-01,7099.91,14960.51,3772.33,1103.02,24729.73,Paid
1022,1022,2024-12-05,4027.84,66611.99,12715.17,0.0,83355.0,Paid
1023,1023,2024-08-04,7710.44,412.92,1462.2,0.0,9585.56,Partially Paid
1024,1024,2025-02-19,3341.78,0.0,583.48,100.25,3825.01,Paid
1025,1025,2024-02-19,1514.68,20059.409999999996,3766.84,647.22,24693.71,Paid
1026,1026,2025-04-20,10750.48,20558.56,5466.56,939.27,35836.33,Paid
1027,1027,2024-07-17,2215.47,40544.630000000005,7696.82,0.0,50456.92,Paid
1028,1028,2025-08-09,1612.86,25804.06,4688.29,1370.85,30734.36,Paid
1029,1029,2025-01-14,7035.69,3404.56,1879.24,0.0,12319.49,Paid
1030,1030,2025-06-02,3150.6,2407.42,1000.44,0.0,6558.46,Paid
1031,1031,2024-03-03,2474.0,0.0,445.32,0.0,2919.32,Paid
1032,1032,2024-10-19,2274.94,17807.870000000003,3614.91,0.0,23697.72,Paid
1033,1033,2024-09-01,2501.93,36046.92,6938.79,0.0,45487.64,Partially Paid
1034,1034,2025-06-28,2108.57,3596.52,996.11,171.15,6530.05,Paid
1035,1035,2024-08-30,2696.04,8566.41,1966.42,337.87,12891.0,Pending
1037,1037,2025-12-22,2153.43,23848.02,4680.26,0.0,30681.71,Pending
1038,1038,2025-03-29,5764.17,2522.7,1446.89,248.61,9485.15,Paid
1039,1039,2024-02-01,2631.65,19243.010000000002,3937.44,0.0,25812.1,Paid
1041,1041,2024-04-20,2364.51,25556.29,4874.97,837.62,31958.15,Paid
1042,1042,2024-06-21,8603.45,522.21,1642.62,0.0,10768.28,Paid
1043,1043,2024-09-24,2601.82,38760.42,7445.2,0.0,48807.44,Pending
1044,1044,2024-11-08,1975.21,33353.270000000004,6041.17,1766.42,39603.23,Paid
1045,1045,2025-04-01,1938.67,14788.69,3010.92,0.0,19738.28,Paid
1046,1046,2025-01-13,7837.13,5321.67,2368.58,0.0,15527.38,Paid
1047,1047,2025-10-12,3857.35,16731.68,3706.03,0.0,24295.06,Paid
1049,1049,2024-04-15,2583.96,8126.78,1831.54,535.54,12006.74,Paid
1050,1050,2025-01-05,1909.22,3938.0600000000004,1052.51,0.0,6899.79,Paid
1052,1052,2025-02-17,3949.6,16157.710000000001,3329.77,1608.58,21828.5,Paid
1053,1053,2024-04-06,1786.75,647.65,403.14,194.75,2642.79,Paid
1054,1054,2024-04-28,8694.45,3502.36,2195.43,0.0,14392.24,Paid
1055,1055,2025-10-23,2925.26,29549.710000000003,5845.49,0.0,38320.46,Paid
1056,1056,2025-06-24,1833.74,1139.55,535.19,0.0,3508.48,Paid
1057,1057,2024-04-09,2741.31,15405.5,3103.1,907.34,20342.57,Paid
1058,1058,2024-02-18,1852.08,15694.57,2905.73,1403.73,19048.65,Paid
1059,1059,2024-08-09,2321.27,19729.87,3969.21,0.0,26020.35,Partially Paid
1060,1060,2025-12-10,2191.2,9649.7,2067.42,355.23,13553.09,Paid
1061,1061,2024-12-11,2347.24,36633.28,6455.17,3118.44,42317.25,Partially Paid
1062,1062,2025-02-04,3246.52,18017.499999999996,3712.7,637.92,24338.8,Paid
1063,1063,2024-05-18,3129.62,25835.32,5213.69,0.0,34178.63,Paid
1064,1064,2024-04-03,3168.01,3300.42,1164.32,0.0,7632.75,Partially Paid
1065,1065,2024-02-05,3608.2,32276.09,6459.17,0.0,42343.46,Paid
1066,1066,2024-01-21,8296.98,843.75,1595.97,274.22,10462.48,Paid
1067,1067,2024-01-20,1757.06,12911.5,2508.32,733.43,16443.45,Paid
1068,1068,2024-04-08,2828.32,0.0,468.37,226.27,3070.42,Pending
1069,1069,2024-05-08,3843.69,4881.13,1444.83,697.99,9471.66,Pending
1070,1070,2025-12-19,3841.89,15929.09,3558.78,0.0,23329.76,Paid
1071,1071,2025-12-01,2238.75,13469.62,2827.51,0.0,18535.88,Paid
1072,1072,2024-03-14,1639.17,44610.899999999994,7908.76,2312.5,51846.33,Paid
1073,1073,2024-08-09,2364.79,17736.07,3618.15,0.0,23719.01,Paid
1074,1074,2025-06-25,2543.3,6451.47,1570.49,269.84,10295.42,Paid
1075,1075,2024-03-13,1574.21,20221.26,3805.49,653.86,24947.1,Paid
1076,1076,2025-09-29,1941.76,1809.4,675.21,0.0,4426.37,Paid
1077,1077,2024-03-07,2154.06,20664.2,3901.92,1140.91,25579.27,Paid
1078,1078,2024-08-30,2857.48,18440.8,3833.69,0.0,25131.97,Paid
1079,1079,2024-06-03,2692.91,10089.28,2300.79,0.0,15082.98,Paid
1080,1080,2025-05-30,2337.83,8471.25,1789.98,864.73,11734.33,Pending
1081,1081,2025-08-10,8534.35,35641.880000000005,7951.72,0.0,52127.95,Paid
1082,1082,2024-02-04,1963.33,44516.69,8366.4,0.0,54846.42,Paid
1083,1083,2024-03-17,1855.88,5890.46,1352.51,232.39,8866.46,Partially Paid
1084,1084,2024-05-07,2674.09,31678.350000000002,5688.76,2748.2,37293.0,Partially Paid
1085,1085,2025-08-19,1935.65,20868.94,3899.58,1140.23,25563.94,Paid
1086,1086,2024-01-18,2114.41,19056.57,3505.91,1693.68,22983.21,Paid
1087,1087,2025-07-17,2403.53,1099.12,630.48,0.0,4133.13,Paid
1088,1088,2024-10-04,3682.75,30261.24,5926.62,1018.32,38852.29,Paid
1089,1089,2025-02-21,2327.38,29808.9,5610.99,964.09,36783.18,Paid
1090,1090,2024-08-21,4027.87,21709.43,4493.73,772.12,29458.91,Paid
1091,1091,2024-04-26,3586.95,1338.71,886.62,0.0,5812.28,Paid
1092,1092,2025-08-20,2766.95,18172.84,3656.09,628.19,23967.69,Paid
1093,1093,2025-06-07,6633.26,18851.87,4449.7,764.55,29170.28,Paid
1094,1094,2024-09-27,2217.5,19213.53,3857.59,0.0,25288.62,Paid
1095,1095,2024-05-03,3218.74,38318.89,7102.94,2076.88,46563.69,Paid
1096,1096,2024-09-04,3412.3,33629.64,6334.17,1852.1,41524.01,Pending
1097,1097,2024-10-07,2924.53,15212.800000000001,3166.78,544.12,20759.99,Paid
1098,1098,2025-06-27,1451.86,442.56,341.0,0.0,2235.42,Paid
1099,1099,2024-06-20,1846.97,17967.19,3566.55,0.0,23380.71,Paid
1100,1100,2024-04-05,4061.78,4304.7,1460.79,250.99,9576.28,Paid
1101,1101,2025-01-10,2269.95,0.0,388.16,113.5,2544.61,Paid
1102,1102,2024-10-10,8502.66,19514.24,5043.04,0.0,33059.94,Paid
1103,1103,2025-05-24,2203.34,1729.17,707.85,0.0,4640.36,Paid
1104,1104,2024-03-10,2252.46,540.84,487.71,83.8,3197.21,Pending
1105,1105,2025-08-21,2921.68,18190.27,3686.15,633.36,24164.74,Paid
1106,1106,2025-08-09,2231.93,5227.23,1302.37,223.77,8537.76,Partially Paid
1107,1107,2024-02-18,9721.4,7249.08,2963.05,509.11,19424.42,Paid
1108,1108,2025-09-23,2455.98,862.98,597.41,0.0,3916.37,Paid
1109,1109,2024-11-16,3018.47,10522.66,2364.28,406.23,15499.18,Paid
1110,1110,2024-10-17,3715.16,27835.88,5508.81,946.53,36113.32,Paid
1111,1111,2024-02-24,2630.36,7744.32,1811.42,311.24,11874.86,Paid
1112,1112,2025-08-05,2019.53,462.73,424.47,124.11,2782.62,Paid
1113,1113,2025-12-14,1700.27,3490.44,906.3,155.72,5941.29,Paid
1114,1114,2025-02-04,2709.97,42335.659999999996,7459.56,3603.65,48901.54,Paid
1115,1115,2025-07-21,2208.01,462.4,442.22,213.63,2899.0,Paid
1116,1116,2025-11-12,6027.6,13418.740000000002,3325.32,972.32,21799.34,Pending
1117,1117,2025-08-09,1531.66,2678.2799999999997,719.9,210.5,4719.34,Pending
1118,1118,2024-04-30,1479.25,17759.92,3463.05,0.0,22702.22,Paid
1119,1119,2024-02-13,1795.53,21391.42,3964.97,1159.35,25992.57,Paid
1120,1120,2025-11-07,3632.28,25165.84,5183.66,0.0,33981.78,Paid
1121,1121,2025-07-19,3669.24,31494.71,6013.04,1758.2,39418.79,Paid
1122,1122,2025-12-24,8906.55,21530.84,5478.73,0.0,35916.12,Paid
1123,1123,2025-03-17,8113.48,11640.54,3555.72,0.0,23309.74,Paid
1124,1124,2024-09-16,7936.2,33494.53,6860.93,3314.46,44977.2,Paid
1125,1125,2025-03-26,1968.62,5596.41,1320.85,226.95,8658.93,Paid
1126,1126,2024-06-25,2064.04,15463.51,3154.96,0.0,20682.51,Paid
1127,1127,2024-07-30,2015.14,32126.6,5838.24,1707.09,38272.89,Paid
1129,1129,2025-06-20,2465.61,11293.04,2402.26,412.76,15748.15,Paid
1130,1130,2025-12-22,2071.72,12171.74,2486.91,427.3,16303.07,Paid
1131,1131,2025-09-18,2910.82,4361.99,1309.11,0.0,8581.92,Paid
1132,1132,2025-01-06,6889.44,25310.68,5796.02,0.0,37996.14,Paid
1133,1133,2025-03-01,1643.63,10007.98,2097.29,0.0,13748.9,Paid
1134,1134,2025-08-04,2206.36,3830.11,1086.56,0.0,7123.03,Paid
1135,1135,2024-05-22,3762.62,0.0,623.09,301.01,4084.7,Paid
1136,1136,2025-05-29,2182.9,26074.76,4832.06,1412.88,31676.84,Paid
1137,1137,2024-10-27,1862.62,9968.22,1959.19,946.47,12843.56,Paid
1138,1138,2025-04-26,11004.22,24425.4,6377.33,0.0,41806.95,Pending
1139,1139,2025-10-02,2230.88,32423.079999999998,6237.71,0.0,40891.67,Paid
1140,1140,2025-02-13,9216.16,35608.08,7826.31,1344.73,51305.82,Paid
1141,1141,2024-02-01,9696.77,32561.25,7606.44,0.0,49864.46,Pending
1142,1142,2024-01-26,1774.54,12293.64,2405.66,703.41,15770.43,Paid
1143,1143,2024-09-16,2769.17,26940.24,5187.26,891.28,34005.39,Paid
1144,1144,2024-04-24,2423.92,23308.0,4492.79,771.96,29452.75,Paid
1145,1145,2024-08-02,2152.78,2108.74,728.72,213.08,4777.16,Pending
1146,1146,2024-03-13,3251.09,31779.64,6116.37,1050.92,40096.18,Paid
1147,1147,2025-01-29,2704.52,24635.53,4921.21,0.0,32261.26,Pending
1148,1148,2025-05-08,1951.5,8076.120000000001,1804.97,0.0,11832.59,Paid
1149,1149,2024-12-21,2594.21,6582.2699999999995,1651.77,0.0,10828.25,Paid
1150,1150,2025-02-07,3364.82,11400.85,2657.82,0.0,17423.49,Paid
1151,1151,2025-04-25,2612.68,9345.52,2152.48,0.0,14110.68,Paid
1153,1153,2025-09-13,3196.31,32707.98,6139.63,1795.21,40248.71,Paid
1154,1154,2025-06-19,2940.54,38568.16,7471.57,0.0,48980.27,Paid
1155,1155,2024-02-16,10088.53,14176.15,4149.26,1213.23,27200.71,Paid
1156,1156,2025-12-11,2238.24,7525.94,1616.95,781.13,10600.0,Paid
1157,1157,2024-04-19,1874.45,9570.01,2060.0,0.0,13504.46,Paid
1158,1158,2025-05-29,2295.58,26438.93,5017.04,862.04,32889.51,Paid
1159,1159,2024-12-04,2159.36,28448.43,5233.93,1530.39,34311.33,Paid
1160,1160,2025-05-04,10321.84,11374.24,3905.29,0.0,25601.37,Paid
1161,1161,2024-11-06,2647.3,12872.72,2793.6,0.0,18313.62,Paid
1162,1162,2025-09-19,2602.48,18679.170000000002,3830.7,0.0,25112.35,Paid
1163,1163,2024-09-18,2443.75,10932.49,2287.34,668.81,14994.77,Paid
1164,1164,2025-08-26,2182.81,20393.79,3941.87,677.3,25841.17,Paid
1165,1165,2024-01-15,8228.12,20831.17,5230.67,0.0,34289.96,Paid
1166,1166,2026-01-03,8279.82,21556.98,5209.51,895.1,34151.21,Pending
1167,1167,2024-08-29,2295.62,4802.5,1277.66,0.0,8375.78,Paid
1168,1168,2024-10-24,2278.95,14090.54,2799.18,818.47,18350.2,Paid
1169,1169,2025-05-28,2241.66,37529.8,6944.1,1193.14,45522.42,Paid
1170,1170,2025-09-25,9031.95,3254.34,2100.96,614.31,13772.94,Paid
1171,1171,2025-10-07,2082.04,6691.34,1579.21,0.0,10352.59,Paid
1172,1172,2024-09-16,2558.14,0.0,460.47,0.0,3018.61,Paid
1173,1173,2025-07-01,8912.99,21091.24,5130.72,1500.21,33634.74,Paid
1174,1174,2024-09-29,1624.2,47258.619999999995,8534.94,1466.48,55951.28,Paid
1175,1175,2025-04-17,2427.17,26558.879999999997,5217.49,0.0,34203.54,Paid
1176,1176,2025-10-10,3784.53,7025.349999999999,1887.4,324.3,12372.98,Pending
1177,1177,2025-10-14,2539.17,18533.52,3793.08,0.0,24865.77,Paid
1178,1178,2024-02-19,1632.76,8495.92,1823.16,0.0,11951.84,Paid
1179,1179,2025-12-02,2194.65,45969.91,8409.53,1444.94,55129.15,Paid
1180,1180,2024-07-24,1962.07,0.0,353.17,0.0,2315.24,Paid
1181,1181,2024-05-20,1998.01,46011.6,8641.73,0.0,56651.34,Paid
1182,1182,2024-08-28,7975.46,843.6,1587.43,0.0,10406.49,Paid
1183,1183,2025-02-12,2214.65,2881.16,917.25,0.0,6013.06,Paid
1184,1184,2025-12-30,2192.37,13101.49,2752.89,0.0,18046.75,Paid
1185,1185,2025-04-22,1931.66,8879.970000000001,1887.71,324.35,12374.99,Paid
1186,1186,2025-10-12,9006.31,3388.16,2231.0,0.0,14625.47,Paid
1187,1187,2024-12-02,1569.2,3853.01,897.92,433.78,5886.35,Pending
1188,1188,2024-12-14,1982.19,9606.53,2085.97,0.0,13674.69,Paid
1189,1189,2025-05-25,2587.51,7508.98,1817.37,0.0,11913.86,Paid
1190,1190,2024-01-08,6575.64,4199.49,1939.52,0.0,12714.65,Paid
1191,1191,2025-01-10,2884.24,1074.8600000000001,691.26,118.77,4531.59,Paid
1192,1192,2024-12-20,7887.12,15375.49,4187.27,0.0,27449.88,Paid
1193,1193,2025-03-22,1559.03,12914.67,2605.27,0.0,17078.97,Paid
1194,1194,2024-02-27,1639.94,26474.510000000002,5060.6,0.0,33175.05,Paid
1195,1195,2024-07-16,2619.49,16316.21,3408.43,0.0,22344.13,Paid
1196,1196,2025-05-01,8528.46,31713.33,7026.22,1207.25,46060.76,Paid
1197,1197,2024-02-03,2281.15,15513.1,3042.82,889.71,19947.36,Paid
1198,1198,2024-01-22,7304.79,16097.2,4001.74,1170.1,26233.63,Paid
1199,1199,2025-01-02,1898.33,18059.0,3304.93,1596.59,21665.67,Paid
1200,1200,2025-06-09,2477.37,28254.95,5089.27,2458.59,33363.0,Paid
1202,1202,2024-10-24,8721.25,10206.89,3304.85,567.84,21665.15,Pending
1203,1203,2024-05-23,3239.87,5454.37,1518.01,260.83,9951.42,Paid
1204,1204,2024-06-14,3128.73,22664.06,4503.42,773.78,29522.43,Paid
1205,1205,2024-05-21,2611.87,8160.8,1939.08,0.0,12711.75,Paid
1206,1206,2025-11-12,1764.05,25015.32,4675.68,803.38,30651.67,Paid
1207,1207,2024-11-16,2564.12,0.0,438.46,128.21,2874.37,Paid
1208,1208,2025-05-29,2426.93,7938.26,1865.73,0.0,12230.92,Pending
1209,1209,2024-04-27,2975.71,59314.93000000001,11212.32,0.0,73502.96,Pending
1210,1210,2024-04-02,4135.04,15519.589999999998,3360.94,982.73,22032.84,Paid
1211,1211,2024-10-16,6466.73,44077.35,9097.93,0.0,59642.01,Pending
1212,1212,2025-05-04,7266.01,4866.5,2118.34,363.98,13886.87,Paid
1213,1213,2024-03-16,2971.51,10770.16,2473.5,0.0,16215.17,Paid
1214,1214,2024-06-13,8243.66,1241.28,1656.07,284.55,10856.46,Paid
1215,1215,2025-08-04,4131.9,21333.03,4583.69,0.0,30048.62,Paid
1216,1216,2025-08-20,2842.05,23949.11,4822.41,0.0,31613.57,Pending
1217,1217,2024-05-11,2280.94,15911.65,3110.93,909.63,20393.89,Partially Paid
1218,1218,2024-05-25,7143.48,9923.7,2979.93,512.02,19535.09,Paid
1219,1219,2025-05-09,7656.63,10936.48,3346.76,0.0,21939.87,Paid
1220,1220,2024-01-12,2720.0,27462.9,5432.92,0.0,35615.82,Paid
1221,1221,2024-07-08,1877.93,1633.83,613.15,105.35,4019.56,Paid
1222,1222,2024-02-02,8270.42,20429.41,5010.99,860.99,32849.83,Paid
1223,1223,2025-03-15,8945.44,0.0,1561.87,268.36,10238.95,Partially Paid
1224,1224,2024-05-19,3063.25,1316.38,748.92,218.98,4909.57,Paid
1225,1225,2025-05-02,2149.32,14919.49,2980.21,512.06,19536.96,Paid
1226,1226,2024-10-16,2849.35,22838.559999999998,4623.82,0.0,30311.73,Paid
1227,1227,2024-11-20,2630.53,23367.72,4679.68,0.0,30677.93,Partially Paid
1228,1228,2024-07-21,2486.97,12654.33,2725.43,0.0,17866.73,Paid
1229,1229,2024-07-26,7119.7,3956.11,1933.84,332.27,12677.38,Paid
1230,1230,2024-12-31,1619.09,2968.17,825.71,0.0,5412.97,Paid
1231,1231,2026-01-01,3515.15,38901.219999999994,7405.9,1272.49,48549.78,Paid
1232,1232,2024-04-18,2623.71,24755.84,4681.9,1368.98,30692.47,Paid
1233,1233,2025-11-20,2791.41,1667.29,802.57,0.0,5261.27,Paid
1234,1234,2025-06-29,2485.19,13799.15,2931.18,0.0,19215.52,Pending
1235,1235,2024-06-03,2226.11,11099.46,2398.6,0.0,15724.17,Pending
1236,1236,2025-11-26,3581.95,15970.84,3519.5,0.0,23072.29,Pending
1237,1237,2024-08-22,3248.77,3377.83,1133.15,331.33,7428.42,Paid
1238,1238,2025-03-16,1765.49,13699.29,2700.15,463.94,17700.99,Paid
1239,1239,2025-12-27,2049.16,15105.61,2933.47,857.74,19230.5,Partially Paid
1240,1240,2024-01-07,2315.97,50811.41,9084.78,2656.37,59555.79,Paid
1241,1241,2025-03-05,2667.9,0.0,480.22,0.0,3148.12,Paid
1243,1243,2025-08-22,2067.72,5363.650000000001,1270.76,371.57,8330.56,Paid
1244,1244,2024-05-10,2776.91,22238.55,4502.78,0.0,29518.24,Paid
1245,1245,2024-07-04,8954.29,1063.7,1658.98,801.44,10875.53,Paid
1246,1246,2024-07-06,2753.6,38615.31,7446.4,0.0,48815.31,Paid
1247,1247,2024-07-01,1873.09,15193.29,2826.19,1365.31,18527.26,Paid
1248,1248,2025-07-14,3455.69,11518.65,2560.61,748.72,16786.23,Paid
1249,1249,2024-09-18,2272.49,9860.96,2184.02,0.0,14317.47,Paid
1250,1250,2024-09-08,2657.78,21535.97,4354.88,0.0,28548.63,Paid
1251,1251,2025-09-10,3446.63,19713.690000000002,3960.41,1158.02,25962.71,Paid
1252,1252,2025-06-30,1883.54,0.0,328.87,56.51,2155.9,Paid
1253,1253,2025-08-14,3842.08,13619.68,3143.12,0.0,20604.88,Pending
1254,1254,2024-11-08,4072.99,1222.94,924.67,158.88,6061.72,Partially Paid
1255,1255,2025-06-13,1994.86,6268.299999999999,1487.37,0.0,9750.53,Paid
1256,1256,2025-05-10,2095.29,6299.86,1511.13,0.0,9906.28,Paid
1257,1257,2025-07-27,1939.68,17641.27,3348.34,979.05,21950.24,Paid
1258,1258,2025-07-16,2142.07,3575.61,1029.18,0.0,6746.86,Paid
1259,1259,2024-11-24,2149.77,22010.65,4000.97,1932.83,26228.56,Paid
1260,1260,2025-08-31,7019.25,34000.96,7383.64,0.0,48403.85,Paid
1261,1261,2025-07-15,3214.62,0.0,561.27,96.44,3679.45,Paid
1262,1262,2025-09-07,2122.93,18391.3,3581.78,615.43,23480.58,Pending
1263,1263,2024-10-06,8056.5,16614.43,4218.73,1233.55,27656.11,Paid
1264,1264,2025-07-02,2586.66,9158.6,2008.44,587.26,13166.44,Paid
1266,1266,2025-07-27,2110.17,15485.01,3167.13,0.0,20762.31,Paid
1267,1267,2024-02-27,5803.5,34678.73,7286.8,0.0,47769.03,Paid
1268,1268,2025-08-26,1702.51,12690.23,2590.69,0.0,16983.43,Paid
1269,1269,2024-05-13,2105.31,11046.76,2367.37,0.0,15519.44,Paid
1270,1270,2024-11-20,2336.31,1007.15,601.82,0.0,3945.28,Paid
1271,1271,2024-10-22,2798.72,13331.59,2903.46,0.0,19033.77,Paid
1272,1272,2024-04-27,3124.51,1741.44,849.59,145.98,5569.56,Partially Paid
1273,1273,2024-02-12,2683.85,491.82,571.62,0.0,3747.29,Paid
1274,1274,2025-08-30,3246.07,15096.740000000002,3037.57,1467.42,19912.96,Paid
1275,1275,2025-07-23,3855.17,21877.76,4631.93,0.0,30364.86,Paid
1276,1276,2024-09-04,3299.68,13453.3,2925.07,502.59,19175.46,Paid
1277,1277,2024-02-23,1679.44,44158.94,8250.91,0.0,54089.29,Paid
1278,1278,2024-09-25,2114.9,30267.809999999998,5828.89,0.0,38211.6,Paid
1279,1279,2025-12-17,9958.05,15070.49,4505.14,0.0,29533.68,Paid
1280,1280,2024-04-22,2642.96,37670.1,7256.35,0.0,47569.41,Paid
1281,1281,2024-08-30,2944.44,1575.92,772.98,226.02,5067.32,Paid
1282,1282,2024-06-04,7393.42,14459.94,3618.92,1748.27,23724.01,Paid
1283,1283,2025-09-29,3588.93,16608.04,3344.62,1615.76,21925.83,Paid
1284,1284,2024-11-28,2562.56,10758.17,2397.73,0.0,15718.46,Partially Paid
1285,1285,2024-02-18,2954.36,51489.07,9799.82,0.0,64243.25,Paid
1287,1287,2025-10-24,3232.24,40286.299999999996,7441.67,2175.93,48784.28,Paid
1288,1288,2024-04-11,2409.57,15040.33,3046.75,523.5,19973.15,Paid
1289,1289,2024-06-15,2215.5,2587.64,795.4,384.25,5214.29,Paid
1290,1290,2024-12-27,2363.52,8561.18,1868.12,546.24,12246.58,Paid
1292,1292,2025-07-18,2556.06,91370.20000000001,16061.39,4696.31,105291.34,Paid
1293,1293,2025-07-18,9499.58,0.0,1573.13,759.97,10312.74,Paid
1294,1294,2025-10-03,7303.13,12901.72,3527.77,606.15,23126.47,Paid
1295,1295,2024-06-15,1642.64,10445.62,2110.61,362.65,13836.22,Paid
1296,1296,2024-03-08,3062.92,21636.54,4223.61,1234.97,27688.1,Paid
1297,1297,2025-11-21,2847.88,15599.88,3054.95,1475.82,20026.89,Partially Paid
1298,1298,2025-11-14,7002.88,16152.18,3959.52,1157.75,25956.83,Pending
1299,1299,2024-02-19,2630.85,2769.95,942.98,162.02,6181.76,Pending
1300,1300,2024-10-14,7244.32,19467.97,4808.21,0.0,31520.5,Paid
1301,1301,2024-07-22,2015.29,23766.75,4640.77,0.0,30422.81,Pending
1302,1302,2024-12-22,8405.71,13204.66,3578.68,1728.83,23460.22,Paid
1303,1303,2024-11-07,3106.56,43321.68,7939.23,2321.41,52046.06,Pending
1304,1304,2024-03-13,2426.58,57584.520000000004,10802.0,0.0,70813.1,Pending
1305,1305,2024-03-29,1770.4,16768.95,3236.97,556.18,21220.14,Paid
1306,1306,2025-01-18,2957.25,6993.530000000001,1791.14,0.0,11741.92,Pending
1307,1307,2024-11-28,4046.35,35619.63,7139.88,0.0,46805.86,Paid
1308,1308,2025-12-18,3299.95,979.78,770.35,0.0,5050.08,Paid
1309,1309,2025-06-07,6656.59,10505.7,2934.75,858.11,19238.93,Partially Paid
1310,1310,2025-03-09,2314.01,8882.57,1954.92,335.9,12815.6,Paid
1311,1311,2025-02-28,1975.97,7520.06,1709.29,0.0,11205.32,Paid
1312,1312,2025-12-01,3718.36,10234.86,2511.58,0.0,16464.8,Paid
1313,1313,2024-12-05,1853.3,34933.009999999995,6621.54,0.0,43407.85,Paid
1314,1314,2024-08-07,6297.17,27065.96,5825.2,1000.89,38187.44,Paid
1315,1315,2024-10-28,8149.48,6494.860000000001,2635.98,0.0,17280.32,Paid
1316,1316,2024-07-12,8784.62,16934.84,4629.5,0.0,30348.96,Paid
1317,1317,2024-03-24,2805.72,8649.14,1896.92,916.39,12435.39,Paid
1318,1318,2025-07-24,2020.54,19303.26,3723.14,639.71,24407.23,Paid
1319,1319,2025-04-30,3239.17,84022.35999999999,14921.72,4363.08,97820.17,Paid
1320,1320,2025-01-21,2710.24,0.0,473.21,81.31,3102.14,Pending
1321,1321,2025-04-19,1675.9,20636.8,4016.29,0.0,26328.99,Partially Paid
1322,1322,2024-02-28,2928.93,18775.62,3711.48,1085.23,24330.8,Paid
1323,1323,2025-09-26,2809.1,26923.98,5084.36,1486.65,33330.79,Paid
1324,1324,2024-01-09,3090.53,25338.39,5117.21,0.0,33546.13,Paid
1325,1325,2025-06-06,3947.8,1291.52,943.08,0.0,6182.4,Paid
1326,1326,2025-03-14,2410.39,1385.64,683.29,0.0,4479.32,Paid
1328,1328,2024-03-11,10762.74,20221.559999999998,5577.17,0.0,36561.47,Paid
1329,1329,2025-02-14,2706.11,0.0,462.74,135.31,3033.54,Paid
1330,1330,2025-05-14,1994.39,13828.07,2848.04,0.0,18670.5,Paid
1331,1331,2024-03-17,3143.95,0.0,565.91,0.0,3709.86,Paid
1332,1332,2025-09-07,2449.43,19405.59,3815.89,655.65,25015.26,Partially Paid
1333,1333,2024-03-23,3512.09,40417.380000000005,7274.72,3514.36,47689.83,Paid
1334,1334,2025-05-01,7017.68,26732.13,6074.97,0.0,39824.78,Paid
1335,1335,2025-08-26,1637.4,16746.96,3309.18,0.0,21693.54,Paid
1336,1336,2024-01-31,2182.66,31356.07,6036.97,0.0,39575.7,Paid
1337,1337,2025-10-20,4077.57,10204.45,2570.76,0.0,16852.78,Paid
1338,1338,2025-08-29,2625.48,15978.91,3348.79,0.0,21953.18,Pending
1339,1339,2024-05-11,3879.2,8835.15,2288.58,0.0,15002.93,Paid
1340,1340,2025-03-30,3566.65,23777.48,4774.29,820.32,31298.1,Paid
1341,1341,2024-07-20,1953.41,10950.54,2322.71,0.0,15226.66,Paid
1342,1342,2024-06-17,2287.5,10414.289999999999,2286.32,0.0,14988.11,Paid
1343,1343,2025-01-12,3234.62,11484.3,2569.92,441.57,16847.27,Paid
1344,1344,2024-09-12,2269.17,2135.7,769.09,132.15,5041.81,Paid
1345,1345,2024-05-04,10250.48,0.0,1845.09,0.0,12095.57,Paid
1346,1346,2024-04-30,2028.82,36652.98,6753.84,1160.45,44275.19,Paid
1347,1347,2024-09-23,3452.09,26456.48,5383.54,0.0,35292.11,Paid
1348,1348,2024-10-04,6108.92,12026.75,3166.49,544.07,20758.09,Partially Paid
1349,1349,2025-09-26,2879.49,18604.050000000003,3557.67,1718.68,23322.53,Paid
1350,1350,2025-06-21,3014.02,13399.44,2954.42,0.0,19367.88,Partially Paid
1351,1351,2024-12-20,2099.02,34357.5,6562.17,0.0,43018.69,Paid
1352,1352,2025-12-18,2149.88,4139.45,1075.47,314.47,7050.33,Paid
1353,1353,2025-10-01,2532.19,16055.44,3078.11,1487.01,20178.73,Paid
1354,1354,2025-04-05,2181.27,1318.86,611.12,105.0,4006.25,Paid
1355,1355,2025-05-25,2219.68,50032.54,8935.13,2612.61,58574.74,Paid
1356,1356,2024-09-16,2046.88,53354.98,9673.16,1662.06,63412.96,Paid
1357,1357,2024-01-03,2036.71,6905.789999999999,1609.65,0.0,10552.15,Paid
1358,1358,2024-05-17,2916.99,2126.06,907.75,0.0,5950.8,Paid
1359,1359,2025-03-17,2314.13,53557.95,9755.27,1676.16,63951.19,Paid
1360,1360,2024-08-21,3863.52,0.0,695.43,0.0,4558.95,Paid
1361,1361,2025-09-19,3606.45,12166.54,2697.18,788.65,17681.52,Paid
1362,1362,2025-02-16,2313.1,4393.3,1207.15,0.0,7913.55,Paid
1363,1363,2025-05-27,2088.41,31342.85,6017.63,0.0,39448.89,Paid
1364,1364,2025-07-25,9722.91,11302.0,3784.48,0.0,24809.39,Paid
1365,1365,2024-09-01,2931.57,1097.68,725.26,0.0,4754.51,Paid
1366,1366,2024-10-28,1806.35,0.0,308.89,90.32,2024.92,Paid
1367,1367,2025-08-22,2820.59,15298.42,3261.42,0.0,21380.43,Paid
1368,1368,2025-08-23,3443.72,43432.17,8184.53,1406.28,53654.14,Paid
1370,1370,2025-05-26,3792.56,4326.22,1388.31,405.94,9101.15,Paid
1371,1371,2025-03-27,6977.83,0.0,1155.53,558.23,7575.13,Paid
1372,1372,2024-03-04,2022.21,635.45,464.03,79.73,3041.96,Pending
1373,1373,2024-04-14,8482.0,34021.46,7421.1,1275.1,48649.46,Paid
1374,1374,2025-07-31,2112.41,19970.809999999998,3855.73,662.5,25276.45,Paid
1375,1375,2024-05-01,1847.14,10181.19,2100.15,360.85,13767.63,Pending
1376,1376,2025-05-12,3702.83,2172.25,1025.79,176.25,6724.62,Paid
1377,1377,2024-02-19,7325.79,13400.63,3432.3,1658.11,22500.61,Paid
1378,1378,2025-02-22,2163.1,10494.929999999998,2278.45,0.0,14936.48,Paid
1379,1379,2025-11-13,7597.11,26876.81,6019.15,1034.22,39458.85,Paid
1380,1380,2024-03-23,8535.82,32346.64,6990.9,2044.12,45829.24,Paid
1381,1381,2025-10-28,3497.76,17523.47,3594.63,1051.06,23564.8,Paid
1382,1382,2024-08-07,3241.22,22531.359999999997,4639.06,0.0,30411.64,Paid
1383,1383,2024-05-12,2859.9,31990.37,5959.4,1742.51,39067.16,Paid
1384,1384,2024-10-14,7134.95,17357.27,4276.34,734.77,28033.79,Paid
1385,1385,2024-05-11,4134.05,0.0,744.13,0.0,4878.18,Paid
1386,1386,2024-08-15,3135.45,18772.34,3943.4,0.0,25851.19,Paid
1387,1387,2025-09-07,2060.53,22499.789999999997,4288.23,736.81,28111.74,Paid
1388,1388,2025-06-02,1621.61,14520.57,2760.31,807.11,18095.38,Paid
1389,1389,2024-07-17,4047.3,0.0,706.66,121.42,4632.54,Paid
1390,1390,2025-06-02,2401.22,10737.4,2364.95,0.0,15503.57,Partially Paid
1392,1392,2024-08-24,2982.6,5781.85,1577.6,0.0,10342.05,Paid
1393,1393,2024-09-03,2794.52,15687.04,3160.35,924.08,20717.83,Paid
1394,1394,2025-05-04,2952.65,35728.85,6962.67,0.0,45644.17,Pending
1395,1395,2025-01-07,3319.42,28995.780000000002,5816.74,0.0,38131.94,Paid
1396,1396,2025-09-30,2966.07,6667.839999999999,1647.4,481.7,10799.61,Paid
1397,1397,2025-09-15,1705.18,1788.28,628.82,0.0,4122.28,Paid
1398,1398,2024-04-06,8868.76,1190.46,1720.13,502.96,11276.39,Paid
1399,1399,2025-05-27,9382.24,8891.02,3026.05,1461.86,19837.45,Pending
1400,1400,2025-03-23,1969.63,12866.84,2670.56,0.0,17507.03,Paid
1401,1401,2024-07-01,3536.11,7394.13,1967.44,0.0,12897.68,Pending
1402,1402,2025-03-11,9301.29,14878.43,4134.73,1208.99,27105.46,Paid
1403,1403,2024-07-12,7977.56,1023.45,1620.18,0.0,10621.19,Paid
1404,1404,2024-05-16,3202.13,30199.58,6012.31,0.0,39414.02,Partially Paid
1405,1405,2025-03-27,2645.42,14977.289999999999,3172.09,0.0,20794.8,Pending
1406,1406,2025-06-22,2254.64,0.0,405.84,0.0,2660.48,Paid
1408,1408,2024-11-22,1983.53,13436.710000000001,2692.37,462.61,17650.0,Paid
1409,1409,2024-08-03,6026.92,15342.28,3654.13,1068.46,23954.87,Paid
1410,1410,2025-07-08,1812.35,22595.8,4393.47,0.0,28801.62,Paid
1411,1411,2024-06-29,1782.4,23349.81,4523.8,0.0,29656.01,Paid
1413,1413,2024-04-20,2294.46,3308.7300000000005,927.89,448.26,6082.82,Paid
1414,1414,2025-09-12,2979.27,440.27,615.52,0.0,4035.06,Paid
1415,1415,2025-03-13,3870.41,20431.16,4243.05,729.05,27815.57,Paid
1416,1416,2025-09-28,1844.73,11846.35,2464.39,0.0,16155.47,Paid
1417,1417,2024-12-02,2461.53,23805.42,4728.05,0.0,30995.0,Paid
1418,1418,2024-09-07,3453.46,5214.67,1560.26,0.0,10228.39,Paid
1419,1419,2024-02-04,3575.65,39202.01,7468.98,1283.33,48963.31,Paid
1420,1420,2024-11-05,2507.26,16620.079999999998,3442.92,0.0,22570.26,Paid
1422,1422,2025-03-07,2135.41,34829.1,6653.61,0.0,43618.12,Pending
1423,1423,2024-10-01,2850.37,0.0,487.41,142.52,3195.26,Paid
1424,1424,2025-01-31,2958.87,25254.129999999997,5078.34,0.0,33291.34,Paid
1425,1425,2025-07-30,3795.74,2988.52,1160.11,339.21,7605.16,Paid
1426,1426,2024-07-19,3661.42,1240.44,855.86,147.06,5610.66,Paid
1427,1427,2024-07-13,2309.62,947.96,557.05,162.88,3651.75,Paid
1429,1429,2024-07-08,1947.53,5374.08,1252.0,366.08,8207.53,Paid
1430,1430,2024-01-08,2185.67,10320.36,2138.53,625.3,14019.26,Pending
1431,1431,2025-09-05,3715.31,1313.23,877.98,150.86,5755.66,Paid
1432,1432,2024-11-19,9414.58,14100.44,4232.7,0.0,27747.72,Paid
1433,1433,2024-05-06,2178.82,10547.14,2290.67,0.0,15016.63,Paid
1434,1434,2025-12-27,3172.23,24604.35,4999.78,0.0,32776.36,Paid
1435,1435,2025-01-04,10745.22,0.0,1837.43,537.26,12045.39,Partially Paid
1436,1436,2025-11-01,1660.53,41786.44,7820.45,0.0,51267.42,Paid
1437,1437,2024-05-13,9017.49,33960.64,7736.06,0.0,50714.19,Paid
1438,1438,2025-02-17,5674.47,25973.39,5525.72,949.44,36224.14,Paid
1439,1439,2025-08-15,1922.08,28853.02,5539.52,0.0,36314.62,Paid
1440,1440,2025-08-04,1973.13,38949.25,7366.03,0.0,48288.41,Paid
1441,1441,2025-04-09,2606.86,2527.52,877.98,256.72,5755.64,Paid
1442,1442,2024-05-10,8871.38,1258.02,1823.29,0.0,11952.69,Paid
1443,1443,2025-04-22,1750.18,20054.71,3807.13,654.15,24957.87,Paid
1444,1444,2024-11-07,1852.19,3779.3,1013.67,0.0,6645.16,Paid
1445,1445,2025-01-31,3137.91,16288.99,3496.84,0.0,22923.74,Paid
1446,1446,2024-06-22,1888.25,1315.89,547.91,160.21,3591.84,Partially Paid
1447,1447,2025-07-09,7727.46,19839.41,4962.04,0.0,32528.91,Paid
1448,1448,2025-11-11,2106.49,26749.129999999997,5194.01,0.0,34049.63,Pending
1449,1449,2024-12-18,1575.8,50309.10999999999,8872.32,2594.25,58162.98,Paid
1450,1450,2024-09-08,3200.7,50334.85,9154.58,2676.78,60013.35,Paid
1451,1451,2024-02-01,2851.86,10483.89,2400.44,0.0,15736.19,Paid
1453,1453,2025-10-28,2917.48,23903.85,4586.45,1341.07,30066.71,Paid
1454,1454,2025-12-29,8673.15,13052.86,3910.68,0.0,25636.69,Paid
1455,1455,2024-10-13,3562.62,0.0,641.27,0.0,4203.89,Paid
1456,1456,2025-04-15,3606.28,23845.510000000002,4941.32,0.0,32393.11,Paid
1457,1457,2024-08-13,10012.38,3879.76,2500.59,0.0,16392.73,Paid
1458,1458,2025-10-26,3338.34,7541.33,1958.34,0.0,12838.01,Paid
1459,1459,2025-10-16,1775.53,1372.96,521.39,251.88,3418.0,Pending
1460,1460,2025-02-26,8373.16,2734.42,1899.4,555.38,12451.6,Paid
1461,1461,2024-01-25,2233.21,13648.67,2858.74,0.0,18740.62,Paid
1462,1462,2024-07-26,2253.2,25603.43,5014.19,0.0,32870.82,Paid
1463,1463,2025-03-11,2092.73,1333.56,616.73,0.0,4043.02,Paid
1464,1464,2024-08-09,6855.34,67977.04999999999,13469.83,0.0,88302.22,Paid
1465,1465,2024-07-01,2514.76,11256.43,2404.45,413.14,15762.5,Paid
1466,1466,2025-06-16,1736.24,4228.25,987.72,477.16,6475.05,Paid
1467,1467,2024-03-04,3642.73,2287.44,1067.43,0.0,6997.6,Partially Paid
1468,1468,2025-11-29,4058.98,1765.49,964.53,465.96,6323.04,Paid
1469,1469,2025-12-10,2136.16,32471.590000000004,6229.4,0.0,40837.15,Paid
1470,1470,2024-10-22,1715.97,11395.89,2289.33,393.36,15007.83,Paid
1471,1471,2024-11-12,9205.87,16781.11,4537.33,779.61,29744.7,Paid
1472,1472,2024-12-14,2552.26,31943.320000000003,5898.74,1724.78,38669.54,Paid
1473,1473,2025-11-16,1447.84,9151.65,1755.28,847.96,11506.81,Paid
1474,1474,2024-03-01,3539.76,25545.23,5078.24,872.55,33290.68,Paid
1475,1475,2025-02-13,1930.35,23036.71,4494.07,0.0,29461.13,Paid
1476,1476,2024-03-09,3031.09,12079.0,2638.22,453.3,17295.01,Paid
1477,1477,2024-05-21,3002.68,2383.51,969.51,0.0,6355.7,Paid
1478,1478,2024-06-24,2623.16,0.0,472.17,0.0,3095.33,Partially Paid
1479,1479,2025-05-19,1574.26,29311.56,5559.45,0.0,36445.27,Paid
1480,1480,2025-04-26,7821.5,828.36,1432.42,691.99,9390.29,Partially Paid
1481,1481,2024-04-28,2984.71,35753.61,6763.71,1162.15,44339.88,Paid
1482,1482,2024-12-30,3159.37,48702.98,9335.22,0.0,61197.57,Paid
1483,1483,2025-10-09,3332.87,18425.57,3720.69,1087.92,24391.21,Paid
1484,1484,2024-04-01,3667.54,2235.45,1062.54,0.0,6965.53,Paid
1485,1485,2025-06-20,2136.33,1064.09,529.99,256.03,3474.38,Paid
1486,1486,2025-02-16,2855.59,44706.689999999995,8133.15,2378.11,53317.32,Paid
1487,1487,2024-03-15,2054.86,20111.29,3989.91,0.0,26156.06,Paid
1488,1488,2025-10-19,9678.32,15435.45,4520.48,0.0,29634.25,Paid
1489,1489,2025-10-18,1861.61,12711.28,2491.96,728.64,16336.21,Paid
1490,1490,2024-12-05,8686.87,53992.35,10943.79,1880.38,71742.63,Paid
1491,1491,2024-01-30,1894.76,44554.729999999996,8110.08,1393.48,53166.09,Paid
1492,1492,2024-01-22,2224.67,8740.02,1973.64,0.0,12938.33,Paid
1493,1493,2024-05-17,2953.98,45843.24,8519.99,1463.92,55853.29,Paid
1494,1494,2025-07-02,2621.58,6995.860000000001,1644.58,480.87,10781.15,Paid
1495,1495,2025-09-28,3542.87,26316.94,5106.03,1492.99,33472.85,Paid
1496,1496,2024-10-18,2705.04,7361.65,1757.64,302.0,11522.33,Paid
1497,1497,2025-07-20,2893.56,642.89,636.56,0.0,4173.01,Paid
1498,1498,2025-02-08,2451.83,15627.59,3254.3,0.0,21333.72,Paid
1499,1499,2025-03-31,3409.73,1364.6,859.38,0.0,5633.71,Paid
1500,1500,2024-04-27,3575.65,445.77,665.95,321.71,4365.66,Paid
1501,1501,2025-10-05,1902.84,26162.13,5051.69,0.0,33116.66,Paid
1502,1502,2025-01-01,2046.6,10062.39,2179.62,0.0,14288.61,Paid
1503,1503,2025-12-08,1524.55,18020.48,3342.2,977.25,21909.98,Paid
1504,1504,2024-06-06,1820.87,17327.51,3343.31,574.45,21917.24,Paid
1505,1505,2024-10-27,2690.63,0.0,445.57,215.25,2920.95,Paid
1506,1506,2024-09-24,1827.74,3655.46,908.02,438.66,5952.56,Paid
1507,1507,2025-09-14,2129.74,13241.37,2545.46,1229.69,16686.88,Partially Paid
1508,1508,2025-02-02,2888.38,24042.41,4605.16,1346.54,30189.41,Paid
1509,1509,2024-12-19,8082.0,61657.799999999996,12553.16,0.0,82292.96,Paid
1510,1510,2024-10-18,2047.72,1154.28,530.25,256.16,3476.09,Pending
1511,1511,2025-08-26,7686.09,2589.18,1701.58,822.02,11154.83,Paid
1512,1512,2024-07-18,2355.49,1010.98,605.96,0.0,3972.43,Paid
1513,1513,2024-02-23,8510.56,0.0,1455.31,425.53,9540.34,Paid
1514,1514,2024-06-22,6675.34,3047.74,1662.65,486.15,10899.58,Paid
1515,1515,2024-01-12,8867.18,44794.32,9659.07,0.0,63320.57,Paid
1516,1516,2025-05-21,3542.97,17753.07,3641.62,1064.8,23872.86,Paid
1517,1517,2024-08-01,3134.41,39072.14,7597.18,0.0,49803.73,Paid
1518,1518,2024-05-18,3668.75,2201.45,1056.64,0.0,6926.84,Paid
1519,1519,2024-03-26,2612.75,47439.6,8558.95,2502.62,56108.68,Partially Paid
1520,1520,2025-09-19,2257.72,6503.299999999999,1576.98,0.0,10338.0,Paid
1521,1521,2025-09-21,2121.01,22641.18,4323.48,742.87,28342.8,Paid
1522,1522,2024-03-28,1829.4,5259.61,1237.74,212.67,8114.08,Paid
1523,1523,2024-03-06,3361.83,22711.71,4693.24,0.0,30766.78,Paid
1524,1524,2025-08-29,2362.99,25472.01,4859.99,835.05,31859.94,Paid
1525,1525,2025-01-11,3594.47,19027.41,3868.34,1131.09,25359.13,Paid
1526,1526,2025-07-26,2216.14,1011.88,581.04,0.0,3809.06,Paid
1527,1527,2024-04-11,9390.33,36917.12,8335.34,0.0,54642.79,Paid
1528,1528,2024-08-30,3266.78,1267.07,750.81,362.71,4921.95,Pending
1529,1529,2024-07-30,3116.36,1122.56,763.01,0.0,5001.93,Paid
1530,1530,2024-02-18,3870.25,0.0,661.81,193.51,4338.55,Paid
1531,1531,2024-11-06,1715.25,13187.79,2682.55,0.0,17585.59,Partially Paid
1532,1532,2026-01-01,3335.6,25718.730000000003,5229.78,0.0,34284.11,Paid
1533,1533,2025-02-09,1921.28,414.2,386.76,186.84,2535.4,Paid
1534,1534,2024-08-06,2796.94,34755.799999999996,6421.52,1877.64,42096.62,Paid
1535,1535,2025-09-28,2153.51,18454.62,3412.71,1648.65,22372.19,Partially Paid
1536,1536,2024-06-09,1887.55,12958.62,2538.69,742.31,16642.55,Paid
1537,1537,2025-08-11,7911.82,14421.94,3819.07,1116.69,25036.14,Paid
1538,1538,2024-04-15,1944.58,31671.379999999997,6050.87,0.0,39666.83,Paid
1539,1539,2025-01-31,7663.42,14172.37,3930.44,0.0,25766.23,Pending
1540,1540,2024-10-11,10421.05,6306.13,3010.89,0.0,19738.07,Paid
1541,1541,2024-12-16,1902.53,12042.32,2434.77,418.35,15961.27,Paid
1543,1543,2024-05-22,2193.65,56691.88,10281.41,1766.57,67400.37,Paid
1544,1544,2024-07-21,2609.36,0.0,469.68,0.0,3079.04,Paid
1545,1545,2025-12-15,1512.78,32179.239999999998,5882.63,1010.76,38563.89,Paid
1547,1547,2025-11-03,2066.54,915.2,520.61,89.45,3412.9,Paid
1548,1548,2024-11-15,2336.26,857.53,528.89,255.5,3467.18,Paid
1549,1549,2025-08-20,1763.59,17919.09,3436.6,590.48,22528.8,Paid
1550,1550,2025-06-13,3908.59,21218.61,4296.75,1256.36,28167.59,Paid
1551,1551,2024-01-27,8791.84,56211.35,10764.53,5200.26,70567.46,Paid
1552,1552,2024-01-20,4135.81,4863.56,1619.89,0.0,10619.26,Paid
1553,1553,2025-03-24,2014.99,17295.31,3371.58,579.31,22102.57,Paid
1554,1554,2024-11-15,1484.56,13615.26,2717.97,0.0,17817.79,Paid
1555,1555,2025-03-24,1880.74,6712.37,1546.76,0.0,10139.87,Paid
1556,1556,2024-11-01,4010.89,58646.60999999999,10940.0,1879.72,71717.78,Paid
1557,1557,2025-11-27,2285.63,34039.24,6015.4,2905.99,39434.28,Paid
1558,1558,2024-06-07,9478.92,8661.36,3265.25,0.0,21405.53,Paid
1559,1559,2025-11-23,3624.49,17542.77,3810.11,0.0,24977.37,Paid
1560,1560,2025-05-13,2926.11,22790.06,4628.91,0.0,30345.08,Paid
1561,1561,2024-01-28,1952.01,19186.44,3804.92,0.0,24943.37,Paid
1562,1562,2024-12-18,3514.73,22253.989999999998,4267.3,2061.5,27974.52,Paid
1563,1563,2025-02-05,2643.3,9816.29,2063.31,996.77,13526.13,Paid
1564,1564,2025-09-22,2627.26,66005.83,11983.34,2058.99,78557.44,Paid
1565,1565,2024-03-24,3154.76,14380.759999999998,3156.39,0.0,20691.91,Paid
1566,1566,2025-01-26,4067.3,1603.72,969.74,283.55,6357.21,Paid
1567,1567,2025-05-09,1993.18,12918.970000000001,2684.19,0.0,17596.34,Paid
1568,1568,2025-10-17,1847.67,30822.879999999997,5880.7,0.0,38551.25,Paid
1569,1569,2025-02-21,4120.0,11588.22,2827.48,0.0,18535.7,Paid
1570,1570,2024-10-04,2298.38,2168.22,803.99,0.0,5270.59,Paid
1571,1571,2025-06-27,2716.92,25235.41,4628.91,2236.19,30345.05,Pending
1572,1572,2024-03-07,2342.25,3883.4,1087.0,186.77,7125.88,Pending
1573,1573,2024-08-20,3657.07,18997.4,3873.92,1132.72,25395.67,Paid
1574,1574,2024-06-19,2799.08,19772.719999999998,4062.92,0.0,26634.72,Paid
1575,1575,2024-06-29,2640.31,989.5,633.77,108.89,4154.69,Paid
1576,1576,2024-05-25,2196.04,9258.63,2061.84,0.0,13516.51,Paid
1577,1577,2024-01-27,4090.22,24463.12,4985.41,856.6,32682.15,Paid
1578,1578,2024-07-14,2532.62,10431.7,2216.9,648.22,14533.0,Paid
1580,1580,2025-12-20,2197.56,12150.15,2505.11,430.43,16422.39,Paid
1581,1581,2024-05-21,8593.26,1672.14,1847.77,0.0,12113.17,Paid
1582,1582,2024-02-29,6521.3,9181.72,2741.75,471.09,17973.68,Paid
1583,1583,2025-07-08,1943.59,28581.08,5219.72,1526.23,34218.16,Pending
1584,1584,2024-01-11,1488.19,4910.38,1094.16,319.93,7172.8,Paid
1585,1585,2024-11-30,2840.39,17045.4,3400.47,994.29,22291.97,Partially Paid
1586,1586,2024-11-11,2378.72,31414.05,5596.08,2703.42,36685.43,Paid
1587,1587,2025-08-06,2565.33,13478.14,2743.43,802.17,17984.73,Paid
1588,1588,2025-02-15,4065.67,0.0,709.87,121.97,4653.57,Paid
1591,1591,2024-01-24,2817.19,27371.67,5270.97,905.67,34554.16,Paid
1592,1592,2025-06-18,1790.3,2811.53,803.48,138.05,5267.26,Paid
1593,1593,2025-01-11,3077.76,12788.380000000001,2855.91,0.0,18722.05,Paid
1594,1594,2024-08-12,3524.52,0.0,615.38,105.74,4034.16,Paid
1595,1595,2024-09-23,1620.64,24566.57,4713.7,0.0,30900.91,Paid
1596,1596,2025-04-08,2496.15,44269.35,8417.79,0.0,55183.29,Paid
1597,1597,2024-07-22,4054.03,14515.04,3342.43,0.0,21911.5,Paid
1598,1598,2024-03-08,3097.54,5683.25,1533.13,263.42,10050.5,Paid
1599,1599,2024-02-14,2588.4,27301.14,5380.12,0.0,35269.66,Paid
1600,1600,2024-07-28,9081.14,28736.91,6466.89,1890.9,42394.04,Paid
1601,1601,2025-09-08,2047.59,807.72,513.96,0.0,3369.27,Paid
1602,1602,2024-06-01,2919.46,35070.62,6496.3,1899.5,42586.88,Pending
1603,1603,2025-04-06,2071.87,3774.32,999.7,292.31,6553.58,Paid
1604,1604,2024-03-08,1868.78,11226.94,2239.37,654.79,14680.3,Paid
1605,1605,2024-01-20,2848.33,812.05,658.87,0.0,4319.25,Paid
1606,1606,2024-05-28,2043.88,811.62,513.99,0.0,3369.49,Paid
1607,1607,2024-09-29,1633.22,3879.87,942.74,275.65,6180.18,Paid
1608,1608,2024-06-14,3101.14,869.0,693.19,119.1,4544.23,Paid
1609,1609,2025-03-29,6802.07,24787.66,5515.57,947.69,36157.61,Paid
1610,1610,2025-11-18,3969.58,5880.72,1631.21,788.02,10693.49,Paid
1611,1611,2024-05-05,2336.75,39621.810000000005,7552.54,0.0,49511.1,Pending
1612,1612,2025-03-19,2143.3,25842.37,5037.42,0.0,33023.09,Paid
1613,1613,2025-09-09,1513.12,12875.26,2382.72,1151.07,15620.03,Paid
1614,1614,2025-02-24,8022.63,54951.659999999996,10768.6,3148.71,70594.18,Paid
1615,1615,2024-07-12,7289.31,1894.76,1570.48,459.2,10295.35,Paid
1616,1616,2024-10-22,2904.33,26075.070000000003,5216.29,0.0,34195.69,Partially Paid
1617,1617,2024-04-14,2404.41,1042.89,620.51,0.0,4067.81,Paid
1618,1618,2024-07-23,2061.12,41229.829999999994,7792.37,0.0,51083.32,Paid
1620,1620,2025-08-18,2230.29,39950.38,7592.52,0.0,49773.19,Paid
1621,1621,2025-12-03,2124.97,16318.8,3319.88,0.0,21763.65,Pending
1622,1622,2025-04-16,9058.2,11042.09,3618.05,0.0,23718.34,Paid
1623,1623,2025-03-26,9111.81,13107.86,3999.54,0.0,26219.21,Paid
1624,1624,2024-02-12,2249.64,33727.96,6152.17,1798.88,40330.89,Paid
1625,1625,2024-02-21,2547.16,12520.61,2712.2,0.0,17779.97,Paid
1626,1626,2024-07-21,3093.14,49599.36,9200.11,1580.78,60311.83,Paid
1627,1627,2025-10-25,1459.5,11055.64,2252.73,0.0,14767.87,Paid
1628,1628,2025-07-18,2901.19,10215.64,2242.98,655.84,14703.97,Paid
1629,1629,2024-09-07,2606.94,16521.17,3443.06,0.0,22571.17,Paid
1630,1630,2024-04-18,9571.47,29637.7,7057.65,0.0,46266.82,Paid
1631,1631,2024-12-11,1983.19,0.0,346.26,59.5,2269.95,Paid
1632,1632,2024-08-09,1622.78,61131.09,10392.04,5020.31,68125.6,Paid
1633,1633,2024-11-18,2068.54,1404.91,606.46,104.2,3975.71,Paid
1634,1634,2025-09-25,2486.67,13811.060000000001,2933.59,0.0,19231.32,Paid
1635,1635,2025-02-20,1918.94,4681.33,1188.05,0.0,7788.32,Partially Paid
1636,1636,2025-01-10,2997.99,14272.15,3108.63,0.0,20378.77,Paid
1637,1637,2024-03-27,2941.17,1243.21,753.19,0.0,4937.57,Pending
1638,1638,2025-05-14,9055.34,18140.510000000002,4895.25,0.0,32091.1,Pending
1639,1639,2025-07-03,2422.37,11821.08,2435.63,712.17,15966.91,Paid
1640,1640,2024-11-23,2784.5,9449.25,2202.07,0.0,14435.82,Partially Paid
1641,1641,2024-09-30,2417.38,5039.7,1342.27,0.0,8799.35,Partially Paid
1642,1642,2025-01-26,2384.53,22514.519999999997,4347.37,746.97,28499.45,Partially Paid
1643,1643,2024-05-27,7499.26,7100.889999999999,2549.19,438.0,16711.34,Paid
1644,1644,2024-05-09,2142.08,14085.28,2687.25,1298.19,17616.42,Paid
1645,1645,2024-08-05,3762.74,0.0,656.97,112.88,4306.83,Paid
1646,1646,2024-03-31,8788.03,18084.03,4836.97,0.0,31709.03,Paid
1647,1647,2025-09-25,6929.79,14434.4,3537.91,1709.14,23192.96,Paid
1648,1648,2025-10-23,2916.6,8811.14,2047.66,351.83,13423.57,Paid
1649,1649,2025-04-28,8050.0,47408.56,9683.06,1663.76,63477.86,Pending
1650,1650,2024-08-12,1536.96,666.55,364.9,176.28,2392.13,Paid
1651,1651,2024-12-28,2103.34,35078.42,6692.72,0.0,43874.48,Paid
1652,1652,2025-02-25,3047.03,53135.560000000005,10112.87,0.0,66295.46,Paid
1653,1653,2025-04-28,2005.8,43933.869999999995,8021.07,1378.19,52582.55,Paid
1654,1654,2024-04-21,4145.83,15795.44,3589.43,0.0,23530.7,Paid
1655,1655,2025-03-06,2132.8,25613.68,4994.37,0.0,32740.85,Paid
1656,1656,2025-10-28,2961.66,10077.689999999999,2347.08,0.0,15386.43,Paid
1657,1657,2024-12-14,3611.27,0.0,617.53,180.56,4048.24,Paid
1658,1658,2025-10-20,6557.49,10086.529999999999,2906.05,499.32,19050.75,Paid
1659,1659,2025-01-03,3678.45,0.0,642.26,110.35,4210.36,Paid
1661,1661,2025-04-30,1547.42,4856.41,1118.11,192.11,7329.83,Paid
1662,1662,2025-06-24,2332.96,6429.99,1530.01,262.89,10030.07,Pending
1663,1663,2025-11-26,7218.78,30685.21,6481.58,1895.2,42490.37,Paid
1664,1664,2025-06-08,1513.0,4858.37,1146.85,0.0,7518.22,Paid
1665,1665,2024-05-09,1775.71,10645.45,2235.81,0.0,14656.97,Paid
1666,1666,2025-08-04,7924.94,16887.69,4242.96,1240.63,27814.96,Paid
1667,1667,2025-02-12,7121.99,39775.77,8019.52,2344.89,52572.39,Paid
1668,1668,2025-02-07,2503.29,28917.32,5655.71,0.0,37076.32,Paid
1669,1669,2024-06-25,7212.34,790.21,1368.44,400.13,8970.86,Pending
1670,1670,2025-03-20,1818.14,1261.49,526.62,153.98,3452.27,Paid
1671,1671,2025-11-07,2744.05,11404.57,2546.75,0.0,16695.37,Paid
1672,1672,2025-07-20,2027.86,24667.53,4420.76,2135.63,28980.52,Paid
1674,1674,2024-01-19,7837.9,681.73,1456.86,425.98,9550.51,Paid
1675,1675,2024-11-01,2111.47,27483.22,5327.04,0.0,34921.73,Paid
1676,1676,2025-07-07,8734.6,1514.76,1697.29,819.95,11126.7,Paid
1678,1678,2025-12-30,2151.87,769.67,510.1,87.65,3343.99,Paid
1679,1679,2024-11-18,1525.61,11830.48,2283.89,667.8,14972.18,Paid
1680,1680,2025-03-02,7282.77,10677.75,3135.91,538.82,20557.61,Paid
1681,1681,2024-05-17,1608.35,14796.29,2864.25,492.14,18776.75,Partially Paid
1682,1682,2024-10-09,8062.8,13410.79,3865.25,0.0,25338.84,Paid
1683,1683,2025-07-17,3843.24,18741.34,3943.27,677.54,25850.31,Paid
1684,1684,2024-06-23,1445.91,8642.960000000001,1761.52,302.67,11547.72,Paid
1685,1685,2025-10-02,5683.03,797.13,1166.43,0.0,7646.59,Paid
1686,1686,2024-07-19,3450.18,18454.5,3745.7,1095.23,24555.15,Paid
1687,1687,2025-01-05,9793.43,2385.47,2192.2,0.0,14371.1,Paid
1688,1688,2025-06-01,1610.31,26958.829999999998,4885.32,1428.46,32026.0,Paid
1689,1689,2025-07-12,4028.35,3030.57,1207.07,352.95,7913.04,Pending
1690,1690,2025-08-12,1786.37,60316.31,11178.48,0.0,73281.16,Paid
1691,1691,2025-10-06,2254.63,4309.39,1146.08,196.92,7513.18,Paid
1692,1692,2025-03-11,2499.53,41897.729999999996,7751.76,1331.92,50817.1,Paid
1693,1693,2025-05-02,1840.7,10602.380000000001,2127.77,622.15,13948.7,Pending
1694,1694,2024-11-04,2967.93,22625.75,4468.66,767.81,29294.53,Paid
1695,1695,2024-05-28,3609.04,24926.77,5136.45,0.0,33672.26,Paid
1696,1696,2024-10-23,8364.15,1846.98,1838.0,0.0,12049.13,Pending
1697,1697,2025-05-09,2639.77,17703.86,3552.0,610.31,23285.32,Paid
1698,1698,2025-03-15,3487.01,15055.820000000002,3337.71,0.0,21880.54,Paid
1699,1699,2025-08-07,3302.98,62400.29,11471.79,1971.1,75203.96,Pending
1700,1700,2024-02-16,1917.07,537.39,441.8,0.0,2896.26,Paid
1701,1701,2024-09-26,2176.09,25082.72,4759.39,817.76,31200.44,Paid
1702,1702,2024-04-13,3252.15,21531.34,4327.2,743.5,28367.19,Paid
1703,1703,2025-01-11,2664.8,0.0,479.66,0.0,3144.46,Paid
1704,1704,2024-10-31,1872.66,34230.19,6498.51,0.0,42601.36,Paid
1705,1705,2025-08-12,2592.02,21117.41,4267.7,0.0,27977.13,Paid
1706,1706,2025-03-12,2260.88,2201.5,763.07,223.12,5002.33,Paid
1707,1707,2024-11-10,4123.3,11366.43,2788.15,0.0,18277.88,Paid
1708,1708,2025-08-18,5857.47,10505.720000000001,2945.37,0.0,19308.56,Paid
1709,1709,2024-09-26,2280.46,41153.340000000004,7583.54,1303.01,49714.33,Paid
1710,1710,2024-02-28,8829.31,26362.01,5827.68,2815.31,38203.69,Paid
1711,1711,2025-01-14,1806.79,984.48,502.43,0.0,3293.7,Paid
1712,1712,2025-01-03,8236.74,30112.66,6557.75,1917.47,42989.68,Paid
1713,1713,2024-07-11,2772.41,1727.2599999999998,809.94,0.0,5309.61,Paid
1714,1714,2025-10-31,2113.33,5700.9800000000005,1406.58,0.0,9220.89,Paid
1715,1715,2024-03-25,3741.43,12031.58,2697.18,788.65,17681.54,Pending
1716,1716,2025-05-15,2183.05,14755.3,3048.9,0.0,19987.25,Partially Paid
1717,1717,2025-08-26,1766.03,68197.59,11963.78,3498.18,78429.22,Pending
1718,1718,2024-08-28,1944.14,8471.48,1874.81,0.0,12290.43,Paid
1719,1719,2024-04-13,1644.35,17359.54,3420.7,0.0,22424.59,Partially Paid
1720,1720,2025-04-12,1995.61,8048.94,1808.02,0.0,11852.57,Paid
1721,1721,2024-01-20,2645.5,14539.49,3093.3,0.0,20278.29,Paid
1722,1722,2024-10-31,1525.35,55752.11,10000.65,1718.32,65559.79,Paid
1723,1723,2025-07-15,3077.74,525.74,616.2,180.17,4039.51,Paid
1724,1724,2025-10-21,2766.11,16373.059999999998,3341.7,574.18,21906.69,Paid
1725,1725,2025-09-22,2225.87,11927.98,2420.31,707.69,15866.47,Paid
1726,1726,2024-09-27,1905.26,7083.45,1617.97,0.0,10606.68,Paid
1727,1727,2024-02-25,2788.64,0.0,501.96,0.0,3290.6,Paid
1728,1728,2025-11-05,1842.99,413.39,406.15,0.0,2662.53,Paid
1729,1729,2024-07-15,2240.04,0.0,391.11,67.2,2563.95,Paid
1730,1730,2024-06-25,8007.35,624.8,1476.1,431.61,9676.64,Paid
1731,1731,2025-03-30,1802.31,18171.55,3487.44,599.22,22862.08,Paid
1732,1732,2025-12-14,2992.55,9835.74,2309.09,0.0,15137.38,Paid
1733,1733,2024-02-09,1808.73,30289.489999999998,5777.68,0.0,37875.9,Paid
1734,1734,2024-03-27,2027.48,11313.68,2401.41,0.0,15742.57,Paid
1735,1735,2025-12-29,4145.96,13885.57,3148.3,540.95,20638.88,Paid
1736,1736,2024-06-08,8318.69,11345.85,3539.62,0.0,23204.16,Paid
1737,1737,2025-01-07,3178.06,27636.5,5546.62,0.0,36361.18,Paid
1738,1738,2025-06-26,1994.66,29768.1,5717.3,0.0,37480.06,Pending
1739,1739,2025-05-11,7470.76,1718.9099999999999,1654.14,0.0,10843.81,Paid
1740,1740,2025-04-29,2834.86,43651.630000000005,7949.19,2324.32,52111.36,Pending
1741,1741,2025-02-04,8674.59,18408.050000000003,4728.63,812.48,30998.79,Paid
1742,1742,2024-02-06,2610.2,0.0,455.74,78.31,2987.63,Paid
1743,1743,2025-04-05,1968.35,5312.58,1310.57,0.0,8591.5,Paid
1744,1744,2025-07-06,1599.5,3228.47,869.03,0.0,5697.0,Paid
1745,1745,2025-04-25,2187.15,16518.77,3198.71,935.3,20969.33,Paid
1746,1746,2024-08-11,1455.12,535.81,358.37,0.0,2349.3,Paid
1747,1747,2024-07-02,3230.86,24455.91,4734.44,1384.34,31036.87,Paid
1748,1748,2025-04-30,2164.14,30864.519999999997,5945.16,0.0,38973.82,Paid
1749,1749,2024-02-22,8706.29,45659.07,9785.76,0.0,64151.12,Paid
1750,1750,2024-08-01,3960.47,2034.03,1079.01,0.0,7073.51,Paid
1751,1751,2025-10-01,3326.58,15921.72,3360.75,577.45,22031.6,Paid
1752,1752,2024-09-06,5880.71,30746.32,6395.08,1098.81,41923.3,Paid
1753,1753,2025-10-31,2169.57,25292.47,4943.17,0.0,32405.21,Paid
1754,1754,2025-02-14,3697.65,18707.34,4032.9,0.0,26437.89,Paid
1755,1755,2024-03-18,3022.52,9478.64,2250.21,0.0,14751.37,Paid
1756,1756,2025-03-26,4059.73,12027.76,2750.96,804.37,18034.08,Paid
1757,1757,2025-02-19,2149.28,4199.05,1051.28,507.87,6891.74,Paid
1758,1758,2025-02-18,2726.72,0.0,451.54,218.14,2960.12,Paid
1759,1759,2024-10-18,2673.76,5532.429999999999,1403.26,410.31,9199.14,Paid
1760,1760,2024-04-17,6099.75,34254.22,6900.53,2017.7,45236.8,Paid
1761,1761,2024-12-01,10802.54,0.0,1886.12,324.08,12364.58,Paid
1762,1762,2025-02-22,5731.91,9679.779999999999,2635.4,770.58,17276.51,Paid
1763,1763,2025-04-03,2200.4,21032.75,4181.97,0.0,27415.12,Paid
1764,1764,2025-11-28,7383.83,6897.17,2493.46,428.43,16346.03,Paid
1765,1765,2024-08-09,2200.83,5084.7,1245.82,364.28,8167.07,Paid
1766,1766,2025-04-16,2781.46,18808.34,3691.86,1079.49,24202.17,Partially Paid
1767,1767,2024-01-19,2230.38,17742.73,3487.31,599.19,22861.23,Paid
1768,1768,2024-02-01,1564.46,11538.779999999999,2358.58,0.0,15461.82,Paid
1769,1769,2025-06-08,5783.82,0.0,989.03,289.19,6483.66,Partially Paid
1770,1770,2024-04-10,2525.65,39506.83000000001,7565.85,0.0,49598.33,Paid
1771,1771,2024-10-08,2247.39,25450.2,4836.0,830.93,31702.66,Partially Paid
1772,1772,2025-04-28,9730.39,0.0,1698.93,291.91,11137.41,Pending
1773,1773,2025-02-15,2706.13,17627.96,3477.13,1016.7,22794.52,Paid
1774,1774,2025-09-30,2373.8,27615.85,5236.19,899.69,34326.15,Paid
1775,1775,2025-12-19,6059.33,24455.82,5218.09,1525.76,34207.48,Paid
1776,1776,2025-03-09,6960.84,35713.380000000005,7681.36,0.0,50355.58,Paid
1777,1777,2025-05-31,2718.13,766.6,595.89,174.24,3906.38,Paid
1778,1778,2024-02-13,1805.85,28185.25,5398.4,0.0,35389.5,Paid
1779,1779,2025-09-13,4001.18,35027.74,6673.94,1951.45,43751.41,Paid
1780,1780,2025-02-17,1512.83,9680.71,1954.39,335.81,12812.12,Pending
1781,1781,2025-12-07,8830.41,22633.65,5380.35,1573.2,35271.21,Paid
1782,1782,2024-09-28,2855.52,20385.510000000002,4183.39,0.0,27424.42,Paid
1783,1783,2024-12-24,7862.77,7194.77,2493.53,1204.6,16346.47,Paid
1784,1784,2024-10-22,1872.91,25523.06,4931.27,0.0,32327.24,Paid
1785,1785,2024-06-06,1985.72,6212.55,1357.63,655.86,8900.04,Paid
1786,1786,2025-05-18,8828.85,5133.110000000001,2387.49,698.1,15651.35,Paid
1787,1787,2025-02-10,2298.65,28906.58,5616.94,0.0,36822.17,Paid
1788,1788,2025-04-03,1744.53,670.89,421.73,72.46,2764.69,Paid
1789,1789,2024-02-19,3122.23,2812.93,1014.91,296.76,6653.31,Pending
1790,1790,2025-11-29,2339.77,4597.99,1248.8,0.0,8186.56,Paid
1791,1791,2025-01-09,2400.16,3934.79,1049.07,506.8,6877.22,Paid
1792,1792,2025-07-14,1748.29,13158.91,2683.3,0.0,17590.5,Paid
1793,1793,2025-01-24,6148.05,4979.349999999999,1902.79,556.37,12473.82,Paid
1794,1794,2025-10-14,3738.7,16862.19,3708.16,0.0,24309.05,Paid
1795,1795,2024-03-11,2699.72,22289.57,4273.17,1249.46,28013.0,Paid
1796,1796,2025-07-31,2298.07,8904.52,1955.97,336.08,12822.48,Paid
1797,1797,2025-10-18,8379.27,14427.56,3899.97,1140.34,25566.46,Paid
1798,1798,2024-10-28,2800.61,0.0,504.11,0.0,3304.72,Paid
1799,1799,2024-06-13,2044.72,41051.88,7369.52,2154.83,48311.29,Paid
1801,1801,2024-09-23,2077.63,50235.090000000004,9133.8,1569.38,59877.14,Partially Paid
1802,1802,2025-12-09,2338.71,1332.22,640.94,110.13,4201.74,Paid
1803,1803,2024-06-03,8728.14,3291.8999999999996,2163.61,0.0,14183.65,Paid
1804,1804,2025-07-08,3863.06,22822.03,4803.32,0.0,31488.41,Pending
1805,1805,2025-05-22,2308.49,24667.41,4855.66,0.0,31831.56,Paid
1806,1806,2025-11-05,3546.85,804.63,783.27,0.0,5134.75,Paid
1807,1807,2025-06-23,9830.88,22185.359999999997,5762.92,0.0,37779.16,Paid
1808,1808,2024-10-02,2769.07,21109.019999999997,3954.21,1910.25,25922.05,Paid
1809,1809,2025-08-24,2955.37,89408.45999999999,16625.49,0.0,108989.32,Paid
1810,1810,2024-10-12,2846.44,46608.5,8901.89,0.0,58356.83,Paid
1811,1811,2025-03-20,2086.87,10850.73,2328.77,0.0,15266.37,Partially Paid
1812,1812,2024-06-10,2287.8,21566.27,4293.73,0.0,28147.8,Paid
1813,1813,2024-12-16,1860.92,961.62,508.06,0.0,3330.6,Paid
1814,1814,2025-10-24,1935.28,2102.86,726.87,0.0,4765.01,Paid
1815,1815,2025-07-24,3348.19,10738.79,2459.59,422.61,16123.96,Paid
1816,1816,2025-12-08,2631.67,2272.44,856.26,147.12,5613.25,Pending
1817,1817,2024-03-17,1797.53,8886.38,1923.1,0.0,12607.01,Paid
1818,1818,2024-09-20,9343.32,44414.72,9386.15,1612.74,61531.45,Pending
1819,1819,2025-12-08,3802.02,8327.97,2183.4,0.0,14313.39,Pending
1820,1820,2024-12-11,1961.3,837.57,478.61,139.94,3137.54,Pending
1821,1821,2025-02-24,2310.56,4027.46,1140.84,0.0,7478.86,Paid
1823,1823,2024-12-26,3847.47,20687.649999999998,4283.83,736.05,28082.9,Pending
1824,1824,2024-04-22,2459.01,18630.28,3682.19,632.68,24138.8,Paid
1825,1825,2025-03-01,7379.83,535.68,1353.55,395.78,8873.28,Paid
1826,1826,2024-06-19,2767.12,8540.51,2035.37,0.0,13343.0,Partially Paid
1827,1827,2025-11-17,3966.78,4293.42,1442.23,247.81,9454.62,Paid
1828,1828,2024-01-20,1874.78,15413.13,3111.82,0.0,20399.73,Pending
1829,1829,2025-07-31,2048.77,17065.149999999998,3268.48,955.7,21426.7,Paid
1830,1830,2025-02-06,2792.54,680.41,625.13,0.0,4098.08,Paid
1832,1832,2024-08-29,2050.06,13334.49,2769.22,0.0,18153.77,Partially Paid
1833,1833,2024-07-13,3128.36,8613.36,1944.43,939.34,12746.81,Paid
1834,1834,2024-06-16,4140.95,13978.79,3163.71,543.59,20739.86,Paid
1835,1835,2024-04-03,3049.43,9992.71,2230.21,652.11,14620.24,Paid
1836,1836,2025-04-14,3165.37,34332.93,6412.21,1874.92,42035.59,Paid
1837,1837,2024-08-06,6199.15,28455.07,6050.63,1039.63,39665.22,Paid
1838,1838,2024-05-03,1988.29,2977.4700000000003,893.84,0.0,5859.6,Paid
1839,1839,2025-05-06,2612.79,0.0,456.19,78.38,2990.6,Pending
1841,1841,2025-01-12,1847.53,847.72,470.59,80.86,3084.98,Paid
1842,1842,2024-04-22,1649.99,19595.92,3709.54,637.38,24318.07,Paid
1844,1844,2024-10-09,2379.49,95216.90000000001,17040.33,2927.89,111708.83,Paid
1845,1845,2024-10-08,2223.71,57283.14,10711.23,0.0,70218.08,Pending
1846,1846,2025-08-26,7148.98,20789.559999999998,4878.07,838.16,31978.45,Paid
1847,1847,2024-09-19,6576.86,9909.74,2878.56,494.6,18870.56,Paid
1848,1848,2024-01-11,1802.64,8733.48,1801.68,526.81,11810.99,Paid
1849,1849,2024-02-29,3657.58,16099.050000000001,3378.38,987.83,22147.18,Paid
1850,1850,2024-07-14,8371.62,1460.25,1769.74,0.0,11601.61,Paid
1851,1851,2024-07-06,6198.65,33302.33,7110.18,0.0,46611.16,Paid
1852,1852,2025-05-08,2687.46,19841.49,3933.55,675.87,25786.63,Paid
1853,1853,2025-12-18,2891.26,8455.33,2042.39,0.0,13388.98,Paid
1854,1854,2025-07-17,2696.69,15861.779999999999,3073.28,1484.68,20147.07,Paid
1855,1855,2025-06-28,9052.39,13233.32,4011.43,0.0,26297.14,Partially Paid
1856,1856,2024-11-08,8697.02,32255.04,7371.37,0.0,48323.43,Paid
1857,1857,2024-02-15,9648.77,15349.27,4364.66,749.94,28612.76,Paid
1858,1858,2024-05-23,3060.37,62236.97,11753.52,0.0,77050.86,Paid
1859,1859,2025-08-31,2374.5,29908.79,5810.99,0.0,38094.28,Paid
1860,1860,2024-09-21,1748.2,32380.11,6143.1,0.0,40271.41,Paid
1861,1861,2024-12-28,2847.96,42160.51,7453.4,3600.68,48861.19,Paid
1862,1862,2025-02-11,7235.91,14901.08,3785.43,1106.85,24815.57,Paid
1863,1863,2025-10-17,2840.23,15514.490000000002,3039.54,1468.38,19925.88,Paid
1864,1864,2025-04-21,2635.03,21546.79,4352.73,0.0,28534.55,Partially Paid
1865,1865,2025-09-06,2135.45,2576.01,822.62,141.34,5392.74,Paid
1866,1866,2024-06-27,2857.01,52067.86,9095.56,4393.99,59626.44,Partially Paid
1867,1867,2024-09-29,1621.69,746.91,426.35,0.0,2794.95,Paid
1868,1868,2025-03-27,2054.39,2158.2,735.52,126.38,4821.73,Paid
1869,1869,2024-10-18,4097.78,408.71,746.27,360.52,4892.24,Partially Paid
1870,1870,2025-02-13,6854.52,33247.78,7218.41,0.0,47320.71,Pending
1871,1871,2024-08-25,3375.06,16653.39,3496.97,600.85,22924.57,Paid
1872,1872,2024-08-28,6711.9,537.36,1304.87,0.0,8554.13,Paid
1873,1873,2025-12-07,3000.1,3307.47,1135.36,0.0,7442.93,Paid
1874,1874,2025-01-12,2625.5,55299.28,9592.34,4633.98,62883.14,Paid
1875,1875,2025-01-07,2204.66,8193.09,1871.6,0.0,12269.35,Paid
1876,1876,2024-12-14,2874.75,20466.48,3991.35,1167.06,26165.52,Paid
1877,1877,2024-03-06,2226.57,51278.979999999996,9149.45,2675.28,59979.72,Paid
1878,1878,2025-07-07,3116.56,6912.16,1805.17,0.0,11833.89,Pending
1879,1879,2025-02-08,3947.99,6274.99,1784.93,306.69,11701.22,Paid
1880,1880,2024-07-24,1746.96,1211.67,516.58,88.76,3386.45,Paid
1881,1881,2025-03-11,2808.37,8032.09,1951.28,0.0,12791.74,Paid
1882,1882,2025-10-04,2622.61,0.0,457.91,78.68,3001.84,Partially Paid
1883,1883,2025-04-29,7606.22,8055.02,2819.02,0.0,18480.26,Paid
1884,1884,2025-08-24,2697.7,14323.3,2971.87,510.63,19482.24,Paid
1885,1885,2025-01-11,1990.35,17563.54,3343.72,977.69,21919.92,Paid
1886,1886,2025-12-12,2171.0,1285.13,622.1,0.0,4078.23,Paid
1887,1887,2024-02-23,2620.5,16799.9,3320.89,971.02,21770.27,Paid
1888,1888,2024-10-23,2134.51,24567.76,4806.41,0.0,31508.68,Paid
1889,1889,2024-08-31,3160.1,582.6,640.0,187.14,4195.56,Paid
1890,1890,2024-03-18,1920.71,11575.82,2429.38,0.0,15925.91,Partially Paid
1891,1891,2025-06-21,1478.64,47107.09,8745.43,0.0,57331.16,Paid
1892,1892,2025-12-16,2755.4,0.0,495.97,0.0,3251.37,Paid
1893,1893,2025-03-01,2300.63,28074.57,5467.54,0.0,35842.74,Paid
1894,1894,2024-02-16,1934.44,25997.4,4776.34,1396.59,31311.59,Paid
1895,1895,2025-12-18,1805.75,28641.64,5042.09,2435.79,33053.69,Paid
1896,1896,2025-12-23,2177.43,15265.0,2982.66,872.12,19552.97,Paid
1897,1897,2024-10-03,2644.02,19528.980000000003,3991.14,0.0,26164.14,Paid
1899,1899,2024-11-29,2836.83,436.68,559.77,163.68,3669.6,Paid
1900,1900,2025-05-29,1482.49,5024.78,1112.74,325.36,7294.65,Pending
1901,1901,2024-06-11,3255.97,38733.87,7558.17,0.0,49548.01,Paid
1902,1902,2025-04-17,2786.55,2075.72,805.19,388.98,5278.48,Pending
1903,1903,2024-09-29,1591.77,10889.66,2246.66,0.0,14728.09,Paid
1904,1904,2025-06-05,6818.05,20123.86,4704.06,808.26,30837.71,Paid
1905,1905,2025-12-28,2065.25,12318.310000000001,2589.04,0.0,16972.6,Paid
1906,1906,2024-10-26,2157.97,17038.989999999998,3282.68,959.85,21519.79,Paid
1907,1907,2025-08-05,2039.36,15218.75,3106.46,0.0,20364.57,Paid
1908,1908,2025-06-12,2247.15,1378.89,620.05,181.3,4064.79,Paid
1909,1909,2024-02-11,2237.16,23286.430000000004,4594.25,0.0,30117.84,Partially Paid
1910,1910,2025-04-08,2679.98,16124.28,3384.77,0.0,22189.03,Paid
1911,1911,2024-07-29,3890.03,0.0,679.2,116.7,4452.53,Pending
1912,1912,2025-11-18,2334.19,11999.74,2580.11,0.0,16914.04,Paid
1913,1913,2025-03-12,2004.25,67001.81,12048.46,2070.18,78984.34,Partially Paid
1914,1914,2024-03-27,3417.59,43493.3,8021.76,2345.54,52587.11,Paid
1915,1915,2024-04-23,10519.14,0.0,1893.45,0.0,12412.59,Pending
1916,1916,2024-04-18,1453.18,2543.74,719.45,0.0,4716.37,Partially Paid
1917,1917,2025-12-04,1790.55,13345.310000000001,2506.5,1210.87,16431.49,Pending
1918,1918,2025-02-20,2328.57,59180.0,11071.54,0.0,72580.11,Pending
1919,1919,2025-07-15,3234.19,33153.09,6353.22,1091.62,41648.88,Paid
1920,1920,2024-04-19,2686.16,0.0,469.0,80.58,3074.58,Paid
1921,1921,2025-08-28,2700.49,43437.02,8055.61,1384.13,52808.99,Paid
1922,1922,2025-01-18,3561.45,13703.73,3107.73,0.0,20372.91,Paid
1923,1923,2025-02-05,2415.4,539.71,531.92,0.0,3487.03,Paid
1924,1924,2025-12-10,4129.1,62960.270000000004,11472.28,3354.47,75207.18,Paid
1925,1925,2024-12-11,3330.29,48727.4,9089.27,1561.73,59585.23,Paid
1926,1926,2025-12-28,2140.34,533.52,481.29,0.0,3155.15,Paid
1927,1927,2025-09-21,4084.93,864.46,864.16,148.48,5665.07,Paid
1928,1928,2025-01-14,1825.87,20137.47,3834.8,658.9,25139.24,Paid
1929,1929,2024-07-27,2708.04,26656.1,5285.55,0.0,34649.69,Partially Paid
1930,1930,2024-12-01,7108.01,998.52,1415.4,243.2,9278.73,Pending
1931,1931,2024-05-30,3180.21,29319.82,5557.51,1625.0,36432.54,Paid
1932,1932,2024-05-11,2689.02,14935.2,3172.36,0.0,20796.58,Paid
1933,1933,2024-08-26,3154.71,2462.78,1011.15,0.0,6628.64,Paid
1934,1934,2024-02-19,3399.6,6492.18,1691.49,494.59,11088.68,Paid
1935,1935,2025-05-04,3134.09,4162.14,1273.92,218.89,8351.26,Pending
1936,1936,2024-07-15,2076.88,8572.060000000001,1820.97,532.45,11937.46,Paid
1937,1937,2024-01-03,2290.85,14236.220000000001,2885.63,495.81,18916.89,Paid
1938,1938,2024-06-22,2092.79,35409.58,6750.43,0.0,44252.8,Paid
1939,1939,2025-02-02,7064.42,31965.64,7025.41,0.0,46055.47,Pending
1940,1940,2025-04-08,5895.07,20468.03,4603.0,790.89,30175.21,Partially Paid
1941,1941,2025-11-27,2593.02,11130.34,2470.2,0.0,16193.56,Paid
1942,1942,2025-12-28,3045.41,7988.2699999999995,1986.06,0.0,13019.74,Partially Paid
1943,1943,2024-09-14,2292.55,920.4,560.98,96.39,3677.54,Paid
1944,1944,2025-02-07,2532.38,2801.36,960.07,0.0,6293.81,Pending
1945,1945,2025-05-27,2631.7,12782.49,2635.83,770.71,17279.31,Paid
1946,1946,2025-05-22,3402.55,1298.03,803.8,235.03,5269.35,Paid
1947,1947,2024-02-03,2131.67,43969.67,7883.33,2305.07,51679.6,Paid
1948,1948,2024-09-24,10694.78,40930.39,9292.53,0.0,60917.7,Paid
1949,1949,2024-07-07,2061.76,12511.33,2623.16,0.0,17196.25,Paid
1950,1950,2025-06-29,9134.98,5958.299999999999,2716.79,0.0,17810.07,Paid
1951,1951,2024-04-22,1673.92,8782.73,1825.73,313.7,11968.68,Paid
1952,1952,2025-01-23,3056.69,4383.2,1339.18,0.0,8779.07,Paid
1953,1953,2024-10-26,8118.59,7744.7,2769.73,475.9,18157.12,Paid
1954,1954,2024-10-17,2360.59,14365.22,3010.65,0.0,19736.46,Paid
1955,1955,2025-08-15,3089.73,4622.0599999999995,1318.72,385.59,8644.92,Paid
1956,1956,2024-01-23,6047.02,21068.0,4734.28,813.45,31035.85,Pending
1957,1957,2024-06-01,2306.94,14576.210000000001,3038.97,0.0,19922.12,Paid
1958,1958,2024-11-02,2590.77,2662.01,898.23,262.64,5888.37,Pending
1959,1959,2024-07-30,2202.59,4084.25,1131.63,0.0,7418.47,Partially Paid
1960,1960,2024-03-01,1703.04,30094.91,5723.63,0.0,37521.58,Paid
1961,1961,2025-06-15,3814.82,11936.08,2750.11,472.53,18028.48,Paid
1962,1962,2025-04-24,6944.04,38185.65,7473.48,3610.38,48992.79,Partially Paid
1963,1963,2025-05-05,1610.66,8079.41,1744.21,0.0,11434.28,Paid
1964,1964,2024-08-25,2357.62,5401.11,1326.74,387.94,8697.53,Paid
1965,1965,2024-07-20,1490.83,25936.829999999998,4542.02,2194.21,29775.47,Paid
1966,1966,2025-10-15,2180.33,13625.8,2845.1,0.0,18651.23,Paid
1967,1967,2024-03-03,3326.83,9457.24,2232.1,383.52,14632.65,Paid
1968,1968,2024-12-28,6742.69,15978.37,3967.1,681.63,26006.53,Paid
1969,1969,2024-01-27,2788.86,27580.47,5302.48,911.08,34760.73,Paid
1970,1970,2025-12-11,4080.42,1535.04,960.24,280.77,6294.93,Paid
1971,1971,2025-11-14,1749.37,20117.59,3936.05,0.0,25803.01,Paid
1972,1972,2024-07-17,2710.35,19868.29,4064.16,0.0,26642.8,Paid
1973,1973,2025-02-18,2993.39,12840.46,2764.59,475.02,18123.42,Paid
1974,1974,2024-03-14,1750.89,16591.32,3301.6,0.0,21643.81,Paid
1975,1975,2025-01-27,3023.62,26937.85,5393.06,0.0,35354.53,Paid
1976,1976,2025-01-15,3436.77,27839.62,5460.86,938.29,35798.96,Partially Paid
1977,1977,2024-05-20,1985.77,3474.0699999999997,982.77,0.0,6442.61,Paid
1978,1978,2024-11-19,1675.79,65327.81999999999,11457.62,3350.18,75111.05,Paid
1979,1979,2025-01-01,1471.18,1266.56,492.79,0.0,3230.53,Paid
1980,1980,2024-09-25,2583.68,6141.900000000001,1492.07,436.28,9781.37,Paid
1981,1981,2024-11-07,2474.29,1232.9,667.29,0.0,4374.48,Paid
1982,1982,2024-03-31,6921.63,18992.22,4291.33,2073.11,28132.07,Paid
1983,1983,2024-06-14,3148.22,11454.25,2549.59,438.07,16713.99,Paid
1984,1984,2025-09-16,2322.78,13461.32,2841.14,0.0,18625.24,Paid
1985,1985,2024-12-21,2027.42,908.21,528.41,0.0,3464.04,Paid
1986,1986,2024-10-08,3208.6,657.45,675.01,115.98,4425.08,Paid
1987,1987,2024-10-03,1473.15,1569.45,531.24,91.28,3482.56,Paid
1988,1988,2024-05-23,2270.51,2968.77,914.78,157.18,5996.88,Paid
1989,1989,2024-04-10,1842.73,3007.34,873.01,0.0,5723.08,Paid
1990,1990,2024-06-11,3323.14,6932.29,1698.3,820.43,11133.3,Paid
1991,1991,2025-04-16,1493.91,5385.219999999999,1176.33,343.96,7711.5,Paid
1992,1992,2024-10-27,7968.78,16062.91,4325.7,0.0,28357.39,Partially Paid
1993,1993,2025-05-30,1723.37,2133.22,659.48,192.83,4323.24,Paid
1994,1994,2025-01-01,2169.24,43543.649999999994,8228.32,0.0,53941.21,Partially Paid
1995,1995,2024-04-11,8020.88,8168.48,2826.66,485.68,18530.34,Paid
1996,1996,2024-09-22,6845.49,17951.45,4463.45,0.0,29260.39,Paid
1997,1997,2025-04-25,2321.26,19411.38,3716.28,1086.63,24362.29,Paid
1998,1998,2025-06-10,3048.94,0.0,548.81,0.0,3597.75,Pending
1999,1999,2024-05-06,2048.52,11650.210000000001,2342.48,684.94,15356.27,Paid
2000,2000,2024-10-14,2770.3,54583.53,10013.98,1720.61,65647.2,Paid
2001,2001,2024-12-23,1442.15,22453.47,4301.21,0.0,28196.83,Pending
2002,2002,2025-01-01,2206.72,12211.039999999999,2465.44,720.89,16162.31,Paid
2003,2003,2025-04-12,9404.25,658.56,1756.97,301.88,11517.9,Paid
2004,2004,2024-09-30,3230.0,1198.91,797.2,0.0,5226.11,Paid
2005,2005,2025-01-26,1761.77,1172.97,528.25,0.0,3462.99,Partially Paid
2006,2006,2025-06-21,3308.77,3611.55,1208.29,207.61,7921.0,Paid
2008,2008,2024-09-11,2616.11,32156.780000000002,6259.12,0.0,41032.01,Pending
2009,2009,2024-06-07,1495.24,8245.83,1753.39,0.0,11494.46,Paid
2010,2010,2024-06-17,3203.33,17155.15,3664.53,0.0,24023.01,Paid
2011,2011,2024-10-27,2138.32,0.0,384.9,0.0,2523.22,Paid
2012,2012,2025-09-29,1849.33,8683.23,1895.86,0.0,12428.42,Paid
2013,2013,2024-04-30,2071.5,2042.45,740.51,0.0,4854.46,Paid
2014,2014,2025-08-24,1479.42,118912.81,20587.07,6019.61,134959.69,Paid
2015,2015,2024-12-04,3109.39,20514.48,4039.68,1181.19,26482.36,Paid
2016,2016,2024-05-03,1995.21,33451.72,6061.42,1772.35,39736.0,Paid
2018,2018,2024-01-30,3628.4,33460.23,6675.95,0.0,43764.58,Paid
2019,2019,2025-02-14,6779.26,8807.12,2665.27,779.32,17472.33,Paid
2020,2020,2024-07-03,2434.24,950.27,609.21,0.0,3993.72,Paid
2021,2021,2025-11-22,2357.85,22278.85,4301.57,739.1,28199.17,Paid
2022,2022,2024-08-13,3094.2,4753.36,1412.56,0.0,9260.12,Paid
2023,2023,2024-02-07,2050.87,49810.649999999994,9335.07,0.0,61196.59,Partially Paid
2024,2024,2024-07-09,1994.09,28308.72,5454.51,0.0,35757.32,Paid
2025,2025,2025-03-12,2365.92,22438.79,4464.85,0.0,29269.56,Paid
2026,2026,2024-08-03,3257.48,32581.99,6257.57,1075.18,41021.86,Pending
2027,2027,2024-09-22,9169.81,27154.63,6342.25,1089.73,41576.96,Paid
2028,2028,2025-04-16,10691.34,50990.770000000004,11102.78,0.0,72784.89,Paid
2029,2029,2025-02-21,2406.98,3576.07,1076.95,0.0,7060.0,Paid
2030,2030,2025-01-16,2373.31,26993.5,5286.03,0.0,34652.84,Paid
2031,2031,2025-05-21,2296.25,7017.77,1676.52,0.0,10990.54,Paid
2032,2032,2025-11-28,2616.36,12693.0,2673.01,459.28,17523.09,Paid
2033,2033,2024-08-14,10546.4,1423.31,2089.91,359.09,13700.53,Paid
2034,2034,2025-10-31,1838.85,3767.47,958.68,280.32,6284.68,Paid
2035,2035,2025-09-02,3784.57,40561.759999999995,7982.34,0.0,52328.67,Paid
2036,2036,2024-04-21,9241.09,457.68,1606.12,775.9,10528.99,Paid
2037,2037,2025-02-09,1714.31,4832.58,1143.09,196.41,7493.57,Paid
2038,2038,2025-10-22,6954.27,36991.81,7672.99,1318.38,50300.69,Paid
2039,2039,2024-02-28,3107.89,35059.6,6870.15,0.0,45037.64,Pending
2040,2040,2024-11-18,2141.68,15348.42,3148.22,0.0,20638.32,Paid
2041,2041,2024-05-18,5797.58,3079.9700000000003,1597.96,0.0,10475.51,Paid
2042,2042,2024-09-19,1832.36,12820.150000000001,2558.33,439.58,16771.26,Paid
2044,2044,2025-04-14,2135.73,73388.48,12506.81,6041.94,81989.08,Paid
2045,2045,2024-07-03,3712.02,45109.299999999996,8524.2,1464.64,55880.88,Paid
2046,2046,2025-07-06,3680.36,34537.08,6672.77,1146.52,43743.69,Paid
2047,2047,2025-07-15,2568.87,0.0,462.4,0.0,3031.27,Paid
2049,2049,2025-02-07,2558.79,10696.51,2385.95,0.0,15641.25,Pending
2050,2050,2025-05-04,2026.77,28183.34,5437.82,0.0,35647.93,Paid
2051,2051,2025-08-16,3114.63,2100.78,910.61,156.46,5969.56,Pending
2052,2052,2024-05-13,7668.14,14915.23,4065.01,0.0,26648.38,Paid
2053,2053,2024-07-15,2672.74,48686.03,8967.24,1540.76,58785.25,Pending
2054,2054,2024-12-18,2115.16,2236.46,744.13,217.58,4878.17,Paid
2055,2055,2025-12-29,3314.83,26086.260000000002,5027.59,1470.05,32958.63,Paid
2056,2056,2025-08-17,3125.65,1318.53,759.95,222.21,4981.92,Paid
2057,2057,2025-07-18,2362.6,29479.969999999998,5559.71,955.28,36447.0,Paid
2058,2058,2024-03-12,3207.06,4488.51,1343.65,230.87,8808.35,Paid
2059,2059,2024-01-29,2554.07,0.0,445.94,76.62,2923.39,Paid
2060,2060,2024-04-24,8031.68,0.0,1445.7,0.0,9477.38,Pending
2061,2061,2025-04-06,2337.26,11646.51,2517.08,0.0,16500.85,Paid
2062,2062,2024-01-10,2095.86,5003.04,1175.58,567.91,7706.57,Paid
2063,2063,2025-02-17,9502.23,12564.890000000001,3773.48,1103.36,24737.24,Paid
2064,2064,2024-08-13,2550.69,15999.04,3338.95,0.0,21888.68,Paid
2065,2065,2025-06-12,2179.66,33606.979999999996,5926.27,2862.93,38849.98,Paid
2066,2066,2025-04-06,2805.42,2520.17,958.61,0.0,6284.2,Paid
2067,2067,2024-07-28,1774.32,29578.53,5361.34,1567.64,35146.55,Paid
2068,2068,2024-05-04,1870.64,14643.0,2972.46,0.0,19486.1,Paid
2069,2069,2024-01-24,2071.17,25267.030000000002,4920.88,0.0,32259.08,Paid
2070,2070,2025-02-05,2898.23,3407.11,1100.91,189.16,7217.09,Paid
2071,2071,2024-05-11,3050.24,3788.1,1169.36,341.92,7665.78,Paid
2072,2072,2025-01-19,1978.87,11196.6,2300.44,395.26,15080.65,Paid
2073,2073,2025-09-29,1990.55,27140.25,4981.37,1456.54,32655.63,Partially Paid
2074,2074,2025-10-20,1505.76,27819.74,5278.59,0.0,34604.09,Paid
2075,2075,2025-12-12,3707.81,23007.39,4808.74,0.0,31523.94,Paid
2076,2076,2024-01-10,2255.72,0.0,406.03,0.0,2661.75,Paid
2077,2077,2024-10-20,9219.15,31440.1,7318.66,0.0,47977.91,Paid
2078,2078,2025-08-10,3387.08,15338.55,3370.61,0.0,22096.24,Paid
2079,2079,2024-11-14,1945.86,16678.17,3084.14,1489.92,20218.25,Paid
2080,2080,2025-06-30,3948.6,20444.97,4390.84,0.0,28784.41,Paid
2081,2081,2024-03-09,1832.99,10079.62,2144.27,0.0,14056.88,Paid
2082,2082,2024-04-01,5743.87,58733.240000000005,11605.88,0.0,76082.99,Paid
2083,2083,2025-04-19,2063.94,4346.83,1119.32,192.32,7337.77,Paid
2084,2084,2025-06-19,3107.59,12960.199999999999,2747.59,803.39,18011.99,Paid
2085,2085,2024-07-20,4158.37,35009.229999999996,6838.66,1175.03,44831.23,Paid
2086,2086,2025-03-01,2971.39,0.0,508.11,148.57,3330.93,Pending
2087,2087,2025-05-29,2102.24,28693.87,5377.0,923.88,35249.23,Paid
2088,2088,2025-02-15,1490.99,71983.40999999999,12828.63,2204.23,84098.8,Paid
2089,2089,2025-07-04,2722.77,24451.04,4499.98,2173.9,29499.89,Paid
2090,2090,2025-10-02,2742.45,50458.490000000005,9576.17,0.0,62777.11,Paid
2091,2091,2024-01-29,3884.4,4045.53,1356.02,396.5,8889.45,Paid
2092,2092,2025-07-17,3054.77,8936.2,2093.62,359.73,13724.86,Paid
2093,2093,2024-08-30,3616.95,13473.890000000001,2922.53,854.54,19158.83,Partially Paid
2094,2094,2024-02-08,2608.49,10525.39,2364.1,0.0,15497.98,Paid
2095,2095,2024-08-13,1976.5,43204.08,7725.88,2259.03,50647.43,Paid
2096,2096,2024-09-22,2226.5,4292.9400000000005,1173.5,0.0,7692.94,Paid
2097,2097,2025-12-21,2301.93,525.49,483.49,141.37,3169.54,Paid
2098,2098,2025-07-06,7805.44,23790.92,5402.98,1579.82,35419.52,Paid
2099,2099,2024-10-15,2799.2,1260.87,708.89,121.8,4647.16,Paid
2100,2100,2024-06-28,2301.73,4717.98,1162.46,561.58,7620.59,Paid
2101,2101,2024-07-26,3134.2,30629.21,6077.41,0.0,39840.82,Partially Paid
2102,2102,2025-07-26,7863.08,0.0,1415.35,0.0,9278.43,Paid
2103,2103,2024-10-12,1511.2,5013.42,1174.43,0.0,7699.05,Pending
2104,2104,2025-04-22,2098.87,98853.72,18171.47,0.0,119124.06,Paid
2105,2105,2024-12-04,2335.83,20406.079999999998,3888.87,1137.1,25493.68,Paid
2106,2106,2025-01-06,3560.96,5334.99,1553.23,266.88,10182.3,Paid
2107,2107,2025-02-11,3640.22,8663.11,2103.87,615.17,13792.03,Paid
2108,2108,2024-02-02,2798.41,8583.3,2048.71,0.0,13430.42,Paid
2109,2109,2024-04-16,1716.65,33060.22,5946.85,1738.84,38984.88,Paid
2110,2110,2025-03-12,2152.01,1179.37,569.67,166.57,3734.48,Paid
2111,2111,2024-08-23,6970.39,8938.869999999999,2863.67,0.0,18772.93,Pending
2112,2112,2025-10-06,2675.84,2542.61,911.14,156.55,5973.04,Paid
2113,2113,2025-11-29,1592.28,34189.1,6247.43,1073.44,40955.37,Paid
2114,2114,2025-09-24,2901.81,19891.74,4102.84,0.0,26896.39,Paid
2115,2115,2024-12-28,3445.38,1234.35,842.35,0.0,5522.08,Paid
2116,2116,2024-06-30,1485.02,890.08,406.14,118.76,2662.48,Paid
2117,2117,2024-04-20,2243.98,18341.95,3705.47,0.0,24291.4,Paid
2118,2118,2025-05-13,8383.75,5179.200000000001,2319.26,678.15,15204.06,Paid
2119,2119,2025-02-11,2712.9,16032.75,3272.99,562.37,21456.27,Paid
2120,2120,2025-08-18,1821.76,24949.879999999997,4674.33,803.15,30642.82,Paid
2122,2122,2025-11-13,10489.26,461.7,1912.04,328.53,12534.47,Paid
2123,2123,2024-02-23,1720.27,1314.68,502.59,242.8,3294.74,Paid
2124,2124,2024-12-12,7017.36,7836.46,2540.0,742.69,16651.13,Paid
2125,2125,2025-08-20,2680.34,33706.09,6353.07,1091.59,41647.91,Paid
2126,2126,2025-07-21,2937.01,13399.82,2940.63,0.0,19277.46,Paid
2127,2127,2024-06-29,2008.69,4822.58,1192.74,204.94,7819.07,Pending
2128,2128,2025-10-18,2310.22,3787.15,1097.53,0.0,7194.9,Paid
2129,2129,2024-12-14,7211.42,21097.97,5095.69,0.0,33405.08,Paid
2130,2130,2024-11-11,8652.58,17382.37,4545.7,781.05,29799.6,Paid
2131,2131,2024-01-08,1625.94,60551.350000000006,10856.15,1865.32,71168.12,Paid
2132,2132,2024-01-18,8588.28,26252.77,6271.39,0.0,41112.44,Paid
2133,2133,2025-05-12,10965.48,11634.779999999999,3864.64,1130.01,25334.89,Paid
2134,2134,2026-01-02,3025.88,56792.270000000004,9905.89,4785.45,64938.59,Paid
2135,2135,2024-06-19,1839.17,15175.54,2817.64,1361.18,18471.17,Paid
2136,2136,2025-03-16,6447.9,15111.81,3880.75,0.0,25440.46,Pending
2137,2137,2024-07-18,9092.47,3595.82,2215.38,380.65,14523.02,Paid
2138,2138,2024-07-03,2939.77,0.0,513.28,88.19,3364.86,Paid
2139,2139,2025-10-01,2852.05,28562.71,5371.92,1570.74,35215.94,Paid
2140,2140,2024-05-17,3573.74,32267.78,6451.47,0.0,42292.99,Paid
2141,2141,2024-04-20,8321.56,8828.58,2994.42,514.5,19630.06,Paid
2142,2142,2024-07-23,3123.2,4273.39,1331.39,0.0,8727.98,Paid
2143,2143,2025-10-02,1583.9,62474.22,11530.46,0.0,75588.58,Paid
2144,2144,2025-08-01,3486.79,26010.1,5043.97,1474.84,33066.02,Paid
2145,2145,2025-04-25,2284.69,10609.08,2251.25,386.81,14758.21,Paid
2146,2146,2025-04-01,2668.9,23037.84,4257.04,2056.54,27907.24,Partially Paid
2147,2147,2024-06-01,2808.79,8748.19,1913.84,924.56,12546.26,Paid
2148,2148,2025-10-31,1711.5,22860.32,4422.93,0.0,28994.75,Paid
2149,2149,2024-05-23,2508.72,25226.63,4592.97,2218.83,30109.49,Paid
2150,2150,2024-02-13,2685.75,582.73,588.33,0.0,3856.81,Paid
2151,2151,2024-07-03,9402.92,0.0,1692.53,0.0,11095.45,Paid
2152,2152,2025-12-04,3893.19,40099.56,7681.13,1319.78,50354.1,Paid
2153,2153,2024-08-12,1985.43,18959.29,3468.45,1675.58,22737.59,Paid
2154,2154,2024-01-04,8441.03,47905.469999999994,9838.1,1690.39,64494.21,Paid
2155,2155,2025-06-22,2413.75,20509.21,3796.04,1833.84,24885.16,Pending
2156,2156,2025-04-04,2432.72,16294.5,3370.9,0.0,22098.12,Paid
2157,2157,2024-06-14,1614.88,47549.02,8584.02,1474.92,56273.0,Pending
2158,2158,2025-04-18,2883.09,14129.31,3062.23,0.0,20074.63,Paid
2159,2159,2025-01-10,7431.25,19915.63,4676.32,1367.34,30655.86,Paid
2160,2160,2024-08-30,4012.76,24444.230000000003,4968.59,853.71,32571.87,Paid
2161,2161,2025-08-23,1850.14,29217.53,5312.57,1553.38,34826.86,Paid
2162,2162,2025-12-08,1765.56,46999.69,8777.74,0.0,57542.99,Paid
2163,2163,2025-11-21,1568.82,2664.15,761.93,0.0,4994.9,Paid
2164,2164,2024-01-13,3602.39,45151.08,8512.36,1462.6,55803.23,Pending
2165,2165,2024-11-20,2238.07,5013.85,1266.18,217.56,8300.54,Paid
2166,2166,2024-02-29,3515.5,10897.98,2464.71,720.67,16157.52,Paid
2168,2168,2024-07-24,9846.65,64908.36,13052.22,2242.65,85564.58,Paid
2169,2169,2024-03-31,1483.68,7392.51,1597.71,0.0,10473.9,Paid
2170,2170,2024-05-23,9028.01,1054.11,1724.04,504.11,11302.05,Paid
2171,2171,2025-07-22,4109.12,11322.04,2638.73,771.56,17298.33,Paid
2172,2172,2025-11-26,1928.35,38248.189999999995,6870.19,2008.83,45037.9,Paid
2173,2173,2025-11-28,3411.19,20940.010000000002,4383.22,0.0,28734.42,Partially Paid
2174,2174,2024-03-17,10530.14,6902.099999999999,3137.8,0.0,20570.04,Paid
2175,2175,2025-05-11,3652.72,35264.57,6654.86,1945.86,43626.29,Paid
2176,2176,2025-10-06,1665.0,10776.72,2172.32,373.25,14240.79,Paid
2177,2177,2024-03-14,2316.2,2124.48,799.32,0.0,5240.0,Paid
2178,2178,2024-03-02,3112.73,7843.72,1972.16,0.0,12928.61,Paid
2179,2179,2024-07-06,7870.94,20763.45,5154.19,0.0,33788.58,Paid
2180,2180,2025-06-30,3639.22,27833.75,5665.13,0.0,37138.1,Paid
2181,2181,2024-06-08,9514.11,13496.19,3934.76,1150.52,25794.54,Paid
2182,2182,2025-09-13,2247.5,23970.870000000003,4341.76,2097.47,28462.66,Pending
2183,2183,2025-07-05,2983.58,1049.43,725.94,0.0,4758.95,Pending
2184,2184,2025-04-15,2901.48,17496.23,3561.44,611.93,23347.22,Paid
2185,2185,2024-06-20,1602.83,17936.45,3341.22,976.96,21903.54,Paid
2186,2186,2024-07-18,2708.42,4049.45,1155.6,337.89,7575.58,Paid
2187,2187,2024-03-21,1623.48,19157.440000000002,3628.35,623.43,23785.84,Paid
2188,2188,2025-10-22,4110.34,886.63,899.45,0.0,5896.42,Paid
2189,2189,2025-01-07,2926.53,7439.03,1772.51,518.28,11619.79,Paid
2190,2190,2025-07-14,3033.4,0.0,546.01,0.0,3579.41,Paid
2191,2191,2024-01-21,2302.84,15694.89,3239.59,0.0,21237.32,Paid
2192,2192,2025-10-27,2306.53,11628.53,2382.9,696.75,15621.21,Paid
2193,2193,2025-11-26,2949.01,29555.25,5675.24,975.13,37204.37,Paid
2194,2194,2024-05-11,1991.32,65097.92999999999,11713.78,2012.68,76790.35,Paid
2195,2195,2024-10-30,2183.46,18502.03,3611.69,620.56,23676.62,Partially Paid
2196,2196,2024-01-23,2210.92,14091.19,2846.35,489.06,18659.4,Paid
2197,2197,2025-08-30,3878.25,13233.32,2833.68,1368.93,18576.32,Paid
2198,2198,2025-10-05,2704.9,633.19,600.86,0.0,3938.95,Paid
2200,2200,2025-03-09,3164.97,0.0,569.69,0.0,3734.66,Paid
2201,2201,2024-03-10,3485.65,31203.799999999996,6244.1,0.0,40933.55,Paid
2202,2202,2025-08-08,9103.86,4849.950000000001,2436.34,418.61,15971.54,Paid
2203,2203,2025-04-16,1572.39,38467.24,6990.92,1201.19,45829.36,Paid
2204,2204,2024-08-30,2093.35,38843.240000000005,6779.1,3274.93,44440.76,Paid
2205,2205,2025-02-10,2666.41,4083.62,1215.01,0.0,7965.04,Paid
2206,2206,2025-02-03,2843.22,1456.1,773.88,0.0,5073.2,Paid
2207,2207,2025-09-01,3297.85,828.08,720.39,123.78,4722.54,Paid
2208,2208,2024-01-28,3645.78,53259.58,10242.96,0.0,67148.32,Paid
2209,2209,2025-11-16,1948.63,15957.91,3126.48,537.2,20495.82,Paid
2210,2210,2025-07-05,3214.22,7504.19,1929.31,0.0,12647.72,Paid
2211,2211,2025-03-06,6075.68,1046.34,1217.87,356.1,7983.79,Paid
2212,2212,2025-01-20,1654.23,20183.16,3812.81,655.12,24995.08,Paid
2213,2213,2025-06-06,8079.33,60149.13,11912.69,2046.85,78094.3,Paid
2214,2214,2025-03-31,1536.33,23282.06,4243.94,1240.92,27821.41,Paid
2215,2215,2025-09-02,10298.54,18308.86,5149.33,0.0,33756.73,Paid
2216,2216,2025-06-05,1942.97,47425.91,8175.49,3949.51,53594.86,Partially Paid
2217,2217,2024-05-29,8434.88,42598.58,8910.44,1531.0,58412.9,Paid
2218,2218,2024-03-19,2570.34,53884.59,9653.79,2822.75,63285.97,Paid
2219,2219,2025-05-07,3334.76,9589.72,2326.41,0.0,15250.89,Paid
2220,2220,2025-04-20,5915.19,6702.9,2157.69,630.9,14144.88,Paid
2221,2221,2025-04-15,2315.72,32826.53,6009.33,1757.11,39394.47,Paid
2222,2222,2025-10-29,2268.41,31060.88,5819.29,999.88,38148.7,Paid
2223,2223,2024-01-31,1993.08,44404.43,7933.97,2319.88,52011.6,Partially Paid
2224,2224,2025-03-22,3064.41,34703.61,6594.3,1133.04,43229.28,Paid
2225,2225,2024-06-01,2200.91,11046.57,2265.32,662.37,14850.43,Paid
2226,2226,2025-06-09,2788.34,7200.43,1654.14,799.1,10843.81,Paid
2227,2227,2024-04-05,3216.11,5542.77,1576.6,0.0,10335.48,Paid
2228,2228,2025-12-20,2179.66,22925.37,4383.34,753.15,28735.22,Paid
2229,2229,2024-02-16,1999.6,26136.41,4912.55,844.08,32204.48,Paid
2230,2230,2024-08-08,8626.49,2357.5299999999997,1977.12,0.0,12961.14,Pending
2231,2231,2024-07-12,2201.4,726.09,526.95,0.0,3454.44,Paid
2232,2232,2025-09-15,2209.72,12263.2,2474.87,723.65,16224.14,Paid
2233,2233,2025-08-04,1543.74,46633.009999999995,8671.81,0.0,56848.56,Paid
2234,2234,2024-05-23,2084.48,42645.06,8051.32,0.0,52780.86,Paid
2235,2235,2024-03-22,1973.26,4825.69,1223.81,0.0,8022.76,Paid
2236,2236,2025-06-17,6867.22,8832.49,2825.95,0.0,18525.66,Pending
2237,2237,2025-12-13,1679.24,20750.47,3835.48,1121.49,25143.7,Paid
2238,2238,2025-11-30,7020.75,1852.52,1597.19,0.0,10470.46,Paid
2239,2239,2024-08-01,3112.49,1236.8,782.87,0.0,5132.16,Pending
2240,2240,2024-03-20,2117.08,16810.42,3406.95,0.0,22334.45,Paid
2241,2241,2024-05-14,2504.13,37113.1,7131.1,0.0,46748.33,Paid
2242,2242,2025-08-14,1977.5,2568.98,777.45,227.32,5096.61,Paid
2243,2243,2025-01-24,7894.75,44026.520000000004,9345.83,0.0,61267.1,Pending
2244,2244,2024-01-10,3923.79,0.0,706.28,0.0,4630.07,Paid
2245,2245,2025-06-08,4030.55,30421.97,6015.41,1033.58,39434.35,Paid
2246,2246,2025-05-05,2025.77,9120.2,2006.27,0.0,13152.24,Paid
2247,2247,2025-09-18,9917.86,3007.04,2256.69,387.75,14793.84,Paid
2248,2248,2024-02-22,2811.03,41818.82,8033.37,0.0,52663.22,Paid
2249,2249,2025-08-16,3556.36,10990.61,2539.9,436.41,16650.46,Paid
2250,2250,2025-08-05,1892.1,11178.9,2282.2,392.13,14961.07,Paid
2251,2251,2024-08-08,1573.82,21255.57,4109.29,0.0,26938.68,Paid
2252,2252,2025-05-06,8810.17,9974.41,3212.16,939.23,21057.51,Paid
2253,2253,2025-02-10,3501.99,18261.33,3604.0,1741.07,23626.25,Paid
2254,2254,2025-01-16,4080.81,426.34,770.72,225.36,5052.51,Pending
2255,2255,2025-07-06,1957.44,13625.28,2804.89,0.0,18387.61,Paid
2256,2256,2025-01-10,2279.35,43598.5,8010.27,1376.34,52511.78,Paid
2257,2257,2025-01-13,7431.4,44249.229999999996,8837.39,2584.03,57933.99,Paid
2258,2258,2024-06-18,3122.57,22238.230000000003,4428.0,760.82,29027.98,Paid
2259,2259,2025-05-24,1876.87,9649.01,1908.69,922.07,12512.5,Paid
2260,2260,2025-10-08,7798.32,0.0,1361.59,233.95,8925.96,Paid
2261,2261,2024-05-28,6747.91,27867.7,6230.81,0.0,40846.42,Paid
2262,2262,2025-03-23,1838.98,30405.25,5513.76,1612.21,36145.78,Paid
2263,2263,2024-10-24,2682.11,22407.480000000003,4380.64,752.69,28717.54,Paid
2264,2264,2024-08-21,7842.23,17804.83,4616.47,0.0,30263.53,Paid
2265,2265,2024-06-25,2086.08,9860.29,2150.35,0.0,14096.72,Paid
2266,2266,2024-12-06,1896.77,56955.06,9745.86,4708.15,63889.54,Pending
2267,2267,2025-10-02,3563.57,15813.61,3487.89,0.0,22865.07,Paid
2268,2268,2024-11-24,6885.08,0.0,1177.35,344.25,7718.18,Paid
2269,2269,2025-08-18,3125.3,22011.989999999998,4524.71,0.0,29662.0,Paid
2270,2270,2024-10-03,3190.38,39551.030000000006,7308.78,2137.07,47913.12,Paid
2271,2271,2025-09-10,2302.17,28295.52,5232.21,1529.88,34300.02,Partially Paid
2272,2272,2025-04-01,2867.61,12423.099999999999,2669.76,458.72,17501.75,Paid
2273,2273,2024-07-26,7032.43,17038.32,4202.75,722.12,27551.38,Paid
2274,2274,2024-06-03,10705.55,0.0,1927.0,0.0,12632.55,Paid
2275,2275,2024-03-14,2827.9,34894.72,6586.37,1131.68,43177.31,Paid
2276,2276,2025-04-10,1800.87,30940.940000000002,5893.53,0.0,38635.34,Paid
2277,2277,2024-10-22,8394.26,2486.8500000000004,1899.84,326.43,12454.52,Pending
2278,2278,2024-01-03,2320.39,32567.45,6279.81,0.0,41167.65,Paid
2280,2280,2024-11-21,1551.54,50817.14,9426.36,0.0,61795.04,Pending
2281,2281,2025-11-18,1988.59,8091.19,1759.93,302.39,11537.32,Paid
2283,2283,2024-12-04,2651.16,25098.7,4994.97,0.0,32744.83,Paid
2284,2284,2025-03-27,2334.41,6405.21,1447.28,699.17,9487.73,Paid
2285,2285,2024-04-19,2239.96,18988.92,3821.2,0.0,25050.08,Paid
2286,2286,2024-08-17,3217.7,11622.84,2671.3,0.0,17511.84,Paid
2287,2287,2024-02-06,1804.16,51370.78999999999,9284.35,1595.25,60864.05,Partially Paid
2288,2288,2024-09-07,3007.78,2717.26,1030.51,0.0,6755.55,Paid
2289,2289,2024-01-04,2181.01,19289.21,3555.47,1717.62,23308.07,Paid
2290,2290,2025-06-21,3318.79,44018.75,8520.76,0.0,55858.3,Paid
2291,2291,2025-09-09,1875.6,11703.599999999999,2322.04,678.96,15222.28,Paid
2292,2292,2025-12-11,3802.43,63911.17,11579.03,3385.68,75906.95,Paid
2293,2293,2024-07-25,1928.12,11801.25,2273.58,1098.35,14904.6,Paid
2294,2294,2025-09-15,1762.02,25288.64,4869.12,0.0,31919.78,Paid
2295,2295,2025-12-13,2102.65,1230.68,570.0,166.67,3736.66,Partially Paid
2296,2296,2025-10-03,1571.25,38797.19,7048.33,1211.05,46205.72,Pending
2297,2297,2025-02-15,3375.49,36868.33,6664.38,3219.51,43688.69,Paid
2298,2298,2025-06-21,2810.06,18895.6,3907.02,0.0,25612.68,Paid
2299,2299,2025-08-24,1751.91,1283.59,530.0,91.06,3474.44,Paid
2300,2300,2025-04-28,2721.19,33933.78,6597.89,0.0,43252.86,Paid
2301,2301,2025-10-05,1856.9,1808.96,640.06,109.98,4195.94,Paid
2302,2302,2024-11-06,1920.55,15988.28,3126.88,537.26,20498.45,Paid
2303,2303,2025-10-27,1995.54,15346.41,3027.9,520.26,19849.59,Paid
2304,2304,2025-11-30,2366.34,36046.96,6361.24,3073.06,41701.48,Paid
2305,2305,2025-05-27,2710.8,36411.46000000001,7042.01,0.0,46164.27,Paid
2306,2306,2025-08-15,8092.53,32891.4,7377.11,0.0,48361.04,Paid
2307,2307,2024-07-24,2313.24,100786.45,18557.94,0.0,121657.63,Partially Paid
2308,2308,2024-06-01,2654.48,24026.52,4658.5,800.43,30539.07,Paid
2309,2309,2024-03-26,4116.53,3557.27,1270.78,613.9,8330.68,Paid
2310,2310,2025-07-02,2252.41,43984.299999999996,8322.61,0.0,54559.32,Partially Paid
2311,2311,2024-07-08,1900.21,53515.84999999999,9974.89,0.0,65390.95,Paid
2312,2312,2025-12-29,5690.35,21166.29,4689.17,805.7,30740.11,Pending
2313,2313,2024-03-04,2430.23,0.0,415.57,121.51,2724.29,Paid
2314,2314,2024-02-10,10935.65,21256.12,5330.96,2575.34,34947.39,Paid
2315,2315,2025-11-11,3471.89,30806.15,5861.55,1713.9,38425.69,Paid
2316,2316,2024-06-06,3096.44,3249.66,1108.03,190.38,7263.75,Paid
2317,2317,2025-06-17,2210.79,10941.53,2367.42,0.0,15519.74,Paid
2318,2318,2025-04-05,3249.45,40681.65,7907.6,0.0,51838.7,Paid
2319,2319,2025-01-23,6007.43,58225.899999999994,11215.14,1927.0,73521.47,Pending
2320,2320,2025-06-02,8554.7,24720.06,5689.98,1663.74,37301.0,Paid
2321,2321,2024-06-10,2519.07,9041.75,2018.52,346.82,13232.52,Pending
2322,2322,2024-06-23,3601.09,0.0,648.2,0.0,4249.29,Paid
2323,2323,2025-07-31,1948.22,0.0,333.15,97.41,2183.96,Partially Paid
2324,2324,2024-07-05,7998.91,25067.350000000002,5475.77,2645.3,35896.73,Paid
2325,2325,2025-01-08,2197.04,0.0,375.69,109.85,2462.88,Paid
2326,2326,2025-03-11,2292.6,20111.37,3911.73,672.12,25643.58,Paid
2327,2327,2025-05-28,3019.19,10661.78,2265.57,1094.48,14852.06,Pending
2328,2328,2025-09-30,1442.53,17136.53,3344.23,0.0,21923.29,Paid
2329,2329,2025-02-21,2056.34,59850.2,11143.18,0.0,73049.72,Paid
2330,2330,2024-12-19,2006.64,15717.08,3190.27,0.0,20913.99,Paid
2331,2331,2025-12-07,1944.5,3820.6800000000003,1006.6,172.96,6598.82,Paid
2332,2332,2025-08-23,2757.41,5367.17,1389.3,406.23,9107.65,Partially Paid
2333,2333,2025-07-26,2134.44,27713.260000000002,5372.59,0.0,35220.29,Paid
2334,2334,2025-11-06,3177.59,1676.99,873.82,0.0,5728.4,Paid
2335,2335,2024-04-12,2114.72,5068.01,1228.25,359.14,8051.84,Paid
2336,2336,2024-09-29,2074.89,1092.51,553.03,95.02,3625.41,Paid
2337,2337,2024-08-17,2230.79,36192.6,6916.21,0.0,45339.6,Partially Paid
2338,2338,2024-03-28,2537.28,20057.840000000004,4067.12,0.0,26662.24,Paid
2339,2339,2025-06-21,3705.94,21544.85,4545.14,0.0,29795.93,Partially Paid
2340,2340,2025-01-01,3742.46,0.0,639.96,187.12,4195.3,Paid
2341,2341,2025-12-04,2846.05,20868.809999999998,4055.24,1185.74,26584.36,Partially Paid
2342,2342,2025-09-27,2667.53,4876.509999999999,1290.03,377.2,8456.87,Paid
2343,2343,2024-05-08,3883.46,23667.030000000002,4959.09,0.0,32509.58,Paid
2344,2344,2024-01-30,1594.44,2534.44,720.9,123.87,4725.91,Paid
2345,2345,2025-08-23,2342.48,0.0,400.56,117.12,2625.92,Paid
2346,2346,2025-11-10,3652.55,30979.5,5922.08,1731.6,38822.53,Pending
2347,2347,2025-04-20,8707.98,31395.08,7218.55,0.0,47321.61,Paid
2348,2348,2025-03-18,3111.33,0.0,543.24,93.34,3561.23,Paid
2349,2349,2025-12-14,2728.76,3833.8599999999997,1145.83,196.88,7511.57,Paid
2350,2350,2025-02-14,2761.76,30213.04,5935.46,0.0,38910.26,Partially Paid
2351,2351,2025-06-13,1828.57,44074.4,8262.53,0.0,54165.5,Paid
2352,2352,2024-02-02,1754.76,17585.129999999997,3307.12,966.99,21680.02,Paid
2353,2353,2024-05-19,1485.3,742.75,401.05,0.0,2629.1,Paid
2354,2354,2024-10-16,1817.63,35769.42,6427.39,1879.35,42135.09,Pending
2355,2355,2024-04-03,1759.69,17573.91,3480.05,0.0,22813.65,Paid
2356,2356,2025-05-20,3615.99,0.0,650.88,0.0,4266.87,Paid
2357,2357,2025-04-30,2583.15,12225.7,2532.31,740.44,16600.72,Paid
2358,2358,2025-12-29,10139.69,24929.97,6123.16,1052.09,40140.73,Paid
2359,2359,2025-10-15,1873.98,22044.5,3960.9,1913.48,25965.9,Pending
2360,2360,2025-02-16,1907.44,29143.11,5589.1,0.0,36639.65,Paid
2361,2361,2025-06-17,1557.45,12450.97,2445.87,420.25,16034.04,Paid
2362,2362,2024-08-21,2805.88,14086.84,2888.65,844.64,18936.73,Paid
2363,2363,2025-12-05,2734.05,35762.22,6582.86,1924.81,43154.32,Paid
2364,2364,2025-12-09,1902.18,5105.98,1261.47,0.0,8269.63,Pending
2365,2365,2025-01-02,9622.81,16243.98,4516.34,776.0,29607.13,Paid
2366,2366,2024-07-07,2177.67,9757.33,2148.3,0.0,14083.3,Pending
2367,2367,2025-08-26,1626.75,35947.19,6425.14,1878.7,42120.38,Paid
2368,2368,2024-08-01,1467.9,26846.47,4841.76,1415.72,31740.41,Partially Paid
2369,2369,2025-06-24,1659.9,813.24,422.91,123.66,2772.39,Paid
2370,2370,2025-08-22,2448.43,2295.41,853.89,0.0,5597.73,Paid
2371,2371,2025-03-23,1592.06,47754.96,8438.34,2467.35,55318.01,Paid
2372,2372,2025-08-19,2102.92,2260.79,785.47,0.0,5149.18,Paid
2373,2373,2024-02-16,2926.18,27590.82,5218.41,1525.85,34209.56,Partially Paid
2374,2374,2025-05-08,2422.29,3952.8100000000004,1147.52,0.0,7522.62,Paid
2375,2375,2025-07-12,2178.51,17581.57,3272.27,1580.81,21451.54,Paid
2376,2376,2025-10-07,9021.93,8856.02,3218.03,0.0,21095.98,Partially Paid
2377,2377,2025-08-09,1845.07,14620.43,2963.79,0.0,19429.29,Paid
2378,2378,2025-01-15,1450.61,464.37,344.7,0.0,2259.68,Paid
2379,2379,2025-10-27,4115.09,15527.81,3429.65,589.29,22483.26,Paid
2380,2380,2025-02-04,2513.06,24565.62,4727.94,812.36,30994.26,Paid
2381,2381,2024-09-18,3821.22,14029.95,3213.21,0.0,21064.38,Paid
2382,2382,2025-10-04,2515.57,17478.260000000002,3598.89,0.0,23592.72,Paid
2383,2383,2025-10-29,6778.97,2668.22,1649.48,283.42,10813.25,Paid
2384,2384,2025-04-25,1631.78,3846.9800000000005,956.59,164.36,6270.99,Partially Paid
2385,2385,2024-12-08,2142.12,72434.99,13021.16,2237.31,85360.96,Partially Paid
2386,2386,2024-07-26,3459.84,14086.33,3063.56,526.39,20083.34,Pending
2387,2387,2025-09-16,9692.52,0.0,1744.65,0.0,11437.17,Paid
2388,2388,2024-05-02,1631.73,8193.09,1715.41,294.74,11245.49,Paid
2389,2389,2024-12-10,8976.75,8999.77,3073.98,898.83,20151.67,Pending
2390,2390,2025-07-04,10338.71,20391.46,5531.43,0.0,36261.6,Paid
2391,2391,2024-12-25,2669.71,0.0,480.55,0.0,3150.26,Paid
2392,2392,2024-08-17,3242.73,15880.08,3442.11,0.0,22564.92,Paid
2393,2393,2024-05-27,3396.12,10675.91,2406.32,703.6,15774.75,Paid
2394,2394,2025-09-13,1545.23,1217.31,497.26,0.0,3259.8,Pending
2395,2395,2025-10-06,2086.47,11049.5,2364.47,0.0,15500.44,Paid
2396,2396,2024-03-27,2023.63,19442.13,3863.84,0.0,25329.6,Paid
2397,2397,2025-06-01,1795.54,13662.39,2782.43,0.0,18240.36,Partially Paid
2398,2398,2025-05-18,7694.65,8254.98,2784.81,478.49,18255.95,Partially Paid
2399,2399,2024-04-12,2448.43,4831.39,1205.54,582.39,7902.97,Pending
2400,2400,2024-02-10,4030.19,72078.13,13699.5,0.0,89807.82,Partially Paid
2401,2401,2025-08-08,2021.31,13559.89,2804.62,0.0,18385.82,Paid
2402,2402,2025-03-19,3241.57,0.0,565.98,97.25,3710.3,Paid
2403,2403,2024-07-11,1624.79,22885.55,4191.27,1225.52,27476.09,Pending
2404,2404,2025-12-08,2102.02,4059.3,1109.04,0.0,7270.36,Partially Paid
2405,2405,2024-10-17,3222.68,0.0,551.08,161.13,3612.63,Paid
2406,2406,2025-01-23,2560.36,438.58,523.61,89.97,3432.58,Paid
2407,2407,2025-02-02,2263.71,14946.94,3097.92,0.0,20308.57,Paid
2408,2408,2025-10-21,2869.76,18218.15,3795.82,0.0,24883.73,Paid
2409,2409,2024-09-04,2879.19,52098.73,9599.14,1649.34,62927.72,Paid
2410,2410,2025-12-02,1748.13,4336.46,1095.23,0.0,7179.82,Partially Paid
2411,2411,2024-06-17,10149.7,25238.68,6051.41,1769.42,39670.37,Paid
2412,2412,2025-08-26,7815.61,0.0,1336.47,390.78,8761.3,Partially Paid
2414,2414,2025-01-22,7485.94,32173.63,6781.79,1982.98,44458.38,Paid
2415,2415,2025-02-21,2780.27,0.0,500.45,0.0,3280.72,Paid
2416,2416,2025-07-01,2484.83,2739.35,912.14,156.73,5979.59,Paid
2417,2417,2024-02-05,6263.69,24645.04,5396.66,927.26,35378.13,Paid
2418,2418,2025-06-06,2978.44,14270.509999999998,3011.67,517.47,19743.15,Paid
2419,2419,2024-11-06,2056.55,16922.870000000003,3416.3,0.0,22395.72,Paid
2420,2420,2024-02-10,2443.83,42311.14,7653.1,2237.75,50170.32,Pending
2421,2421,2025-10-01,3117.67,73830.19,13435.1,2308.44,88074.52,Paid
2422,2422,2024-12-13,3657.92,0.0,658.43,0.0,4316.35,Paid
2423,2423,2025-06-20,2345.92,0.0,409.6,70.38,2685.14,Pending
2424,2424,2024-01-10,3397.97,3133.0299999999997,1116.8,326.55,7321.25,Paid
2425,2425,2024-03-29,1508.73,3998.2799999999997,961.52,165.21,6303.32,Paid
2426,2426,2024-01-15,3304.28,1252.89,795.68,136.72,5216.13,Partially Paid
2427,2427,2024-11-12,2608.89,2789.63,942.58,161.96,6179.14,Paid
2428,2428,2025-01-29,8352.68,36214.21,8022.04,0.0,52588.93,Paid
2429,2429,2025-04-27,2052.95,5458.61,1243.92,600.92,8154.56,Paid
2430,2430,2025-04-09,2020.26,2754.9,816.55,238.76,5352.95,Paid
2431,2431,2024-09-11,8662.93,18592.23,4758.75,817.65,31196.26,Paid
2432,2432,2024-05-03,2314.35,19637.660000000003,3951.36,0.0,25903.37,Paid
2433,2433,2024-07-28,2715.12,10403.99,2361.44,0.0,15480.55,Paid
2434,2434,2024-12-16,3216.34,32998.310000000005,6518.64,0.0,42733.29,Paid
2435,2435,2024-03-04,2198.82,13509.119999999999,2827.43,0.0,18535.37,Paid
2436,2436,2025-08-05,2255.71,23945.49,4574.73,786.04,29989.89,Paid
2438,2438,2024-08-06,2022.99,29745.92,5718.4,0.0,37487.31,Paid
2439,2439,2024-05-16,2700.01,19068.22,3918.28,0.0,25686.51,Paid
2440,2440,2024-04-05,2160.66,12948.25,2583.62,755.45,16937.08,Paid
2441,2441,2025-04-23,2207.2,474.28,482.67,0.0,3164.15,Paid
2442,2442,2025-01-12,2693.32,39790.7,7417.71,1274.52,48627.21,Paid
2443,2443,2024-04-01,2070.67,12607.96,2642.15,0.0,17320.78,Paid
2444,2444,2025-03-01,7760.45,11015.25,3210.64,938.79,21047.55,Paid
2445,2445,2024-11-02,2516.27,12944.85,2783.0,0.0,18244.12,Paid
2446,2446,2025-12-31,7927.29,17494.98,4209.93,2033.78,27598.42,Paid
2447,2447,2024-11-23,2137.29,0.0,384.71,0.0,2522.0,Partially Paid
2448,2448,2025-07-08,6810.04,0.0,1164.52,340.5,7634.06,Paid
2449,2449,2024-05-26,3145.05,7391.55,1896.59,0.0,12433.19,Paid
2450,2450,2024-10-02,2649.66,0.0,476.94,0.0,3126.6,Paid
2451,2451,2025-07-05,3947.07,14084.59,3148.33,540.95,20639.04,Pending
2452,2452,2025-10-18,4146.2,22650.309999999998,4678.67,803.9,30671.28,Paid
2453,2453,2025-11-07,2304.45,40044.84,7394.19,1270.48,48473.0,Paid
2454,2454,2024-04-22,6426.57,17581.87,4191.87,720.25,27480.06,Paid
2455,2455,2024-10-17,2353.07,11606.97,2512.81,0.0,16472.85,Paid
2456,2456,2025-04-05,1831.59,2544.06,748.24,218.78,4905.11,Paid
2457,2457,2025-10-12,8296.49,0.0,1493.37,0.0,9789.86,Paid
2458,2458,2024-10-25,2174.72,2885.45,910.83,0.0,5971.0,Pending
2459,2459,2025-09-13,3144.54,22929.469999999998,4693.32,0.0,30767.33,Paid
2460,2460,2025-07-26,2105.9,14154.880000000001,2780.59,813.04,18228.33,Paid
2461,2461,2025-12-21,3777.38,58512.47,11212.17,0.0,73502.02,Paid
2462,2462,2024-10-15,3387.09,28779.25,5616.24,964.99,36817.59,Paid
2463,2463,2025-03-03,8688.3,1891.19,1904.31,0.0,12483.8,Pending
2464,2464,2025-12-07,2559.32,0.0,437.64,127.97,2868.99,Paid
2465,2465,2025-11-11,3693.85,13477.490000000002,2998.12,515.14,19654.32,Paid
2466,2466,2025-12-16,3226.25,8854.94,2065.88,604.06,13543.01,Pending
2467,2467,2024-11-25,2634.92,15101.06,3032.85,886.8,19882.03,Paid
2468,2468,2024-08-29,2132.52,8130.6900000000005,1699.59,821.06,11141.74,Paid
2469,2469,2025-10-14,2939.53,9895.02,2310.22,0.0,15144.77,Paid
2470,2470,2024-02-16,8741.43,28756.29,6412.11,1874.89,42034.94,Paid
2471,2471,2025-12-24,3013.98,16440.64,3501.83,0.0,22956.45,Paid
2472,2472,2025-07-12,8532.96,0.0,1535.93,0.0,10068.89,Paid
2473,2473,2024-12-19,1731.53,9633.64,2045.73,0.0,13410.9,Paid
2474,2474,2025-01-04,2119.82,21096.78,4053.62,696.5,26573.72,Paid
2475,2475,2025-10-17,3125.15,1212.4,757.34,130.13,4964.76,Paid
2476,2476,2025-06-13,2584.18,7761.1900000000005,1713.19,827.63,11230.93,Paid
2477,2477,2024-05-19,2664.45,16810.800000000003,3505.55,0.0,22980.8,Paid
2478,2478,2024-06-24,1951.54,20427.25,3705.93,1790.3,24294.42,Paid
2479,2479,2024-06-25,2142.28,20347.37,3926.69,674.69,25741.65,Paid
2480,2480,2025-12-22,2753.31,36026.33,6421.91,3102.37,42099.18,Paid
2481,2481,2025-01-19,1833.76,64541.740000000005,11589.16,1991.26,75973.4,Paid
2482,2482,2025-11-24,2947.87,0.0,530.62,0.0,3478.49,Paid
2483,2483,2025-02-06,1650.18,31261.18,5627.84,1645.57,36893.63,Paid
2484,2484,2024-08-26,2798.02,13286.310000000001,2895.18,0.0,18979.51,Pending
2485,2485,2024-06-20,1803.57,14974.99,2929.54,503.36,19204.74,Pending
2486,2486,2025-11-01,10005.07,15325.99,4331.61,1266.55,28396.12,Paid
2487,2487,2025-12-24,2575.4,27821.78,5307.35,911.92,34792.61,Paid
2488,2488,2024-06-21,3317.51,8045.07,1943.0,568.13,12737.45,Paid
2489,2489,2024-06-01,2010.66,36532.64000000001,6937.79,0.0,45481.09,Paid
2490,2490,2025-06-23,1457.68,24174.19,4613.74,0.0,30245.61,Paid
2491,2491,2024-05-08,10875.8,48181.79,10098.85,2952.88,66203.56,Paid
2492,2492,2024-05-02,2009.14,60181.82000000001,11194.37,0.0,73385.33,Paid
2493,2493,2024-06-24,3738.6,19161.38,3915.9,1145.0,25670.88,Partially Paid
2494,2494,2025-09-16,2771.7,17511.059999999998,3358.83,1622.62,22018.97,Paid
2495,2495,2024-01-22,2756.83,53663.62,9851.01,1692.61,64578.85,Paid
2496,2496,2025-11-03,7338.72,48520.86,10054.72,0.0,65914.3,Paid
2497,2497,2025-06-04,10045.99,2688.86,2292.27,0.0,15027.12,Paid
2498,2498,2024-11-09,3605.53,14093.02,3090.17,530.96,20257.76,Paid
2499,2499,2025-12-17,2294.16,3529.16,995.79,291.17,6527.94,Pending
2500,2500,2025-06-19,1596.12,9816.230000000001,1889.88,912.99,12389.24,Paid
2501,2501,2024-06-14,2230.53,10928.7,2297.6,394.78,15062.05,Paid
2502,2502,2025-12-12,3155.35,759.38,683.51,117.44,4480.8,Paid
2503,2503,2025-12-27,2676.28,18782.870000000003,3746.77,643.77,24562.15,Paid
2504,2504,2025-07-04,11006.02,0.0,1921.65,330.18,12597.49,Paid
2505,2505,2025-01-26,9711.49,980.11,1866.75,320.75,12237.6,Pending
2506,2506,2024-06-14,3540.69,0.0,618.2,106.22,4052.67,Paid
2507,2507,2025-01-25,9714.76,47840.44,10359.94,0.0,67915.14,Paid
2508,2508,2025-06-18,7732.4,4664.740000000001,2119.91,619.86,13897.19,Paid
2509,2509,2024-04-20,3586.78,9756.76,2281.74,667.18,14958.1,Paid
2510,2510,2024-11-29,1470.15,21801.35,3853.76,1861.72,25263.54,Paid
2511,2511,2024-02-02,3455.73,29464.879999999997,5747.94,987.62,37680.93,Paid
2512,2512,2025-06-28,1751.54,29697.59,5491.02,943.47,35996.68,Paid
2513,2513,2024-07-17,2920.16,9248.94,2190.44,0.0,14359.54,Paid
2514,2514,2024-08-25,2531.36,1701.27,761.87,0.0,4994.5,Paid
2515,2515,2025-03-20,3988.45,23425.07,4934.43,0.0,32347.95,Paid
2516,2516,2024-04-09,2632.06,47139.29,8958.84,0.0,58730.19,Paid
2517,2517,2025-05-15,1638.76,15412.640000000001,2915.79,852.57,19114.62,Paid
2518,2518,2025-06-03,2061.56,17435.760000000002,3509.52,0.0,23006.84,Paid
2519,2519,2024-04-15,3407.67,0.0,594.98,102.23,3900.42,Paid
2520,2520,2024-09-08,1578.63,18389.66,3594.29,0.0,23562.58,Paid
2521,2521,2025-02-16,3186.77,19696.99,3913.12,1144.19,25652.69,Pending
2522,2522,2025-03-09,3031.97,15617.09,3188.99,932.45,20905.6,Paid
2523,2523,2024-06-28,8688.5,11229.119999999999,3585.17,0.0,23502.79,Paid
2524,2524,2025-04-06,2836.34,22563.53,4206.22,2031.99,27574.1,Paid
2525,2525,2024-05-16,2259.41,2497.66,856.27,0.0,5613.34,Paid
2526,2526,2025-08-31,1825.04,40894.89,7458.9,1281.6,48897.23,Paid
2527,2527,2024-12-06,3167.71,1182.86,743.95,217.53,4876.99,Partially Paid
2528,2528,2024-05-12,7544.68,10613.68,3170.45,544.75,20784.06,Paid
2529,2529,2024-03-26,1590.47,21564.190000000002,4042.8,694.64,26502.82,Paid
2530,2530,2024-06-26,2155.5,14119.759999999998,2841.66,488.26,18628.66,Paid
2531,2531,2025-04-01,2061.1,22723.08,4327.32,743.53,28367.97,Partially Paid
2532,2532,2024-05-18,2298.43,5413.83,1388.21,0.0,9100.47,Paid
2533,2533,2025-11-28,6966.54,8229.86,2598.58,759.82,17035.16,Paid
2534,2534,2024-02-06,2682.6,11472.66,2547.95,0.0,16703.21,Paid
2536,2536,2025-02-22,1797.48,18116.0,3297.67,1593.08,21618.07,Paid
2538,2538,2024-02-12,3343.67,1055.52,728.51,351.94,4775.76,Partially Paid
2539,2539,2024-04-12,3488.61,19954.32,4219.73,0.0,27662.66,Paid
2540,2540,2025-05-13,2250.23,0.0,405.04,0.0,2655.27,Pending
2541,2541,2025-09-18,1761.86,4379.4,1072.26,184.24,7029.28,Paid
2542,2542,2024-06-09,3040.72,30440.54,6026.63,0.0,39507.89,Paid
2543,2543,2025-04-16,6918.01,25208.18,5782.71,0.0,37908.9,Partially Paid
2544,2544,2025-02-19,2316.73,19960.2,3809.35,1113.85,24972.43,Paid
2545,2545,2025-08-21,3429.6,11271.56,2434.51,1176.09,15959.58,Paid
2546,2546,2024-07-21,2012.42,23607.399999999998,4473.22,768.59,29324.45,Paid
2547,2547,2024-07-06,7319.25,5382.8,2172.05,635.1,14239.0,Paid
2548,2548,2024-06-07,2667.58,1344.05,722.09,0.0,4733.72,Pending
2550,2550,2025-06-01,1475.35,34116.38,6214.32,1067.75,40738.3,Paid
2551,2551,2025-06-23,3966.79,16511.14,3686.03,0.0,24163.96,Paid
2552,2552,2024-12-06,2292.25,34303.62,6060.28,2927.67,39728.48,Pending
2553,2553,2025-04-15,1562.09,13530.76,2580.88,754.64,16919.09,Pending
2554,2554,2025-09-20,1596.71,35498.340000000004,6677.11,0.0,43772.16,Paid
2555,2555,2025-12-02,1826.21,57487.22,10676.42,0.0,69989.85,Paid
2556,2556,2024-01-10,2747.2,16007.36,3274.55,562.64,21466.47,Paid
2557,2557,2025-10-28,1922.33,34844.880000000005,6618.1,0.0,43385.31,Paid
2559,2559,2024-06-23,2208.57,13888.38,2897.45,0.0,18994.4,Pending
2560,2560,2024-01-26,3279.14,26234.98,4887.54,2361.13,32040.53,Paid
2561,2561,2024-02-15,4034.03,6207.12,1843.41,0.0,12084.56,Paid
2562,2562,2025-03-30,2013.76,12688.080000000002,2514.02,735.09,16480.77,Paid
2563,2563,2025-12-14,2523.75,86096.87999999999,15154.13,4431.03,99343.73,Partially Paid
2564,2564,2024-08-07,6976.96,2520.3,1658.22,284.92,10870.56,Paid
2565,2565,2025-10-05,1847.48,11728.560000000001,2443.69,0.0,16019.73,Paid
2566,2566,2024-06-08,7467.81,35891.119999999995,7804.61,0.0,51163.54,Paid
2567,2567,2024-06-18,2865.66,26793.51,5338.65,0.0,34997.82,Paid
2568,2568,2024-11-10,2803.52,6476.99,1670.49,0.0,10951.0,Paid
2569,2569,2024-02-10,2566.16,16335.63,3300.25,567.05,21634.99,Pending
2570,2570,2025-09-13,3171.99,12615.779999999999,2841.8,0.0,18629.57,Paid
2571,2571,2024-01-11,1879.01,10885.99,2228.77,382.95,14610.82,Partially Paid
2572,2572,2025-06-15,1468.96,31435.78,5745.17,987.14,37662.77,Partially Paid
2573,2573,2024-02-10,9023.71,16126.17,4300.63,1257.49,28193.02,Paid
2574,2574,2024-02-02,4031.63,60227.509999999995,10988.31,3212.96,72034.49,Partially Paid
2575,2575,2025-12-14,3450.63,7127.61,1904.08,0.0,12482.32,Paid
2576,2576,2025-05-24,1680.69,11065.36,2225.46,382.38,14589.13,Paid
2577,2577,2024-01-12,3469.39,22207.1,4621.77,0.0,30298.26,Paid
2578,2578,2025-08-02,2118.09,803.2,525.83,0.0,3447.12,Paid
2579,2579,2025-01-28,3805.99,22101.08,4663.27,0.0,30570.34,Paid
2580,2580,2025-09-12,2538.5,15011.5,3064.23,526.5,20087.73,Paid
2581,2581,2025-12-14,6424.8,0.0,1156.46,0.0,7581.26,Paid
2582,2582,2024-06-21,1773.23,2269.44,727.68,0.0,4770.35,Paid
2583,2583,2025-02-02,6301.96,2309.15,1550.0,0.0,10161.11,Partially Paid
2584,2584,2024-02-01,9567.3,35104.31,7638.85,2233.58,50076.88,Paid
2585,2585,2025-09-17,1521.33,54968.86,10168.23,0.0,66658.42,Paid
2586,2586,2025-06-30,2086.5,787.19,475.88,229.9,3119.67,Paid
2587,2587,2025-09-15,2772.92,16044.279999999999,3387.1,0.0,22204.3,Paid
2588,2588,2025-01-22,5734.52,4905.07,1857.67,319.19,12178.07,Partially Paid
2589,2589,2024-08-26,3190.66,29490.49,5412.0,2614.49,35478.66,Paid
2590,2590,2024-04-25,2974.92,1531.52,811.16,0.0,5317.6,Pending
2591,2591,2025-07-15,1676.29,2546.47,722.09,211.14,4733.71,Partially Paid
2592,2592,2025-07-13,1855.3,10421.41,2209.81,0.0,14486.52,Paid
2593,2593,2025-08-11,2237.55,7991.25,1841.18,0.0,12069.98,Pending
2594,2594,2025-03-22,2865.05,1232.4,737.54,0.0,4834.99,Paid
2595,2595,2024-09-22,2395.01,12669.5,2711.61,0.0,17776.12,Paid
2597,2597,2025-09-17,2517.38,21970.879999999997,4275.65,734.65,28029.26,Paid
2598,2598,2024-12-03,2722.55,18883.38,3889.07,0.0,25495.0,Paid
2599,2599,2024-10-29,2694.1,18983.7,3706.9,1083.89,24300.81,Paid
2600,2600,2025-04-16,2350.56,1496.51,657.85,192.35,4312.57,Paid
2601,2601,2025-11-26,5702.37,0.0,995.63,171.07,6526.93,Pending
2602,2602,2024-01-22,9210.6,11354.94,3701.8,0.0,24267.34,Paid
2603,2603,2025-06-04,2600.44,37118.38,6934.91,1191.56,45462.17,Paid
2604,2604,2024-07-10,2390.39,12483.48,2463.11,1189.91,16147.07,Paid
2605,2605,2025-05-11,2157.4,3340.65,989.65,0.0,6487.7,Partially Paid
2606,2606,2025-02-15,1927.52,4924.22,1233.31,0.0,8085.05,Paid
2607,2607,2025-04-17,3695.76,9620.22,2324.97,399.48,15241.47,Paid
2608,2608,2024-06-07,7160.97,15127.230000000001,3891.52,668.65,25511.07,Paid
2609,2609,2025-06-15,7437.75,34115.87,7105.67,2077.68,46581.61,Paid
2610,2610,2024-08-18,2105.68,27010.98,4978.95,1455.83,32639.78,Paid
2611,2611,2025-11-14,1449.28,1691.21,565.29,0.0,3705.78,Paid
2612,2612,2025-06-15,1862.96,13265.04,2586.89,756.4,16958.49,Paid
2613,2613,2024-07-03,9381.1,4775.85,2548.25,0.0,16705.2,Paid
2614,2614,2025-02-13,2899.98,19714.46,3948.48,678.43,25884.49,Partially Paid
2615,2615,2025-04-17,1783.23,8001.72,1761.29,0.0,11546.24,Paid
2616,2616,2025-05-29,1679.63,18124.88,3457.87,594.14,22668.24,Paid
2617,2617,2025-06-14,8660.41,1824.78,1792.97,524.26,11753.9,Paid
2618,2618,2024-02-11,1539.19,37324.729999999996,6645.73,1943.2,43566.45,Pending
2619,2619,2025-11-07,3774.87,28386.64,5325.95,2572.92,34914.54,Paid
2620,2620,2024-03-07,8649.61,11116.79,3557.95,0.0,23324.35,Paid
2621,2621,2025-02-26,1864.57,5331.33,1295.26,0.0,8491.16,Paid
2622,2622,2024-10-14,1613.51,11948.31,2245.84,1084.95,14722.71,Paid
2623,2623,2025-10-17,2716.3,10844.42,2367.7,406.82,15521.6,Paid
2624,2624,2025-06-16,6085.44,17931.45,4323.04,0.0,28339.93,Paid
2625,2625,2024-11-08,3364.91,4518.63,1376.47,236.51,9023.5,Paid
2626,2626,2025-09-23,3330.06,10067.45,2290.97,669.88,15018.6,Partially Paid
2627,2627,2024-02-17,10497.35,7455.35,3231.49,0.0,21184.19,Paid
2628,2628,2024-09-03,7421.92,46981.5,9302.98,2720.17,60986.23,Pending
2629,2629,2024-05-14,11033.32,0.0,1886.7,551.67,12368.35,Paid
2630,2630,2024-04-14,3154.98,1775.52,860.86,147.92,5643.44,Paid
2631,2631,2024-03-12,1562.95,682.39,392.04,67.36,2570.02,Paid
2632,2632,2025-10-06,3768.8,29633.010000000002,5831.96,1002.05,38231.72,Paid
2633,2633,2025-05-30,1971.4,1593.5,609.6,178.24,3996.26,Pending
2634,2634,2025-12-20,9656.56,21584.48,5342.22,1562.05,35021.21,Paid
2635,2635,2025-02-04,2201.93,10364.32,2261.92,0.0,14828.17,Paid
2636,2636,2025-04-06,1848.1,9641.68,1964.75,574.49,12880.04,Paid
2637,2637,2025-04-12,2245.48,54463.729999999996,10207.66,0.0,66916.87,Paid
2638,2638,2025-01-31,2755.54,12246.18,2484.28,1200.14,16285.86,Paid
2639,2639,2024-09-29,1594.86,8579.94,1739.89,508.74,11405.95,Partially Paid
2640,2640,2024-12-18,1881.26,8862.03,1933.79,0.0,12677.08,Paid
2641,2641,2025-10-08,3607.77,2122.83,979.93,286.53,6424.0,Paid
2642,2642,2024-06-30,9070.49,15789.34,4474.77,0.0,29334.6,Paid
2643,2643,2024-03-04,3581.44,11400.68,2561.94,749.11,16794.95,Pending
2644,2644,2025-04-14,3223.77,4149.87,1327.26,0.0,8700.9,Pending
2645,2645,2025-07-17,1876.79,525.71,410.83,120.12,2693.21,Paid
2646,2646,2025-05-30,2251.67,0.0,405.3,0.0,2656.97,Partially Paid
2647,2647,2025-03-02,3328.63,5615.3099999999995,1609.91,0.0,10553.85,Paid
2648,2648,2025-01-26,1839.12,19282.629999999997,3687.86,633.65,24175.96,Paid
2649,2649,2025-05-16,2159.49,17822.74,3488.9,599.47,22871.66,Pending
2650,2650,2024-08-04,1893.71,18955.86,3752.92,0.0,24602.49,Paid
2651,2651,2025-04-06,2512.39,19473.73,3957.5,0.0,25943.62,Paid
2652,2652,2024-04-07,3664.45,60453.950000000004,11195.07,1923.55,73389.92,Paid
2653,2653,2024-08-10,1705.22,35855.83,6760.99,0.0,44322.04,Partially Paid
2654,2654,2024-03-07,1805.67,6899.97,1567.02,0.0,10272.66,Paid
2655,2655,2025-07-24,7185.16,16966.09,4216.81,724.54,27643.52,Pending
2656,2656,2024-03-17,4130.06,14725.150000000001,3224.24,942.76,21136.69,Paid
2657,2657,2025-12-26,3101.84,67177.37,12017.74,3513.96,78782.99,Paid
2658,2658,2024-03-09,3074.11,0.0,536.74,92.22,3518.63,Paid
2659,2659,2024-09-01,1753.01,84289.77,15487.7,0.0,101530.48,Paid
2660,2660,2024-03-10,2020.32,36596.89,6951.1,0.0,45568.31,Paid
2661,2661,2024-09-04,4067.06,0.0,732.07,0.0,4799.13,Paid
2662,2662,2025-07-27,1597.2,21367.1,3802.89,1837.14,24930.05,Paid
2663,2663,2024-10-12,2087.67,38637.479999999996,7330.53,0.0,48055.68,Paid
2664,2664,2025-06-30,7805.33,13088.130000000001,3760.82,0.0,24654.28,Paid
2665,2665,2025-01-31,1497.4,13537.16,2625.03,451.04,17208.55,Paid
2666,2666,2024-06-10,2600.43,691.03,574.69,98.74,3767.41,Paid
2667,2667,2024-06-24,2317.12,10491.550000000001,2236.39,384.26,14660.8,Paid
2668,2668,2024-10-12,2255.1,14263.59,2973.36,0.0,19492.05,Paid
2669,2669,2025-12-31,8386.82,0.0,1434.15,419.34,9401.63,Paid
2670,2670,2025-04-06,2068.95,5325.88,1331.07,0.0,8725.9,Paid
2671,2671,2025-05-01,2033.73,20377.37,3912.98,672.33,25651.75,Pending
2672,2672,2024-06-23,3955.45,3320.67,1270.41,218.28,8328.25,Paid
2673,2673,2025-04-15,2583.12,15433.26,3080.8,900.82,20196.36,Paid
2674,2674,2024-02-02,2080.5,7427.85,1660.16,285.25,10883.26,Paid
2675,2675,2025-12-15,3325.9,28664.9,5585.59,959.72,36616.67,Paid
2676,2676,2025-03-24,2122.37,661.43,486.05,83.51,3186.34,Paid
2677,2677,2024-08-10,9531.19,10548.949999999999,3433.7,1004.01,22509.83,Paid
2678,2678,2024-08-21,1762.4,0.0,317.23,0.0,2079.63,Pending
2679,2679,2025-10-17,2157.24,40112.72,7380.33,1268.1,48382.19,Paid
2680,2680,2025-12-09,3219.4,13182.330000000002,2952.31,0.0,19354.04,Paid
2681,2681,2025-04-05,6940.1,7155.17,2461.03,422.86,16133.44,Paid
2682,2682,2024-04-30,2670.45,29318.199999999997,5470.06,1599.43,35859.28,Paid
2683,2683,2025-05-13,2509.13,12393.51,2682.48,0.0,17585.12,Paid
2684,2684,2024-06-05,1442.15,21093.52,3853.6,1126.78,25262.49,Paid
2685,2685,2024-10-25,2171.71,25302.82,4797.05,824.24,31447.34,Paid
2686,2686,2024-06-04,6741.87,39592.5,7923.18,2316.72,51940.83,Pending
2687,2687,2025-02-10,9141.65,7401.05,2977.69,0.0,19520.39,Paid
2688,2688,2024-04-25,2271.56,10669.98,2259.59,388.25,14812.88,Paid
2689,2689,2024-04-27,7138.33,11992.84,3443.61,0.0,22574.78,Pending
2690,2690,2024-11-18,2166.17,11370.81,2314.82,676.85,15174.95,Partially Paid
2691,2691,2024-07-13,2772.25,24887.13,4729.75,1382.97,31006.16,Paid
2692,2692,2025-03-13,2150.11,33654.29,6251.45,1074.13,40981.72,Paid
2693,2693,2024-10-04,2717.4,8479.39,1914.65,559.84,12551.6,Paid
2694,2694,2024-03-25,1860.43,1589.41,571.29,275.99,3745.14,Paid
2695,2695,2024-01-27,2438.68,13240.24,2681.09,783.95,17576.06,Paid
2696,2696,2024-06-13,1969.02,15897.960000000001,3119.57,536.01,20450.54,Paid
2697,2697,2025-01-28,8528.2,15147.500000000002,4048.54,1183.79,26540.45,Paid
2698,2698,2025-10-20,1827.89,22077.8,4303.02,0.0,28208.71,Paid
2699,2699,2025-03-18,6302.04,53054.2,9829.39,4748.5,64437.13,Paid
2700,2700,2025-12-29,2794.07,9859.72,2277.68,0.0,14931.47,Paid
2701,2701,2024-04-29,2697.63,3723.26,1155.76,0.0,7576.65,Paid
2703,2703,2024-12-25,7260.71,573.22,1339.6,391.7,8781.83,Paid
2704,2704,2025-05-08,2755.45,22594.86,4563.06,0.0,29913.37,Paid
2705,2705,2025-05-21,1768.44,46399.51,8236.72,2408.4,53996.27,Paid
2706,2706,2025-06-04,2640.55,48030.25,8664.71,2533.54,56801.97,Paid
2707,2707,2024-07-29,8611.16,7078.59,2739.43,470.69,17958.49,Paid
2708,2708,2024-11-25,1701.32,39288.73,7009.3,2049.5,45949.85,Paid
2709,2709,2025-03-15,6988.98,26020.449999999997,5644.61,1650.47,37003.57,Paid
2710,2710,2024-05-20,1571.45,13412.83,2562.31,749.21,16797.38,Paid
2711,2711,2024-12-18,2085.14,4938.89,1264.33,0.0,8288.36,Paid
2712,2712,2024-03-08,9282.98,40717.03999999999,9000.0,0.0,59000.02,Paid
2713,2713,2025-07-29,2102.14,14883.32,2904.51,849.27,19040.7,Paid
2714,2714,2025-05-22,1564.48,13698.07,2609.9,763.13,17109.32,Paid
2715,2715,2024-12-14,7767.97,15104.92,4117.12,0.0,26990.01,Paid
2716,2716,2024-04-11,2573.87,38916.03,7468.18,0.0,48958.08,Paid
2717,2717,2025-06-28,1883.16,0.0,338.97,0.0,2222.13,Paid
2718,2718,2025-01-02,1704.06,1133.16,510.7,0.0,3347.92,Paid
2719,2719,2024-08-19,1767.08,38992.159999999996,7336.66,0.0,48095.9,Paid
2720,2720,2024-02-10,2259.15,17702.23,3305.6,1596.91,21670.07,Partially Paid
2721,2721,2025-08-22,3219.92,46855.86,8292.55,4006.06,54362.27,Paid
2722,2722,2024-07-26,1643.0,22836.73,4274.16,734.39,28019.5,Paid
2723,2723,2024-02-23,2074.43,36697.66,6769.61,1163.16,44378.54,Paid
2724,2724,2024-12-03,3361.02,24582.52,4878.94,838.31,31984.17,Paid
2725,2725,2024-04-11,1966.97,65556.63,11789.62,2025.71,77287.51,Pending
2726,2726,2025-08-12,3191.51,12417.71,2809.66,0.0,18418.88,Partially Paid
2727,2727,2025-03-04,1551.17,21204.31,4095.99,0.0,26851.47,Pending
2728,2728,2024-03-26,2107.38,16683.88,3280.95,563.74,21508.47,Paid
2729,2729,2024-02-27,2298.42,32232.29,6215.53,0.0,40746.24,Paid
2730,2730,2024-03-26,2023.71,28159.44,5432.97,0.0,35616.12,Paid
2731,2731,2025-12-08,3346.11,14412.01,3196.46,0.0,20954.58,Paid
2732,2732,2024-05-26,2480.95,37921.97,7054.35,1212.09,46245.18,Paid
2733,2733,2025-12-26,2634.05,21264.54,3957.61,1911.89,25944.31,Paid
2734,2734,2025-04-01,2054.24,19145.08,3510.61,1695.95,23013.98,Pending
2735,2735,2024-11-07,11023.93,39408.16,8805.44,1512.96,57724.57,Paid
2736,2736,2025-12-15,2547.99,43920.54,8364.34,0.0,54832.87,Paid
2737,2737,2025-01-11,1781.96,14861.23,2845.99,832.16,18657.02,Paid
2738,2738,2024-02-18,2129.37,0.0,352.62,170.35,2311.64,Paid
2739,2739,2025-08-09,1684.59,6100.639999999999,1359.3,233.56,8910.97,Paid
2740,2740,2025-02-17,1554.85,30994.81,5683.17,976.49,37256.34,Paid
2741,2741,2024-04-19,1459.63,22898.3,4252.89,730.74,27880.08,Paid
2742,2742,2024-11-17,2287.79,8277.21,1844.65,316.95,12092.7,Paid
2743,2743,2025-03-27,7929.34,4278.52,2197.41,0.0,14405.27,Partially Paid
2744,2744,2024-04-11,1999.31,2632.2799999999997,808.68,138.95,5301.32,Paid
2745,2745,2025-12-18,1651.68,28156.36,5097.18,1490.4,33414.82,Paid
2746,2746,2024-08-02,2101.16,9208.75,1933.99,565.5,12678.4,Paid
2747,2747,2025-02-09,3179.43,0.0,555.13,95.38,3639.18,Paid
2748,2748,2024-09-29,2914.41,29352.77,5343.45,2581.37,35029.26,Pending
2749,2749,2024-05-01,2903.2,23172.29,4458.91,1303.77,29230.63,Paid
2750,2750,2024-03-27,1932.13,27362.04,5114.76,878.83,33530.1,Paid
2751,2751,2025-10-27,2281.57,4578.209999999999,1135.98,548.78,7446.98,Partially Paid
2752,2752,2024-03-03,2161.32,47510.88,8941.0,0.0,58613.2,Paid
2754,2754,2024-09-13,9264.34,11713.12,3473.87,1678.2,22773.13,Paid
2755,2755,2024-09-19,1647.05,21275.52,4126.06,0.0,27048.63,Paid
2756,2756,2024-03-01,3814.75,47933.18,8848.9,2587.4,58009.43,Paid
2757,2757,2025-02-02,1597.66,17020.88,3083.23,1489.48,20212.29,Paid
2758,2758,2024-07-09,1533.81,8488.21,1713.77,501.1,11234.69,Pending
2759,2759,2024-10-06,3050.05,8761.82,2019.83,590.59,13241.11,Paid
2760,2760,2024-12-03,1795.24,5794.76,1297.89,379.5,8508.39,Paid
2761,2761,2025-01-18,2178.08,1626.5,684.82,0.0,4489.4,Paid
2762,2762,2025-03-26,2809.15,27961.42,5538.7,0.0,36309.27,Paid
2763,2763,2025-10-04,1634.01,12853.28,2477.33,724.36,16240.26,Paid
2764,2764,2024-09-28,1729.14,2366.2,737.16,0.0,4832.5,Paid
2765,2765,2024-02-08,2797.2,34229.66,6131.65,2962.15,40196.36,Paid
2766,2766,2025-03-14,3396.46,28103.95,5216.47,2520.03,34196.85,Paid
2767,2767,2025-01-14,3681.32,71471.33999999998,13527.48,0.0,88680.14,Paid
2768,2768,2024-09-04,2597.34,34211.07,6625.51,0.0,43433.92,Paid
2769,2769,2025-06-04,3615.33,26186.46,5364.32,0.0,35166.11,Partially Paid
2770,2770,2025-05-14,2182.41,12572.630000000001,2576.23,442.65,16888.62,Paid
2771,2771,2025-04-16,2010.7,41861.31,7896.96,0.0,51768.97,Paid
2772,2772,2025-09-11,1454.41,10189.09,2095.83,0.0,13739.33,Paid
2773,2773,2024-12-31,2532.95,11908.94,2391.58,1155.35,15678.12,Paid
2774,2774,2025-07-02,2040.41,8168.12,1782.41,306.26,11684.68,Paid
2775,2775,2025-09-30,3246.63,31490.11,6252.61,0.0,40989.35,Paid
2776,2776,2025-01-11,2674.87,10245.72,2209.42,646.03,14483.98,Partially Paid
2777,2777,2024-02-21,2193.77,3334.69,995.12,0.0,6523.58,Paid
2778,2778,2025-06-09,3414.59,1664.75,914.28,0.0,5993.62,Paid
2779,2779,2024-03-03,2740.52,0.0,468.63,137.03,3072.12,Paid
2780,2780,2024-04-06,2319.92,580.51,495.97,145.02,3251.38,Paid
2781,2781,2024-07-01,3464.98,11388.83,2673.69,0.0,17527.5,Paid
2782,2782,2024-01-02,2010.75,1743.71,655.53,112.63,4297.36,Partially Paid
2783,2783,2025-01-18,2662.92,1093.52,676.16,0.0,4432.6,Paid
2784,2784,2024-01-12,2590.12,2218.43,865.54,0.0,5674.09,Paid
2786,2786,2025-10-25,2026.1,9398.93,1994.81,342.75,13077.09,Paid
2787,2787,2025-04-17,3070.04,36611.83,6928.45,1190.46,45419.86,Paid
2788,2788,2024-01-13,2205.65,1320.96,584.01,282.13,3828.49,Paid
2789,2789,2024-12-01,2753.99,10030.73,2232.21,383.54,14633.39,Paid
2790,2790,2025-03-15,8076.99,36248.2,7739.18,1329.76,50734.61,Paid
2791,2791,2024-07-08,2497.14,22113.269999999997,4296.98,738.31,28169.08,Paid
2792,2792,2024-07-21,2290.28,19137.08,3548.37,1714.19,23261.54,Paid
2793,2793,2024-06-23,3096.81,5470.83,1418.8,685.41,9301.03,Paid
2794,2794,2025-12-09,1898.41,26991.92,5044.25,866.71,33067.87,Paid
2795,2795,2024-08-10,2172.93,0.0,391.13,0.0,2564.06,Paid
2796,2796,2024-11-18,3162.47,1546.97,847.7,0.0,5557.14,Pending
2797,2797,2024-09-03,1981.44,20880.36,3991.67,685.85,26167.62,Paid
2798,2798,2024-12-09,3795.46,35248.56,6817.09,1171.32,44689.79,Paid
2799,2799,2024-03-19,1675.26,25632.260000000002,4767.89,819.23,31256.18,Paid
2800,2800,2024-01-24,2642.21,2660.2799999999997,954.45,0.0,6256.94,Partially Paid
2801,2801,2024-04-03,2692.82,14837.34,3155.43,0.0,20685.59,Paid
2802,2802,2025-12-08,2184.14,36303.74,6581.43,1924.39,43144.92,Paid
2803,2803,2024-05-05,1699.17,15187.82,3039.66,0.0,19926.65,Paid
2804,2804,2025-11-19,1888.35,1839.2399999999998,650.84,111.83,4266.6,Paid
2805,2805,2025-04-16,2214.87,19676.85,3743.48,1094.59,24540.61,Paid
2806,2806,2025-12-05,3248.96,48498.8,9314.6,0.0,61062.36,Paid
2807,2807,2024-09-16,2974.97,2329.56,954.82,0.0,6259.35,Paid
2808,2808,2024-10-31,2916.87,1650.55,797.47,137.02,5227.87,Paid
2809,2809,2025-12-09,2222.81,3926.98,1018.41,491.98,6676.22,Pending
2810,2810,2025-07-04,1470.17,26235.88,4737.74,1385.3,31058.49,Paid
2811,2811,2025-05-10,3540.18,13407.38,2959.04,508.43,19398.17,Paid
2812,2812,2025-04-21,8508.39,14655.72,4169.54,0.0,27333.65,Paid
2813,2813,2025-08-28,1843.14,41969.41,7649.67,1314.38,50147.84,Paid
2814,2814,2024-01-21,2170.96,15173.810000000001,3122.06,0.0,20466.83,Pending
2815,2815,2025-09-18,2155.19,20908.54,3943.9,1153.19,25854.44,Paid
2816,2816,2024-05-30,2031.88,73259.39,13552.43,0.0,88843.7,Partially Paid
2817,2817,2025-11-01,3790.35,30634.68,6196.51,0.0,40621.54,Paid
2818,2818,2024-04-26,8347.43,0.0,1502.54,0.0,9849.97,Paid
2819,2819,2025-07-01,6578.82,1265.51,1411.98,0.0,9256.31,Paid
2820,2820,2025-06-04,2819.7,11832.64,2637.42,0.0,17289.76,Paid
2821,2821,2024-04-30,9086.69,16042.3,4387.52,753.87,28762.64,Paid
2822,2822,2025-03-17,2763.64,5101.78,1415.78,0.0,9281.2,Paid
2824,2824,2025-09-30,3346.02,28307.77,5412.8,1582.69,35483.9,Paid
2825,2825,2024-12-25,2275.93,49730.670000000006,8893.13,2600.33,58299.4,Paid
2826,2826,2024-12-05,2183.82,30555.22,5598.38,1636.95,36700.47,Pending
2827,2827,2025-01-07,2327.36,26280.239999999998,5149.37,0.0,33756.97,Paid
2828,2828,2025-09-25,2093.64,24414.54,4771.47,0.0,31279.65,Paid
2829,2829,2024-08-11,3458.67,16312.77,3558.86,0.0,23330.3,Paid
2830,2830,2024-03-27,8852.35,100207.29,19630.74,0.0,128690.38,Paid
2831,2831,2025-12-22,8375.43,6811.33,2596.94,759.34,17024.36,Paid
2832,2832,2024-08-07,3450.03,8483.4,2040.62,596.67,13377.38,Paid
2833,2833,2024-03-18,3387.03,14564.74,2972.81,1436.14,19488.44,Paid
2834,2834,2024-07-27,1781.87,18619.96,3562.16,612.05,23351.94,Paid
2835,2835,2024-04-14,1911.4,1051.74,506.7,148.16,3321.68,Paid
2836,2836,2025-12-08,1497.71,39759.02,7426.21,0.0,48682.94,Partially Paid
2837,2837,2025-02-28,6387.42,12774.04,3276.61,958.07,21480.0,Paid
2838,2838,2025-11-19,2198.8,29472.0,5700.74,0.0,37371.54,Paid
2839,2839,2024-10-23,3334.52,36474.229999999996,7165.57,0.0,46974.32,Paid
2840,2840,2025-04-23,6018.47,18974.54,4498.74,0.0,29491.75,Paid
2841,2841,2024-01-23,2932.07,49657.48,9466.12,0.0,62055.67,Paid
2842,2842,2024-09-03,3828.02,16805.21,3528.28,1031.66,23129.85,Paid
2843,2843,2025-09-15,2167.81,6122.92,1492.33,0.0,9783.06,Paid
2844,2844,2024-12-30,7660.44,9069.5,2860.82,836.5,18754.26,Paid
2845,2845,2024-09-29,6338.46,20338.07,4801.78,0.0,31478.31,Paid
2846,2846,2024-05-29,3115.59,24230.96,4676.26,1367.33,30655.48,Paid
2847,2847,2024-07-15,3441.05,3595.96,1228.66,211.11,8054.56,Paid
2848,2848,2025-05-06,2553.73,10728.82,2390.86,0.0,15673.41,Paid
2849,2849,2024-12-26,3699.91,6764.67,1883.62,0.0,12348.2,Paid
2850,2850,2024-09-22,2059.88,15844.83,3222.85,0.0,21127.56,Paid
2851,2851,2024-03-27,1695.87,27566.140000000003,5109.15,877.86,33493.3,Paid
2852,2852,2025-10-03,3617.44,6678.86,1853.33,0.0,12149.63,Paid
2853,2853,2024-12-04,2226.14,507.52,467.46,136.68,3064.44,Paid
2854,2854,2025-04-22,1815.49,18722.82,3512.05,1026.92,23023.44,Paid
2855,2855,2024-11-11,3749.32,13443.849999999999,2940.03,859.66,19273.54,Paid
2856,2856,2025-11-22,1566.21,556.07,362.91,106.11,2379.08,Paid
2857,2857,2025-10-08,3191.54,21761.440000000002,4491.54,0.0,29444.52,Paid
2858,2858,2025-02-11,3440.51,16232.6,3541.16,0.0,23214.27,Paid
2859,2859,2024-12-26,1660.72,512.92,359.96,173.89,2359.71,Paid
2860,2860,2024-07-15,1610.51,47198.13,8785.56,0.0,57594.2,Paid
2861,2861,2025-05-09,2733.14,30868.9,5866.92,1008.06,38460.9,Paid
2862,2862,2025-11-29,6527.15,49605.270000000004,9800.72,1683.97,64249.17,Paid
2863,2863,2024-01-24,1844.01,11794.880000000001,2455.0,0.0,16093.89,Paid
2864,2864,2024-05-02,5999.78,864.68,1198.54,205.93,7857.07,Paid
2865,2865,2025-08-11,1649.62,86904.2,15461.5,2656.61,101358.71,Paid
2866,2866,2025-07-18,4067.62,36463.95,7076.81,1215.95,46392.43,Paid
2867,2867,2024-01-28,3258.92,2555.53,1015.2,174.43,6655.22,Paid
2868,2868,2025-04-25,2025.48,6892.85,1525.03,445.92,9997.44,Paid
2869,2869,2025-11-26,3554.19,9196.03,2295.04,0.0,15045.26,Paid
2870,2870,2024-12-12,2264.42,23348.33,4471.99,768.38,29316.36,Pending
2871,2871,2024-02-11,2099.24,48528.479999999996,8657.34,2531.39,56753.67,Paid
2872,2872,2024-04-28,2538.44,56319.969999999994,10594.51,0.0,69452.92,Paid
2873,2873,2025-04-02,1471.44,3652.02,876.11,256.17,5743.4,Paid
2874,2874,2024-03-12,1902.5,11153.35,2279.55,391.68,14943.72,Pending
2875,2875,2025-07-18,2015.44,38670.35,7323.44,0.0,48009.23,Paid
2876,2876,2025-03-21,2944.98,49661.11,9469.1,0.0,62075.19,Paid
2877,2877,2025-01-29,2080.17,10117.25,2085.76,609.87,13673.31,Paid
2878,2878,2024-11-10,2649.23,0.0,476.86,0.0,3126.09,Paid
2879,2879,2025-05-19,2165.24,6043.889999999999,1433.31,246.27,9396.17,Paid
2880,2880,2024-08-11,1644.14,12163.18,2485.32,0.0,16292.64,Paid
2881,2881,2024-08-07,3913.81,6250.12,1774.62,304.92,11633.63,Paid
2882,2882,2025-07-16,1512.46,9174.65,1923.68,0.0,12610.79,Paid
2883,2883,2024-03-09,3486.34,908.32,791.04,0.0,5185.7,Paid
2884,2884,2024-07-16,2166.54,52092.47,8985.29,4340.72,58903.58,Paid
2885,2885,2025-12-12,3125.29,13614.66,3013.19,0.0,19753.14,Paid
2886,2886,2024-09-24,9092.92,0.0,1636.73,0.0,10729.65,Paid
2887,2887,2024-10-17,3790.45,47908.64,9305.84,0.0,61004.93,Paid
2888,2888,2024-02-25,2366.01,30713.090000000004,5775.61,992.37,37862.34,Partially Paid
2889,2889,2024-05-06,6806.41,35118.9,7169.23,2096.27,46998.27,Paid
2890,2890,2025-09-19,2327.1,12741.59,2495.37,1205.5,16358.56,Paid
2891,2891,2024-03-21,3349.68,16248.46,3527.67,0.0,23125.81,Paid
2892,2892,2024-12-19,2849.82,785.82,634.78,109.07,4161.35,Paid
2893,2893,2025-08-20,2810.16,46669.509999999995,8461.02,2473.98,55466.71,Paid
2894,2894,2025-01-04,3314.29,2671.87,1077.51,0.0,7063.67,Paid
2895,2895,2024-04-23,4060.83,13100.369999999999,3089.02,0.0,20250.22,Paid
2896,2896,2025-09-13,3231.89,12002.349999999999,2659.9,457.03,17437.11,Paid
2897,2897,2025-11-14,2657.78,14020.26,2851.95,833.9,18696.09,Paid
2898,2898,2024-04-26,7381.96,35447.54,7709.31,0.0,50538.81,Paid
2899,2899,2025-06-06,2434.26,27302.4,5352.6,0.0,35089.26,Paid
2900,2900,2024-08-10,2348.56,20137.68,3926.1,674.59,25737.75,Paid
2901,2901,2025-10-30,2303.38,11793.63,2410.59,704.85,15802.75,Paid
2902,2902,2024-02-16,1982.43,31680.839999999997,6059.39,0.0,39722.66,Paid
2903,2903,2024-03-09,2767.62,53143.57000000001,9560.81,2795.56,62676.44,Paid
2904,2904,2024-01-11,2133.72,27090.36,5260.33,0.0,34484.41,Partially Paid
2905,2905,2025-03-20,9614.39,46649.030000000006,9621.04,2813.17,63071.29,Pending
2906,2906,2025-07-06,3191.41,42268.77,7773.69,2273.01,50960.86,Paid
2907,2907,2024-10-23,2285.39,12195.43,2606.55,0.0,17087.37,Paid
2908,2908,2024-04-22,2759.36,12213.76,2560.4,748.66,16784.86,Paid
2909,2909,2025-02-15,2297.56,18933.510000000002,3706.95,636.93,24301.09,Paid
2910,2910,2024-02-19,1971.4,81224.82,14226.55,4159.81,93262.96,Partially Paid
2911,2911,2025-11-22,3138.36,17476.06,3710.6,0.0,24325.02,Paid
2912,2912,2025-03-11,7774.33,0.0,1357.4,233.23,8898.5,Paid
2913,2913,2024-08-23,7695.95,4030.94,2110.84,0.0,13837.73,Paid
2914,2914,2025-06-24,9974.38,23762.42,5586.81,2698.94,36624.67,Partially Paid
2915,2915,2025-12-01,2959.99,0.0,516.81,88.8,3388.0,Paid
2916,2916,2025-12-04,1793.33,31131.739999999998,5748.72,987.75,37686.04,Paid
2917,2917,2025-05-21,8723.12,36321.91,8108.11,0.0,53153.14,Paid
2918,2918,2025-10-21,1879.87,2997.99,851.67,146.34,5583.19,Paid
2919,2919,2025-03-21,2140.47,12967.05,2583.39,755.38,16935.53,Pending
2920,2920,2024-02-03,8772.48,34979.2,7245.28,3500.13,47496.83,Paid
2921,2921,2024-03-13,1502.15,31792.66,5813.27,998.84,38109.24,Paid
2922,2922,2024-12-13,2276.75,3689.27,1041.67,178.98,6828.71,Paid
2923,2923,2024-11-28,6274.04,34972.240000000005,7424.33,0.0,48670.61,Paid
2924,2924,2025-04-29,2095.64,9211.16,1933.46,565.34,12674.92,Paid
2925,2925,2025-01-22,7760.06,65572.14,12539.81,3666.61,82205.4,Paid
2926,2926,2024-07-28,1671.87,21748.11,4215.6,0.0,27635.58,Paid
2927,2927,2024-09-15,2751.49,823.52,643.5,0.0,4218.51,Paid
2928,2928,2024-02-27,10793.98,24608.21,6372.39,0.0,41774.58,Paid
2929,2929,2025-09-10,2510.68,27107.25,5064.67,1480.9,33201.7,Paid
2930,2930,2025-01-17,2918.68,29836.769999999997,5601.18,1637.77,36718.86,Pending
2932,2932,2025-08-15,2013.44,31527.2,5856.2,1006.22,38390.62,Pending
2933,2933,2024-06-18,7682.77,37544.32,8140.88,0.0,53367.97,Paid
2934,2934,2025-07-24,3713.35,43338.03,8045.79,2352.57,52744.6,Paid
2935,2935,2024-10-15,4052.79,22374.78,4519.11,1321.38,29625.3,Paid
2936,2936,2024-04-30,2029.62,10533.72,2261.4,0.0,14824.74,Paid
2937,2937,2024-08-25,2030.83,43090.99,8121.93,0.0,53243.75,Paid
2938,2938,2025-11-23,1534.5,13577.75,2638.6,453.37,17297.48,Partially Paid
2939,2939,2025-04-11,2946.77,5753.77,1566.1,0.0,10266.64,Partially Paid
2940,2940,2025-09-14,2395.83,31682.91,5950.15,1022.36,39006.53,Paid
2941,2941,2024-04-15,2293.49,11099.9,2410.81,0.0,15804.2,Paid
2942,2942,2025-10-11,1465.24,36706.05,6527.29,1908.56,42790.02,Paid
2943,2943,2026-01-02,8344.83,23157.86,5670.48,0.0,37173.17,Paid
2944,2944,2024-02-09,2127.75,33882.86,6287.45,1080.32,41217.74,Paid
2945,2945,2025-04-27,6487.1,3525.38,1802.25,0.0,11814.73,Paid
2946,2946,2024-03-22,9095.39,29540.67,6745.86,1159.08,44222.84,Paid
2947,2947,2025-01-20,2297.33,16537.8,3288.61,565.05,21558.69,Paid
2948,2948,2025-12-24,7068.31,988.74,1450.27,0.0,9507.32,Paid
2949,2949,2024-01-18,7494.38,30715.88,6877.85,0.0,45088.11,Paid
2950,2950,2025-10-11,8884.99,5312.01,2478.8,425.91,16249.89,Paid
2951,2951,2024-04-19,1867.79,34839.009999999995,6607.22,0.0,43314.02,Paid
2952,2952,2024-10-24,2759.04,2490.33,916.54,157.48,6008.43,Paid
2953,2953,2025-08-26,2886.7,13829.76,2918.69,501.49,19133.66,Paid
2954,2954,2024-05-03,1471.76,56451.7,9592.12,4633.88,62881.7,Partially Paid
2955,2955,2024-04-19,2800.95,12609.52,2551.97,1232.84,16729.6,Paid
2956,2956,2024-09-18,2912.85,12902.28,2704.39,790.76,17728.76,Paid
2957,2957,2024-04-29,2620.49,0.0,471.69,0.0,3092.18,Paid
2958,2958,2025-02-08,2392.66,4013.23,1153.06,0.0,7558.95,Paid
2959,2959,2024-11-10,1763.85,60565.18,10882.65,1869.87,71341.81,Paid
2960,2960,2024-05-14,8599.06,27359.54,6278.37,1078.76,41158.21,Pending
2961,2961,2024-11-06,8236.5,13549.580000000002,3725.42,1089.3,24422.2,Pending
2962,2962,2024-10-21,7507.82,4746.46,2139.6,367.63,14026.25,Paid
2963,2963,2024-12-10,3702.47,9438.95,2365.46,0.0,15506.88,Paid
2964,2964,2024-05-12,2865.9,24629.05,4701.64,1374.75,30821.84,Paid
2965,2965,2025-08-26,2591.34,27498.53,5416.18,0.0,35506.05,Paid
2966,2966,2024-05-12,2329.96,4308.23,1135.13,331.91,7441.41,Paid
2968,2968,2024-05-16,2714.42,29841.29,5860.03,0.0,38415.74,Partially Paid
2969,2969,2024-07-21,2856.02,413.84,588.57,0.0,3858.43,Paid
2970,2970,2025-07-01,5910.28,1531.34,1272.52,372.08,8342.06,Partially Paid
2971,2971,2024-10-07,2259.01,39580.74,7531.16,0.0,49370.91,Pending
2972,2972,2024-11-09,8048.35,1327.52,1687.66,0.0,11063.53,Paid
2973,2973,2024-05-09,1797.82,0.0,313.9,53.93,2057.79,Paid
2975,2975,2025-09-18,3924.12,24347.71,5088.93,0.0,33360.76,Pending
2976,2976,2025-06-14,1529.48,3474.88,855.75,250.22,5609.89,Partially Paid
2977,2977,2024-06-13,2426.97,12608.63,2706.41,0.0,17742.01,Paid
2978,2978,2024-03-23,2953.29,42830.75,8241.13,0.0,54025.17,Paid
2979,2979,2025-09-25,2524.23,1616.03,722.89,124.21,4738.94,Paid
2980,2980,2025-06-19,1714.74,1608.9,598.26,0.0,3921.9,Paid
2981,2981,2025-11-16,2079.07,28807.729999999996,5559.62,0.0,36446.42,Paid
2982,2982,2025-07-26,3123.82,13742.77,3035.99,0.0,19902.58,Paid
2983,2983,2024-10-24,3790.45,39193.5,7350.26,2149.2,48185.01,Partially Paid
2984,2984,2024-08-20,6741.27,17731.82,4405.16,0.0,28878.25,Paid
2985,2985,2024-09-12,1781.44,17403.43,3177.01,1534.79,20827.09,Pending
2986,2986,2025-10-25,7154.44,2014.01,1650.32,0.0,10818.77,Paid
2987,2987,2025-09-02,3299.1,1889.8300000000002,934.01,0.0,6122.94,Paid
2988,2988,2024-08-19,8475.94,511.95,1569.29,269.64,10287.54,Paid
2989,2989,2025-12-24,3028.99,39289.65,7236.49,2115.93,47439.2,Paid
2990,2990,2024-07-06,2830.49,0.0,509.49,0.0,3339.98,Partially Paid
2992,2992,2024-03-05,1735.63,2500.52,739.63,127.08,4848.7,Paid
2993,2993,2025-09-26,10490.72,13419.02,4088.56,1195.49,26802.81,Paid
2994,2994,2024-04-29,2026.6,6222.530000000001,1484.84,0.0,9733.97,Pending
2995,2995,2025-02-25,3713.35,0.0,614.93,297.07,4031.21,Paid
2996,2996,2024-09-26,1754.35,17106.0,3394.86,0.0,22255.21,Paid
2997,2997,2025-09-14,3108.41,45784.100000000006,8536.63,1466.78,55962.36,Paid
2998,2998,2024-01-15,1532.42,24986.480000000003,4534.73,1325.95,29727.68,Paid
2999,2999,2024-09-02,2048.18,21426.32,4014.14,1173.73,26314.91,Paid
3000,3000,2024-10-16,1569.68,1798.44,606.26,0.0,3974.38,Paid
3001,3001,2024-10-14,3165.78,11251.31,2465.32,720.85,16161.56,Paid
3002,3002,2024-07-11,7687.95,13809.54,3676.07,1074.87,24098.69,Paid
3003,3003,2025-08-02,2497.73,1871.21,723.5,349.52,4742.92,Paid
3004,3004,2025-10-26,1507.13,15220.84,3011.03,0.0,19739.0,Paid
3005,3005,2024-06-15,1451.94,10375.5,2128.94,0.0,13956.38,Pending
3006,3006,2025-10-29,3884.85,28580.829999999998,5551.63,1623.28,36394.03,Paid
3007,3007,2024-09-10,3823.44,12854.69,2851.96,833.91,18696.18,Paid
3008,3008,2024-04-16,2613.67,967.29,625.24,107.43,4098.77,Partially Paid
3010,3010,2025-01-26,2011.33,0.0,351.18,60.34,2302.17,Paid
3011,3011,2024-02-17,1974.87,31082.510000000002,5652.81,1652.87,37057.32,Pending
3012,3012,2024-02-22,3396.74,12666.37,2746.79,803.16,18006.74,Paid
3013,3013,2025-03-16,2259.16,10033.14,2212.61,0.0,14504.91,Pending
3014,3014,2025-11-14,2825.49,4492.78,1317.29,0.0,8635.56,Paid
3015,3015,2025-07-04,1875.74,9317.65,1954.37,335.8,12811.96,Paid
3016,3016,2024-04-12,6553.93,13843.02,3487.88,1019.85,22864.98,Paid
3017,3017,2024-06-05,3108.55,12135.49,2661.61,457.32,17448.33,Paid
3018,3018,2025-11-05,1497.56,25484.82,4856.83,0.0,31839.21,Paid
3019,3019,2025-03-20,8254.6,9523.49,3200.06,0.0,20978.15,Paid
3020,3020,2024-08-10,3910.37,64253.03999999999,12269.41,0.0,80432.82,Paid
3021,3021,2024-07-08,5808.15,24614.97,5038.07,2433.85,33027.34,Paid
3022,3022,2024-10-27,3331.64,24857.32,4668.09,2255.12,30601.93,Paid
3023,3023,2024-08-08,2110.23,10195.86,2148.64,369.18,14085.55,Paid
3024,3024,2025-06-11,2101.5,1245.37,584.36,100.41,3830.82,Paid
3025,3025,2024-11-12,2316.73,33456.23,6439.13,0.0,42212.09,Paid
3026,3026,2025-06-19,2205.57,10944.14,2248.6,657.49,14740.82,Paid
3027,3027,2024-01-08,10474.67,19113.62,4899.82,2367.06,32121.05,Paid
3028,3028,2025-10-15,3435.89,33383.93,6627.57,0.0,43447.39,Paid
3029,3029,2024-04-23,3046.67,16864.59,3584.03,0.0,23495.29,Paid
3030,3030,2025-09-27,2359.58,4471.0,1168.03,341.53,7657.08,Paid
3031,3031,2024-10-22,8560.67,4963.98,2312.72,676.23,15161.14,Paid
3032,3032,2025-12-04,2752.67,5299.47,1376.92,402.61,9026.45,Paid
3033,3033,2025-07-10,2021.24,10944.16,2263.76,388.96,14840.2,Pending
3034,3034,2024-11-06,1999.54,1076.86,537.14,92.29,3521.25,Paid
3035,3035,2024-01-12,1542.89,16974.35,3333.1,0.0,21850.34,Paid
3036,3036,2025-10-03,2991.23,4327.61,1317.39,0.0,8636.23,Paid
3037,3037,2024-01-09,10337.98,6297.700000000001,2904.59,499.07,19041.2,Pending
3038,3038,2025-12-28,10376.01,0.0,1867.68,0.0,12243.69,Paid
3039,3039,2024-03-29,7887.49,28874.589999999997,6617.17,0.0,43379.25,Paid
3040,3040,2024-01-02,2027.58,0.0,346.72,101.38,2272.92,Paid
3041,3041,2024-09-28,3872.78,10536.15,2593.61,0.0,17002.54,Paid
3042,3042,2024-12-03,3119.53,5305.42,1516.49,0.0,9941.44,Paid
3043,3043,2024-02-25,2241.15,34822.520000000004,6471.32,1111.91,42423.08,Paid
3044,3044,2024-08-17,1624.34,42556.62,7554.94,2209.05,49526.85,Paid
3045,3045,2024-03-17,3195.1,21527.170000000002,4450.01,0.0,29172.28,Paid
3046,3046,2024-06-29,2978.91,1058.99,726.82,0.0,4764.72,Partially Paid
3047,3047,2025-05-15,2014.59,23869.65,4426.21,1294.21,29016.24,Paid
3048,3048,2024-10-06,2070.03,13230.78,2616.44,765.04,17152.21,Paid
3049,3049,2025-08-18,8700.27,27251.54,5953.62,2876.14,39029.29,Paid
3050,3050,2024-01-10,2828.41,19517.44,4022.25,0.0,26368.1,Partially Paid
3051,3051,2024-01-03,1490.9,2102.89,627.48,107.81,4113.46,Paid
3052,3052,2025-08-31,2362.63,21565.55,4307.07,0.0,28235.25,Paid
3053,3053,2025-12-21,8679.68,35729.11,7753.78,1332.26,50830.31,Paid
3054,3054,2025-10-31,2083.24,1298.54,608.72,0.0,3990.5,Paid
3055,3055,2024-05-30,2679.03,14396.56,3073.61,0.0,20149.2,Pending
3056,3056,2024-02-15,2200.67,18196.69,3487.95,1019.87,22865.44,Paid
3057,3057,2025-01-29,2249.83,4307.46,1144.9,196.72,7505.47,Paid
3058,3058,2024-11-13,3493.64,21227.010000000002,4316.23,741.62,28295.26,Paid
3059,3059,2024-07-25,7228.78,4876.05,2178.87,0.0,14283.7,Paid
3060,3060,2024-06-14,1936.72,2670.97,763.03,368.62,5002.1,Paid
3061,3061,2025-09-25,2775.54,26907.96,5182.74,890.5,33975.74,Pending
3062,3062,2025-06-16,2170.48,24040.449999999997,4340.53,2096.87,28454.59,Paid
3063,3063,2025-11-25,3582.46,0.0,644.84,0.0,4227.3,Paid
3064,3064,2025-11-13,3295.18,0.0,593.13,0.0,3888.31,Paid
3065,3065,2024-10-05,3484.08,4862.45,1502.38,0.0,9848.91,Paid
3066,3066,2025-03-16,1963.67,0.0,342.86,58.91,2247.62,Paid
3067,3067,2025-10-09,3733.57,22029.75,4266.4,2061.07,27968.65,Paid
3068,3068,2024-02-13,2255.16,23887.88,4564.58,784.29,29923.33,Paid
3069,3069,2025-10-24,8116.84,19979.5,4905.62,842.89,32159.07,Pending
3070,3070,2024-04-15,2334.11,18092.97,3493.03,1021.35,22898.76,Paid
3071,3071,2024-06-21,3307.2,29034.03,5646.78,970.24,37017.77,Paid
3072,3072,2025-03-11,1858.49,608.9,444.13,0.0,2911.52,Paid
3073,3073,2024-12-14,8319.97,1719.67,1807.14,0.0,11846.78,Paid
3074,3074,2025-12-07,2476.68,17210.8,3543.75,0.0,23231.23,Partially Paid
3075,3075,2024-02-14,2725.91,0.0,490.66,0.0,3216.57,Paid
3076,3076,2025-04-08,1983.17,11428.54,2414.11,0.0,15825.82,Paid
3077,3077,2024-07-29,2269.5,10669.74,2259.19,388.18,14810.25,Paid
3078,3078,2025-11-26,3059.64,531.66,646.43,0.0,4237.73,Paid
3079,3079,2024-05-07,4145.33,26052.8,5272.59,905.94,34564.78,Paid
3080,3080,2025-10-15,2109.46,28810.42,5565.58,0.0,36485.46,Paid
3081,3081,2024-11-15,3311.84,39630.7,7111.29,3435.4,46618.43,Paid
3082,3082,2024-03-19,7145.08,2353.91,1709.82,0.0,11208.81,Pending
3083,3083,2024-01-09,1652.96,41325.27,7504.0,1289.35,49192.88,Partially Paid
3084,3084,2025-07-21,3989.86,38283.530000000006,7609.21,0.0,49882.6,Pending
3085,3085,2025-01-26,1602.82,1387.84,511.4,149.53,3352.53,Paid
3086,3086,2025-08-01,2251.24,20474.66,3886.13,1136.3,25475.73,Paid
3088,3088,2025-03-23,2867.39,15535.28,3213.11,552.08,21063.7,Paid
3089,3089,2024-06-13,2333.42,28819.11,5607.46,0.0,36759.99,Paid
3090,3090,2025-05-25,7321.94,1626.82,1610.78,0.0,10559.54,Paid
3091,3091,2024-07-29,7380.6,35129.94,7039.75,3400.84,46149.45,Paid
3092,3092,2024-07-23,2436.36,5819.72,1441.51,247.68,9449.91,Paid
3093,3093,2025-05-03,2631.73,11852.18,2607.1,0.0,17091.01,Paid
3094,3094,2024-08-21,1518.13,59856.16,11047.37,0.0,72421.66,Paid
3095,3095,2024-08-09,3534.43,31573.260000000002,5813.83,2808.62,38112.9,Paid
3096,3096,2024-05-27,2884.43,12987.509999999998,2856.95,0.0,18728.89,Paid
3097,3097,2025-11-29,2061.64,8090.780000000001,1772.61,304.57,11620.46,Paid
3098,3098,2025-01-02,8880.33,37814.45,8405.06,0.0,55099.84,Paid
3099,3099,2024-02-05,2320.96,10152.24,2132.92,623.66,13982.46,Paid
3100,3100,2024-05-05,3483.94,23018.79,4770.49,0.0,31273.22,Paid
3101,3101,2024-08-11,6033.76,23731.48,5357.74,0.0,35122.98,Paid
3102,3102,2025-12-24,2535.3,42484.86,7860.52,1350.6,51530.08,Paid
3103,3103,2025-09-25,5608.33,20498.4,4558.24,783.2,29881.77,Paid
3104,3104,2024-07-18,2631.2,484.58,560.84,0.0,3676.62,Paid
3105,3105,2025-04-10,1831.98,4297.55,1048.15,306.48,6871.2,Paid
3106,3106,2025-06-27,8095.71,23288.86,5366.76,1569.23,35182.1,Paid
3107,3107,2025-02-03,2504.07,7847.08,1863.21,0.0,12214.36,Paid
3108,3108,2025-05-13,1633.97,11692.8,2398.82,0.0,15725.59,Paid
3109,3109,2024-08-13,1860.54,14103.939999999999,2787.4,478.93,18272.95,Paid
3110,3110,2025-07-08,4066.94,8073.42,2119.71,364.21,13895.86,Paid
3111,3111,2025-03-17,1623.28,15690.39,3116.46,0.0,20430.13,Paid
3112,3112,2024-10-26,1636.25,12032.42,2337.34,683.43,15322.58,Paid
3113,3113,2025-03-22,2565.78,1210.65,659.37,113.29,4322.51,Paid
3114,3114,2025-09-06,2139.51,79028.24,13441.38,6493.42,88115.71,Paid
3115,3115,2025-08-04,2280.36,1591.28,696.9,0.0,4568.54,Paid
3116,3116,2025-12-16,3073.44,40029.84,7370.66,2155.16,48318.78,Paid
3117,3117,2024-11-28,3450.52,0.0,602.46,103.52,3949.46,Paid
3118,3118,2024-08-28,1812.9,9823.55,2094.56,0.0,13731.01,Paid
3119,3119,2024-05-02,1796.73,1056.89,513.65,0.0,3367.27,Paid
3120,3120,2025-05-16,2310.02,12602.86,2684.32,0.0,17597.2,Paid
3121,3121,2024-07-24,2224.31,14426.019999999999,2907.15,499.51,19057.97,Paid
3122,3122,2024-07-19,7396.75,35960.72,7180.0,3468.6,47068.87,Paid
3123,3123,2024-10-16,2526.21,12194.34,2570.21,441.62,16849.14,Pending
3124,3124,2025-12-06,1587.18,57242.57,10059.89,2941.49,65948.15,Paid
3125,3125,2025-09-11,8279.93,35954.31,7325.19,3538.74,48020.69,Paid
3126,3126,2024-04-11,3100.32,12294.019999999999,2549.3,1231.55,16712.09,Pending
3127,3127,2024-05-27,1829.26,9207.48,1986.61,0.0,13023.35,Paid
3128,3128,2024-01-11,7164.63,13880.2,3788.07,0.0,24832.9,Paid
3129,3129,2024-09-27,2336.91,6021.57,1459.39,250.75,9567.12,Partially Paid
3130,3130,2024-01-31,2167.72,8922.46,1936.34,332.71,12693.81,Paid
3131,3131,2024-10-19,2991.21,3530.2000000000003,1138.64,195.64,7464.41,Paid
3132,3132,2024-05-08,1475.12,8308.01,1760.96,0.0,11544.09,Paid
3133,3133,2025-10-03,2772.62,17623.05,3671.22,0.0,24066.89,Pending
3134,3134,2024-09-16,8622.62,15021.2,4128.21,709.31,27062.72,Paid
3135,3135,2025-04-12,1806.32,15908.330000000002,3029.21,885.73,19858.13,Paid
3136,3136,2025-02-08,2807.08,18046.22,3640.99,625.6,23868.69,Paid
3137,3137,2024-09-19,10757.76,33812.86,7621.58,2228.53,49963.67,Paid
3138,3138,2025-03-03,2937.65,411.29,584.72,100.47,3833.19,Paid
3139,3139,2025-05-08,2558.39,16806.14,3381.05,580.94,22164.64,Paid
3140,3140,2024-11-08,4121.97,33434.24,6760.12,0.0,44316.33,Paid
3141,3141,2025-10-19,2683.69,26130.379999999997,5186.53,0.0,34000.6,Pending
3142,3142,2024-03-01,3731.1,14167.62,3060.68,894.94,20064.46,Paid
3143,3143,2024-11-12,2738.3,1274.62,700.66,120.39,4593.19,Paid
3144,3144,2025-04-24,3870.54,11538.21,2773.58,0.0,18182.33,Partially Paid
3145,3145,2024-05-17,3325.0,2892.52,1119.15,0.0,7336.67,Paid
3146,3146,2024-12-30,3032.52,45930.99,8813.43,0.0,57776.94,Paid
3147,3147,2024-11-24,1932.25,14770.2,3006.44,0.0,19708.89,Paid
3148,3148,2024-10-24,1903.99,34436.759999999995,6541.33,0.0,42882.08,Paid
3150,3150,2024-01-25,2246.7,17842.29,3326.74,1607.12,21808.61,Paid
3151,3151,2025-11-10,1914.83,9936.35,2133.21,0.0,13984.39,Paid
3152,3152,2025-01-01,1740.58,8160.39,1782.17,0.0,11683.14,Paid
3153,3153,2024-07-10,2069.19,9768.4,2130.77,0.0,13968.36,Paid
3154,3154,2025-02-10,3271.3,8070.51,2041.53,0.0,13383.34,Paid
3155,3155,2025-07-28,2643.61,26032.96,5006.93,860.3,32823.2,Paid
3156,3156,2025-10-03,2740.69,13170.720000000001,2778.13,477.34,18212.2,Paid
3157,3157,2025-06-18,8134.15,12303.97,3678.86,0.0,24116.98,Paid
3158,3158,2025-11-18,3476.07,460.18,673.1,196.81,4412.54,Paid
3159,3159,2024-06-08,7151.31,12127.06,3470.11,0.0,22748.48,Paid
3160,3160,2025-09-25,3831.86,751.14,758.94,366.64,4975.3,Paid
3161,3161,2025-03-19,1809.48,24207.48,4683.05,0.0,30700.01,Paid
3162,3162,2024-09-10,2715.93,22375.370000000003,4516.43,0.0,29607.73,Paid
3163,3163,2024-03-11,2857.7,3966.95,1228.44,0.0,8053.09,Paid
3164,3164,2025-06-13,1922.51,3754.2700000000004,1021.82,0.0,6698.6,Pending
3165,3165,2025-02-19,2762.09,21424.39,4353.57,0.0,28540.05,Paid
3166,3166,2024-02-04,3907.63,19332.309999999998,3974.03,1162.0,26051.97,Paid
3167,3167,2024-04-13,2060.23,19098.42,3694.3,634.76,24218.19,Paid
3168,3168,2025-02-03,2316.53,32772.28,6315.99,0.0,41404.8,Paid
3169,3169,2025-02-28,7374.08,8058.42,2694.51,462.98,17664.03,Paid
3170,3170,2024-06-10,2316.45,22669.9,4362.62,749.59,28599.38,Paid
3171,3171,2024-08-26,7452.85,74712.73999999999,14789.81,0.0,96955.4,Paid
3172,3172,2025-09-01,1954.84,0.0,334.28,97.74,2191.38,Paid
3173,3173,2025-08-14,6702.6,16441.86,4166.0,0.0,27310.46,Paid
3174,3174,2025-12-25,1574.19,41888.71,7823.32,0.0,51286.22,Paid
3175,3175,2024-06-06,2926.94,32442.62,6048.19,1768.48,39649.27,Pending
3176,3176,2025-07-23,2690.08,3823.7999999999997,1113.87,325.69,7302.06,Paid
3177,3177,2025-03-16,3241.41,60906.94,11546.7,0.0,75695.05,Pending
3178,3178,2024-10-29,1472.71,48655.73,8571.96,2506.42,56193.98,Paid
3179,3179,2025-09-13,3030.56,4992.73,1400.87,240.7,9183.46,Paid
3180,3180,2024-07-13,1960.83,63367.04,11759.02,0.0,77086.89,Paid
3181,3181,2025-11-12,2809.77,1358.84,750.35,0.0,4918.96,Paid
3182,3182,2025-05-16,2113.52,14277.74,2950.43,0.0,19341.69,Partially Paid
3183,3183,2024-01-09,3109.23,69962.65,12758.35,2192.16,83638.07,Paid
3184,3184,2025-01-17,3594.67,5712.17,1591.47,465.34,10432.97,Paid
3185,3185,2024-04-06,2295.27,41657.6,7674.17,1318.59,50308.45,Paid
3186,3186,2024-07-27,2869.31,4827.54,1316.16,384.84,8628.17,Paid
3187,3187,2025-08-03,1860.13,30611.6,5669.56,974.15,37167.14,Paid
3188,3188,2025-09-19,2528.38,594.4,562.1,0.0,3684.88,Paid
3189,3189,2024-03-21,5631.47,13351.580000000002,3246.1,949.15,21280.0,Paid
3190,3190,2024-10-19,3050.19,0.0,521.58,152.51,3419.26,Paid
3192,3192,2025-03-01,2559.48,8584.99,1945.83,334.33,12755.97,Paid
3193,3193,2024-08-10,2229.66,15098.710000000001,3025.53,519.85,19834.05,Paid
3194,3194,2026-01-02,10581.35,26113.0,6604.98,0.0,43299.33,Paid
3195,3195,2024-10-26,1658.28,12702.909999999998,2585.01,0.0,16946.2,Partially Paid
3196,3196,2025-02-23,1637.28,5989.82,1331.69,228.81,8729.98,Paid
3197,3197,2025-11-29,1539.58,28391.93,5118.29,1496.58,33553.22,Paid
3198,3198,2025-06-12,1861.0,3420.38,950.65,0.0,6232.03,Partially Paid
3199,3199,2024-12-03,2404.58,2612.53,875.99,150.51,5742.59,Paid
3200,3200,2025-02-26,3719.6,13799.19,3058.78,525.56,20052.01,Paid
3201,3201,2024-11-08,3429.96,24187.480000000003,4971.14,0.0,32588.58,Partially Paid
3203,3203,2024-08-05,3099.25,19302.839999999997,4032.38,0.0,26434.47,Paid
3204,3204,2024-10-02,2779.82,15176.02,3232.05,0.0,21187.89,Paid
3205,3205,2025-03-01,4024.26,3040.0499999999997,1208.0,353.22,7919.09,Paid
3206,3206,2025-04-21,3530.15,3338.91,1174.61,343.45,7700.22,Pending
3207,3207,2024-09-19,2247.7,9026.37,1927.87,563.7,12638.24,Paid
3208,3208,2025-04-30,3106.36,0.0,559.14,0.0,3665.5,Paid
3209,3209,2024-12-09,1559.43,5219.469999999999,1220.2,0.0,7999.1,Paid
3210,3210,2024-01-15,1505.53,1847.16,573.31,167.63,3758.37,Paid
3211,3211,2025-01-19,3016.84,15456.64,3325.23,0.0,21798.71,Paid
3212,3212,2024-09-07,5935.4,12340.28,3289.62,0.0,21565.3,Paid
3213,3213,2025-06-10,3676.21,20902.649999999998,4291.47,737.37,28132.96,Paid
3214,3214,2024-05-23,1780.61,16968.489999999998,3206.1,937.46,21017.74,Paid
3215,3215,2024-08-07,3232.83,3092.2200000000003,1138.51,0.0,7463.56,Pending
3216,3216,2025-01-27,1514.0,2187.44,666.26,0.0,4367.7,Paid
3217,3217,2025-10-29,2817.98,5376.63,1475.03,0.0,9669.64,Paid
3218,3218,2024-06-24,2157.93,3349.45,991.33,0.0,6498.71,Paid
3219,3219,2024-11-11,3867.39,7411.78,1867.83,902.33,12244.67,Paid
3220,3220,2025-01-02,1995.79,2178.62,728.85,125.23,4778.03,Pending
3221,3221,2024-12-04,9501.73,10606.18,3619.42,0.0,23727.33,Paid
3222,3222,2024-10-21,2935.27,23729.09,4415.62,2133.15,28946.83,Paid
3223,3223,2025-08-26,1881.24,3196.18,913.94,0.0,5991.36,Pending
3224,3224,2024-10-25,1717.39,8909.95,1759.89,850.19,11537.04,Partially Paid
3225,3225,2024-02-04,3379.83,10388.35,2354.36,688.41,15434.13,Paid
3226,3226,2025-12-31,3067.17,13740.170000000002,2934.56,504.22,19237.68,Paid
3227,3227,2025-09-07,2033.59,2972.88,901.16,0.0,5907.63,Paid
3228,3228,2024-11-18,2855.04,20776.64,4126.09,708.95,27048.82,Paid
3229,3229,2025-02-19,1520.54,83810.96,14898.88,2559.94,97670.44,Paid
3230,3230,2025-02-11,3057.22,21490.47,4197.66,1227.38,27517.97,Paid
3231,3231,2025-11-10,6595.37,17924.97,4413.66,0.0,28934.0,Paid
3232,3232,2024-12-14,2175.29,1995.0100000000002,713.12,208.52,4674.9,Paid
3233,3233,2025-12-23,1531.62,19330.31,3755.15,0.0,24617.08,Partially Paid
3234,3234,2025-06-05,2691.27,10502.14,2374.81,0.0,15568.22,Paid
3235,3235,2025-12-01,3563.81,13565.69,2990.81,513.88,19606.43,Paid
3236,3236,2025-03-05,6599.84,15961.099999999999,4060.97,0.0,26621.91,Paid
3237,3237,2024-01-09,3837.31,23622.55,4942.77,0.0,32402.63,Paid
3238,3238,2025-07-16,4012.49,13962.64,3235.52,0.0,21210.65,Paid
3239,3239,2024-09-29,2047.93,13838.16,2716.52,794.3,17808.31,Paid
3240,3240,2024-01-04,2179.65,9318.29,2007.54,344.94,13160.54,Paid
3241,3241,2024-07-03,2427.77,19233.76,3704.12,1083.08,24282.57,Paid
3242,3242,2024-06-13,1626.93,10869.55,2069.42,999.72,13566.18,Pending
3243,3243,2024-01-26,2343.34,18579.18,3653.07,627.68,23947.91,Pending
3244,3244,2024-05-31,3344.68,4904.8,1440.36,247.48,9442.36,Paid
3245,3245,2025-05-30,2588.69,31032.11,6051.74,0.0,39672.54,Paid
3246,3246,2025-10-04,8527.24,11434.91,3485.39,598.86,22848.68,Paid
3247,3247,2025-11-21,2039.39,27990.24,4972.91,2402.37,32600.17,Paid
3248,3248,2024-01-06,1670.11,34120.51,6442.31,0.0,42232.93,Paid
3249,3249,2025-02-25,2165.09,0.0,358.54,173.21,2350.42,Paid
3250,3250,2024-08-19,1908.55,708.05,470.99,0.0,3087.59,Partially Paid
3251,3251,2025-10-31,2410.94,15964.01,3307.49,0.0,21682.44,Paid
3253,3253,2025-03-11,3066.23,10851.29,2430.0,417.53,15929.99,Paid
3254,3254,2024-08-29,2391.48,25302.82,4586.18,2215.54,30064.94,Paid
3255,3255,2025-05-06,1904.78,14109.36,2882.55,0.0,18896.69,Paid
3256,3256,2024-12-08,3254.08,15824.22,3331.07,572.35,21837.02,Paid
3257,3257,2025-04-26,2170.16,36512.369999999995,6962.86,0.0,45645.39,Paid
3258,3258,2024-02-14,1755.14,23128.14,4478.99,0.0,29362.27,Partially Paid
3259,3259,2025-10-19,8746.4,14354.34,3950.23,1155.04,25895.93,Partially Paid
3260,3260,2024-05-28,9371.26,1131.67,1739.29,840.23,11401.99,Paid
3261,3261,2025-05-05,3099.69,56458.89,10720.54,0.0,70279.12,Paid
3262,3262,2025-05-27,2212.66,1198.58,583.32,170.56,3824.0,Paid
3263,3263,2025-03-27,2975.16,10754.35,2397.17,411.89,15714.79,Paid
3264,3264,2024-04-28,3203.42,11095.21,2367.85,1143.89,15522.59,Paid
3265,3265,2025-10-07,3302.92,21299.6,4428.45,0.0,29030.97,Paid
3266,3266,2025-11-22,4041.93,33001.83,6667.88,0.0,43711.64,Paid
3267,3267,2025-02-19,2694.5,25441.77,5064.53,0.0,33200.8,Paid
3268,3268,2024-05-26,6408.26,13353.79,3450.45,592.86,22619.64,Paid
3269,3269,2024-09-17,2554.54,36624.490000000005,6840.66,1175.37,44844.32,Paid
3270,3270,2025-10-08,8167.22,704.1,1517.0,443.57,9944.75,Paid
3271,3271,2025-05-29,2768.23,12285.9,2709.74,0.0,17763.87,Paid
3272,3272,2025-05-05,2770.1,23369.96,4564.05,784.2,29919.91,Paid
3273,3273,2025-01-22,1913.85,41498.24,7814.18,0.0,51226.27,Paid
3274,3274,2024-11-20,8798.32,539.16,1680.75,0.0,11018.23,Paid
3275,3275,2025-06-28,6029.93,29256.079999999998,6033.91,1764.3,39555.62,Paid
3277,3277,2024-11-07,2480.61,10770.73,2265.98,662.57,14854.75,Paid
3278,3278,2024-12-26,2908.6,9452.84,2158.31,370.84,14148.91,Paid
3279,3279,2025-09-16,1590.7,84720.1,14759.15,4315.54,96754.41,Paid
3280,3280,2025-09-02,2112.9,16441.68,3339.82,0.0,21894.4,Pending
3281,3281,2024-10-06,2583.29,10026.08,2201.6,378.28,14432.69,Paid
3282,3282,2024-04-05,1886.94,26521.77,5113.57,0.0,33522.28,Paid
3283,3283,2024-11-05,1981.7,13333.51,2536.2,1225.22,16626.19,Paid
3284,3284,2025-08-02,8367.99,12445.29,3559.07,1040.66,23331.69,Partially Paid
3285,3285,2025-08-10,2632.33,3887.3999999999996,1079.67,521.58,7077.82,Paid
3286,3286,2024-03-28,2701.34,28523.519999999997,5620.47,0.0,36845.33,Partially Paid
3287,3287,2025-01-17,2398.19,40152.66,7659.15,0.0,50210.0,Partially Paid
3288,3288,2025-07-13,3236.68,14542.18,3104.19,533.37,20349.68,Paid
3289,3289,2025-08-08,2686.17,0.0,483.51,0.0,3169.68,Paid
3290,3290,2024-08-22,2194.33,8293.8,1887.86,0.0,12375.99,Paid
3291,3291,2025-11-27,7638.68,2210.08,1772.78,0.0,11621.54,Pending
3292,3292,2025-06-28,3450.61,7151.58,1908.39,0.0,12510.58,Paid
3294,3294,2024-09-09,2774.37,21930.81,4446.93,0.0,29152.11,Paid
3295,3295,2025-07-12,10563.93,0.0,1901.51,0.0,12465.44,Paid
3296,3296,2024-10-06,8364.38,28234.61,6587.82,0.0,43186.81,Pending
3297,3297,2024-08-02,1552.39,7132.610000000001,1485.14,434.25,9735.89,Paid
3298,3298,2025-05-14,2541.14,0.0,434.53,127.06,2848.61,Pending
3299,3299,2025-07-31,3834.18,21292.2,4522.75,0.0,29649.13,Paid
3300,3300,2024-11-27,1617.15,3164.17,817.6,239.07,5359.85,Paid
3301,3301,2024-08-28,3752.16,10420.640000000001,2474.57,425.18,16222.19,Paid
3302,3302,2025-09-10,2903.48,6940.74,1683.36,492.21,11035.37,Paid
3303,3303,2024-11-25,1761.07,17040.0,3282.67,564.03,21519.71,Paid
3304,3304,2025-08-16,1444.34,34805.0,6524.88,0.0,42774.22,Paid
3305,3305,2024-11-01,2212.53,7868.450000000001,1723.85,504.05,11300.78,Paid
3306,3306,2025-02-15,2775.81,21922.37,4445.67,0.0,29143.85,Paid
3307,3307,2024-11-17,2557.18,22869.690000000002,4576.84,0.0,30003.71,Pending
3308,3308,2025-07-06,2277.67,1859.18,744.63,0.0,4881.48,Paid
3309,3309,2025-05-08,1847.58,26592.5,4863.25,1422.0,31881.33,Paid
3310,3310,2024-09-19,1771.94,19358.77,3499.24,1690.46,22939.49,Paid
3311,3311,2024-02-03,10840.17,5857.3099999999995,2765.1,1335.8,18126.78,Paid
3312,3312,2025-05-01,3571.28,43427.28999999999,8459.74,0.0,55458.31,Paid
3313,3313,2025-07-10,8590.36,9884.97,3325.56,0.0,21800.89,Paid
3314,3314,2024-10-16,2244.24,541.53,501.44,0.0,3287.21,Paid
3315,3315,2024-09-29,3931.53,8673.810000000001,2200.89,378.16,14428.07,Paid
3316,3316,2024-09-04,2287.55,54546.82,10230.19,0.0,67064.56,Paid
3317,3317,2024-07-27,5672.82,20924.04,4548.06,1329.84,29815.08,Paid
3318,3318,2024-12-30,6971.15,33726.06999999999,7105.73,1220.92,46582.03,Paid
3319,3319,2024-09-19,2486.61,18163.149999999998,3605.45,619.49,23635.72,Paid
3320,3320,2025-10-14,1470.29,13560.26,2489.06,1202.44,16317.17,Paid
3321,3321,2025-08-22,9808.04,2450.58,2206.55,0.0,14465.17,Paid
3322,3322,2024-11-26,2589.51,26413.479999999996,5063.92,870.09,33196.82,Pending
3323,3323,2025-04-23,2762.28,4698.06,1275.72,373.02,8363.04,Paid
3324,3324,2025-12-27,2525.11,10821.36,2402.36,0.0,15748.83,Paid
3325,3325,2024-04-28,1444.94,11707.86,2367.5,0.0,15520.3,Pending
3326,3326,2024-03-18,1524.5,15801.779999999999,3118.73,0.0,20445.01,Paid
3327,3327,2024-03-17,1507.4,17837.62,3308.0,967.25,21685.77,Paid
3328,3328,2025-12-20,1742.91,4910.45,1197.6,0.0,7850.96,Paid
3329,3329,2024-04-19,2820.57,13869.41,2914.07,500.7,19103.35,Pending
3330,3330,2025-10-08,7046.53,1055.43,1458.35,0.0,9560.31,Paid
3331,3331,2025-04-01,3304.58,0.0,594.82,0.0,3899.4,Partially Paid
3332,3332,2025-05-18,1930.77,20609.08,3854.31,1126.99,25267.17,Paid
3333,3333,2024-06-08,2297.85,0.0,413.61,0.0,2711.46,Paid
3334,3334,2025-12-15,7083.91,58577.05,11818.97,0.0,77479.93,Paid
3335,3335,2024-12-17,1496.29,11915.36,2414.1,0.0,15825.75,Paid
3336,3336,2024-07-25,8965.3,22376.39,5359.43,1567.08,35134.04,Paid
3337,3337,2025-05-07,2442.04,1736.0500000000002,752.06,0.0,4930.15,Paid
3338,3338,2024-08-04,10831.59,9361.119999999999,3634.69,0.0,23827.4,Paid
3339,3339,2025-08-30,2736.35,46848.240000000005,8657.47,1487.54,56754.52,Paid
3340,3340,2025-10-16,2217.82,1078.37,563.65,164.81,3695.03,Pending
3341,3341,2024-10-03,1490.47,3706.75,935.5,0.0,6132.72,Partially Paid
3342,3342,2024-06-19,1945.16,28813.04,5536.48,0.0,36294.68,Pending
3343,3343,2024-08-27,1543.27,25746.359999999997,4912.13,0.0,32201.76,Paid
3345,3345,2025-09-07,3478.03,34165.74,6572.6,1129.31,43087.06,Partially Paid
3346,3346,2024-07-13,3095.41,4264.110000000001,1284.97,220.79,8423.7,Paid
3347,3347,2025-10-26,2043.4,14328.369999999999,2799.57,818.59,18352.75,Pending
3348,3348,2025-03-21,8646.25,34465.57,7760.13,0.0,50871.95,Paid
3349,3349,2025-03-26,2897.26,16214.699999999999,3440.15,0.0,22552.11,Paid
3350,3350,2024-06-25,2546.02,9737.8,2211.09,0.0,14494.91,Paid
3351,3351,2024-10-11,3055.93,27048.79,5418.85,0.0,35523.57,Paid
3352,3352,2024-09-11,7520.66,1289.18,1585.77,0.0,10395.61,Paid
3353,3353,2025-10-19,1814.59,22349.09,4349.46,0.0,28513.14,Pending
3354,3354,2025-04-06,1753.77,1133.04,519.63,0.0,3406.44,Paid
3355,3355,2024-09-24,1854.32,18210.5,3503.32,601.94,22966.2,Paid
3356,3356,2024-12-11,3135.76,14190.19,3025.11,519.78,19831.28,Paid
3357,3357,2024-05-20,1805.62,0.0,325.01,0.0,2130.63,Paid
3358,3358,2025-05-15,5725.41,23326.34,5229.31,0.0,34281.06,Paid
3359,3359,2024-09-27,6271.03,31474.43,6590.36,1132.36,43203.46,Paid
3360,3360,2025-04-24,3256.97,39275.18,7655.79,0.0,50187.94,Pending
3361,3361,2025-08-20,3039.7,3143.2,1112.92,0.0,7295.82,Partially Paid
3362,3362,2024-04-26,1768.32,29395.08,5441.13,934.9,35669.63,Paid
3363,3363,2025-06-25,2326.65,22908.55,4315.22,1261.76,28288.66,Paid
3364,3364,2025-08-31,1660.78,17885.44,3342.4,977.31,21911.31,Paid
3366,3366,2024-04-06,8225.69,24977.68,5677.78,1660.17,37220.98,Paid
3367,3367,2025-12-09,2750.61,16006.99,3376.37,0.0,22133.97,Paid
3368,3368,2025-07-15,1884.85,1216.21,530.28,155.05,3476.29,Partially Paid
3369,3369,2025-12-24,9686.51,7714.620000000001,3038.24,522.03,19917.34,Paid
3370,3370,2025-04-12,2833.82,35966.56,6774.55,1164.01,44410.92,Paid
3371,3371,2025-10-25,2533.39,44039.46,8131.62,1397.19,53307.28,Paid
3372,3372,2025-04-17,1799.55,847.23,452.6,132.34,2967.04,Paid
3373,3373,2024-12-22,2731.05,1901.16,808.78,138.97,5302.02,Paid
3375,3375,2024-09-24,3356.65,55779.92999999999,10325.25,1774.1,67687.73,Paid
3376,3376,2025-12-11,1597.21,32811.87,5883.95,1720.45,38572.58,Paid
3377,3377,2024-01-08,2294.36,21349.18,3915.37,1891.48,25667.43,Partially Paid
3378,3378,2025-06-07,3525.36,56599.79,10281.4,3006.26,67400.29,Paid
3379,3379,2024-05-20,2300.77,22933.66,4315.09,1261.72,28287.8,Paid
3380,3380,2025-07-12,2043.86,7620.150000000001,1739.52,0.0,11403.53,Paid
3381,3381,2025-05-20,2246.67,0.0,392.27,67.4,2571.54,Paid
3382,3382,2024-08-29,3276.15,14995.699999999999,3190.26,548.16,20913.95,Paid
3383,3383,2025-01-06,1976.09,26177.029999999995,5067.56,0.0,33220.68,Paid
3384,3384,2025-12-20,2668.22,17442.57,3619.94,0.0,23730.73,Paid
3385,3385,2024-12-02,2378.77,3932.42,1079.21,315.56,7074.84,Paid
3386,3386,2024-10-22,2860.8,12892.44,2835.58,0.0,18588.82,Paid
3387,3387,2024-05-17,10831.05,25382.159999999996,6518.38,0.0,42731.59,Pending
3388,3388,2025-06-30,3673.83,3065.1,1176.62,202.17,7713.38,Paid
3389,3389,2024-09-09,2894.25,72214.57999999999,13519.59,0.0,88628.42,Paid
3390,3390,2025-03-13,7049.59,0.0,1205.48,352.48,7902.59,Paid
3391,3391,2024-04-08,1911.7,12725.76,2555.7,439.12,16754.04,Paid
3392,3392,2024-12-05,1564.93,6860.33,1395.22,674.02,9146.46,Paid
3393,3393,2024-10-21,3857.96,52477.270000000004,9633.32,2816.76,63151.79,Pending
3394,3394,2024-05-05,2590.21,0.0,452.25,77.71,2964.75,Paid
3395,3395,2025-07-29,1867.96,17642.31,3511.85,0.0,23022.12,Paid
3396,3396,2024-05-22,3612.88,2394.8,1081.38,0.0,7089.06,Paid
3397,3397,2025-12-14,2039.28,3036.0600000000004,867.88,253.77,5689.45,Paid
3398,3398,2024-11-25,2820.41,1127.55,710.63,0.0,4658.59,Paid
3399,3399,2025-08-30,3476.11,29326.530000000002,5609.25,1640.13,36771.76,Paid
3400,3400,2025-12-06,1922.56,22172.72,4120.29,1204.76,27010.81,Paid
3401,3401,2024-12-31,2447.1,0.0,418.45,122.36,2743.19,Paid
3402,3402,2024-03-11,2047.64,11922.8,2439.24,419.11,15990.57,Paid
3403,3403,2024-06-23,1933.52,590.94,440.77,75.73,2889.5,Paid
3404,3404,2025-12-05,1584.1,4454.19,1086.89,0.0,7125.18,Paid
3405,3405,2024-03-20,1942.28,4127.28,1005.12,485.56,6589.12,Paid
3406,3406,2025-01-27,6108.58,0.0,1099.54,0.0,7208.12,Paid
3407,3407,2025-12-03,7009.42,0.0,1160.76,560.75,7609.43,Partially Paid
3408,3408,2024-01-08,9651.66,17143.73,4582.01,1339.77,30037.63,Paid
3409,3409,2025-05-28,3113.41,9595.119999999999,2287.54,0.0,14996.07,Paid
3410,3410,2025-05-11,4090.24,21936.68,4450.6,1301.35,29176.17,Partially Paid
3411,3411,2024-09-13,1864.01,5872.0,1392.48,0.0,9128.49,Pending
3412,3412,2025-02-14,1792.7,20967.520000000004,3892.0,1138.01,25514.21,Paid
3413,3413,2025-12-22,2286.26,40974.39,7163.96,3460.85,46963.76,Paid
3414,3414,2025-08-04,1953.37,3303.52,946.24,0.0,6203.13,Pending
3415,3415,2024-12-07,1488.14,1491.32,493.4,238.36,3234.5,Paid
3416,3416,2024-10-01,1811.31,29706.079999999998,5502.94,945.52,36074.81,Paid
3417,3417,2024-11-24,8274.91,32669.57,7148.91,1228.33,46865.06,Pending
3418,3418,2024-08-03,2070.41,8616.97,1923.73,0.0,12611.11,Paid
3419,3419,2024-05-23,1922.89,11887.810000000001,2485.93,0.0,16296.63,Paid
3420,3420,2025-02-05,3514.77,7944.21,2000.74,343.77,13115.95,Paid
3421,3421,2024-10-25,8969.74,3728.08,2285.61,0.0,14983.43,Paid
3422,3422,2024-09-06,6865.71,11212.71,3254.12,0.0,21332.54,Paid
3423,3423,2025-04-07,2378.21,988.0,605.92,0.0,3972.13,Pending
3424,3424,2024-08-05,3087.9,0.0,539.15,92.64,3534.41,Paid
3425,3425,2024-11-17,9497.44,1513.94,1882.95,550.57,12343.76,Partially Paid
3426,3426,2024-10-06,2922.4,20510.98,4091.47,703.0,26821.85,Pending
3427,3427,2024-07-20,2018.63,15413.42,3137.77,0.0,20569.82,Paid
3428,3428,2024-09-20,2415.9,21578.82,3973.53,1919.58,26048.67,Paid
3429,3429,2024-12-19,2406.28,36305.54,6968.13,0.0,45679.95,Paid
3430,3430,2025-10-20,4039.18,10697.3,2572.99,442.09,16867.38,Paid
3431,3431,2024-10-14,2009.45,15082.039999999999,3076.47,0.0,20167.96,Paid
3432,3432,2024-10-28,1533.75,18768.280000000002,3362.02,1624.16,22039.89,Paid
3433,3433,2024-09-29,2932.31,59080.57000000001,11162.32,0.0,73175.2,Pending
3434,3434,2025-04-12,2122.47,33564.59,5909.78,2854.96,38741.88,Paid
3435,3435,2025-04-13,7815.91,21371.08,5253.66,0.0,34440.65,Pending
3436,3436,2024-04-13,2915.24,55453.15999999999,9665.81,4669.47,63364.74,Paid
3437,3437,2025-05-11,2732.65,16468.83,3456.27,0.0,22657.75,Paid
3438,3438,2024-01-20,2164.24,14973.26,3084.75,0.0,20222.25,Partially Paid
3439,3439,2024-06-30,2090.39,16129.83,3279.64,0.0,21499.86,Paid
3440,3440,2024-03-13,2734.76,0.0,467.64,136.74,3065.66,Partially Paid
3441,3441,2025-10-27,1626.15,20885.14,4052.03,0.0,26563.32,Paid
3442,3442,2025-10-05,1898.12,41954.7,7893.51,0.0,51746.33,Paid
3443,3443,2024-05-20,2492.88,21509.06,4320.35,0.0,28322.29,Paid
3444,3444,2025-09-25,2122.72,5388.63,1352.04,0.0,8863.39,Paid
3445,3445,2025-12-01,2054.08,54794.600000000006,10232.76,0.0,67081.44,Pending
3446,3446,2025-07-06,3156.81,12397.34,2659.76,777.71,17436.2,Pending
3447,3447,2025-12-26,1847.32,36389.24,6676.1,1147.1,43765.56,Paid
3448,3448,2024-01-13,1764.74,8829.64,1811.64,529.72,11876.3,Paid
3449,3449,2024-08-30,2678.93,0.0,467.74,80.37,3066.3,Pending
3450,3450,2024-03-19,10878.21,11886.63,3769.86,1821.19,24713.51,Paid
3451,3451,2024-05-28,3134.74,0.0,547.33,94.04,3588.03,Paid
3452,3452,2024-01-08,2504.74,2771.04,902.16,263.79,5914.15,Pending
3453,3453,2025-09-18,6532.28,19459.949999999997,4538.24,779.77,29750.7,Paid
3454,3454,2025-02-07,2236.73,2078.75,714.64,345.24,4684.88,Paid
3455,3455,2025-07-03,2183.5,0.0,373.38,109.18,2447.7,Partially Paid
3456,3456,2024-09-09,7640.96,15490.640000000001,4038.78,693.95,26476.43,Paid
3457,3457,2024-03-26,3402.44,10066.51,2230.46,1077.52,14621.89,Paid
3458,3458,2024-06-26,2205.87,0.0,397.06,0.0,2602.93,Paid
3459,3459,2025-02-01,2441.25,17745.23,3633.57,0.0,23820.05,Partially Paid
3460,3460,2025-09-27,2355.61,26321.45,5007.01,860.31,32823.76,Paid
3461,3461,2025-11-22,2664.82,5671.16,1425.45,416.8,9344.63,Paid
3462,3462,2024-08-05,1871.79,622.19,448.92,0.0,2942.9,Partially Paid
3463,3463,2025-09-09,2038.93,23419.55,4445.05,763.75,29139.78,Paid
3464,3464,2024-10-25,1530.01,26110.79,4826.08,829.22,31637.66,Paid
3465,3465,2024-06-19,2354.84,52981.03,9960.46,0.0,65296.33,Paid
3466,3466,2024-03-11,2285.16,17389.05,3541.36,0.0,23215.57,Paid
3467,3467,2024-07-09,2482.0,5187.280000000001,1339.06,230.08,8778.26,Paid
3468,3468,2024-06-30,8181.87,7349.06,2711.7,465.93,17776.7,Paid
3469,3469,2025-11-02,2239.76,1616.85,659.48,192.83,4323.26,Partially Paid
3470,3470,2024-02-23,1682.72,39378.03999999999,7169.21,1231.82,46998.15,Paid
3471,3471,2025-08-09,1833.87,3877.41,976.63,285.56,6402.35,Paid
3472,3472,2025-10-08,1547.15,27014.22,5141.05,0.0,33702.42,Paid
3473,3473,2025-12-01,4104.8,11263.310000000001,2766.26,0.0,18134.37,Paid
3474,3474,2024-12-11,1773.41,57776.700000000004,10397.45,1786.5,68161.06,Paid
3475,3475,2024-04-14,1665.95,50511.869999999995,9110.25,1565.33,59722.74,Paid
3476,3476,2024-07-13,4131.34,13349.8,3146.61,0.0,20627.75,Paid
3477,3477,2025-04-22,6401.89,2159.3,1541.01,0.0,10102.2,Paid
3478,3478,2025-10-19,1583.9,462.15,338.83,163.68,2221.2,Pending
3479,3479,2025-11-28,2506.83,976.51,627.0,0.0,4110.34,Paid
3480,3480,2024-04-14,9514.38,734.85,1789.52,307.48,11731.27,Paid
3481,3481,2024-12-22,1787.24,17919.62,3547.23,0.0,23254.09,Paid
3482,3482,2025-02-13,2598.59,22512.36,4293.97,1255.55,28149.37,Paid
3483,3483,2024-01-24,4016.58,51688.53,10026.92,0.0,65732.03,Pending
3484,3484,2024-03-01,3055.26,8138.94,1914.21,559.71,12548.7,Paid
3485,3485,2024-07-21,2292.43,58651.979999999996,10421.49,3047.22,68318.68,Paid
3486,3486,2024-11-10,2852.78,24796.18,4827.51,829.47,31647.0,Paid
3487,3487,2024-12-27,8290.9,37467.68,8236.54,0.0,53995.12,Pending
3488,3488,2024-05-21,2963.98,28983.78,5750.6,0.0,37698.36,Paid
3489,3489,2025-10-20,2320.94,15746.690000000002,3252.17,0.0,21319.8,Paid
3490,3490,2025-10-10,2789.18,36008.47,6983.58,0.0,45781.23,Paid
3491,3491,2025-01-27,2002.85,21279.53,3981.29,1164.12,26099.55,Paid
3492,3492,2024-06-27,2987.43,2212.74,889.23,260.01,5829.39,Paid
3493,3493,2024-03-29,7010.03,15338.54,3821.61,1117.43,25052.75,Paid
3494,3494,2025-11-13,2619.05,59495.82,11180.68,0.0,73295.55,Paid
3495,3495,2025-07-03,2817.35,5560.3099999999995,1387.34,670.21,9094.79,Paid
3496,3496,2024-02-08,3100.42,9869.07,2217.78,648.47,14538.8,Paid
3497,3497,2025-02-05,1643.48,5455.12,1239.42,212.96,8125.06,Paid
3498,3498,2025-04-01,8954.64,32095.06,7167.28,1231.49,46985.49,Paid
3499,3499,2025-06-02,3068.46,5501.12,1542.52,0.0,10112.1,Pending
3500,3500,2025-08-12,2306.41,9061.08,1984.76,341.02,13011.23,Paid
3501,3501,2024-07-15,1495.13,10469.01,2088.94,358.92,13694.16,Paid
3502,3502,2024-06-05,5733.43,19124.629999999997,4250.73,1242.9,27865.89,Partially Paid
3503,3503,2025-09-05,3082.55,25756.019999999997,5190.94,0.0,34029.51,Pending
3504,3504,2024-01-16,3276.07,43838.76,8480.67,0.0,55595.5,Paid
3505,3505,2024-08-29,8752.97,11564.56,3657.16,0.0,23974.69,Paid
3507,3507,2024-08-14,2305.02,6010.61,1421.97,415.78,9321.82,Pending
3508,3508,2024-08-31,2114.42,1534.74,624.01,182.46,4090.71,Pending
3509,3509,2024-10-27,2588.39,33364.07,6471.44,0.0,42423.9,Pending
3510,3510,2024-03-06,2443.71,34835.22,6173.39,2982.31,40470.01,Partially Paid
3511,3511,2025-07-25,2022.47,26823.63,4776.91,2307.69,31315.32,Paid
3513,3513,2024-01-05,2710.02,31963.02,5929.09,1733.65,38868.48,Paid
3514,3514,2024-11-27,7926.61,36125.94,7691.57,1321.58,50422.54,Paid
3515,3515,2025-04-08,2238.3,16596.1,3220.68,941.72,21113.36,Paid
3516,3516,2025-02-05,2070.84,10676.7,2294.56,0.0,15042.1,Paid
3517,3517,2024-09-29,2063.15,4233.4400000000005,1133.39,0.0,7429.98,Paid
3518,3518,2024-09-14,2533.43,26658.760000000002,5254.59,0.0,34446.78,Paid
3519,3519,2024-11-20,2814.34,23043.300000000003,4514.74,775.73,29596.65,Paid
3520,3520,2024-04-01,2468.42,14459.58,3047.04,0.0,19975.04,Paid
3521,3521,2024-07-25,3995.98,4861.25,1594.3,0.0,10451.53,Paid
3522,3522,2024-02-12,3933.29,14030.22,3233.43,0.0,21196.94,Paid
3523,3523,2025-04-03,5989.58,2538.84,1458.36,426.42,9560.36,Paid
3524,3524,2025-11-26,2186.86,31480.5,6060.12,0.0,39727.48,Paid
3525,3525,2024-11-21,1697.83,19020.97,3617.5,621.56,23714.74,Paid
3526,3526,2025-01-24,9604.66,28050.28,6438.99,1882.75,42211.18,Paid
3527,3527,2024-10-11,2839.76,11757.08,2627.43,0.0,17224.27,Paid
3528,3528,2024-08-04,2932.18,19518.62,3839.09,1122.54,25167.35,Paid
3529,3529,2024-10-03,2166.51,26660.190000000002,4929.36,1441.34,32314.72,Paid
3530,3530,2025-03-29,1902.61,4094.74,1079.52,0.0,7076.87,Paid
3531,3531,2025-04-11,3358.02,53549.09,9935.98,1707.21,65135.88,Paid
3532,3532,2025-12-10,3423.45,52262.990000000005,9722.85,1670.59,63738.7,Partially Paid
3533,3533,2024-01-30,3206.8,22178.55,4569.36,0.0,29954.71,Pending
3534,3534,2025-11-08,3690.78,7477.28,1949.94,335.04,12782.96,Paid
3535,3535,2024-05-14,2122.65,8065.950000000001,1778.93,305.66,11661.87,Paid
3536,3536,2024-04-12,3314.31,42862.92,8311.9,0.0,54489.13,Paid
3537,3537,2025-08-29,2156.11,28155.96,5292.49,909.36,34695.2,Pending
3538,3538,2024-08-07,10090.32,7787.49,3218.01,0.0,21095.82,Paid
3539,3539,2025-05-29,2271.32,6446.54,1490.75,435.89,9772.72,Paid
3540,3540,2024-05-06,1905.62,2137.7,691.41,202.17,4532.56,Paid
3541,3541,2025-09-26,2091.22,21090.4,4172.69,0.0,27354.31,Paid
3542,3542,2025-11-24,1819.2,11617.73,2225.16,1074.95,14587.14,Paid
3543,3543,2025-02-07,3497.25,6756.1900000000005,1790.25,307.6,11736.09,Paid
3544,3544,2024-05-04,1589.25,976.3,438.71,128.28,2875.98,Paid
3545,3545,2024-02-18,2044.84,2038.45,698.24,204.16,4577.37,Paid
3546,3546,2024-07-17,3881.88,15554.189999999999,3323.57,971.8,21787.84,Paid
3547,3547,2025-04-26,1813.32,33558.58,6048.59,1768.6,39651.89,Partially Paid
3548,3548,2024-11-28,5792.22,8877.1,2640.48,0.0,17309.8,Paid
3549,3549,2025-09-03,5969.76,49656.62,9512.11,2781.32,62357.17,Paid
3550,3550,2024-07-17,2914.96,1925.36,827.69,242.02,5425.99,Paid
3551,3551,2025-02-14,3399.54,0.0,611.92,0.0,4011.46,Paid
3552,3552,2024-12-11,3131.16,7971.14,1998.41,0.0,13100.71,Paid
3553,3553,2024-12-15,3027.34,2827.6000000000004,1053.89,0.0,6908.83,Paid
3554,3554,2025-02-01,7126.13,3073.62,1744.16,509.99,11433.92,Paid
3555,3555,2024-03-16,1592.1,6131.7,1390.28,0.0,9114.08,Paid
3556,3556,2024-12-25,2780.68,18607.55,3734.38,641.65,24480.96,Paid
3557,3557,2024-05-23,2593.43,20952.83,4111.18,706.39,26951.05,Paid
3558,3558,2025-04-05,6988.68,2418.32,1608.6,470.35,10545.25,Paid
3559,3559,2025-05-12,3095.34,4592.32,1314.59,384.38,8617.87,Paid
3560,3560,2025-07-22,3083.99,9888.689999999999,2218.33,648.63,14542.38,Paid
3562,3562,2025-07-06,2019.1,8201.82,1784.57,306.63,11698.86,Paid
3564,3564,2025-02-05,1682.83,34196.1,6264.46,1076.37,41067.02,Pending
3565,3565,2025-03-11,1549.38,14056.650000000001,2809.09,0.0,18415.12,Paid
3566,3566,2024-07-13,2599.13,17238.89,3392.3,991.9,22238.42,Partially Paid
3567,3567,2025-02-22,2648.66,12818.9,2784.16,0.0,18251.72,Paid
3568,3568,2024-03-03,2729.16,43628.659999999996,8344.41,0.0,54702.23,Paid
3569,3569,2025-01-31,2814.6,21457.27,4368.94,0.0,28640.81,Partially Paid
3570,3570,2024-11-17,3521.26,0.0,602.14,176.06,3947.34,Paid
3571,3571,2024-11-17,1808.35,10545.38,2156.96,370.61,14140.08,Paid
3572,3572,2024-09-28,1868.94,24453.87,4359.06,2105.82,28576.05,Paid
3573,3573,2024-05-21,2229.58,1445.83,628.5,183.77,4120.14,Paid
3574,3574,2025-06-29,3697.95,55378.98,10633.85,0.0,69710.78,Paid
3575,3575,2024-01-17,7493.52,21183.010000000002,5006.92,860.3,32823.15,Paid
3576,3576,2024-09-23,8628.37,40348.67,8815.87,0.0,57792.91,Paid
3577,3577,2025-08-19,2076.47,18072.71,3445.51,1007.46,22587.23,Paid
3578,3578,2024-10-01,2714.24,18005.079999999998,3543.0,1035.97,23226.35,Paid
3579,3579,2024-09-06,1467.99,8842.61,1800.23,309.32,11801.51,Paid
3580,3580,2024-03-03,2875.93,19330.7,3797.33,1110.33,24893.63,Partially Paid
3581,3581,2025-11-15,2201.8,481.08,468.43,80.49,3070.82,Paid
3582,3582,2024-05-30,1953.81,18898.559999999998,3453.15,1668.19,22637.33,Paid
3583,3583,2025-03-01,1646.52,11616.65,2387.37,0.0,15650.54,Paid
3584,3584,2025-11-29,10040.42,10698.599999999999,3621.03,622.17,23737.88,Paid
3585,3585,2025-09-05,2931.74,710.4,622.81,182.11,4082.84,Paid
3586,3586,2025-12-27,1750.64,11710.08,2301.78,673.04,15089.46,Paid
3587,3587,2024-11-28,8427.71,0.0,1441.14,421.39,9447.46,Partially Paid
3588,3588,2024-12-30,5719.06,27124.78,5911.89,0.0,38755.73,Paid
3590,3590,2025-02-11,2564.95,1055.48,632.13,108.61,4143.95,Partially Paid
3591,3591,2025-12-31,3819.61,33466.44,6174.57,2982.88,40477.74,Paid
3592,3592,2024-06-24,3102.49,5042.969999999999,1466.18,0.0,9611.64,Paid
3593,3593,2025-09-28,2322.17,7486.41,1765.54,0.0,11574.12,Paid
3594,3594,2024-11-27,3656.41,1562.1799999999998,911.17,156.56,5973.2,Paid
3595,3595,2024-07-23,7141.32,764.65,1309.23,632.48,8582.72,Paid
3596,3596,2024-04-25,1533.61,16336.48,3216.62,0.0,21086.71,Paid
3597,3597,2024-06-05,2217.96,6491.98,1489.4,435.5,9763.84,Paid
3598,3598,2025-02-17,3077.81,8824.45,1971.01,952.18,12921.09,Paid
3599,3599,2024-03-03,3692.7,1146.47,827.5,241.96,5424.71,Paid
3600,3600,2025-10-28,5731.94,30702.510000000002,6230.29,1821.72,40843.02,Pending
3601,3601,2024-08-22,1568.35,17403.74,3414.98,0.0,22387.07,Paid
3602,3602,2024-12-09,2082.77,1153.01,582.44,0.0,3818.22,Paid
3603,3603,2025-08-31,3976.59,703.41,817.13,140.4,5356.73,Paid
3604,3604,2024-08-26,3423.19,11575.76,2699.81,0.0,17698.76,Paid
3605,3605,2025-04-21,3009.18,759.96,644.52,188.46,4225.2,Paid
3606,3606,2024-04-20,2254.02,842.56,540.66,92.9,3544.34,Paid
3607,3607,2024-11-19,10487.4,21757.48,5804.08,0.0,38048.96,Paid
3608,3608,2024-09-20,7292.29,17327.44,4209.97,1230.99,27598.71,Paid
3609,3609,2025-11-20,2200.43,10999.1,2304.64,395.99,15108.18,Paid
3610,3610,2025-01-24,1657.4,31796.120000000003,5840.98,1003.61,38290.89,Paid
3611,3611,2025-05-21,5778.52,0.0,1008.93,173.36,6614.09,Paid
3612,3612,2025-06-27,2074.03,21522.129999999997,4119.89,707.88,27008.17,Pending
3613,3613,2024-04-24,7137.17,10390.29,2997.2,876.37,19648.29,Paid
3614,3614,2025-04-18,2627.78,0.0,458.81,78.83,3007.76,Paid
3615,3615,2025-03-04,7531.31,55347.98999999999,11318.27,0.0,74197.57,Paid
3616,3616,2024-07-06,2710.92,7647.0,1715.27,828.63,11244.56,Paid
3617,3617,2025-09-14,2852.14,55380.82,9957.84,2911.65,65279.15,Paid
3618,3618,2025-07-18,2102.83,5578.43,1341.15,230.44,8791.97,Paid
3619,3619,2025-11-25,2305.97,23624.06,4667.41,0.0,30597.44,Paid
3620,3620,2024-12-19,1877.93,25727.93,4969.05,0.0,32574.91,Paid
3621,3621,2024-12-30,3715.12,20738.61,4049.54,1956.3,26546.97,Paid
3622,3622,2025-03-01,6301.8,3059.73,1634.52,280.85,10715.2,Paid
3623,3623,2025-04-03,2805.65,18794.78,3577.03,1728.03,23449.43,Paid
3624,3624,2024-09-11,1655.37,7889.17,1632.12,477.23,10699.43,Paid
3625,3625,2024-09-27,8985.85,57275.380000000005,11927.02,0.0,78188.25,Pending
3626,3626,2025-06-24,2194.64,30595.13,5902.16,0.0,38691.93,Pending
3627,3627,2024-02-26,2827.84,8627.85,2000.16,343.67,13112.18,Paid
3628,3628,2025-12-08,8327.5,47582.229999999996,10063.75,0.0,65973.48,Paid
3629,3629,2025-07-17,3781.93,29888.79,6060.73,0.0,39731.45,Paid
3630,3630,2025-10-29,2783.05,1467.81,726.9,212.54,4765.22,Paid
3631,3631,2025-04-17,8128.46,5969.55,2537.64,0.0,16635.65,Paid
3632,3632,2024-08-20,2634.62,19425.77,3970.87,0.0,26031.26,Paid
3633,3633,2025-11-11,3292.21,13748.67,3067.36,0.0,20108.24,Paid
3634,3634,2025-09-14,2355.66,13904.309999999998,2838.99,487.8,18611.16,Pending
3635,3635,2024-05-29,1534.19,9779.310000000001,2036.43,0.0,13349.93,Pending
3636,3636,2024-04-17,3833.78,471.51,751.7,129.16,4927.83,Partially Paid
3637,3637,2025-07-09,2561.02,61597.17,11548.47,0.0,75706.66,Paid
3638,3638,2025-01-01,1501.41,18007.01,3406.17,585.25,22329.34,Pending
3639,3639,2024-12-01,2376.99,11284.49,2459.07,0.0,16120.55,Paid
3640,3640,2025-09-01,2169.48,6147.88,1452.21,249.52,9520.05,Paid
3641,3641,2025-12-27,10348.75,9309.11,3538.41,0.0,23196.27,Paid
3642,3642,2025-06-27,3759.36,26911.199999999997,5520.7,0.0,36191.26,Paid
3643,3643,2025-04-03,4022.83,36729.92,6748.66,3260.22,44241.19,Partially Paid
3644,3644,2025-05-05,3156.51,61522.56,11642.23,0.0,76321.3,Paid
3645,3645,2025-07-12,3054.8,17786.519999999997,3451.32,1667.31,22625.33,Paid
3646,3646,2024-09-29,2953.87,0.0,531.7,0.0,3485.57,Paid
3647,3647,2024-03-22,3116.04,12414.83,2655.78,776.54,17410.11,Paid
3648,3648,2025-02-17,8300.1,1847.61,1826.59,0.0,11974.3,Paid
3649,3649,2024-06-20,2686.86,28380.440000000002,5592.11,0.0,36659.41,Paid
3650,3650,2025-08-08,2675.65,25770.11,4710.62,2275.66,30880.72,Paid
3651,3651,2025-08-05,7777.83,14231.7,3961.72,0.0,25971.25,Pending
3652,3652,2025-11-13,2004.27,18201.66,3637.07,0.0,23843.0,Paid
3653,3653,2025-07-02,2227.69,17278.43,3335.55,975.31,21866.36,Paid
3654,3654,2024-01-24,4117.17,10148.92,2567.9,0.0,16833.99,Paid
3655,3655,2025-06-19,2767.55,746.68,632.56,0.0,4146.79,Paid
3656,3656,2024-06-01,2284.02,26271.649999999998,4985.82,856.67,32684.82,Partially Paid
3657,3657,2025-08-02,3202.15,9322.42,2254.42,0.0,14778.99,Paid
3658,3658,2025-04-22,1929.38,26432.05,5105.06,0.0,33466.49,Partially Paid
3660,3660,2025-05-30,2335.51,7797.9400000000005,1732.82,506.67,11359.6,Pending
3661,3661,2024-09-17,8862.96,16063.099999999999,4262.36,1246.3,27942.12,Paid
3663,3663,2025-10-26,7743.5,19338.4,4728.5,812.46,30997.94,Paid
3664,3664,2025-09-22,1699.76,18240.91,3481.64,598.22,22824.09,Paid
3665,3665,2025-01-24,7295.13,19925.36,4654.7,1361.02,30514.17,Paid
3666,3666,2025-09-05,3364.8,2285.74,966.24,282.53,6334.25,Pending
3667,3667,2024-04-10,6278.98,0.0,1096.31,188.37,7186.92,Partially Paid
3668,3668,2025-03-16,1533.69,9690.070000000002,1959.67,336.71,12846.72,Paid
3669,3669,2024-02-03,2764.02,2964.0699999999997,1031.06,0.0,6759.15,Paid
3670,3670,2024-07-17,2150.98,11115.77,2388.02,0.0,15654.77,Paid
3671,3671,2025-05-28,7528.69,0.0,1355.16,0.0,8883.85,Partially Paid
3672,3672,2025-07-19,1826.26,5611.89,1298.7,223.14,8513.71,Paid
3673,3673,2024-06-03,2698.79,42196.43,7434.65,3591.62,48738.25,Paid
3674,3674,2025-01-20,3585.0,51496.95,9617.31,1652.46,63046.8,Paid
3675,3675,2024-08-02,7180.81,0.0,1253.77,215.42,8219.16,Pending
3676,3676,2024-12-12,3973.85,13359.53,3120.01,0.0,20453.39,Paid
3677,3677,2025-08-04,2114.12,2158.42,730.6,213.63,4789.51,Paid
3678,3678,2024-10-27,3929.05,29154.69,5776.42,992.51,37867.65,Paid
3680,3680,2025-11-03,2156.62,21759.410000000003,4304.89,0.0,28220.92,Pending
3681,3681,2024-04-28,6380.8,18751.239999999998,4523.77,0.0,29655.81,Paid
3683,3683,2024-11-13,7762.28,6844.34,2629.19,0.0,17235.81,Paid
3684,3684,2024-01-29,1627.25,39695.57,7066.2,2066.14,46322.88,Paid
3685,3685,2024-08-05,8248.51,23535.069999999996,5263.36,2542.69,34504.25,Paid
3686,3686,2025-10-04,2235.84,15908.69,3168.03,544.34,20768.22,Paid
3687,3687,2025-04-25,4057.2,10061.98,2465.21,423.58,16160.81,Paid
3688,3688,2024-01-20,2295.02,823.5,544.49,93.56,3569.45,Paid
3689,3689,2025-05-11,1657.26,42826.65,8007.1,0.0,52491.01,Pending
3690,3690,2024-10-18,3536.2,25970.13,5151.81,885.19,33772.95,Paid
3691,3691,2025-06-25,3004.66,25448.379999999997,4967.9,853.59,32567.35,Paid
3692,3692,2024-10-20,1590.3,32383.21,6115.23,0.0,40088.74,Paid
3693,3693,2024-03-30,2831.9,510.25,553.46,267.37,3628.24,Paid
3694,3694,2025-12-14,4046.43,9210.58,2386.26,0.0,15643.27,Paid
3695,3695,2025-10-18,2053.7,29177.519999999997,5452.97,936.94,35747.25,Paid
3696,3696,2024-03-08,9716.8,18463.99,5072.54,0.0,33253.33,Paid
3697,3697,2024-10-30,2749.17,36263.43,6460.49,3121.01,42352.08,Paid
3698,3698,2025-10-10,2416.8,16339.599999999999,3274.87,562.69,21468.58,Paid
3699,3699,2024-09-19,4076.07,11283.35,2543.52,1228.75,16674.19,Paid
3700,3700,2024-05-30,3302.62,3435.87,1212.93,0.0,7951.42,Paid
3701,3701,2025-04-24,3335.38,18518.16,3815.63,655.61,25013.56,Paid
3702,3702,2024-12-16,2710.07,10920.300000000001,2379.86,408.91,15601.32,Pending
3703,3703,2024-11-08,2154.63,21295.55,4094.4,703.51,26841.07,Pending
3704,3704,2024-02-08,2746.1,8635.12,2048.62,0.0,13429.84,Paid
3705,3705,2025-06-13,3588.94,0.0,613.71,179.45,4023.2,Paid
3706,3706,2025-07-29,1767.65,34704.119999999995,6367.97,1094.15,41745.59,Paid
3707,3707,2025-06-29,1726.22,33371.14,6317.52,0.0,41414.88,Paid
3708,3708,2025-07-29,3869.55,29381.23,5685.88,1662.54,37274.12,Paid
3709,3709,2025-01-14,2341.63,35546.23,6819.81,0.0,44707.67,Paid
3710,3710,2025-11-20,3904.28,26845.54,5258.22,1537.49,34470.55,Paid
3711,3711,2025-10-23,2184.06,29792.33,5583.08,959.29,36600.18,Paid
3712,3712,2025-07-06,2963.78,55595.08,10540.59,0.0,69099.45,Paid
3713,3713,2024-04-25,1898.28,5838.05,1350.76,232.09,8855.0,Paid
3714,3714,2025-04-28,1611.33,8031.92,1735.78,0.0,11379.03,Paid
3715,3715,2025-03-27,1726.2,14495.92,2832.38,486.66,18567.84,Paid
3716,3716,2024-09-03,2733.62,14036.16,3018.56,0.0,19788.34,Paid
3717,3717,2024-04-01,5677.41,696.08,1112.81,191.2,7295.1,Paid
3718,3718,2024-02-18,3463.2,29683.42,5966.39,0.0,39113.01,Paid
3719,3719,2024-01-24,1921.18,577.89,436.34,74.97,2860.44,Pending
3720,3720,2025-02-09,1574.98,29333.12,5563.46,0.0,36471.56,Paid
3721,3721,2025-05-03,7010.89,1504.6,1486.81,255.46,9746.84,Paid
3722,3722,2025-03-13,8914.27,12678.259999999998,3886.66,0.0,25479.19,Pending
3723,3723,2024-03-12,2913.47,18246.37,3808.77,0.0,24968.61,Paid
3724,3724,2025-05-02,2171.25,5560.3,1391.68,0.0,9123.23,Paid
3725,3725,2024-09-15,5801.39,7415.32,2379.01,0.0,15595.72,Paid
3726,3726,2025-01-16,2011.15,16325.8,3300.65,0.0,21637.6,Paid
3727,3727,2025-07-25,4147.17,12028.22,2911.57,0.0,19086.96,Paid
3728,3728,2024-05-24,2323.72,13568.1,2860.53,0.0,18752.35,Paid
3729,3729,2025-09-06,2848.81,31362.28,5973.26,1026.33,39158.02,Paid
3730,3730,2025-03-20,1569.66,49190.19,8405.83,4060.79,55104.89,Paid
3731,3731,2024-03-06,3981.65,14367.929999999998,3137.78,917.48,20569.88,Pending
3732,3732,2025-10-08,2825.56,25109.73,4776.94,1396.76,31315.47,Paid
3733,3733,2025-02-19,2398.0,2095.8,808.88,0.0,5302.68,Pending
3734,3734,2024-03-08,1930.64,28042.02,5125.33,1498.63,33599.36,Paid
3735,3735,2024-11-04,2732.43,18602.23,3840.24,0.0,25174.9,Paid
3736,3736,2024-07-08,9008.4,66416.45999999999,13169.18,2262.75,86331.29,Paid
3737,3737,2024-06-01,2045.04,24184.1,4343.55,2098.33,28474.36,Paid
3738,3738,2025-10-02,2333.03,0.0,419.95,0.0,2752.98,Paid
3739,3739,2025-09-22,3596.8,7743.83,1980.07,340.22,12980.48,Paid
3740,3740,2025-04-29,1517.18,520.28,366.74,0.0,2404.2,Paid
3741,3741,2025-04-04,2168.46,27734.59,5382.55,0.0,35285.6,Paid
3742,3742,2024-01-12,2032.43,20592.08,3868.79,1131.23,25362.07,Paid
3743,3743,2024-07-18,2002.58,438.34,417.4,122.05,2736.27,Paid
3744,3744,2024-11-03,2759.66,17710.96,3500.48,1023.53,22947.57,Paid
3745,3745,2024-12-01,2971.56,56770.21,10753.52,0.0,70495.29,Pending
3746,3746,2025-06-09,2256.13,13784.880000000001,2887.38,0.0,18928.39,Paid
3747,3747,2024-04-23,3189.78,0.0,574.16,0.0,3763.94,Pending
3748,3748,2024-06-02,2011.55,903.13,498.41,145.73,3267.36,Paid
3749,3749,2025-04-02,4063.66,17377.22,3743.58,643.23,24541.23,Paid
3750,3750,2025-08-27,1753.95,16745.37,3229.98,554.98,21174.32,Paid
3751,3751,2025-10-26,1663.48,9516.2,1951.97,335.39,12796.26,Pending
3752,3752,2024-06-05,2611.99,40185.36,7472.42,1283.92,48985.85,Paid
3753,3753,2025-04-18,1917.32,9416.78,1978.93,340.02,12973.01,Paid
3754,3754,2025-05-14,9881.75,0.0,1725.35,296.45,11310.65,Paid
3755,3755,2024-05-25,8538.3,30175.54,6620.07,1935.69,43398.22,Paid
3757,3757,2024-08-21,3723.91,40901.43,8032.56,0.0,52657.9,Paid
3758,3758,2025-09-07,1755.77,6818.280000000001,1497.03,257.22,9813.86,Paid
3759,3759,2024-12-01,1648.12,14352.16,2793.65,480.01,18313.92,Paid
3760,3760,2025-01-05,2814.77,1697.13,787.78,135.36,5164.32,Paid
3761,3761,2025-12-19,5824.32,631.22,1162.0,0.0,7617.54,Paid
3762,3762,2025-02-14,2623.03,0.0,457.98,78.69,3002.32,Paid
3763,3763,2024-01-30,1858.58,34841.479999999996,6275.71,1835.0,41140.77,Paid
3764,3764,2025-07-02,2309.33,18477.16,3741.57,0.0,24528.06,Paid
3765,3765,2024-06-30,1986.3,8371.85,1771.24,517.91,11611.48,Paid
3766,3766,2025-12-04,2134.5,38927.52,7391.16,0.0,48453.18,Paid
3767,3767,2024-11-08,2791.76,13924.71,2768.25,1337.32,18147.4,Paid
3768,3768,2025-02-20,1519.66,1059.96,427.18,206.37,2800.43,Paid
3769,3769,2024-03-24,1907.67,48433.33,8608.31,2517.05,56432.26,Paid
3770,3770,2024-04-10,7121.46,11001.96,3262.22,0.0,21385.64,Paid
3771,3771,2025-07-11,3100.17,3837.92,1148.95,555.05,7531.99,Paid
3772,3772,2024-08-07,7876.62,23220.18,5597.42,0.0,36694.22,Paid
3773,3773,2025-07-12,1975.18,30611.68,5865.63,0.0,38452.49,Partially Paid
3774,3774,2024-04-01,3062.2,6032.59,1587.95,272.84,10409.9,Pending
3775,3775,2025-07-29,3758.28,6335.88,1726.1,504.71,11315.55,Pending
3776,3776,2025-11-18,9485.87,7347.129999999999,3029.94,0.0,19862.94,Paid
3777,3777,2025-11-09,2002.66,11880.039999999999,2498.89,0.0,16381.59,Paid
3778,3778,2024-09-09,2614.65,12277.300000000001,2546.52,744.6,16693.87,Paid
3779,3779,2025-09-27,2274.04,2358.77,808.89,138.98,5302.72,Paid
3780,3780,2024-08-07,2426.72,15428.88,3214.01,0.0,21069.61,Paid
3781,3781,2025-12-22,2009.26,13352.62,2626.88,768.09,17220.67,Paid
3782,3782,2025-10-17,1446.65,1179.36,458.5,78.78,3005.73,Paid
3783,3783,2024-03-27,2176.58,11789.69,2438.51,418.99,15985.79,Paid
3784,3784,2025-09-18,2137.71,52850.899999999994,9897.95,0.0,64886.56,Paid
3785,3785,2024-01-11,3075.06,5006.21,1338.26,646.5,8773.03,Paid
3786,3786,2025-10-25,1773.99,5807.4400000000005,1364.66,0.0,8946.09,Paid
3787,3787,2025-09-11,3982.04,8379.1,2225.01,0.0,14586.15,Paid
3788,3788,2025-04-11,1685.11,1585.41,571.03,98.12,3743.43,Paid
3789,3789,2024-08-04,3363.58,42227.72,8206.43,0.0,53797.73,Paid
3790,3790,2025-04-10,2563.46,35982.43,6938.26,0.0,45484.15,Paid
3791,3791,2024-10-22,2306.67,4174.41,1166.59,0.0,7647.67,Pending
3792,3792,2025-09-19,2391.74,42028.68,7995.68,0.0,52416.1,Pending
3793,3793,2025-11-17,2780.99,8830.310000000001,2090.03,0.0,13701.33,Paid
3794,3794,2024-11-29,2067.0,19506.52,3766.74,647.21,24693.05,Paid
3795,3795,2025-02-20,3107.85,2157.53,919.34,157.96,6026.76,Paid
3796,3796,2025-02-04,1793.29,19342.22,3804.39,0.0,24939.9,Pending
3797,3797,2024-04-09,2150.37,48671.21,8690.49,2541.08,56970.99,Paid
3798,3798,2024-07-30,2254.42,955.81,577.84,0.0,3788.07,Paid
3799,3799,2024-08-03,2174.79,9175.89,2043.12,0.0,13393.8,Paid
3800,3800,2025-12-22,1595.64,21022.4,3949.11,678.54,25888.61,Paid
3801,3801,2025-03-04,3221.31,1702.49,886.28,0.0,5810.08,Pending
3802,3802,2025-12-11,4028.03,1552.49,1004.49,0.0,6585.01,Paid
3803,3803,2024-08-15,1965.41,5795.85,1397.03,0.0,9158.29,Paid
3804,3804,2025-11-17,3188.36,50264.74,9621.56,0.0,63074.66,Paid
3805,3805,2024-10-09,7222.96,0.0,1300.13,0.0,8523.09,Paid
3806,3806,2024-01-09,1449.0,35799.39,6704.71,0.0,43953.1,Partially Paid
3807,3807,2025-04-01,3944.63,18203.31,3787.3,1107.4,24827.84,Paid
3808,3808,2024-05-16,2862.01,3327.01,1024.9,495.12,6718.8,Paid
3809,3809,2025-10-16,4093.68,56710.41,10944.74,0.0,71748.83,Paid
3810,3810,2024-10-21,7224.47,868.59,1383.91,404.65,9072.32,Paid
3811,3811,2024-02-20,5897.07,29269.550000000003,6329.99,0.0,41496.61,Paid
3812,3812,2024-12-18,1889.27,13691.810000000001,2804.59,0.0,18385.67,Partially Paid
3813,3813,2025-10-25,1931.3,11906.72,2366.3,691.9,15512.42,Paid
3814,3814,2025-05-01,2150.14,1510.96,659.0,0.0,4320.1,Pending
3815,3815,2024-10-04,11045.16,29546.11,6941.11,2029.56,45502.82,Paid
3816,3816,2024-02-02,1599.48,27339.809999999998,5209.07,0.0,34148.36,Paid
3817,3817,2025-12-14,2138.65,13114.52,2745.57,0.0,17998.74,Partially Paid
3818,3818,2025-07-23,2859.91,0.0,473.6,228.79,3104.72,Paid
3819,3819,2025-09-21,2226.27,33182.86,6373.64,0.0,41782.77,Paid
3820,3820,2024-02-20,2543.89,37410.37,6832.18,1997.71,44788.73,Paid
3821,3821,2025-07-25,2523.35,3533.21,1035.67,302.83,6789.4,Paid
3822,3822,2025-08-19,2795.22,12228.970000000001,2704.35,0.0,17728.54,Paid
3824,3824,2025-08-24,3582.3,0.0,644.81,0.0,4227.11,Paid
3825,3825,2024-04-16,6823.93,15221.2,3769.72,1102.26,24712.59,Paid
3826,3826,2024-11-26,8216.59,2239.46,1731.52,836.48,11351.09,Paid
3827,3827,2024-08-23,4102.09,35594.05,6573.68,3175.69,43094.13,Paid
3828,3828,2024-11-15,2726.38,3333.02,1036.16,302.97,6792.59,Pending
3829,3829,2025-12-08,3769.69,5172.41,1529.1,447.1,10024.1,Pending
3830,3830,2025-05-02,6439.07,47505.75,9418.77,1618.34,61745.25,Paid
3831,3831,2024-05-21,2199.74,22124.15,4378.3,0.0,28702.19,Paid
3832,3832,2025-10-01,7108.78,5498.32,2269.28,0.0,14876.38,Pending
3833,3833,2024-04-05,1930.86,5483.73,1334.63,0.0,8749.22,Paid
3834,3834,2025-02-17,4023.54,0.0,702.51,120.71,4605.34,Paid
3835,3835,2024-11-12,8712.3,52410.14,11002.04,0.0,72124.48,Paid
3836,3836,2025-06-29,3056.99,21800.7,4474.38,0.0,29332.07,Paid
3837,3837,2024-09-17,2913.08,20904.33,4287.13,0.0,28104.54,Paid
3838,3838,2024-11-25,1509.94,32929.92,5889.22,1721.99,38607.09,Paid
3839,3839,2024-12-15,2711.13,3966.41,1141.86,333.88,7485.52,Paid
3840,3840,2025-04-08,2626.41,1676.59,751.3,129.09,4925.21,Paid
3841,3841,2024-05-20,3193.07,52063.009999999995,9946.09,0.0,65202.17,Pending
3843,3843,2025-03-15,2654.1,1320.29,715.39,0.0,4689.78,Paid
3844,3844,2024-12-01,1945.49,10591.04,2188.88,376.1,14349.31,Paid
3845,3845,2024-03-25,1572.62,14523.48,2752.43,804.8,18043.73,Paid
3846,3846,2025-06-02,2370.52,3577.29,1038.49,178.43,6807.87,Paid
3847,3847,2025-11-15,1734.95,9051.939999999999,1883.39,323.61,12346.67,Partially Paid
3848,3848,2025-01-31,2883.08,23671.91,4779.9,0.0,31334.89,Paid
3849,3849,2024-06-06,2609.88,18436.64,3788.37,0.0,24834.89,Paid
3850,3850,2025-12-21,2095.5,21665.11,4148.6,712.82,27196.39,Paid
3851,3851,2025-05-06,2032.29,15066.44,2985.44,512.96,19571.21,Paid
3852,3852,2024-08-06,2429.87,10477.56,2323.34,0.0,15230.77,Paid
3854,3854,2025-10-09,1794.46,23741.58,4366.66,1276.8,28625.9,Paid
3855,3855,2025-05-03,6900.73,4991.65,2076.41,356.77,13612.02,Pending
3856,3856,2025-10-28,2976.39,39756.81,7307.38,2136.66,47903.92,Paid
3857,3857,2025-07-11,7808.12,1573.08,1604.19,469.06,10516.33,Pending
3858,3858,2024-02-28,2844.94,2614.1,933.5,272.95,6119.59,Paid
3859,3859,2025-09-30,2133.04,13861.63,2792.67,479.84,18307.5,Paid
3860,3860,2025-12-02,1797.57,1075.92,517.23,0.0,3390.72,Paid
3861,3861,2024-08-23,2013.8,14670.52,3003.18,0.0,19687.5,Paid
3862,3862,2024-12-25,8676.92,24786.61,6023.44,0.0,39486.97,Paid
3863,3863,2024-12-04,2830.23,4438.09,1242.88,363.42,8147.78,Paid
3864,3864,2025-05-19,2860.96,31153.29,5938.89,1020.43,38932.71,Paid
3865,3865,2024-05-19,1978.73,7702.95,1742.7,0.0,11424.38,Paid
3866,3866,2025-05-10,2178.83,6597.51,1579.74,0.0,10356.08,Paid
3867,3867,2025-03-03,1655.64,8492.349999999999,1826.64,0.0,11974.63,Paid
3869,3869,2025-10-10,6863.98,7944.17,2532.19,740.41,16599.93,Paid
3870,3870,2024-11-11,2017.46,20483.95,3928.75,675.04,25755.12,Pending
3871,3871,2024-12-22,2621.02,29265.96,5567.47,956.61,36497.84,Paid
3872,3872,2024-12-06,2148.69,39928.47,7346.67,1262.31,48161.52,Paid
3873,3873,2024-08-19,2667.7,14890.560000000001,3160.49,0.0,20718.75,Partially Paid
3875,3875,2025-02-09,2727.7,24418.49,4739.72,814.39,31071.52,Paid
3876,3876,2024-06-02,2191.09,9461.62,1929.69,932.22,12650.18,Paid
3877,3877,2025-12-12,2269.94,35595.57,6475.0,1893.28,42447.23,Paid
3878,3878,2024-02-07,7678.12,3707.5,2049.41,0.0,13435.03,Paid
3879,3879,2025-02-01,9800.55,8577.74,3308.09,0.0,21686.38,Paid
3880,3880,2024-02-17,2242.69,10117.16,2158.03,370.8,14147.08,Partially Paid
3881,3881,2025-04-15,3372.47,24914.260000000002,5091.61,0.0,33378.34,Paid
3882,3882,2024-04-11,3512.05,15382.1,3298.92,566.82,21626.25,Paid
3883,3883,2024-02-20,7335.22,24714.440000000002,5768.94,0.0,37818.6,Partially Paid
3884,3884,2024-12-09,1721.37,17131.27,3393.48,0.0,22246.12,Paid
3885,3885,2025-06-29,3763.82,31763.59,6203.09,1065.82,40664.68,Paid
3886,3886,2024-10-11,3152.29,65427.04000000001,11727.06,3428.97,76877.42,Paid
3887,3887,2025-11-12,9607.59,21471.83,5426.47,932.38,35573.51,Paid
3888,3888,2025-08-16,2690.56,553.5,566.41,97.32,3713.15,Paid
3889,3889,2025-11-21,3558.4,42306.68,8008.04,1375.95,52497.17,Paid
3890,3890,2025-08-04,1704.99,63025.81,11651.54,0.0,76382.34,Paid
3891,3891,2024-07-20,1982.28,21183.21,4169.79,0.0,27335.28,Paid
3892,3892,2025-01-01,2808.37,19892.26,3963.53,681.02,25983.14,Paid
3893,3893,2025-02-20,1599.96,50549.61,9386.92,0.0,61536.49,Paid
3894,3894,2025-12-10,2311.89,6379.0599999999995,1564.37,0.0,10255.32,Paid
3895,3895,2024-01-23,3351.48,18203.25,3763.46,646.64,24671.55,Paid
3896,3896,2025-04-09,2962.27,10674.4,2380.96,409.1,15608.53,Paid
3897,3897,2025-07-16,6307.53,20700.52,4861.45,0.0,31869.5,Paid
3898,3898,2025-07-28,3611.72,47776.53,8787.39,2569.41,57606.23,Paid
3899,3899,2025-12-24,2294.95,26165.06,4712.98,2276.8,30896.19,Paid
3900,3900,2025-12-26,10991.38,16256.41,4904.6,0.0,32152.39,Paid
3901,3901,2024-08-19,6648.51,22224.82,5041.28,866.2,33048.41,Paid
3902,3902,2024-06-20,10167.38,23236.559999999998,5832.33,1002.12,38234.15,Pending
3903,3903,2024-12-10,2732.85,10567.95,2274.44,665.04,14910.2,Paid
3904,3904,2024-07-26,6577.62,21845.34,5116.13,0.0,33539.09,Paid
3905,3905,2025-10-16,3409.43,1516.52,860.07,147.78,5638.24,Paid
3906,3906,2024-11-07,9307.45,79005.15000000001,15419.38,2649.38,101082.6,Paid
3907,3907,2025-10-29,1790.32,29683.93,5665.36,0.0,37139.61,Paid
3908,3908,2024-11-22,1640.22,5153.02,1222.78,0.0,8016.02,Paid
3909,3909,2025-07-25,3387.97,19816.65,4176.83,0.0,27381.45,Paid
3910,3910,2025-12-02,3172.54,17569.37,3733.54,0.0,24475.45,Paid
3911,3911,2025-04-19,1805.35,1953.35,656.27,112.76,4302.21,Paid
3912,3912,2025-03-18,3094.25,19886.87,4136.6,0.0,27117.72,Paid
3913,3913,2024-07-13,3759.77,0.0,676.76,0.0,4436.53,Paid
3914,3914,2025-01-23,2751.91,11616.62,2586.34,0.0,16954.87,Paid
3915,3915,2025-05-29,2772.26,16098.66,3226.93,943.55,21154.3,Partially Paid
3916,3916,2024-03-28,4108.04,40316.159999999996,7756.46,1332.73,50847.93,Paid
3917,3917,2025-08-20,1981.13,19538.9,3679.93,1076.0,24123.96,Paid
3918,3918,2025-07-13,2365.5,7991.97,1771.13,517.87,11610.73,Paid
3919,3919,2025-06-28,2334.09,1654.06,717.87,0.0,4706.02,Paid
3921,3921,2024-10-27,2221.15,83590.51999999999,15446.1,0.0,101257.77,Paid
3922,3922,2025-07-01,1953.4,15999.489999999998,3069.94,897.64,20125.19,Paid
3923,3923,2025-05-27,2999.9,1255.88,727.74,212.79,4770.73,Pending
3924,3924,2025-11-09,1973.47,5904.11,1347.07,393.88,8830.77,Paid
3925,3925,2024-10-20,7198.39,27288.660000000003,6207.67,0.0,40694.72,Paid
3926,3926,2025-04-09,5845.74,33571.89,6740.42,1970.88,44187.17,Paid
3927,3927,2025-05-29,2035.17,16619.43,3357.83,0.0,22012.43,Paid
3928,3928,2024-03-18,3160.04,13627.04,3021.67,0.0,19808.75,Paid
3929,3929,2024-10-08,2916.63,7403.52,1857.63,0.0,12177.78,Pending
3930,3930,2025-03-22,2113.88,51592.72,9377.17,1611.2,61472.57,Pending
3931,3931,2025-09-28,7346.49,5120.23,2131.81,623.34,13975.19,Pending
3932,3932,2025-09-13,3508.5,9287.529999999999,2188.12,639.8,14344.35,Paid
3933,3933,2024-09-30,2395.91,29276.33,5701.0,0.0,37373.24,Paid
3934,3934,2025-07-16,2248.72,14951.579999999998,3096.05,0.0,20296.35,Paid
3935,3935,2025-11-09,2889.15,22312.36,4309.46,1260.08,28250.89,Pending
3936,3936,2025-10-27,2364.57,30426.39,5902.37,0.0,38693.33,Paid
3937,3937,2024-08-18,1934.85,1863.41,683.69,0.0,4481.95,Paid
3938,3938,2025-03-06,1843.41,58373.380000000005,10297.07,3010.84,67503.02,Paid
3939,3939,2024-12-24,3024.99,841.26,695.92,0.0,4562.17,Paid
3940,3940,2024-10-24,2774.05,25306.940000000002,4902.94,842.43,32141.5,Partially Paid
3941,3941,2025-01-18,5982.47,8526.13,2480.97,725.43,16264.14,Pending
3942,3942,2025-10-02,1855.66,29052.78,5563.52,0.0,36471.96,Pending
3943,3943,2024-08-25,1853.93,14968.96,2785.87,1345.83,18262.93,Paid
3944,3944,2024-10-26,2223.33,10380.27,2268.65,0.0,14872.25,Paid
3945,3945,2024-12-02,8112.68,18962.18,4873.47,0.0,31948.33,Paid
3946,3946,2025-09-02,3578.48,27924.51,5387.01,1575.15,35314.85,Paid
3947,3947,2025-01-01,5786.7,4449.43,1842.5,0.0,12078.63,Paid
3948,3948,2025-04-04,6599.28,38055.42,8037.85,0.0,52692.55,Paid
3949,3949,2024-09-02,2084.6,21764.579999999998,4292.85,0.0,28142.03,Paid
3950,3950,2024-03-02,5926.23,19530.95,4582.29,0.0,30039.47,Pending
3951,3951,2025-08-04,3573.72,28384.58,5752.49,0.0,37710.79,Paid
3952,3952,2025-08-30,2651.73,35446.73,6651.99,1142.95,43607.5,Paid
3953,3953,2025-10-31,8317.12,9719.06,2986.79,1442.89,19580.08,Paid
3954,3954,2024-10-26,1779.59,11636.62,2221.72,1073.3,14564.63,Paid
3955,3955,2025-04-12,1607.3,38395.57,7200.52,0.0,47203.39,Paid
3956,3956,2025-02-25,3254.22,0.0,568.19,97.63,3724.78,Paid
3957,3957,2025-07-18,1758.79,36941.15,6617.69,1935.0,43382.63,Paid
3958,3958,2025-12-25,3143.74,16296.31,3499.21,0.0,22939.26,Pending
3959,3959,2025-09-30,9500.62,12329.880000000001,3811.6,654.92,24987.18,Paid
3960,3960,2025-04-08,2922.26,29935.86,5914.46,0.0,38772.58,Paid
3961,3961,2025-12-16,11043.82,3879.59,2686.21,0.0,17609.62,Paid
3962,3962,2025-08-03,2016.32,42678.060000000005,8044.99,0.0,52739.37,Paid
3963,3963,2024-05-03,3669.1,40125.270000000004,7882.99,0.0,51677.36,Paid
3964,3964,2025-06-29,2040.63,19878.260000000002,3748.13,1095.94,24571.08,Paid
3965,3965,2024-03-19,9087.66,34047.87,7531.46,1294.07,49372.92,Paid
3966,3966,2025-10-24,2880.21,17405.79,3651.48,0.0,23937.48,Paid
3967,3967,2024-12-27,7091.55,52622.520000000004,10748.53,0.0,70462.6,Paid
3968,3968,2025-05-29,2776.09,1634.04,770.01,132.3,5047.84,Paid
3969,3969,2025-07-16,2524.3,46807.57,8613.34,1479.96,56465.25,Paid
3970,3970,2025-12-19,2649.76,25189.26,5011.02,0.0,32850.04,Paid
3971,3971,2024-12-20,6344.46,51861.9,10162.83,1746.19,66623.0,Paid
3973,3973,2024-05-17,1645.34,14481.36,2815.72,483.8,18458.62,Pending
3974,3974,2025-04-14,2139.84,45719.979999999996,8356.33,1435.79,54780.36,Paid
3975,3975,2025-08-15,2332.23,9324.26,2098.17,0.0,13754.66,Paid
3976,3976,2025-07-08,9812.15,18867.27,5162.3,0.0,33841.72,Paid
3977,3977,2025-10-15,2709.34,4888.92,1299.3,379.91,8517.65,Paid
3978,3978,2024-02-20,2058.08,39315.490000000005,6851.46,3309.89,44915.14,Paid
3979,3979,2024-02-09,1896.68,11332.78,2190.8,1058.36,14361.9,Paid
3982,3982,2024-03-30,3975.89,14431.65,3213.96,552.23,21069.27,Paid
3983,3983,2024-05-16,1951.86,12715.47,2560.92,440.02,16788.23,Paid
3984,3984,2024-04-05,3109.83,2848.79,1040.37,178.76,6820.23,Paid
3985,3985,2024-10-28,3769.73,1584.78,934.9,160.64,6128.77,Paid
3986,3986,2024-11-22,2699.71,6843.12,1580.29,763.43,10359.69,Paid
3987,3987,2025-08-06,1890.6,27088.36,4798.92,2318.32,31459.56,Paid
3988,3988,2024-06-12,3271.06,1640.72,857.6,147.35,5622.03,Pending
3989,3989,2024-02-16,7877.6,6563.49,2599.4,0.0,17040.49,Paid
3990,3990,2025-06-23,7677.7,20071.39,4745.1,1387.45,31106.74,Paid
3991,3991,2025-09-27,2924.19,1254.46,752.16,0.0,4930.81,Paid
3992,3992,2025-06-19,2328.87,23548.97,4518.27,776.34,29619.77,Paid
3993,3993,2025-11-25,3458.84,1272.22,851.59,0.0,5582.65,Paid
3994,3994,2024-01-31,8625.03,25365.23,6118.25,0.0,40108.51,Paid
3996,3996,2024-11-23,4056.1,26178.65,5442.26,0.0,35677.01,Paid
3997,3997,2025-08-13,2766.25,10304.09,2352.66,0.0,15423.0,Paid
3998,3998,2024-08-18,1587.97,7349.3099999999995,1560.45,268.12,10229.61,Paid
3999,3999,2025-11-06,2217.58,22086.300000000003,4374.7,0.0,28678.58,Paid
4000,4000,2025-04-14,2796.59,37658.17,7281.86,0.0,47736.62,Paid
4001,4001,2024-06-08,2017.07,5412.37,1337.3,0.0,8766.74,Pending
4002,4002,2024-07-03,3486.49,21662.03,4300.4,1257.43,28191.49,Paid
4003,4003,2024-05-23,8762.39,10882.380000000001,3536.06,0.0,23180.83,Paid
4004,4004,2025-09-27,10931.55,10379.550000000001,3644.2,1065.56,23889.74,Paid
4005,4005,2025-07-28,5942.98,18242.64,4222.81,725.57,27682.86,Partially Paid
4006,4006,2025-06-09,2769.53,42615.520000000004,8169.31,0.0,53554.36,Paid
4007,4007,2024-07-11,8148.81,27395.41,6397.96,0.0,41942.18,Paid
4008,4008,2024-10-19,6896.05,10873.93,3198.6,0.0,20968.58,Paid
4009,4009,2024-10-30,1770.08,3906.7,970.73,283.84,6363.67,Paid
4010,4010,2024-03-11,1863.72,11860.05,2272.66,1097.9,14898.53,Paid
4011,4011,2025-07-19,2754.1,11887.039999999999,2556.34,439.23,16758.25,Paid
4012,4012,2025-05-20,2265.12,46103.090000000004,8270.96,2418.41,54220.76,Paid
4013,4013,2024-12-24,3105.63,0.0,531.06,155.28,3481.41,Paid
4014,4014,2025-01-14,1745.18,13982.5,2830.98,0.0,18558.66,Paid
4015,4015,2025-12-18,2686.66,23213.76,4522.21,777.01,29645.62,Pending
4016,4016,2024-12-29,1822.04,13699.43,2654.17,776.07,17399.57,Paid
4017,4017,2025-02-27,1864.93,7631.05,1709.28,0.0,11205.26,Partially Paid
4018,4018,2024-02-15,7142.14,26308.489999999998,5840.48,1003.52,38287.59,Paid
4019,4019,2025-08-08,2313.95,36486.090000000004,6634.81,1940.0,43494.85,Paid
4020,4020,2025-04-04,2692.95,17760.28,3681.58,0.0,24134.81,Paid
4021,4021,2025-10-10,1956.67,3334.02,904.71,264.53,5930.87,Paid
4022,4022,2024-03-11,1879.82,4113.389999999999,1046.41,179.8,6859.82,Paid
4023,4023,2024-10-03,3536.8,22793.34,4597.24,789.9,30137.48,Paid
4024,4024,2024-07-06,2773.67,10633.49,2413.29,0.0,15820.45,Paid
4025,4025,2025-12-25,2757.68,0.0,471.56,137.88,3091.36,Pending
4026,4026,2025-03-01,4049.96,15881.970000000001,3300.73,1594.55,21638.11,Paid
4027,4027,2024-11-17,10739.0,8190.06,3407.23,0.0,22336.29,Paid
4028,4028,2025-07-04,10938.68,20127.190000000002,5591.86,0.0,36657.73,Paid
4029,4029,2024-02-04,2850.59,21698.36,4418.81,0.0,28967.76,Paid
4030,4030,2025-08-15,8464.35,38656.83,8227.36,1413.64,53934.9,Paid
4031,4031,2025-08-16,1718.3,6083.35,1362.17,234.05,8929.77,Paid
4032,4032,2024-11-20,3231.1,32911.28,6180.35,1807.12,40515.61,Paid
4033,4033,2025-01-01,6459.15,442.99,1205.11,207.06,7900.19,Paid
4034,4034,2025-07-05,1482.51,16923.42,3313.07,0.0,21719.0,Paid
4035,4035,2024-11-27,2809.14,7278.23,1724.94,504.37,11307.94,Paid
4036,4036,2024-11-12,2112.92,2028.0,708.1,207.05,4641.97,Paid
4037,4037,2024-02-21,6383.27,0.0,1114.52,191.5,7306.29,Paid
4039,4039,2025-12-23,1668.88,21683.440000000002,4203.42,0.0,27555.74,Paid
4040,4040,2024-09-01,2296.37,16100.560000000001,3046.53,1471.75,19971.71,Paid
4041,4041,2025-12-14,2145.69,2221.85,786.16,0.0,5153.7,Pending
4042,4042,2024-07-11,3316.16,9522.28,2195.37,641.92,14391.89,Paid
4043,4043,2025-12-12,2005.26,32007.89,5816.25,1700.66,38128.74,Paid
4044,4044,2024-03-21,7730.26,1932.0,1739.21,0.0,11401.47,Paid
4045,4045,2024-09-06,1968.78,28712.78,5522.68,0.0,36204.24,Paid
4046,4046,2024-12-20,9213.65,16476.940000000002,4485.58,770.72,29405.45,Paid
4047,4047,2024-10-08,3977.76,6524.47,1890.4,0.0,12392.63,Paid
4048,4048,2024-09-28,2216.19,15864.49,3156.89,542.42,20695.15,Partially Paid
4049,4049,2025-11-14,2717.17,1593.28,752.61,129.31,4933.75,Paid
4050,4050,2025-08-09,3652.14,9351.49,2223.62,650.18,14577.07,Pending
4051,4051,2024-06-29,9428.33,30439.910000000003,6602.18,3189.46,43280.96,Pending
4052,4052,2024-04-20,3279.16,15945.22,3287.37,961.22,21550.53,Pending
4053,4053,2024-06-21,2822.25,8809.3,2030.87,348.95,13313.47,Paid
4054,4054,2025-09-15,1876.26,48760.45,9114.61,0.0,59751.32,Partially Paid
4055,4055,2025-06-05,2193.64,42109.53,7735.33,1329.1,50709.4,Paid
4056,4056,2024-05-14,2029.44,20706.239999999998,3969.65,682.07,26023.26,Paid
4057,4057,2025-09-01,3047.22,8498.12,2078.16,0.0,13623.5,Paid
4058,4058,2024-09-09,1824.19,26337.34,5069.08,0.0,33230.61,Paid
4059,4059,2025-09-13,2258.53,11015.72,2317.68,398.23,15193.7,Paid
4060,4060,2025-06-05,6498.87,49336.88,9748.92,1675.07,63909.6,Pending
4061,4061,2024-02-28,1575.95,11507.01,2284.28,392.49,14974.75,Paid
4062,4062,2025-07-27,1632.8,56232.28,10415.71,0.0,68280.79,Paid
4063,4063,2025-06-27,3330.68,24529.690000000002,5014.87,0.0,32875.24,Paid
4064,4064,2024-01-29,1440.06,30786.219999999998,5800.73,0.0,38027.01,Paid
4065,4065,2025-06-14,3177.72,0.0,571.99,0.0,3749.71,Paid
4066,4066,2025-08-04,1462.18,13758.69,2739.76,0.0,17960.63,Paid
4067,4067,2024-08-29,1810.57,1367.16,571.99,0.0,3749.72,Paid
4068,4068,2025-03-29,2985.11,1259.81,741.16,127.35,4858.73,Paid
4069,4069,2025-10-28,2240.81,50814.65,9549.98,0.0,62605.44,Partially Paid
4070,4070,2024-11-11,2008.65,2210.94,736.74,126.59,4829.74,Paid
4071,4071,2024-01-18,1454.28,7126.33,1544.51,0.0,10125.12,Paid
4072,4072,2025-07-26,3511.32,32899.03,6553.86,0.0,42964.21,Pending
4073,4073,2024-04-27,8859.49,1504.89,1809.62,310.93,11863.07,Paid
4074,4074,2024-05-01,2194.39,56015.770000000004,10477.83,0.0,68687.99,Paid
4076,4076,2025-03-23,2678.49,4596.96,1309.58,0.0,8585.03,Paid
4077,4077,2024-08-24,8798.07,14861.99,4131.05,709.8,27081.31,Paid
4078,4078,2025-08-18,1879.66,35465.75,6386.07,1867.27,41864.21,Paid
4079,4079,2024-08-25,3247.21,23638.239999999998,4839.38,0.0,31724.83,Paid
4080,4080,2024-07-04,2740.85,20833.24,4116.04,707.22,26982.91,Paid
4081,4081,2025-12-31,4076.04,8299.91,2049.46,990.08,13435.33,Paid
4082,4082,2025-12-18,2263.32,25525.809999999998,4751.94,1389.46,31151.61,Paid
4083,4083,2025-09-17,3052.4,9085.78,2075.63,606.91,13606.9,Paid
4084,4084,2025-03-10,8895.39,28044.32,6649.15,0.0,43588.86,Paid
4085,4085,2025-10-04,2085.58,50683.38,9498.41,0.0,62267.37,Paid
4086,4086,2025-04-27,8199.84,32069.55,6668.61,3221.55,43716.45,Paid
4087,4087,2025-11-22,2611.69,15523.609999999999,3166.42,544.06,20757.66,Paid
4088,4088,2025-02-07,8690.88,29893.87,6945.26,0.0,45530.01,Paid
4089,4089,2024-08-28,1821.87,62748.24,11622.62,0.0,76192.73,Paid
4090,4090,2025-02-19,1457.39,44897.45,8343.87,0.0,54698.71,Paid
4091,4091,2025-10-23,1957.71,2929.08,835.64,244.34,5478.09,Paid
4092,4092,2025-07-20,2069.99,2745.87,866.85,0.0,5682.71,Pending
4093,4093,2025-05-27,3146.36,0.0,566.34,0.0,3712.7,Paid
4094,4094,2024-04-16,1940.5,8400.32,1861.35,0.0,12202.17,Pending
4095,4095,2025-01-07,2056.4,18045.16,3509.73,603.05,23008.24,Paid
4096,4096,2025-12-27,6145.92,18119.6,4367.79,0.0,28633.31,Paid
4097,4097,2024-03-31,3027.12,23690.32,4568.68,1335.87,29950.25,Paid
4098,4098,2025-08-01,2001.9,750.37,470.64,137.61,3085.3,Paid
4099,4099,2025-10-29,1699.59,12488.18,2553.8,0.0,16741.57,Paid
4100,4100,2024-10-01,2216.82,12401.599999999999,2552.38,438.55,16732.25,Paid
4101,4101,2025-08-05,1729.02,30322.5,5596.19,961.55,36686.16,Paid
4102,4102,2025-07-31,7047.61,17554.52,4428.38,0.0,29030.51,Paid
4103,4103,2024-12-26,3979.76,44887.44,8532.21,1466.02,55933.39,Pending
4104,4104,2025-01-21,1684.11,1390.72,509.19,245.99,3338.03,Paid
4105,4105,2025-04-11,5767.16,22308.52,5053.62,0.0,33129.3,Paid
4106,4106,2024-09-10,3988.59,751.1,810.49,236.98,5313.2,Paid
4107,4107,2025-11-28,9009.79,54530.520000000004,10522.28,5083.22,68979.37,Pending
4108,4108,2024-10-06,1597.04,1372.82,534.57,0.0,3504.43,Paid
4109,4109,2024-05-28,2315.74,9301.91,2091.18,0.0,13708.83,Paid
4110,4110,2025-03-21,2445.05,6992.02,1613.74,471.85,10578.96,Paid
4111,4111,2024-04-15,7945.58,27961.29,6269.34,1077.21,41099.0,Paid
4112,4112,2024-08-20,1824.32,18060.350000000002,3400.28,994.23,22290.72,Paid
4113,4113,2024-02-11,2256.51,10396.55,2277.55,0.0,14930.61,Pending
4114,4114,2025-03-29,1678.49,978.6,478.28,0.0,3135.37,Paid
4115,4115,2024-02-19,2036.35,16135.7,3270.97,0.0,21443.02,Paid
4116,4116,2024-04-18,1583.24,26846.12,5117.28,0.0,33546.64,Pending
4117,4117,2025-04-27,2955.1,36600.630000000005,6764.03,1977.79,44341.97,Paid
4118,4118,2025-03-23,2314.19,11842.36,2471.73,424.7,16203.58,Paid
4119,4119,2025-09-19,3044.49,25629.89,5006.55,860.23,32820.7,Paid
4120,4120,2025-09-19,1861.95,8904.68,1937.99,0.0,12704.62,Paid
4121,4121,2024-10-08,1989.38,17547.46,3516.63,0.0,23053.47,Paid
4122,4122,2025-05-25,3159.31,29365.21,5561.69,1626.23,36459.98,Paid
4123,4123,2025-07-23,2895.09,2650.0,998.12,0.0,6543.21,Paid
4124,4124,2024-02-22,2525.58,7432.72,1702.87,497.92,11163.25,Paid
4125,4125,2024-06-08,7290.89,8323.88,2810.66,0.0,18425.43,Paid
4126,4126,2025-10-26,2664.01,20990.12,4044.86,1182.71,26516.28,Paid
4127,4127,2024-10-16,1979.09,9681.68,2035.97,349.82,13346.92,Pending
4128,4128,2024-10-07,2150.5,33221.26,6048.57,1768.59,39651.74,Paid
4129,4129,2025-07-10,3153.86,37111.71,7030.37,1207.97,46087.97,Paid
4130,4130,2025-02-26,3822.09,19293.29,4160.77,0.0,27276.15,Paid
4131,4131,2024-12-09,2462.77,11491.470000000001,2386.18,697.71,15642.71,Paid
4132,4132,2024-05-22,2956.5,2344.37,925.53,159.03,6067.37,Pending
4133,4133,2024-08-04,1800.87,0.0,307.95,90.04,2018.78,Paid
4134,4134,2024-02-22,3405.81,0.0,582.39,170.29,3817.91,Paid
4135,4135,2025-10-25,3539.31,7619.55,2008.59,0.0,13167.45,Paid
4136,4136,2025-10-08,2140.58,13205.45,2762.29,0.0,18108.32,Paid
4137,4137,2024-08-17,2327.57,2565.42,880.74,0.0,5773.73,Paid
4138,4138,2024-05-05,2264.84,33456.59,6429.86,0.0,42151.29,Pending
4139,4139,2025-02-15,3538.22,0.0,636.88,0.0,4175.1,Paid
4140,4140,2025-03-24,1455.75,19761.58,3704.55,636.52,24285.36,Paid
4141,4141,2024-10-31,8950.94,21164.5,5149.74,1505.77,33759.41,Paid
4142,4142,2024-05-15,1859.4,18406.23,3355.99,1621.25,22000.37,Paid
4143,4143,2024-07-17,1642.38,3979.19,981.53,168.65,6434.45,Paid
4144,4144,2025-08-14,1949.6,14424.119999999999,2858.85,491.21,18741.36,Paid
4145,4145,2024-09-24,3702.76,18734.98,4038.79,0.0,26476.53,Paid
4146,4146,2024-11-10,2391.61,17029.02,3495.71,0.0,22916.34,Pending
4147,4147,2024-10-10,10456.43,427.47,1802.37,870.71,11815.56,Paid
4148,4148,2025-06-17,3212.57,9324.08,2076.07,1002.93,13609.79,Pending
4149,4149,2025-05-12,2594.16,7017.200000000001,1678.14,288.34,11001.16,Paid
4150,4150,2024-11-26,3028.1,27131.18,5428.67,0.0,35587.95,Paid
4151,4151,2024-09-27,1722.56,43379.7,7712.49,2255.11,50559.64,Paid
4152,4152,2024-05-18,7650.24,29043.83,6604.93,0.0,43299.0,Partially Paid
4153,4153,2025-04-29,6951.75,13140.060000000001,3508.03,602.75,22997.09,Paid
4154,4154,2024-09-10,9929.43,40711.95,9115.45,0.0,59756.83,Paid
4155,4155,2025-01-21,2819.22,17039.86,3574.63,0.0,23433.71,Partially Paid
4156,4156,2025-11-30,2146.4,660.72,464.86,224.57,3047.41,Paid
4157,4157,2025-06-25,3752.2,17178.61,3767.55,0.0,24698.36,Paid
4158,4158,2024-10-25,1836.44,19953.32,3922.16,0.0,25711.92,Paid
4159,4159,2024-05-28,2525.75,48516.159999999996,8728.17,2552.1,57217.98,Pending
4160,4160,2024-06-19,2256.41,5370.5,1372.84,0.0,8999.75,Paid
4161,4161,2025-04-13,2235.33,5732.05,1434.13,0.0,9401.51,Paid
4162,4162,2025-08-12,3297.54,32444.43,6433.55,0.0,42175.52,Paid
4163,4163,2024-12-18,2036.98,20431.809999999998,3923.05,674.06,25717.78,Paid
4164,4164,2025-11-17,2133.97,9236.24,2046.64,0.0,13416.85,Paid
4165,4165,2025-05-25,1937.26,32636.63,6223.3,0.0,40797.19,Paid
4166,4166,2024-02-11,2469.58,14885.75,3030.24,520.66,19864.91,Paid
4167,4167,2024-01-15,2843.99,14512.69,2967.99,867.83,19456.84,Paid
4168,4168,2025-10-15,8479.29,14233.62,3883.91,1135.65,25461.17,Paid
4169,4169,2024-11-16,3382.3,21905.27,4551.76,0.0,29839.33,Paid
4170,4170,2025-02-05,2657.86,5620.64,1415.62,413.92,9280.2,Paid
4171,4171,2025-01-16,2923.69,26074.57,5063.1,869.95,33191.41,Paid
4172,4172,2025-01-31,3038.94,10144.31,2372.98,0.0,15556.23,Paid
4173,4173,2025-04-10,1569.19,35418.240000000005,6324.85,1849.37,41462.91,Paid
4174,4174,2024-08-05,4026.32,11986.47,2882.3,0.0,18895.09,Paid
4175,4175,2024-09-02,2779.06,29643.27,5369.14,2593.79,35197.68,Paid
4176,4176,2025-07-18,2812.34,5812.51,1552.47,0.0,10177.32,Paid
4177,4177,2024-12-29,2654.62,6930.58,1587.31,766.82,10405.69,Paid
4178,4178,2024-10-21,1927.9,5258.43,1254.73,215.59,8225.47,Partially Paid
4179,4179,2025-07-16,3608.09,5658.38,1617.93,277.99,10606.41,Paid
4180,4180,2025-10-15,2600.94,49149.14,9315.01,0.0,61065.09,Paid
4181,4181,2025-08-27,3357.59,17931.66,3717.1,638.68,24367.67,Paid
4182,4182,2024-07-19,2608.67,9505.82,2071.58,605.72,13580.35,Paid
4183,4183,2024-10-10,2110.59,6800.19,1603.94,0.0,10514.72,Pending
4184,4184,2025-09-20,2302.9,3327.4700000000003,962.79,281.52,6311.64,Paid
4185,4185,2025-12-10,4044.48,28021.19,5310.08,2565.25,34810.5,Paid
4186,4186,2024-10-29,1778.39,21875.79,4130.02,709.63,27074.57,Pending
4187,4187,2025-01-27,1844.11,9547.42,2050.48,0.0,13442.01,Paid
4188,4188,2025-04-08,3423.61,10361.42,2481.31,0.0,16266.34,Paid
4189,4189,2025-11-23,1513.92,4164.400000000001,1022.1,0.0,6700.42,Paid
4190,4190,2024-12-31,3107.56,12018.44,2586.55,756.3,16956.25,Paid
4191,4191,2024-10-23,2144.56,21054.050000000003,4175.75,0.0,27374.36,Paid
4192,4192,2025-09-21,1550.53,10570.2,2181.73,0.0,14302.46,Paid
4193,4193,2024-10-24,2600.2,47567.44,8759.27,1505.03,57421.88,Paid
4194,4194,2024-04-01,2814.62,19491.56,3894.66,669.19,25531.65,Pending
4195,4195,2025-01-15,2011.45,10986.82,2152.51,1039.86,14110.92,Paid
4196,4196,2024-03-26,1818.9,42546.97,7985.86,0.0,52351.73,Paid
4197,4197,2024-07-22,2428.9,32561.1,5983.29,1749.5,39223.79,Paid
4198,4198,2025-01-21,1546.24,14667.689999999999,2772.58,810.7,18175.81,Paid
4199,4199,2025-06-15,2719.26,2248.29,894.16,0.0,5861.71,Paid
4200,4200,2024-04-03,2063.22,750.46,491.27,84.41,3220.54,Pending
4201,4201,2024-06-20,9161.61,4693.79,2419.15,415.66,15858.89,Partially Paid
4202,4202,2025-03-04,2065.16,41628.049999999996,7628.83,1310.8,50011.24,Paid
4203,4203,2024-10-24,2360.29,12663.86,2623.22,450.72,17196.65,Paid
4204,4204,2024-06-08,2166.47,15260.560000000001,3042.76,522.81,19946.98,Partially Paid
4205,4205,2025-06-10,1935.8,635.44,439.68,128.56,2882.36,Paid
4206,4206,2025-02-11,2943.29,10305.88,2313.3,397.48,15164.99,Pending
4207,4207,2024-11-06,10920.18,8522.39,3219.69,1555.41,21106.85,Paid
4208,4208,2025-06-30,7154.83,16710.1,4295.69,0.0,28160.62,Paid
4209,4209,2025-04-14,3068.11,16616.56,3543.24,0.0,23227.91,Paid
4210,4210,2024-12-13,2301.74,14129.96,2957.71,0.0,19389.41,Paid
4211,4211,2024-01-29,1631.25,12242.98,2372.49,693.71,15553.01,Paid
4212,4212,2025-08-30,2459.7,26191.24,5157.17,0.0,33808.11,Paid
4213,4213,2025-08-03,1459.95,20946.94,3831.58,1120.34,25118.13,Paid
4214,4214,2024-04-05,8191.69,0.0,1474.5,0.0,9666.19,Paid
4215,4215,2025-10-14,2092.56,17074.18,3346.51,575.0,21938.25,Pending
4216,4216,2024-10-22,2731.34,5460.219999999999,1474.48,0.0,9666.04,Paid
4217,4217,2024-12-01,1952.68,18206.42,3519.78,604.77,23074.11,Paid
4218,4218,2024-12-25,3602.32,1709.4899999999998,956.13,0.0,6267.94,Paid
4219,4219,2025-05-26,2996.83,10081.77,2236.44,653.93,14661.11,Paid
4220,4220,2025-03-21,4015.07,13881.07,3124.67,536.88,20483.93,Paid
4221,4221,2025-07-03,1765.68,30995.14,5720.04,982.82,37498.04,Paid
4222,4222,2024-10-05,8746.16,13965.720000000001,4088.14,0.0,26800.02,Paid
4223,4223,2025-10-19,3370.59,7824.56,1954.67,335.85,12813.97,Partially Paid
4224,4224,2025-01-09,3153.94,1108.39,744.2,127.87,4878.66,Paid
4225,4225,2025-08-07,2512.77,2036.12,818.8,0.0,5367.69,Partially Paid
4226,4226,2024-07-04,2571.16,12927.949999999999,2650.35,774.96,17374.5,Paid
4227,4227,2025-10-25,2233.11,14344.759999999998,2984.02,0.0,19561.89,Paid
4228,4228,2024-04-30,2195.48,49976.31,9390.92,0.0,61562.71,Paid
4229,4229,2024-11-06,7766.28,58145.56,11508.21,1977.36,75442.69,Paid
4230,4230,2024-04-27,2097.81,0.0,377.61,0.0,2475.42,Pending
4231,4231,2025-01-03,1548.9,845.16,430.93,0.0,2824.99,Paid
4232,4232,2025-07-28,2864.28,9844.27,2173.16,635.43,14246.28,Paid
4233,4233,2025-06-18,8664.66,53038.75,10551.28,3085.17,69169.52,Paid
4234,4234,2024-03-26,8309.83,5518.219999999999,2489.05,0.0,16317.1,Paid
4235,4235,2025-08-09,3039.65,49229.94,9126.27,1568.09,59827.77,Paid
4236,4236,2024-07-09,1575.55,7634.86,1657.87,0.0,10868.28,Pending
4237,4237,2025-08-06,3142.42,13194.56,2705.4,1306.96,17735.42,Paid
4238,4238,2025-06-25,1577.37,4977.01,1179.79,0.0,7734.17,Paid
4239,4239,2025-11-23,3127.75,12081.7,2655.57,456.28,17408.74,Paid
4240,4240,2025-03-19,2697.75,13674.04,2946.92,0.0,19318.71,Paid
4241,4241,2025-01-01,1475.13,12175.86,2383.46,409.53,15624.92,Paid
4242,4242,2024-03-11,3266.67,0.0,588.0,0.0,3854.67,Paid
4243,4243,2024-06-06,3303.87,13481.06,2870.22,839.25,18815.9,Paid
4244,4244,2025-04-17,2395.57,9970.710000000001,2225.93,0.0,14592.21,Paid
4245,4245,2024-07-23,1507.7,1385.27,520.73,0.0,3413.7,Paid
4246,4246,2024-09-06,3184.12,9204.75,2163.1,371.67,14180.3,Partially Paid
4247,4247,2025-04-30,2066.13,21931.88,3974.07,1919.84,26052.24,Paid
4248,4248,2025-04-05,8995.4,36173.99,8130.49,0.0,53299.88,Paid
4249,4249,2025-08-12,1477.36,36117.09,6767.0,0.0,44361.45,Partially Paid
4250,4250,2024-07-20,3800.11,30198.399999999998,6119.73,0.0,40118.24,Paid
4251,4251,2025-10-13,1912.35,31756.370000000003,5757.35,1683.44,37742.63,Paid
4252,4252,2024-12-29,3014.74,32328.75,6361.83,0.0,41705.32,Paid
4253,4253,2024-04-30,1810.92,0.0,299.89,144.87,1965.94,Paid
4254,4254,2025-05-31,9556.01,29964.67,7113.72,0.0,46634.4,Paid
4255,4255,2024-07-05,2236.16,18574.55,3745.93,0.0,24556.64,Pending
4256,4256,2025-08-26,1812.49,28802.85,5510.76,0.0,36126.1,Paid
4257,4257,2025-03-14,2956.49,20977.03,4092.63,1196.68,26829.47,Paid
4258,4258,2024-05-20,7646.51,6130.71,2281.51,1102.18,14956.55,Partially Paid
4259,4259,2025-06-07,1996.42,6188.67,1399.65,409.25,9175.49,Paid
4260,4260,2024-07-14,2278.28,1687.34,692.4,118.97,4539.05,Paid
4261,4261,2025-03-18,8812.76,34287.29,7758.01,0.0,50858.06,Paid
4262,4262,2024-10-18,1477.03,2911.88,750.5,219.45,4919.96,Partially Paid
4263,4263,2025-02-01,2272.96,2934.8,909.28,156.23,5960.81,Paid
4264,4264,2025-02-07,1806.66,3298.67,845.44,408.43,5542.34,Paid
4265,4265,2025-03-10,1861.39,32237.22,6137.75,0.0,40236.36,Paid
4266,4266,2024-09-26,2504.41,22738.47,4316.53,1262.14,28297.27,Paid
4267,4267,2024-04-22,8117.1,22522.620000000003,5515.15,0.0,36154.87,Paid
4268,4268,2024-05-07,7601.94,48819.39,10155.84,0.0,66577.17,Pending
4269,4269,2025-11-20,2169.2,26983.980000000003,5247.57,0.0,34400.75,Paid
4270,4270,2024-11-04,3401.32,27788.64,5445.77,935.7,35700.03,Paid
4271,4271,2024-03-09,2874.73,6809.1900000000005,1655.95,484.2,10855.67,Paid
4272,4272,2024-08-04,8517.19,14137.050000000001,3751.54,1812.34,24593.44,Partially Paid
4273,4273,2025-12-23,1660.74,26655.22,4689.12,2265.28,30739.8,Paid
4274,4274,2025-04-02,2624.59,2709.6,960.15,0.0,6294.34,Paid
4275,4275,2024-10-16,3626.37,16417.09,3607.82,0.0,23651.28,Paid
4276,4276,2025-06-20,1733.62,21770.14,4230.68,0.0,27734.44,Paid
4277,4277,2024-01-08,7687.24,12943.2,3602.08,618.91,23613.61,Paid
4278,4278,2025-12-26,8710.34,14893.26,4248.65,0.0,27852.25,Paid
4279,4279,2024-12-15,1477.4,12349.449999999999,2414.17,414.81,15826.21,Paid
4280,4280,2024-06-22,3217.92,26831.47,5246.62,901.48,34394.53,Paid
4281,4281,2025-07-07,8199.37,53776.91,10597.94,3098.81,69475.41,Paid
4282,4282,2025-12-31,3216.45,17118.45,3660.28,0.0,23995.18,Pending
4283,4283,2024-12-21,1933.12,31364.25,5993.53,0.0,39290.9,Paid
4284,4284,2024-03-29,3123.84,28978.04,5489.42,1605.09,35986.21,Paid
4285,4285,2024-06-29,3927.41,4438.22,1505.81,0.0,9871.44,Paid
4287,4287,2025-04-01,3512.34,51203.07000000001,9060.87,4377.23,59399.05,Paid
4288,4288,2025-05-07,2941.81,17699.92,3715.51,0.0,24357.24,Paid
4289,4289,2024-04-03,3328.92,10912.78,2563.51,0.0,16805.21,Paid
4290,4290,2025-05-07,2027.97,33655.83,5909.24,2854.7,38738.34,Paid
4291,4291,2024-07-01,3851.95,29531.85,6009.08,0.0,39392.88,Paid
4292,4292,2025-04-12,2745.49,14779.66,3059.89,525.75,20059.29,Paid
4293,4293,2024-08-06,7155.04,20769.92,5026.49,0.0,32951.45,Paid
4294,4294,2024-08-20,3177.34,0.0,571.92,0.0,3749.26,Paid
4295,4295,2025-02-06,2407.99,36752.6,6484.99,3132.85,42512.73,Paid
4296,4296,2024-08-14,9073.88,16904.61,4676.13,0.0,30654.62,Paid
4297,4297,2024-03-03,3549.92,37440.39,7378.26,0.0,48368.57,Paid
4298,4298,2024-05-12,2452.46,0.0,441.44,0.0,2893.9,Paid
4299,4299,2025-02-15,7877.88,18236.28,4465.52,1305.71,29273.97,Paid
4300,4300,2024-07-18,2131.08,12531.78,2639.31,0.0,17302.17,Partially Paid
4301,4301,2024-02-19,3968.67,851.86,841.66,144.62,5517.57,Paid
4303,4303,2025-04-03,2180.97,7830.86,1802.13,0.0,11813.96,Paid
4304,4304,2025-06-23,1798.03,30868.93,5703.65,980.01,37390.6,Paid
4305,4305,2024-03-27,1843.75,87493.26000000001,14794.21,7146.96,96984.26,Paid
4306,4306,2025-03-09,2325.37,19012.86,3648.84,1066.91,23920.16,Paid
4307,4307,2025-08-08,2296.95,4334.29,1133.94,331.56,7433.62,Paid
4308,4308,2024-04-10,1475.47,4593.2,1059.59,182.06,6946.2,Paid
4309,4309,2025-04-05,3065.93,16219.880000000001,3297.87,964.29,21619.39,Pending
4310,4310,2025-01-22,3243.85,12420.29,2819.55,0.0,18483.69,Paid
4311,4311,2025-12-04,3203.47,15184.84,3309.9,0.0,21698.21,Paid
4312,4312,2025-01-25,2434.8,23311.19,4402.56,1287.3,28861.25,Paid
4313,4313,2025-01-30,4137.68,12441.28,2984.21,0.0,19563.17,Paid
4314,4314,2025-04-04,2151.3,9926.44,2173.99,0.0,14251.73,Paid
4316,4316,2024-10-17,2139.16,56043.15,10472.82,0.0,68655.13,Paid
4317,4317,2024-09-03,2080.06,7883.3,1793.4,0.0,11756.76,Pending
4318,4318,2025-04-25,2455.13,7663.08,1821.28,0.0,11939.49,Paid
4319,4319,2025-11-27,3190.08,7351.22,1897.43,0.0,12438.73,Paid
4320,4320,2025-08-31,1454.69,13468.55,2551.87,746.16,16728.95,Paid
4321,4321,2024-03-18,2915.24,0.0,509.0,87.46,3336.78,Paid
4322,4322,2025-08-22,3205.98,23346.31,4540.44,1327.61,29765.12,Paid
4323,4323,2024-08-02,3985.54,1217.63,861.65,416.25,5648.57,Pending
4324,4324,2024-01-14,2190.62,39227.259999999995,7231.56,1242.54,47406.9,Paid
4325,4325,2024-07-07,3615.17,0.0,631.21,108.46,4137.92,Paid
4327,4327,2025-02-06,2526.81,16555.49,3434.81,0.0,22517.11,Paid
4328,4328,2024-05-30,10982.47,0.0,1818.7,878.6,11922.57,Paid
4329,4329,2025-10-07,8677.61,21181.11,5374.57,0.0,35233.29,Paid
4330,4330,2025-08-02,3222.1,48406.59,9293.16,0.0,60921.85,Paid
4331,4331,2024-03-09,2174.42,28670.75,5385.57,925.36,35305.38,Paid
4332,4332,2024-11-12,1816.81,1608.94,616.64,0.0,4042.39,Paid
4333,4333,2025-08-15,1836.78,4282.88,1068.49,183.59,7004.56,Paid
4334,4334,2024-02-06,2542.13,15214.44,3036.37,887.83,19905.11,Paid
4335,4335,2024-05-31,3851.44,0.0,658.6,192.57,4317.47,Paid
4336,4336,2024-08-23,7654.69,1659.29,1592.69,465.7,10440.97,Paid
4337,4337,2025-06-20,2739.13,2965.32,996.0,171.13,6529.32,Paid
4338,4338,2024-08-08,6587.65,4643.56,2021.62,0.0,13252.83,Paid
4339,4339,2024-10-21,2596.88,36928.71,7114.61,0.0,46640.2,Paid
4340,4340,2025-12-26,3292.56,13877.64,3090.64,0.0,20260.84,Paid
4341,4341,2024-06-08,3880.79,26680.79,5226.03,1528.08,34259.53,Paid
4342,4342,2024-03-21,2663.95,59125.149999999994,11122.04,0.0,72911.14,Pending
4343,4343,2024-10-02,2101.45,6333.85,1472.8,253.06,9655.04,Paid
4344,4344,2025-12-06,1689.04,1536.24,551.52,161.26,3615.54,Paid
4345,4345,2024-07-05,2141.39,12331.36,2605.09,0.0,17077.84,Paid
4346,4346,2025-05-04,2697.89,46825.020000000004,8468.42,2476.15,55515.18,Paid
4347,4347,2025-12-17,1585.49,17012.75,3347.68,0.0,21945.92,Paid
4348,4348,2024-12-15,2322.87,7104.77,1646.07,282.83,10790.88,Paid
4349,4349,2024-06-05,2059.23,4844.92,1205.47,207.12,7902.5,Paid
4350,4350,2024-04-24,2128.96,34704.67,6630.05,0.0,43463.68,Pending
4351,4351,2024-01-12,2650.06,18976.54,3892.79,0.0,25519.39,Paid
4352,4352,2024-11-15,5843.36,24981.090000000004,5270.98,1541.22,34554.21,Paid
4353,4353,2025-06-28,2058.28,4990.69,1268.81,0.0,8317.78,Paid
4354,4354,2025-07-16,9813.56,28457.230000000003,6888.74,0.0,45159.53,Paid
4355,4355,2025-11-06,1818.02,4287.01,1098.91,0.0,7203.94,Paid
4357,4357,2024-07-13,1853.25,10194.32,2168.56,0.0,14216.13,Paid
4358,4358,2024-05-05,7523.49,65724.36,13184.61,0.0,86432.46,Paid
4359,4359,2024-11-28,1925.93,26951.23,5197.89,0.0,34075.05,Paid
4360,4360,2025-07-03,3092.86,0.0,556.71,0.0,3649.57,Paid
4361,4361,2024-08-24,2572.22,4131.12,1206.6,0.0,7909.94,Paid
4362,4362,2024-09-11,2825.06,19654.149999999998,4046.26,0.0,26525.47,Paid
4363,4363,2025-01-31,1869.58,33831.729999999996,6426.24,0.0,42127.55,Paid
4364,4364,2025-09-18,8806.87,14842.14,4043.98,1182.45,26510.54,Paid
4365,4365,2024-07-17,2931.69,49550.58,9163.4,1574.47,60071.2,Paid
4366,4366,2024-05-02,3795.88,10114.98,2378.76,695.54,15594.08,Paid
4367,4367,2024-08-15,3095.29,13154.21,2924.91,0.0,19174.41,Paid
4368,4368,2025-09-27,2601.5,8186.58,1786.51,863.05,11711.54,Paid
4369,4369,2025-07-04,2175.75,51910.04,9735.44,0.0,63821.23,Paid
4370,4370,2024-02-18,4034.7,4428.06,1447.13,423.14,9486.75,Paid
4371,4371,2025-11-04,1516.46,16153.470000000001,3180.59,0.0,20850.52,Paid
4372,4372,2024-10-25,9777.52,11028.16,3557.77,1040.28,23323.17,Paid
4373,4373,2024-07-23,3066.48,21528.87,4294.35,737.86,28151.84,Paid
4374,4374,2025-12-02,3715.94,477.54,754.83,0.0,4948.31,Paid
4375,4375,2024-12-29,2083.26,10572.64,2278.06,0.0,14933.96,Paid
4376,4376,2024-08-22,2912.54,17534.52,3680.47,0.0,24127.53,Paid
4377,4377,2024-01-27,1817.8,7405.47,1660.19,0.0,10883.46,Pending
4378,4378,2024-11-30,2904.64,752.18,605.57,292.55,3969.84,Paid
4379,4379,2025-12-26,2136.64,14845.82,3056.84,0.0,20039.3,Paid
4380,4380,2024-12-16,2154.36,31494.940000000002,5572.32,2691.94,36529.68,Pending
4381,4381,2025-06-29,6123.66,0.0,1102.26,0.0,7225.92,Paid
4382,4382,2024-08-05,2614.02,3037.28,986.72,169.54,6468.48,Paid
4383,4383,2024-05-12,1965.82,15046.57,3062.23,0.0,20074.62,Paid
4384,4384,2025-01-14,1570.99,23167.300000000003,4452.89,0.0,29191.18,Paid
4385,4385,2024-04-07,2269.46,22132.13,4172.67,1220.08,27354.18,Paid
4386,4386,2025-09-20,1905.8,83444.69,15363.09,0.0,100713.58,Paid
4387,4387,2025-01-14,1937.2,47011.72,8370.26,2447.45,54871.73,Paid
4388,4388,2024-08-29,1981.07,16351.529999999999,3200.87,549.98,20983.49,Paid
4389,4389,2025-07-03,9222.65,628.47,1773.2,0.0,11624.32,Partially Paid
4390,4390,2025-11-06,2806.27,15131.39,3228.78,0.0,21166.44,Paid
4391,4391,2024-08-02,2070.44,28406.72,5211.59,1523.86,34164.89,Paid
4392,4392,2025-06-06,3105.31,45094.81,8415.74,1446.0,55169.86,Pending
4393,4393,2024-11-09,6294.15,905.12,1295.87,0.0,8495.14,Paid
4394,4394,2025-06-19,3065.98,5800.05,1595.89,0.0,10461.92,Paid
4395,4395,2024-08-04,3027.99,0.0,545.04,0.0,3573.03,Partially Paid
4396,4396,2025-09-27,7769.65,16768.85,4416.93,0.0,28955.43,Paid
4397,4397,2025-08-11,2496.85,417.31,498.32,145.71,3266.77,Paid
4399,4399,2024-12-28,2422.47,13326.81,2834.87,0.0,18584.15,Paid
4400,4400,2025-02-11,2191.96,9951.480000000001,2076.53,607.17,13612.8,Paid
4401,4401,2024-09-10,3111.37,13136.560000000001,2924.63,0.0,19172.56,Paid
4402,4402,2024-11-04,2630.09,4373.5,1197.61,350.18,7851.02,Paid
4404,4404,2024-06-12,7056.65,33292.18,7044.91,1210.46,46183.28,Paid
4405,4405,2025-03-26,6514.19,7669.79,2553.12,0.0,16737.1,Paid
4406,4406,2025-01-11,2649.02,1008.58,638.62,109.73,4186.49,Pending
4407,4407,2024-01-02,2166.67,0.0,358.8,173.33,2352.14,Paid
4408,4408,2025-09-17,2369.61,22852.300000000003,4539.94,0.0,29761.85,Paid
4409,4409,2024-10-12,3153.37,4767.79,1383.04,237.63,9066.57,Paid
4410,4410,2025-12-16,2288.45,49232.26,9273.73,0.0,60794.44,Partially Paid
4411,4411,2024-02-04,2018.89,5111.29,1283.43,0.0,8413.61,Paid
4412,4412,2024-01-18,7894.36,2732.5299999999997,1912.84,0.0,12539.73,Paid
4413,4413,2024-09-25,2209.63,1437.3,603.93,291.75,3959.11,Paid
4414,4414,2025-09-10,7345.99,22452.4,5363.71,0.0,35162.1,Paid
4415,4415,2024-03-13,1556.6,2540.71,737.52,0.0,4834.83,Paid
4416,4416,2024-05-07,1576.13,12078.890000000001,2457.9,0.0,16112.92,Paid
4417,4417,2024-11-28,3171.8,464.72,621.84,181.83,4076.53,Paid
4418,4418,2024-03-13,3532.12,34072.229999999996,6565.72,1128.13,43041.94,Paid
4419,4419,2025-03-12,7154.44,843.23,1439.58,0.0,9437.25,Paid
4420,4420,2024-03-30,7325.69,12257.26,3419.18,587.49,22414.64,Paid
4421,4421,2024-02-01,1987.42,34674.82,6401.23,1099.87,41963.6,Paid
4422,4422,2025-04-21,2757.57,27390.39,4992.5,2411.84,32728.62,Paid
4423,4423,2025-08-09,2674.61,4414.63,1237.78,212.68,8114.34,Paid
4424,4424,2024-05-18,3522.48,10796.65,2577.44,0.0,16896.57,Paid
4425,4425,2024-12-24,1988.45,9681.74,2100.63,0.0,13770.82,Paid
4426,4426,2025-04-14,8695.37,3311.44,2096.39,360.2,13743.0,Paid
4427,4427,2024-03-15,1884.79,26774.33,5158.64,0.0,33817.76,Partially Paid
4428,4428,2025-11-27,1950.29,4624.82,1183.52,0.0,7758.63,Paid
4429,4429,2025-07-20,7102.28,3622.66,1872.57,321.75,12275.76,Pending
4430,4430,2024-07-20,7285.06,18835.74,4466.66,1306.04,29281.42,Paid
4431,4431,2024-10-23,3806.1,12365.67,2910.92,0.0,19082.69,Paid
4432,4432,2025-10-03,3230.2,36045.439999999995,7069.62,0.0,46345.26,Paid
4433,4433,2025-10-31,2274.16,74539.06,13826.38,0.0,90639.6,Paid
4434,4434,2025-11-18,2074.56,13635.79,2743.03,471.31,17982.07,Paid
4435,4435,2024-01-09,2212.55,13931.66,2818.78,484.33,18478.66,Pending
4436,4436,2024-04-21,1807.98,1006.93,506.68,0.0,3321.59,Paid
4437,4437,2024-10-13,4127.32,14918.66,3256.86,952.3,21350.54,Paid
4438,4438,2024-11-07,3108.9,24316.45,4689.73,1371.27,30743.81,Paid
4439,4439,2024-07-14,2997.21,1262.94,766.83,0.0,5026.98,Paid
4440,4440,2024-07-23,3637.31,0.0,635.07,109.12,4163.26,Paid
4441,4441,2025-02-12,1897.62,51383.91,9590.68,0.0,62872.21,Paid
4442,4442,2024-04-15,2155.46,41562.600000000006,7869.25,0.0,51587.31,Pending
4443,4443,2025-02-12,2111.1,25495.65,4571.68,2208.54,29969.89,Partially Paid
4444,4444,2025-01-17,1512.86,10420.85,2148.07,0.0,14081.78,Partially Paid
4445,4445,2024-10-03,3363.95,25447.010000000002,4771.09,2304.88,31277.17,Paid
4447,4447,2025-02-17,3046.4,5166.04,1433.89,246.37,9399.96,Paid
4448,4448,2025-07-01,2089.87,14541.69,2903.87,498.95,19036.48,Paid
4449,4449,2025-09-24,2345.56,31220.27,5739.76,1678.29,37627.3,Paid
4450,4450,2025-02-14,1973.87,34042.979999999996,6483.03,0.0,42499.88,Paid
4451,4451,2024-08-20,9975.63,0.0,1741.74,299.27,11418.1,Paid
4452,4452,2025-12-06,2485.29,32871.2,6364.17,0.0,41720.66,Paid
4453,4453,2025-04-21,3046.71,43032.31,8294.22,0.0,54373.24,Paid
4454,4454,2024-09-14,2035.95,26031.3,4799.5,1403.36,31463.39,Partially Paid
4455,4455,2025-12-08,2816.52,9147.56,2045.86,598.2,13411.74,Paid
4456,4456,2026-01-01,9829.26,19370.45,5255.95,0.0,34455.66,Paid
4457,4457,2024-05-13,7993.73,28205.120000000003,6320.32,1085.97,41433.2,Paid
4458,4458,2025-10-30,2982.87,10526.33,2431.66,0.0,15940.86,Paid
4459,4459,2024-07-02,5888.22,25039.71,5288.68,1546.4,34670.21,Paid
4460,4460,2025-11-10,2498.3,1046.46,638.06,0.0,4182.82,Paid
4461,4461,2024-11-27,9693.28,22619.76,5816.35,0.0,38129.39,Paid
4462,4462,2024-12-03,3798.85,0.0,663.28,113.97,4348.16,Paid
4463,4463,2024-10-03,1840.71,76232.06,14053.1,0.0,92125.87,Paid
4464,4464,2025-11-22,1639.67,29574.94,5450.07,936.44,35728.24,Paid
4465,4465,2024-12-18,2757.44,3239.66,1047.09,179.91,6864.28,Paid
4466,4466,2024-11-29,7490.88,9729.26,3006.64,516.6,19710.18,Partially Paid
4467,4467,2025-10-30,1703.81,16001.68,3186.99,0.0,20892.48,Paid
4468,4468,2025-04-30,3043.7,21608.809999999998,4304.33,739.58,28217.26,Paid
4469,4469,2025-10-31,3362.53,6216.18,1637.96,478.94,10737.73,Paid
4471,4471,2025-11-07,2078.54,464.37,434.84,127.15,2850.6,Paid
4472,4472,2025-07-30,1718.42,14614.5,2939.93,0.0,19272.85,Partially Paid
4473,4473,2025-02-12,3194.18,14965.99,3268.83,0.0,21429.0,Pending
4474,4474,2025-08-16,1594.79,25635.64,4901.48,0.0,32131.91,Paid
4475,4475,2025-01-04,5916.87,79275.57999999999,14107.87,6815.4,92484.92,Paid
4476,4476,2024-11-26,7366.76,22246.789999999997,5170.53,888.41,33895.67,Paid
4477,4477,2025-06-16,2037.4,13737.54,2697.51,788.75,17683.7,Paid
4478,4478,2024-10-17,2596.68,16859.91,3502.19,0.0,22958.78,Paid
4479,4479,2024-09-30,1998.6,40312.79,7235.25,2115.57,47431.07,Paid
4480,4480,2024-10-08,3062.15,8888.5,1979.03,956.05,12973.63,Paid
4481,4481,2024-12-12,4072.64,41998.229999999996,7878.12,2303.54,51645.45,Paid
4482,4482,2025-01-02,3937.77,43951.54,8361.47,1436.68,54814.1,Paid
4483,4483,2025-07-08,2098.63,69290.27,11822.0,5711.11,77499.79,Paid
4484,4484,2024-06-03,1930.09,15111.650000000001,3067.51,0.0,20109.25,Paid
4485,4485,2025-04-10,2159.48,1301.6000000000001,622.99,0.0,4084.07,Paid
4486,4486,2025-11-10,3763.81,3514.25,1310.05,0.0,8588.11,Paid
4487,4487,2025-01-28,2138.56,25765.760000000002,4872.09,837.13,31939.28,Pending
4488,4488,2024-08-31,2799.77,15471.9,3190.23,548.15,20913.75,Paid
4489,4489,2024-08-12,2089.67,18786.58,3757.72,0.0,24633.97,Pending
4490,4490,2024-07-22,7636.93,10440.71,3253.98,0.0,21331.62,Partially Paid
4491,4491,2025-09-06,2298.33,17491.12,3562.1,0.0,23351.55,Paid
4492,4492,2024-07-04,1985.61,32401.5,5880.2,1719.36,38547.95,Paid
4493,4493,2024-04-16,1824.42,19243.59,3678.47,632.04,24114.44,Paid
4494,4494,2025-05-14,1709.2,531.23,383.11,112.02,2511.52,Pending
4495,4495,2025-02-16,1865.95,17528.76,3316.49,969.74,21741.46,Paid
4496,4496,2024-03-16,2142.81,26821.86,4796.55,2317.17,31444.05,Paid
4497,4497,2025-09-22,2539.09,22268.53,4242.1,1240.38,27809.34,Paid
4498,4498,2024-07-10,2859.39,13846.07,3006.98,0.0,19712.44,Partially Paid
4499,4499,2024-08-22,10960.71,68759.94,14349.72,0.0,94070.37,Paid
4500,4500,2025-11-06,3245.9,11476.66,2517.56,736.13,16503.99,Paid
4501,4501,2024-08-04,2910.84,4274.99,1293.45,0.0,8479.28,Paid
4502,4502,2024-12-26,1569.04,26788.920000000002,4849.21,1417.9,31789.27,Paid
4503,4503,2024-05-16,1606.31,832.4,438.97,0.0,2877.68,Paid
4504,4504,2025-12-25,3603.34,23099.22,4806.46,0.0,31509.02,Paid
4505,4505,2024-05-03,3124.06,1511.36,834.38,0.0,5469.8,Partially Paid
4506,4506,2025-05-01,6680.42,6303.84,2337.17,0.0,15321.43,Paid
4507,4507,2025-12-22,2335.22,10383.42,2289.36,0.0,15008.0,Pending
4508,4508,2025-10-24,5853.21,1194.78,1268.64,0.0,8316.63,Paid
4509,4509,2025-03-16,2702.35,30003.91,5887.13,0.0,38593.39,Paid
4510,4510,2024-09-01,3587.89,5541.4,1643.27,0.0,10772.56,Paid
4511,4511,2024-06-13,3246.66,25006.870000000003,5085.64,0.0,33339.17,Paid
4512,4512,2024-01-15,2794.91,17003.01,3456.72,593.94,22660.7,Pending
4513,4513,2025-09-09,2324.49,14259.33,2985.09,0.0,19568.91,Paid
4514,4514,2025-08-21,3680.77,35181.58,6995.22,0.0,45857.57,Paid
4515,4515,2024-01-30,2069.72,32615.69,6243.37,0.0,40928.78,Paid
4516,4516,2025-11-10,2585.86,14312.76,2889.66,844.93,18943.35,Paid
4517,4517,2024-10-16,2780.68,1451.68,723.73,211.62,4744.47,Paid
4518,4518,2024-09-01,2122.94,31141.899999999998,5508.66,2661.19,36112.31,Paid
4520,4520,2025-12-19,1674.21,27719.98,4867.68,2351.54,31910.33,Paid
4521,4521,2025-02-04,3870.69,10198.59,2456.5,422.08,16103.7,Partially Paid
4522,4522,2025-05-29,3050.7,746.85,663.05,113.93,4346.67,Paid
4523,4523,2025-12-18,9364.14,67276.88,13381.52,2299.23,87723.31,Paid
4524,4524,2025-09-21,1874.24,14607.63,2818.4,824.09,18476.18,Paid
4525,4525,2024-08-06,3920.29,768.37,843.96,0.0,5532.62,Paid
4526,4526,2024-05-24,10465.79,31064.67,7475.48,0.0,49005.94,Paid
4527,4527,2025-10-17,4134.91,17568.75,3789.46,651.11,24842.01,Pending
4528,4528,2025-08-01,2428.93,20919.370000000003,4202.69,0.0,27550.99,Pending
4529,4529,2025-03-20,2021.59,23757.879999999997,4501.1,773.38,29507.19,Paid
4530,4530,2024-07-07,2028.78,15782.87,3109.91,534.35,20387.21,Partially Paid
4531,4531,2025-11-10,1870.11,49728.29,9009.08,1547.95,59059.53,Paid
4532,4532,2025-06-07,7829.14,40575.46,8712.83,0.0,57117.43,Paid
4533,4533,2024-04-15,2954.06,63810.950000000004,12017.7,0.0,78782.71,Paid
4534,4534,2025-12-18,1525.77,5827.99,1323.68,0.0,8677.44,Paid
4535,4535,2025-03-23,1446.66,15085.25,2886.47,495.96,18922.42,Paid
4536,4536,2025-11-23,3020.83,13029.95,2889.14,0.0,18939.92,Paid
4537,4537,2024-06-27,2712.85,15987.25,3366.02,0.0,22066.12,Partially Paid
4538,4538,2025-03-28,8819.62,30256.2,6822.64,1172.27,44726.19,Paid
4539,4539,2024-11-05,3134.11,24872.94,4789.21,1400.35,31395.91,Paid
4540,4540,2024-11-01,2273.85,605.35,518.26,0.0,3397.46,Paid
4541,4541,2024-04-21,2282.86,23439.489999999998,4630.02,0.0,30352.37,Paid
4542,4542,2024-09-13,7177.07,45165.79,9139.06,1570.29,59911.63,Paid
4543,4543,2025-04-01,3994.97,10811.59,2531.92,740.33,16598.15,Paid
4544,4544,2024-05-31,9009.77,18170.059999999998,4892.37,0.0,32072.2,Paid
4545,4545,2024-07-03,1712.72,9932.64,2096.16,0.0,13741.52,Partially Paid
4546,4546,2025-01-11,1501.15,4719.7,1086.16,186.63,7120.38,Paid
4547,4547,2025-11-10,1911.54,11103.87,2225.64,650.77,14590.28,Paid
4548,4548,2024-09-20,2753.1,17435.56,3452.26,1009.43,22631.49,Paid
4549,4549,2024-11-03,2958.94,9046.07,2160.9,0.0,14165.91,Paid
4550,4550,2025-09-07,7493.05,32213.42,6789.81,1985.32,44510.96,Paid
4551,4551,2024-03-24,2753.29,31632.41,6189.43,0.0,40575.13,Paid
4552,4552,2024-03-21,2764.09,7110.2,1777.37,0.0,11651.66,Paid
4553,4553,2025-03-16,2354.97,44453.6,8172.78,1404.26,53577.09,Paid
4554,4554,2025-10-25,3301.36,5017.09,1497.32,0.0,9815.77,Paid
4555,4555,2025-05-22,7441.84,12120.28,3521.18,0.0,23083.3,Paid
4556,4556,2025-12-08,1537.9,58527.649999999994,9946.86,4805.24,65207.17,Paid
4557,4557,2024-06-19,2071.22,28658.18,5088.79,2458.35,33359.84,Partially Paid
4558,4558,2025-01-11,2741.01,14921.39,3020.27,883.12,19799.55,Paid
4559,4559,2025-04-28,2115.22,8133.3,1697.16,819.88,11125.8,Paid
4560,4560,2024-03-03,8438.13,20326.49,5177.63,0.0,33942.25,Paid
4561,4561,2024-02-21,3181.07,51396.46,9332.76,2728.88,61181.41,Paid
4562,4562,2024-02-07,1603.8,13197.11,2530.95,740.05,16591.81,Paid
4563,4563,2025-06-28,2056.38,10058.15,2071.58,605.73,13580.38,Partially Paid
4564,4564,2024-04-04,7612.26,18729.55,4741.53,0.0,31083.34,Paid
4565,4565,2025-05-17,2213.9,2140.02,744.52,217.7,4880.74,Partially Paid
4566,4566,2025-12-10,2181.22,23052.86,4405.87,757.02,28882.93,Partially Paid
4567,4567,2025-08-05,3063.57,33513.89,6254.75,1828.87,41003.34,Paid
4568,4568,2024-04-30,1724.03,3249.7799999999997,895.29,0.0,5869.1,Paid
4569,4569,2024-12-16,3015.95,43154.61,8061.38,1385.12,52846.82,Paid
4570,4570,2024-06-30,3416.15,932.2,759.22,130.45,4977.12,Pending
4571,4571,2025-11-02,2225.09,13926.28,2907.25,0.0,19058.62,Paid
4572,4572,2024-04-02,2587.31,12845.92,2639.08,771.66,17300.65,Paid
4573,4573,2025-12-17,3096.2,27879.36,5296.82,1548.78,34723.6,Paid
4574,4574,2024-04-30,3371.64,9209.72,2264.64,0.0,14846.0,Partially Paid
4575,4575,2025-08-20,3091.16,23852.76,4607.41,1347.2,30204.13,Paid
4576,4576,2024-10-22,2191.04,21507.16,4265.68,0.0,27963.88,Paid
4577,4577,2025-08-24,1844.73,12666.55,2403.07,1160.9,15753.45,Partially Paid
4578,4578,2025-05-11,6050.41,6418.74,2244.45,0.0,14713.6,Paid
4579,4579,2024-03-21,2415.52,32346.36,5756.57,2780.95,37737.5,Paid
4580,4580,2024-06-28,7523.67,9088.44,2900.48,498.36,19014.23,Paid
4582,4582,2024-07-16,1873.93,18629.64,3690.64,0.0,24194.21,Paid
4583,4583,2024-02-13,1683.23,16716.41,3311.94,0.0,21711.58,Paid
4585,4585,2025-07-14,7146.27,43209.93,8792.19,1510.69,57637.7,Paid
4586,4586,2025-12-15,10186.26,22901.46,5955.79,0.0,39043.51,Paid
4587,4587,2025-11-03,2241.54,10915.22,2368.22,0.0,15524.98,Pending
4588,4588,2025-05-29,9506.21,14798.49,4243.6,729.14,27819.16,Paid
4589,4589,2024-11-23,2949.07,0.0,514.91,88.47,3375.51,Paid
4590,4590,2025-07-16,1941.64,13438.179999999998,2768.37,0.0,18148.19,Partially Paid
4591,4591,2025-05-13,2895.48,13968.68,3035.55,0.0,19899.71,Paid
4592,4592,2024-02-23,1888.84,1124.55,542.41,0.0,3555.8,Pending
4593,4593,2024-01-15,1483.54,28972.799999999996,5317.68,913.69,34860.33,Paid
4594,4594,2024-05-14,2581.16,9322.09,2142.58,0.0,14045.83,Paid
4595,4595,2024-03-15,2567.0,0.0,448.2,77.01,2938.19,Paid
4596,4596,2024-11-30,2606.24,0.0,445.67,130.31,2921.6,Paid
4597,4597,2025-06-11,2147.76,9280.619999999999,1892.54,914.27,12406.65,Paid
4598,4598,2024-07-16,3925.21,1737.9,1019.36,0.0,6682.47,Paid
4599,4599,2024-11-21,1611.23,18903.43,3581.86,615.44,23481.08,Paid
4600,4600,2025-04-08,2185.33,1302.51,608.98,104.64,3992.18,Paid
4601,4601,2024-12-10,2569.6,5283.87,1371.22,235.6,8989.09,Partially Paid
4602,4602,2024-06-18,3322.49,4627.62,1431.02,0.0,9381.13,Paid
4603,4603,2025-01-25,3154.27,44210.06,8269.81,1420.93,54213.21,Paid
4604,4604,2025-02-10,6675.08,55142.75000000001,11127.21,0.0,72945.04,Paid
4605,4605,2025-04-23,1673.25,12756.85,2597.42,0.0,17027.52,Paid
4606,4606,2025-05-03,2087.72,1810.74,680.67,116.95,4462.18,Paid
4607,4607,2025-07-09,3609.18,11267.029999999999,2677.72,0.0,17553.93,Paid
4608,4608,2024-01-15,8000.79,948.05,1610.79,0.0,10559.63,Paid
4609,4609,2024-12-28,2192.56,3996.78,1114.08,0.0,7303.42,Paid
4611,4611,2024-09-04,3203.22,47266.2,8357.74,4037.55,54789.61,Paid
4612,4612,2024-04-23,1620.47,2180.16,629.38,304.05,4125.96,Paid
4613,4613,2025-11-10,3495.14,6663.8,1737.18,507.95,11388.17,Paid
4614,4614,2025-02-13,2258.17,0.0,394.28,67.75,2584.7,Paid
4615,4615,2025-05-22,1982.05,13392.080000000002,2767.34,0.0,18141.47,Paid
4616,4616,2024-10-01,2248.73,18912.45,3504.29,1692.89,22972.58,Partially Paid
4617,4617,2024-06-17,7312.94,0.0,1316.33,0.0,8629.27,Paid
4618,4618,2025-10-04,2624.37,954.51,592.66,286.31,3885.23,Pending
4619,4619,2024-03-22,8264.63,1418.55,1742.97,0.0,11426.15,Paid
4620,4620,2025-04-21,4140.48,533.21,816.03,140.21,5349.51,Paid
4621,4621,2024-04-13,1700.85,16023.72,3030.9,886.23,19869.24,Paid
4622,4622,2024-04-08,8890.37,17759.34,4796.95,0.0,31446.66,Paid
4623,4623,2024-05-11,7742.79,20705.469999999998,5120.69,0.0,33568.95,Paid
4624,4624,2025-03-02,2952.78,46577.740000000005,8648.03,1485.92,56692.63,Paid
4625,4625,2025-04-06,2346.77,18971.82,3837.35,0.0,25155.94,Paid
4626,4626,2024-11-09,1807.35,5226.98,1266.18,0.0,8300.51,Paid
4627,4627,2024-04-15,1635.62,11546.51,2254.14,659.11,14777.16,Paid
4628,4628,2024-08-20,10981.29,8761.32,3375.99,987.13,22131.47,Paid
4629,4629,2025-09-30,3873.34,31655.840000000004,6075.49,1776.46,39828.21,Paid
4630,4630,2025-09-23,2629.61,543.0,542.52,158.63,3556.5,Paid
4631,4631,2025-12-24,2605.47,2877.27,907.94,438.62,5952.06,Paid
4632,4632,2024-08-10,2627.66,16845.56,3505.18,0.0,22978.4,Paid
4633,4633,2025-12-03,1913.62,25194.239999999998,4879.41,0.0,31987.27,Paid
4634,4634,2025-03-30,2138.83,40627.31,7466.97,1282.98,48950.13,Paid
4635,4635,2024-10-29,2327.9,10250.37,2196.17,377.35,14397.09,Paid
4636,4636,2024-08-07,3466.33,10971.51,2598.81,0.0,17036.65,Paid
4637,4637,2025-04-14,2315.68,51348.38,9176.55,2683.2,60157.41,Paid
4638,4638,2024-02-09,1881.19,2476.0,745.08,217.86,4884.41,Paid
4639,4639,2025-08-15,1529.99,58060.409999999996,9868.17,4767.23,64691.34,Paid
4640,4640,2024-04-07,2702.78,15906.89,3349.74,0.0,21959.41,Paid
4641,4641,2024-04-07,1855.05,42650.14,8010.93,0.0,52516.12,Paid
4642,4642,2024-03-15,3451.25,49864.82,9596.89,0.0,62912.96,Paid
4643,4643,2024-12-05,1727.17,5971.389999999999,1344.17,230.96,8811.77,Paid
4644,4644,2025-07-14,2172.69,0.0,391.08,0.0,2563.77,Paid
4645,4645,2025-05-10,2013.31,4653.27,1199.98,0.0,7866.56,Paid
4646,4646,2025-11-27,1602.71,40018.520000000004,7267.07,1248.64,47639.66,Paid
4647,4647,2024-10-10,2806.25,11072.02,2373.18,693.91,15557.54,Paid
4648,4648,2024-02-23,2058.49,39669.630000000005,7511.06,0.0,49239.18,Paid
4649,4649,2024-04-16,2379.79,65992.59,12307.03,0.0,80679.41,Paid
4650,4650,2024-07-23,2851.95,2347.79,889.16,259.99,5828.91,Paid
4651,4651,2024-11-04,3992.65,23869.21,5015.13,0.0,32876.99,Paid
4652,4652,2025-04-10,3245.78,37230.130000000005,7285.66,0.0,47761.57,Paid
4654,4654,2024-09-25,1479.84,1159.1,475.01,0.0,3113.95,Paid
4655,4655,2024-06-04,7218.7,3199.02,1818.93,312.53,11924.12,Paid
4656,4656,2025-11-01,7926.14,15003.72,3921.01,1146.49,25704.38,Paid
4657,4657,2025-06-16,2333.54,19351.57,3903.32,0.0,25588.43,Paid
4658,4658,2025-01-20,4046.87,19042.21,4031.35,692.67,26427.76,Paid
4659,4659,2025-05-31,2561.19,8726.09,2031.71,0.0,13318.99,Paid
4660,4660,2024-07-21,3602.01,616.83,736.61,126.57,4828.88,Paid
4661,4661,2024-11-30,9055.62,0.0,1630.01,0.0,10685.63,Paid
4662,4662,2025-08-16,2122.49,31319.089999999997,6019.48,0.0,39461.06,Paid
4663,4663,2025-10-07,1955.93,3764.6400000000003,947.33,457.65,6210.25,Paid
4664,4664,2024-11-12,8136.02,4104.08,2093.06,612.0,13721.16,Paid
4665,4665,2025-06-10,2536.79,28118.71,5517.99,0.0,36173.49,Paid
4666,4666,2025-07-27,1925.27,6269.22,1475.01,0.0,9669.5,Paid
4667,4667,2025-04-04,3490.83,24332.230000000003,5008.15,0.0,32831.21,Paid
4668,4668,2024-03-08,2218.79,1054.5,559.73,163.66,3669.36,Paid
4669,4669,2025-12-12,7777.47,15400.61,3838.29,1854.25,25162.12,Paid
4670,4670,2025-08-22,2191.44,12001.39,2426.97,709.64,15910.16,Partially Paid
4671,4671,2024-09-14,2332.98,17174.74,3335.82,975.39,21868.15,Pending
4672,4672,2025-09-01,8089.18,3271.87,1983.64,340.83,13003.86,Paid
4673,4673,2025-06-04,2044.65,8662.7,1830.96,535.37,12002.94,Paid
4674,4674,2025-10-28,4032.54,5035.66,1550.66,453.41,10165.45,Pending
4675,4675,2025-06-22,7719.59,25142.43,5915.16,0.0,38777.18,Paid
4676,4676,2025-06-12,2757.7,16551.15,3475.59,0.0,22784.44,Paid
4677,4677,2025-10-29,4011.58,1064.92,913.77,0.0,5990.27,Paid
4678,4678,2024-09-04,2466.09,3106.23,972.93,167.17,6378.08,Paid
4679,4679,2025-08-06,3567.83,8714.15,2144.43,368.46,14057.95,Paid
4680,4680,2025-12-30,3945.42,9443.86,2337.77,401.68,15325.37,Paid
4681,4681,2024-04-30,3340.72,10040.07,2336.29,401.42,15315.66,Paid
4682,4682,2025-10-08,10770.34,5881.86,2757.6,1332.18,18077.62,Paid
4683,4683,2026-01-04,7334.26,2493.3,1715.89,294.83,11248.62,Paid
4684,4684,2024-04-27,3085.5,19394.39,3924.99,674.4,25730.48,Paid
4685,4685,2024-09-05,5740.08,528.56,1094.5,188.06,7175.08,Paid
4686,4686,2024-09-17,3234.59,67056.27,12272.78,2108.73,80454.91,Paid
4687,4687,2025-06-24,1513.25,4309.2,995.64,291.12,6526.97,Paid
4688,4688,2024-10-24,2010.13,15362.52,3127.08,0.0,20499.73,Paid
4689,4689,2024-12-23,9202.04,13659.53,3785.88,1828.93,24818.52,Partially Paid
4690,4690,2024-08-02,1905.86,14216.67,2902.06,0.0,19024.59,Paid
4691,4691,2025-07-10,2002.3,38023.95,6844.49,2001.31,44869.43,Paid
4692,4692,2024-02-20,3471.84,19310.480000000003,3772.75,1822.59,24732.48,Paid
4693,4693,2025-01-25,3810.44,30253.77,5824.98,1703.21,38185.98,Paid
4694,4694,2025-01-12,2622.74,48858.98,8988.71,1544.45,58925.98,Pending
4695,4695,2024-08-11,2748.0,24047.01,4823.1,0.0,31618.11,Pending
4696,4696,2025-06-28,2030.3,40190.34,7371.72,1266.62,48325.74,Paid
4697,4697,2024-07-24,3310.45,2478.81,1010.8,173.68,6626.38,Paid
4698,4698,2024-01-30,1789.21,12440.51,2484.51,426.89,16287.34,Paid
4699,4699,2024-11-15,2535.79,17264.77,3457.18,594.02,22663.72,Paid
4700,4700,2025-06-16,2993.57,7800.700000000001,1884.68,323.83,12355.12,Paid
4701,4701,2024-08-29,2057.58,15430.35,3147.83,0.0,20635.76,Paid
4702,4702,2025-06-14,3767.33,32323.670000000002,6496.38,0.0,42587.38,Paid
4703,4703,2024-10-26,3366.15,59338.35,11286.81,0.0,73991.31,Partially Paid
4704,4704,2024-01-28,3250.87,34413.840000000004,6779.65,0.0,44444.36,Paid
4705,4705,2025-09-21,2827.51,31257.880000000005,5828.6,1704.27,38209.72,Paid
4706,4706,2024-09-12,10950.45,0.0,1971.08,0.0,12921.53,Paid
4707,4707,2025-08-20,2717.3,29917.02,5874.18,0.0,38508.5,Paid
4708,4708,2024-10-07,7224.21,32580.79,6806.66,1990.25,44621.41,Paid
4709,4709,2025-04-08,2519.16,25307.350000000002,4858.51,834.8,31850.22,Pending
4710,4710,2024-05-01,2040.59,37291.65,6867.41,1179.97,45019.68,Paid
4711,4711,2024-09-27,10203.18,19606.37,5365.72,0.0,35175.27,Paid
4712,4712,2024-03-30,2603.46,10353.980000000001,2215.72,647.87,14525.29,Paid
4713,4713,2024-12-11,2697.46,24796.5,4800.45,824.82,31469.59,Paid
4714,4714,2024-10-25,4019.69,0.0,687.37,200.98,4506.08,Paid
4715,4715,2025-06-18,7225.74,10127.81,2967.46,867.68,19453.33,Paid
4716,4716,2024-04-26,2812.26,14367.36,3092.33,0.0,20271.95,Paid
4718,4718,2025-10-18,7817.61,43368.28,9213.46,0.0,60399.35,Paid
4719,4719,2025-11-07,2567.48,23342.920000000002,4663.87,0.0,30574.27,Paid
4721,4721,2024-11-15,3767.54,0.0,678.16,0.0,4445.7,Paid
4722,4722,2024-11-19,2329.85,13410.8,2748.32,472.22,18016.75,Paid
4723,4723,2024-06-18,2279.04,45074.74,8267.97,1420.61,54201.14,Paid
4724,4724,2024-03-06,3283.35,23499.88,4579.93,1339.16,30024.0,Paid
4725,4725,2024-11-12,2074.79,16135.650000000001,3277.88,0.0,21488.32,Paid
4726,4726,2025-06-27,2009.92,13909.86,2722.28,795.99,17846.07,Paid
4727,4727,2025-01-28,3077.2,4806.56,1376.5,236.51,9023.75,Paid
4728,4728,2024-04-16,2729.46,677.33,582.56,170.34,3819.01,Paid
4729,4729,2024-08-14,1940.71,17989.149999999998,3408.01,996.49,22341.38,Paid
4730,4730,2024-06-14,4076.99,6918.25,1979.14,0.0,12974.38,Partially Paid
4731,4731,2025-05-07,1990.45,6377.99,1461.13,251.05,9578.52,Paid
4732,4732,2025-03-22,2053.34,842.85,495.25,144.81,3246.63,Paid
4733,4733,2024-07-15,1960.18,75701.51,13979.1,0.0,91640.79,Pending
4734,4734,2024-11-13,1759.91,9248.4,1981.5,0.0,12989.81,Paid
4735,4735,2025-09-14,9712.11,847.87,1900.8,0.0,12460.78,Paid
4736,4736,2024-10-08,2357.78,1890.05,764.61,0.0,5012.44,Paid
4737,4737,2024-07-08,1880.09,34440.93,6537.78,0.0,42858.8,Paid
4738,4738,2025-05-14,1981.53,23306.14,4551.78,0.0,29839.45,Partially Paid
4739,4739,2025-05-01,1740.21,22652.559999999998,4390.7,0.0,28783.47,Paid
4740,4740,2025-03-30,3762.05,12371.0,2671.63,1290.64,17514.04,Paid
4741,4741,2025-11-01,1931.82,43296.7,8141.13,0.0,53369.65,Paid
4742,4742,2025-11-01,8697.94,3988.03,2100.8,1014.88,13771.89,Paid
4744,4744,2024-05-20,2929.95,69149.90999999999,12585.14,2162.4,82502.6,Paid
4745,4745,2025-12-24,1942.64,22194.95,4344.77,0.0,28482.36,Paid
4746,4746,2025-03-13,2687.31,3123.7,1014.6,174.33,6651.28,Paid
4747,4747,2024-04-12,2330.34,4584.31,1182.41,345.73,7751.33,Paid
4748,4748,2025-12-04,1554.59,14740.27,2786.42,814.74,18266.54,Paid
4749,4749,2024-01-28,3112.26,12356.19,2700.79,464.05,17705.19,Paid
4750,4750,2024-01-27,3061.08,35817.73,6998.19,0.0,45877.0,Paid
4751,4751,2025-08-11,2317.09,21887.16,4356.76,0.0,28561.01,Paid
4752,4752,2025-04-29,2276.42,49340.31,9291.01,0.0,60907.74,Paid
4753,4753,2025-03-14,1480.7,18336.07,3567.02,0.0,23383.79,Pending
4754,4754,2024-01-09,1459.68,17438.41,3401.66,0.0,22299.75,Paid
4755,4755,2024-11-06,2733.35,13014.880000000001,2749.64,472.45,18025.42,Paid
4756,4756,2025-09-15,3034.58,9416.38,2173.94,373.53,14251.37,Paid
4757,4757,2025-10-19,2283.88,11560.87,2417.29,415.34,15846.7,Paid
4758,4758,2025-08-19,1625.81,1283.98,508.05,87.29,3330.55,Paid
4759,4759,2025-08-29,3900.52,15621.96,3514.05,0.0,23036.53,Paid
4760,4760,2024-06-04,2258.34,18026.27,3651.23,0.0,23935.84,Paid
4761,4761,2024-10-22,1987.34,16709.65,3365.46,0.0,22062.45,Paid
4762,4762,2024-07-18,2237.5,30681.93,5451.46,2633.55,35737.34,Paid
4763,4763,2025-06-12,2252.25,20046.62,3813.11,1114.94,24997.04,Paid
4764,4764,2025-01-18,6671.12,0.0,1200.8,0.0,7871.92,Pending
4765,4765,2025-10-19,10697.84,22108.47,5905.14,0.0,38711.45,Paid
4766,4766,2024-01-30,2575.53,7998.79,1903.38,0.0,12477.7,Pending
4767,4767,2024-09-13,3137.18,24435.649999999998,4714.95,1378.64,30909.14,Paid
4768,4768,2025-07-22,2434.23,28087.7,5219.25,1526.1,34215.08,Paid
4769,4769,2025-11-14,1802.65,36388.270000000004,6874.37,0.0,45065.29,Paid
4770,4770,2024-12-13,1768.65,32747.699999999997,5902.3,1725.82,38692.83,Partially Paid
4771,4771,2024-04-26,2725.15,43359.729999999996,8046.42,1382.55,52748.75,Paid
4773,4773,2025-08-04,1946.79,5428.05,1327.47,0.0,8702.31,Paid
4774,4774,2024-04-07,2916.67,4543.88,1342.9,0.0,8803.45,Paid
4775,4775,2024-03-21,6214.55,8886.12,2718.12,0.0,17818.79,Paid
4776,4776,2025-11-20,8459.9,21077.83,5316.79,0.0,34854.52,Partially Paid
4777,4777,2024-04-16,2460.47,0.0,442.88,0.0,2903.35,Paid
4778,4778,2025-07-24,1776.48,14801.390000000001,2834.82,828.89,18583.8,Paid
4779,4779,2025-10-20,2769.22,9286.38,2104.91,361.67,13798.84,Pending
4780,4780,2025-01-24,3744.22,20693.55,4398.8,0.0,28836.57,Partially Paid
4781,4781,2024-08-28,3512.79,20146.370000000003,4130.89,709.77,27080.28,Paid
4783,4783,2024-10-28,2304.67,501.49,505.11,0.0,3311.27,Paid
4784,4784,2025-09-11,1807.6,1320.77,563.11,0.0,3691.48,Paid
4785,4785,2025-10-17,6122.01,24729.799999999996,5275.66,1542.59,34584.88,Paid
4786,4786,2024-01-09,2449.08,469.49,525.34,0.0,3443.91,Paid
4787,4787,2025-06-21,3607.88,11344.38,2691.41,0.0,17643.67,Paid
4788,4788,2024-03-22,2985.17,4853.17,1410.9,0.0,9249.24,Paid
4789,4789,2024-10-30,8246.91,8948.699999999999,3095.21,0.0,20290.82,Paid
4790,4790,2025-07-28,6843.21,8879.24,2688.54,786.12,17624.87,Paid
4791,4791,2024-09-06,3504.09,5930.37,1698.2,0.0,11132.66,Paid
4792,4792,2024-06-29,6881.86,1910.48,1582.62,0.0,10374.96,Paid
4793,4793,2025-09-18,2066.1,61931.0,11519.48,0.0,75516.58,Paid
4794,4794,2025-09-19,7694.83,53381.92999999999,10993.82,0.0,72070.58,Paid
4795,4795,2024-05-20,2853.18,25104.51,4629.79,2236.62,30350.86,Paid
4796,4796,2025-07-29,1491.82,25405.1,4599.37,1344.85,30151.44,Paid
4797,4797,2025-10-27,2873.68,16087.41,3413.0,0.0,22374.09,Paid
4798,4798,2025-11-27,2112.17,12803.17,2684.76,0.0,17600.1,Pending
4799,4799,2025-09-16,3434.81,0.0,618.27,0.0,4053.08,Paid
4800,4800,2024-04-11,10517.66,5084.98,2808.48,0.0,18411.12,Partially Paid
4801,4801,2024-04-23,4114.85,16361.32,3501.42,1023.81,22953.78,Paid
4802,4802,2025-04-25,1601.07,14952.28,2979.6,0.0,19532.95,Paid
4803,4803,2024-05-10,3611.98,0.0,650.16,0.0,4262.14,Paid
4804,4804,2025-12-15,2372.19,3536.59,1031.67,177.26,6763.19,Paid
4805,4805,2024-08-02,3763.69,23563.84,4525.44,2186.2,29666.77,Paid
4806,4806,2024-10-19,6268.46,0.0,1094.47,188.05,7174.88,Paid
4807,4807,2024-06-24,3231.93,8006.100000000001,1962.16,337.14,12863.05,Paid
4809,4809,2024-08-13,8319.97,9568.95,3220.01,0.0,21108.93,Paid
4810,4810,2025-12-26,9307.89,35535.14,8071.75,0.0,52914.78,Paid
4811,4811,2025-08-18,4023.68,0.0,688.05,201.18,4510.55,Paid
4812,4812,2024-08-14,3758.83,8806.03,2148.59,628.24,14085.21,Partially Paid
4813,4813,2024-07-10,6657.46,7844.75,2610.4,0.0,17112.61,Paid
4814,4814,2025-03-25,7717.66,27864.699999999997,6212.68,1067.47,40727.57,Paid
4815,4815,2025-03-28,7724.66,19121.190000000002,4590.64,1342.29,30094.2,Paid
4816,4816,2025-01-18,1676.11,6579.15,1485.95,0.0,9741.21,Paid
4817,4817,2025-09-09,3871.56,27110.18,5576.71,0.0,36558.45,Paid
4818,4818,2025-01-29,2032.95,5471.42,1242.72,600.35,8146.74,Paid
4819,4819,2025-01-31,1928.04,3716.58,1016.03,0.0,6660.65,Paid
4820,4820,2025-08-14,3193.93,17360.18,3588.75,616.62,23526.24,Paid
4821,4821,2024-11-09,2844.73,37935.64,6753.23,3262.43,44271.17,Paid
4822,4822,2025-01-16,2654.16,3809.04,1105.21,323.16,7245.25,Paid
4823,4823,2024-07-26,3264.56,2784.83,1056.22,181.48,6924.13,Pending
4824,4824,2025-04-13,7412.91,2184.02,1641.07,479.85,10758.15,Paid
4825,4825,2025-02-16,2692.08,37470.82,6867.86,2008.15,45022.61,Paid
4826,4826,2024-03-07,7638.51,8585.59,2920.34,0.0,19144.44,Paid
4827,4827,2024-11-23,8386.31,2595.0299999999997,1877.81,549.07,12310.08,Paid
4828,4828,2025-07-18,1927.37,6813.700000000001,1573.39,0.0,10314.46,Paid
4829,4829,2024-03-25,2680.72,21148.13,4074.73,1191.44,26712.14,Paid
4830,4830,2024-03-17,8863.09,11845.24,3429.3,1656.67,22480.96,Paid
4831,4831,2024-11-16,3111.66,2040.07,853.13,412.14,5592.72,Paid
4832,4832,2024-03-25,2974.66,0.0,508.67,148.73,3334.6,Paid
4833,4833,2024-03-10,2610.13,16154.84,3208.81,938.25,21035.53,Paid
4834,4834,2025-06-30,10347.69,36269.6,8391.11,0.0,55008.4,Paid
4835,4835,2025-03-13,1991.67,11405.07,2339.07,401.9,15333.91,Paid
4836,4836,2025-01-05,2048.58,14199.76,2924.7,0.0,19173.04,Paid
4837,4837,2024-08-06,2177.2,6334.62,1486.16,255.35,9742.63,Paid
4838,4838,2025-12-21,2603.17,11691.34,2573.01,0.0,16867.52,Paid
4839,4839,2024-03-04,3475.61,23901.58,4681.5,1368.86,30689.83,Paid
4840,4840,2024-01-08,3970.51,2619.28,1186.16,0.0,7775.95,Paid
4841,4841,2024-09-29,8267.39,22118.54,5469.47,0.0,35855.4,Paid
4842,4842,2024-08-21,2914.64,25075.98,4786.4,1399.53,31377.49,Paid
4843,4843,2024-11-27,7163.46,522.67,1314.33,384.31,8616.15,Paid
4844,4844,2025-05-16,3190.22,0.0,545.53,159.51,3576.24,Paid
4845,4845,2025-10-04,2594.09,8203.02,1943.48,0.0,12740.59,Paid
4846,4846,2024-04-24,7857.23,15508.09,4205.76,0.0,27571.08,Paid
4847,4847,2025-06-07,2973.95,9296.64,2142.44,368.12,14044.91,Paid
4848,4848,2024-11-07,3441.22,0.0,619.42,0.0,4060.64,Paid
4849,4849,2025-11-14,3037.31,11476.91,2612.56,0.0,17126.78,Pending
4850,4850,2024-01-31,1561.94,13606.54,2648.42,455.05,17361.85,Partially Paid
4851,4851,2025-12-18,1950.5,32129.020000000004,5827.6,1703.98,38203.14,Partially Paid
4852,4852,2025-06-11,2840.14,14533.15,3127.19,0.0,20500.48,Paid
4854,4854,2025-07-17,1949.84,45025.92,8201.97,1409.27,53768.46,Paid
4855,4855,2024-02-06,2147.87,641.75,477.03,139.48,3127.17,Paid
4856,4856,2025-04-28,2608.22,9656.02,2207.56,0.0,14471.8,Paid
4857,4857,2024-01-16,7157.07,3991.41,1946.53,334.45,12760.56,Paid
4859,4859,2025-05-08,2081.07,2358.42,775.14,133.18,5081.45,Paid
4860,4860,2025-04-12,1646.73,5952.18,1299.41,379.95,8518.37,Paid
4861,4861,2025-08-16,2657.53,16855.28,3512.31,0.0,23025.12,Paid
4862,4862,2024-10-06,2877.52,32298.829999999998,6015.16,1758.82,39432.69,Paid
4863,4863,2025-12-03,1958.96,2530.33,808.07,0.0,5297.36,Paid
4864,4864,2025-01-26,3058.19,4150.17,1297.5,0.0,8505.86,Paid
4865,4865,2024-09-20,3600.12,17741.26,3841.45,0.0,25182.83,Paid
4866,4866,2025-02-11,1855.47,18324.84,3632.46,0.0,23812.77,Paid
4867,4867,2025-12-22,1510.72,11267.88,2300.15,0.0,15078.75,Paid
4868,4868,2024-01-27,2900.18,25208.42,5059.55,0.0,33168.15,Paid
4869,4869,2024-05-29,2559.96,486.11,520.88,152.3,3414.65,Paid
4870,4870,2024-01-20,2656.57,7173.28,1769.37,0.0,11599.22,Pending
4871,4871,2025-01-18,2104.27,47557.07,8939.04,0.0,58600.38,Paid
4872,4872,2025-06-02,2512.67,2158.81,840.87,0.0,5512.35,Pending
4873,4873,2025-08-22,2255.83,7134.88,1639.62,281.72,10748.61,Paid
4874,4874,2025-08-27,3862.21,31527.15,6370.08,0.0,41759.44,Paid
4875,4875,2024-12-19,3074.73,0.0,509.17,245.98,3337.92,Paid
4876,4876,2025-12-24,1774.45,8075.89,1719.87,295.51,11274.7,Paid
4877,4877,2025-11-05,1464.72,15679.65,2993.41,514.33,19623.45,Paid
4878,4878,2025-01-09,2037.8,18313.46,3370.17,1628.1,22093.33,Paid
4879,4879,2024-04-16,3751.93,5340.53,1587.54,272.77,10407.23,Partially Paid
4880,4880,2025-02-12,3368.14,30036.14,5531.75,2672.34,36263.69,Paid
4881,4881,2024-12-17,5772.25,14942.25,3728.61,0.0,24443.11,Partially Paid
4882,4882,2025-07-31,1782.5,3188.42,894.77,0.0,5865.69,Partially Paid
4883,4883,2024-12-30,2213.5,68185.37,12671.8,0.0,83070.67,Paid
4884,4884,2024-12-01,2160.37,50474.87,9000.63,2631.76,59004.11,Pending
4885,4885,2024-11-29,1731.86,12242.68,2389.65,698.73,15665.46,Paid
4886,4886,2024-03-22,3166.33,21436.36,4295.63,738.08,28160.24,Pending
4887,4887,2024-09-16,3396.21,0.0,592.98,101.89,3887.3,Paid
4888,4888,2025-11-02,2233.25,46884.530000000006,8841.2,0.0,57958.98,Pending
4889,4889,2025-10-23,8830.88,16206.13,4506.66,0.0,29543.67,Paid
4890,4890,2025-06-10,1765.73,13440.26,2518.11,1216.48,16507.62,Pending
4891,4891,2024-12-16,2131.39,50564.81,9485.32,0.0,62181.52,Paid
4892,4892,2024-05-03,1984.48,0.0,346.49,59.53,2271.44,Pending
4894,4894,2025-05-22,3556.13,26807.46,5465.45,0.0,35829.04,Pending
4896,4896,2025-04-07,1871.93,13823.73,2740.46,470.87,17965.25,Paid
4897,4897,2024-05-18,2336.75,9147.9,1963.88,574.23,12874.3,Paid
4898,4898,2024-11-09,3360.37,43193.64,8379.72,0.0,54933.73,Paid
4899,4899,2025-09-09,8918.61,3403.55,2217.99,0.0,14540.15,Paid
4900,4900,2025-12-05,10902.3,9452.460000000001,3663.86,0.0,24018.62,Paid
4901,4901,2024-10-09,6809.63,45309.119999999995,9381.37,0.0,61500.12,Paid
4902,4902,2024-07-06,2278.32,11115.56,2338.57,401.82,15330.63,Partially Paid
4903,4903,2024-10-23,1800.74,35088.23,6308.01,1844.45,41352.53,Paid
4904,4904,2025-07-13,2199.65,23347.5,4598.49,0.0,30145.64,Paid
4905,4905,2025-08-19,2800.03,5076.67,1346.91,393.84,8829.77,Paid
4906,4906,2025-05-28,2224.69,4873.52,1213.79,354.91,7957.09,Pending
4907,4907,2024-04-27,2566.63,25067.409999999996,4576.2,2210.72,29999.52,Paid
4908,4908,2025-12-14,10227.07,31672.739999999998,7164.87,2094.99,46969.69,Paid
4909,4909,2024-06-18,1873.47,8307.69,1832.61,0.0,12013.77,Paid
4910,4910,2025-01-16,2814.31,0.0,506.58,0.0,3320.89,Paid
4911,4911,2025-06-01,2212.79,667.01,518.36,0.0,3398.16,Paid
4912,4912,2024-06-07,8540.62,26303.03,6083.7,1045.31,39882.04,Paid
4913,4913,2025-07-08,2301.46,14003.36,2934.87,0.0,19239.69,Paid
4915,4915,2024-11-23,1523.7,8569.08,1816.7,0.0,11909.48,Paid
4916,4916,2025-06-13,2328.73,17435.75,3450.88,592.93,22622.43,Paid
4917,4917,2025-06-27,2263.52,5572.89,1368.24,235.09,8969.56,Paid
4918,4918,2025-12-16,2841.95,0.0,496.2,85.26,3252.89,Paid
4919,4919,2024-10-06,1819.21,39620.42,7086.18,2071.98,46453.83,Paid
4920,4920,2024-12-01,2426.79,23195.239999999998,4611.97,0.0,30234.0,Paid
4921,4921,2024-03-19,2585.17,11079.23,2336.61,683.22,15317.79,Paid
4922,4922,2024-07-20,6971.57,26592.2,6041.48,0.0,39605.25,Paid
4923,4923,2024-11-11,1948.56,6475.94,1516.41,0.0,9940.91,Paid
4924,4924,2025-07-09,1742.35,12988.06,2651.47,0.0,17381.88,Paid
4925,4925,2024-11-13,8639.08,40088.51,8507.84,1461.83,55773.6,Paid
4926,4926,2025-08-20,3902.84,2259.1,1075.87,184.86,7052.95,Paid
4927,4927,2024-05-24,1833.33,4323.35,1074.96,184.7,7046.94,Paid
4928,4928,2024-06-10,2339.97,10919.380000000001,2267.35,662.97,14863.73,Pending
4930,4930,2025-03-28,2056.4,1165.04,562.46,96.64,3687.26,Paid
4931,4931,2024-11-03,1582.03,28446.1,5242.91,900.84,34370.2,Paid
4932,4932,2024-12-21,1593.53,3846.91,979.28,0.0,6419.72,Pending
4933,4933,2024-11-12,1871.94,28413.97,5287.92,908.58,34665.25,Paid
4934,4934,2024-04-19,1819.85,5270.01,1276.17,0.0,8366.03,Paid
4935,4935,2024-12-05,1823.47,5587.31,1293.92,222.32,8482.38,Paid
4937,4937,2025-04-17,8302.94,42860.59,9209.44,0.0,60372.97,Paid
4938,4938,2024-07-29,2723.26,0.0,465.68,136.16,3052.78,Paid
4939,4939,2024-09-06,2193.76,36921.76,7040.79,0.0,46156.31,Paid
4940,4940,2024-10-04,2681.48,11938.98,2631.68,0.0,17252.14,Paid
4941,4941,2025-12-27,2654.9,45763.920000000006,8715.39,0.0,57134.21,Paid
4942,4942,2024-08-12,2847.85,2851.25,1025.84,0.0,6724.94,Paid
4943,4943,2025-12-01,2525.6,20059.4,4065.3,0.0,26650.3,Paid
4944,4944,2025-01-23,1867.06,8754.08,1816.21,531.06,11906.29,Paid
4945,4945,2024-11-29,2413.12,35515.29,6622.3,1137.85,43412.86,Paid
4946,4946,2025-11-24,2200.59,22148.559999999998,4382.85,0.0,28732.0,Paid
4947,4947,2025-03-05,2080.51,1088.68,553.34,95.08,3627.45,Paid
4948,4948,2024-11-17,8056.07,2360.13,1781.17,520.81,11676.56,Paid
4949,4949,2025-03-20,8178.08,35518.72,7472.15,2184.84,48984.11,Paid
4950,4950,2025-06-06,2907.24,43542.5,8110.12,1393.49,53166.37,Paid
4951,4951,2025-05-23,1864.38,9488.82,1941.4,567.66,12726.94,Pending
4952,4952,2025-02-28,3588.85,736.8,755.26,129.77,4951.14,Paid
4953,4953,2024-05-09,8255.22,10636.400000000001,3298.48,566.75,21623.35,Paid
4954,4954,2024-11-22,1865.61,6455.39,1422.89,416.05,9327.84,Paid
4955,4955,2025-08-26,4026.98,23723.52,4995.09,0.0,32745.59,Pending
4956,4956,2024-02-24,3227.62,28328.69,5680.14,0.0,37236.45,Paid
4957,4957,2025-08-02,9186.53,22164.17,5643.13,0.0,36993.83,Paid
4958,4958,2025-08-20,7102.43,37825.95,7844.5,1347.85,51425.03,Paid
4959,4959,2024-10-13,1657.78,14782.53,2811.29,822.02,18429.58,Paid
4960,4960,2025-04-19,3077.8,42442.39,7538.14,3641.62,49416.71,Paid
4961,4961,2025-06-10,3185.12,25169.45,5103.82,0.0,33458.39,Paid
4962,4962,2024-11-13,1878.48,24051.54,4527.38,777.9,29679.5,Paid
4963,4963,2025-06-14,1995.48,64373.29000000001,11349.06,3318.44,74399.39,Paid
4964,4964,2024-06-30,2922.0,26636.02,5160.83,886.74,33832.11,Paid
4965,4965,2025-08-04,2099.17,1655.8000000000002,675.89,0.0,4430.86,Paid
4966,4966,2025-06-02,2247.25,57731.69,9932.51,4798.32,65113.13,Paid
4967,4967,2025-11-26,3053.36,24561.64,4970.7,0.0,32585.7,Paid
4968,4968,2024-02-17,3256.52,40159.91,7580.51,1302.49,49694.45,Partially Paid
4969,4969,2024-10-20,2220.12,27987.71,5437.41,0.0,35645.24,Paid
4970,4970,2024-10-28,6852.31,0.0,1196.41,205.57,7843.15,Paid
4971,4971,2025-11-19,2095.08,1369.64,592.47,173.24,3883.95,Paid
4972,4972,2025-10-27,1902.41,1308.08,577.89,0.0,3788.38,Paid
4974,4974,2024-02-06,3587.01,1836.8200000000002,947.0,162.71,6208.12,Paid
4975,4975,2025-12-09,2096.18,15964.63,3153.42,541.82,20672.41,Paid
4976,4976,2024-02-21,7401.96,45386.759999999995,9501.97,0.0,62290.69,Paid
4977,4977,2025-01-04,2788.31,13166.3,2871.83,0.0,18826.44,Partially Paid
4978,4978,2025-06-19,2184.7,54604.37,9915.37,1703.67,65000.77,Paid
4979,4979,2026-01-02,6288.17,20449.879999999997,4812.85,0.0,31550.9,Paid
4980,4980,2024-05-04,2210.34,18836.64,3599.03,1052.35,23593.66,Paid
4981,4981,2024-10-26,1517.67,11020.31,2189.13,376.14,14350.97,Paid
4982,4982,2025-11-12,2809.54,22361.98,4168.4,2013.72,27326.2,Pending
4983,4983,2025-11-03,2752.61,0.0,470.7,137.63,3085.68,Partially Paid
4985,4985,2024-11-10,2847.09,0.0,512.48,0.0,3359.57,Paid
4986,4986,2024-04-01,3721.29,4552.99,1370.22,661.94,8982.56,Paid
4987,4987,2024-05-04,2786.38,2219.81,874.08,150.19,5730.08,Paid
4988,4988,2024-05-29,2433.02,50943.600000000006,9607.79,0.0,62984.41,Paid
4989,4989,2024-03-24,3013.97,21528.22,4417.59,0.0,28959.78,Paid
4990,4990,2025-12-28,2578.3,452.13,529.11,90.91,3468.63,Paid
4991,4991,2024-05-23,2026.06,464.03,448.22,0.0,2938.31,Paid
4992,4992,2024-05-02,3427.0,11057.91,2607.28,0.0,17092.19,Paid
4993,4993,2024-06-07,5784.1,5589.47,1944.88,568.68,12749.77,Paid
4994,4994,2025-09-17,2252.8,13724.14,2789.57,479.31,18287.2,Paid
4995,4995,2024-06-11,2824.98,23231.12,4690.1,0.0,30746.2,Paid
4996,4996,2024-12-29,2319.02,29312.33,5693.64,0.0,37324.99,Paid
4997,4997,2025-03-27,6736.05,22865.9,5328.35,0.0,34930.3,Paid
4998,4998,2025-12-14,1595.93,17014.37,3349.85,0.0,21960.15,Paid
4999,4999,2025-09-17,3257.82,20084.9,3865.55,1867.42,25340.85,Paid
5000,5000,2024-06-18,3727.49,10418.82,2546.34,0.0,16692.65,Partially Paid
5001,5001,2024-06-23,2693.22,8679.59,2047.11,0.0,13419.92,Pending
5002,5002,2024-12-28,3280.42,20737.34,4323.2,0.0,28340.96,Pending
5003,5003,2024-06-02,1488.74,39656.0,6813.57,3291.58,44666.73,Paid
5004,5004,2024-06-25,2317.29,1267.88,645.33,0.0,4230.5,Paid
5005,5005,2024-03-27,1524.59,1016.24,457.35,0.0,2998.18,Paid
5006,5006,2024-12-06,2987.27,73421.03,13753.49,0.0,90161.79,Pending
5007,5007,2025-08-13,2104.43,1462.85,610.01,178.36,3998.93,Pending
5008,5008,2025-09-10,3240.98,16730.02,3486.94,599.13,22858.81,Pending
5009,5009,2025-04-25,2176.39,27059.179999999997,5262.4,0.0,34497.97,Pending
5010,5010,2024-05-10,2332.96,841.74,571.45,0.0,3746.15,Paid
5011,5011,2024-07-03,3214.53,1131.86,782.35,0.0,5128.74,Paid
5012,5012,2025-10-01,8678.03,1314.5,1798.66,0.0,11791.19,Paid
5013,5013,2024-07-26,7952.73,1570.78,1714.23,0.0,11237.74,Paid
5014,5014,2024-09-21,3579.11,0.0,644.24,0.0,4223.35,Paid
5015,5015,2025-08-22,2880.48,23105.85,4443.66,1299.32,29130.67,Paid
5017,5017,2025-10-23,1521.58,11448.599999999999,2264.59,389.11,14845.66,Pending
5018,5018,2025-12-01,2257.87,1216.97,625.47,0.0,4100.31,Paid
5019,5019,2024-08-14,3360.5,0.0,556.5,268.84,3648.16,Paid
5020,5020,2024-10-26,2180.27,8698.87,1958.25,0.0,12837.39,Paid
5021,5021,2024-02-23,2876.33,73249.76000000001,13702.7,0.0,89828.79,Paid
5022,5022,2024-03-01,10416.48,17998.300000000003,5114.66,0.0,33529.44,Paid
5023,5023,2025-03-17,1612.68,21291.78,3916.66,1145.22,25675.9,Paid
5024,5024,2024-04-04,2259.24,30621.36,5445.03,2630.45,35695.18,Paid
5025,5025,2025-07-27,1827.27,1245.42,508.84,245.82,3335.71,Paid
5026,5026,2024-05-25,1465.87,10727.130000000001,2194.74,0.0,14387.74,Paid
5027,5027,2024-08-14,8362.09,23845.489999999998,5623.44,966.23,36864.79,Paid
5028,5028,2025-08-12,2707.37,16901.47,3423.7,588.27,22444.27,Paid
5029,5029,2025-03-31,2214.31,17116.5,3479.55,0.0,22810.36,Paid
5030,5030,2025-12-17,2948.78,18522.379999999997,3748.87,644.13,24575.9,Partially Paid
5031,5031,2024-07-21,8601.99,70392.95,13792.52,2369.85,90417.61,Paid
5032,5032,2024-09-13,2263.34,627.07,504.67,86.71,3308.37,Paid
5033,5033,2024-11-20,3589.79,10102.51,2464.61,0.0,16156.91,Paid
5034,5034,2024-12-27,1971.77,9338.92,2035.92,0.0,13346.61,Paid
5035,5035,2025-05-27,2285.87,5056.88,1282.04,220.28,8404.51,Paid
5036,5036,2024-10-08,1619.18,6052.17,1311.8,383.57,8599.58,Paid
5037,5037,2024-04-17,7624.01,6870.78,2400.34,1159.58,15735.55,Paid
5038,5038,2025-07-23,1834.68,23585.629999999997,4438.39,762.61,29096.09,Paid
5039,5039,2024-03-31,1678.38,1370.46,548.79,0.0,3597.63,Paid
5040,5040,2025-06-16,8018.96,2184.39,1836.6,0.0,12039.95,Paid
5041,5041,2024-07-08,3116.64,0.0,561.0,0.0,3677.64,Paid
5042,5042,2025-01-10,3027.69,24353.199999999997,4928.56,0.0,32309.45,Paid
5043,5043,2024-04-26,1548.22,42233.89,7486.74,2189.11,49079.74,Paid
5045,5045,2025-06-19,9283.81,532.46,1678.58,490.81,11004.04,Paid
5046,5046,2024-11-15,1614.29,6864.27,1480.36,254.36,9704.56,Paid
5047,5047,2024-06-29,2244.94,10045.33,2145.88,368.71,14067.44,Paid
5048,5048,2024-03-07,2305.22,12248.5,2488.69,727.69,16314.72,Paid
5049,5049,2024-03-29,3149.01,21511.3,4438.86,0.0,29099.17,Pending
5050,5050,2024-03-12,1993.35,1556.28,587.82,283.97,3853.48,Paid
5051,5051,2025-05-10,2266.79,30506.52,5899.2,0.0,38672.51,Paid
5052,5052,2025-06-07,2224.01,3367.41,1006.46,0.0,6597.88,Paid
5053,5053,2025-06-23,2508.99,19691.260000000002,3996.04,0.0,26196.29,Paid
5054,5054,2025-05-08,2686.96,6254.83,1529.05,447.09,10023.75,Paid
5055,5055,2024-09-09,1763.3,16848.11,3249.55,558.34,21302.62,Paid
5056,5056,2025-03-03,1983.33,12173.34,2471.75,424.7,16203.72,Paid
5057,5057,2024-06-02,3661.57,35176.0,6781.04,1165.13,44453.48,Paid
5058,5058,2025-05-18,2702.5,21878.21,4424.53,0.0,29005.24,Paid
5059,5059,2024-02-19,2157.05,33037.07,6144.89,1055.82,40283.19,Paid
5060,5060,2024-11-23,2295.1,39330.4,7492.59,0.0,49118.09,Paid
5061,5061,2025-07-13,3411.9,1091.3,810.58,0.0,5313.78,Paid
5062,5062,2025-09-17,2572.56,529.98,541.7,93.08,3551.16,Pending
5063,5063,2025-08-13,2562.88,11564.96,2543.01,0.0,16670.85,Paid
5064,5064,2024-12-03,1713.52,30561.699999999997,5519.06,1613.76,36180.52,Pending
5065,5065,2024-11-24,2194.44,18036.36,3459.47,1011.54,22678.73,Paid
5067,5067,2025-01-25,2557.22,9711.78,2208.42,0.0,14477.42,Partially Paid
5068,5068,2024-08-24,1550.83,44418.119999999995,8274.41,0.0,54243.36,Paid
5069,5069,2024-02-14,1810.5,11012.599999999999,2192.75,641.16,14374.69,Paid
5070,5070,2025-01-15,1595.58,3565.56,929.01,0.0,6090.15,Paid
5071,5071,2025-11-14,2250.92,48226.85,8813.42,1514.33,57776.86,Paid
5072,5072,2025-05-12,2641.5,18270.84,3651.29,627.37,23936.26,Paid
5073,5073,2025-02-17,1995.04,25840.01,4759.79,1391.75,31203.09,Paid
5074,5074,2024-04-02,2003.94,1804.83,665.01,114.26,4359.52,Pending
5075,5075,2025-06-25,3067.22,19735.89,3981.42,684.09,26100.44,Paid
5076,5076,2024-10-13,1906.57,41154.39,7518.44,1291.83,49287.57,Paid
5077,5077,2024-09-17,2749.04,736.33,627.37,0.0,4112.74,Paid
5079,5079,2024-03-17,1948.73,9477.6,1953.9,571.32,12808.91,Paid
5080,5080,2025-09-03,7114.75,0.0,1280.66,0.0,8395.41,Pending
5081,5081,2024-04-13,1637.95,36591.420000000006,6674.85,1146.88,43757.34,Pending
5082,5082,2025-03-19,7597.09,63038.23,12714.36,0.0,83349.68,Paid
5083,5083,2025-02-04,2016.56,20134.749999999996,3867.62,664.54,25354.39,Paid
5084,5084,2025-09-23,6130.14,8970.31,2582.18,755.02,16927.61,Paid
5085,5085,2024-11-06,8219.61,665.49,1519.35,444.26,9960.19,Pending
5086,5086,2024-12-01,3628.9,27737.989999999998,5646.04,0.0,37012.93,Paid
5087,5087,2024-04-24,2325.99,36253.96,6736.06,1157.4,44158.61,Paid
5088,5088,2025-05-22,2411.33,9299.009999999998,2002.47,585.52,13127.29,Paid
5089,5089,2025-10-28,2159.36,8354.19,1892.44,0.0,12405.99,Paid
5090,5090,2025-10-16,3587.88,54575.39,10155.31,1744.9,66573.68,Paid
5091,5091,2025-01-10,2546.72,24209.71,4816.16,0.0,31572.59,Pending
5093,5093,2025-05-26,7923.57,6849.26,2659.11,0.0,17431.94,Pending
5094,5094,2025-09-11,2172.12,28329.910000000003,5325.65,915.06,34912.62,Paid
5096,5096,2025-06-02,3036.84,32454.55,6069.03,1774.57,39785.85,Paid
5097,5097,2025-07-08,2328.43,0.0,419.12,0.0,2747.55,Partially Paid
5098,5098,2025-07-09,3648.44,1113.22,814.24,238.08,5337.82,Paid
5099,5099,2025-09-19,2575.64,17553.77,3514.6,603.88,23040.13,Paid
5100,5100,2025-11-28,2422.82,27720.79,5154.56,1507.18,33790.99,Paid
5101,5101,2025-05-07,10661.08,60194.92,12754.08,0.0,83610.08,Paid
5102,5102,2024-12-28,3896.55,41233.14,7717.18,2256.48,50590.39,Paid
5103,5103,2024-07-13,2941.82,32983.26,6466.51,0.0,42391.59,Pending
5104,5104,2025-09-07,2124.11,46081.090000000004,8676.94,0.0,56882.14,Pending
5106,5106,2024-04-25,2315.16,7814.83,1823.4,0.0,11953.39,Paid
5107,5107,2025-07-16,2332.9,826.58,540.27,157.97,3541.78,Paid
5108,5108,2024-02-15,2803.63,66003.48,12385.28,0.0,81192.39,Pending
5109,5109,2024-03-29,2664.42,3304.4799999999996,1074.4,0.0,7043.3,Paid
5110,5110,2024-07-09,2307.36,16053.98,3139.79,918.07,20583.06,Paid
5112,5112,2025-02-06,2562.46,7953.61,1798.25,525.8,11788.52,Paid
5113,5113,2025-09-23,1926.02,25414.4,4527.57,2187.23,29680.76,Paid
5114,5114,2025-03-01,1528.86,30742.920000000002,5808.92,0.0,38080.7,Paid
5115,5115,2025-02-10,1604.97,22842.550000000003,4180.53,1222.38,27405.67,Paid
5116,5116,2025-09-16,3031.04,26040.92,4971.3,1453.6,32589.66,Paid
5117,5117,2024-11-17,4108.9,16352.269999999999,3683.01,0.0,24144.18,Paid
5118,5118,2025-11-18,3974.27,28590.379999999997,5685.79,976.94,37273.5,Paid
5119,5119,2025-08-23,2679.06,47078.47,8687.66,1492.73,56952.46,Paid
5120,5120,2025-10-11,2156.98,7418.86,1723.65,0.0,11299.49,Paid
5121,5121,2024-06-26,7123.46,1283.21,1513.2,0.0,9919.87,Paid
5122,5122,2024-06-21,1968.14,15653.02,3076.66,528.63,20169.19,Paid
5123,5123,2025-12-10,3506.01,0.0,631.08,0.0,4137.09,Paid
5124,5124,2024-07-31,3046.71,23514.08,4398.47,2124.86,28834.4,Paid
5125,5125,2024-04-08,2134.27,0.0,364.96,106.71,2392.52,Paid
5126,5126,2025-02-08,2060.21,15657.27,2934.01,1417.4,19234.09,Paid
5127,5127,2024-11-23,5801.6,10454.76,2926.14,0.0,19182.5,Paid
5128,5128,2024-11-30,2535.59,13355.48,2860.39,0.0,18751.46,Paid
5129,5129,2024-05-19,6734.89,52184.92,10605.57,0.0,69525.38,Paid
5130,5130,2024-12-19,1946.41,23407.12,4426.73,760.61,29019.65,Paid
5131,5131,2024-12-17,1468.77,24106.44,4235.25,2046.02,27764.44,Pending
5132,5132,2024-11-17,2856.81,2027.75,835.26,244.23,5475.59,Paid
5133,5133,2024-03-19,1529.96,2166.94,645.48,110.91,4231.47,Paid
5134,5134,2025-12-07,2325.52,648.31,508.53,148.69,3333.67,Paid
5135,5135,2024-11-19,2528.99,43312.850000000006,7838.96,2292.09,51388.71,Paid
5136,5136,2024-08-18,2027.14,55087.4,9972.2,1713.44,65373.3,Paid
5137,5137,2025-09-08,8475.13,2134.84,1852.5,318.3,12144.17,Paid
5138,5138,2025-09-10,6229.68,8415.76,2636.18,0.0,17281.62,Paid
5139,5139,2024-04-12,2148.79,16760.51,3403.67,0.0,22312.97,Paid
5140,5140,2024-02-15,2052.19,14227.720000000001,2930.38,0.0,19210.29,Paid
5141,5141,2025-02-28,8437.78,43843.229999999996,8657.74,4182.48,56756.27,Partially Paid
5142,5142,2025-08-12,1934.72,9462.59,2051.52,0.0,13448.83,Paid
5143,5143,2025-10-01,2724.48,68391.55,12416.86,2133.48,81399.41,Paid
5144,5144,2025-03-22,9602.44,52853.28,11242.03,0.0,73697.75,Paid
5145,5145,2024-09-09,2462.15,9242.16,1938.23,936.34,12706.2,Paid
5146,5146,2024-06-26,7302.56,47326.350000000006,9833.2,0.0,64462.11,Paid
5147,5147,2024-04-08,2267.69,13404.09,2820.92,0.0,18492.7,Pending
5148,5148,2024-10-07,4088.66,5195.030000000001,1537.38,742.7,10078.37,Paid
5149,5149,2024-03-11,10714.31,17689.9,4857.12,1420.21,31841.12,Paid
5151,5151,2025-01-08,2174.99,26102.41,5089.93,0.0,33367.33,Paid
5152,5152,2024-03-20,3846.13,65819.16,11912.77,3483.26,78094.8,Paid
5153,5153,2025-07-08,6550.3,23838.88,5196.55,1519.46,34066.27,Paid
5154,5154,2025-07-16,1836.98,5996.19,1367.67,235.0,8965.84,Pending
5155,5155,2024-07-12,3136.82,13865.03,2907.32,850.09,19059.08,Partially Paid
5156,5156,2025-08-16,3144.48,19741.47,3995.89,686.58,26195.26,Paid
5157,5157,2025-05-27,6934.37,21188.12,5062.05,0.0,33184.54,Partially Paid
5158,5158,2025-08-07,6836.99,23453.229999999996,5288.67,908.71,34670.18,Pending
5159,5159,2024-02-11,2079.11,5235.74,1316.67,0.0,8631.52,Paid
5160,5160,2025-07-20,3300.99,2130.35,977.64,0.0,6408.98,Paid
5161,5161,2025-08-29,2203.77,36957.89,6696.64,1958.08,43900.22,Pending
5162,5162,2025-07-24,1893.34,13513.2,2634.52,770.33,17270.73,Paid
5163,5163,2025-02-07,2329.67,11922.21,2437.07,712.59,15976.36,Paid
5164,5164,2024-10-02,1773.72,17745.719999999998,3408.09,585.58,22341.95,Paid
5165,5165,2024-07-16,2602.65,11709.01,2447.29,715.58,16043.37,Paid
5166,5166,2025-01-12,3444.07,9347.67,2187.39,639.59,14339.54,Paid
5167,5167,2025-07-28,2435.07,23367.579999999998,4505.14,774.08,29533.71,Paid
5168,5168,2025-02-13,1585.75,25085.449999999997,4800.82,0.0,31472.02,Paid
5169,5169,2024-04-13,2352.49,1725.6,734.06,0.0,4812.15,Paid
5170,5170,2024-08-17,7870.55,9824.789999999999,3185.16,0.0,20880.5,Paid
5171,5171,2024-07-24,2815.62,1892.85,779.72,376.68,5111.51,Paid
5172,5172,2025-09-19,2620.74,11582.05,2428.68,710.14,15921.33,Paid
5173,5173,2025-05-31,2805.09,46718.86,8646.88,1485.72,56685.11,Paid
5174,5174,2025-10-08,2100.94,8945.62,1988.38,0.0,13034.94,Paid
5175,5175,2024-04-04,2853.85,404.14,568.84,97.74,3729.09,Paid
5176,5176,2024-05-05,7500.09,51827.59999999999,9824.66,4746.22,64406.13,Paid
5177,5177,2024-09-20,3802.46,26320.11,5259.4,903.68,34478.29,Paid
5178,5178,2025-06-09,2655.06,71355.6,12655.82,3700.53,82965.95,Paid
5179,5179,2024-07-24,3084.81,5179.71,1442.98,247.94,9459.56,Paid
5180,5180,2024-05-09,2942.46,15534.92,3226.15,554.32,21149.21,Paid
5181,5181,2024-08-20,4036.68,26104.65,5154.17,1507.07,33788.43,Paid
5182,5182,2025-06-02,2158.12,21720.59,4169.22,716.36,27331.57,Paid
5183,5183,2024-03-17,8307.23,0.0,1420.54,415.36,9312.41,Paid
5184,5184,2025-12-29,3297.28,0.0,575.7,98.92,3774.06,Paid
5185,5185,2025-12-04,2629.75,18839.2,3864.41,0.0,25333.36,Paid
5186,5186,2025-04-21,1908.71,1604.46,632.37,0.0,4145.54,Paid
5187,5187,2025-09-09,8028.22,16809.08,4470.71,0.0,29308.01,Paid
5188,5188,2025-03-06,2045.68,4694.27,1213.19,0.0,7953.14,Paid
5189,5189,2025-01-22,2685.62,26393.899999999998,5234.31,0.0,34313.83,Paid
5190,5190,2025-11-14,2196.5,12453.7,2557.92,439.51,16768.61,Paid
5191,5191,2025-04-15,9583.52,8919.21,3230.58,555.08,21178.23,Paid
5192,5192,2025-04-13,7147.15,16320.410000000002,4224.16,0.0,27691.72,Pending
5193,5193,2025-09-16,2221.81,12310.8,2485.08,726.63,16291.06,Paid
5194,5194,2024-09-02,2369.09,18011.31,3558.42,611.41,23327.41,Paid
5195,5195,2024-09-07,1901.01,25731.25,4824.59,828.97,31627.88,Paid
5196,5196,2025-01-27,1875.92,13638.17,2708.76,465.42,17757.43,Paid
5197,5197,2025-11-11,2317.89,28080.33,5198.1,1519.91,34076.41,Paid
5198,5198,2025-02-22,1846.9,10850.06,2102.62,1015.76,13783.82,Paid
5199,5199,2024-06-06,1699.68,491.3,394.38,0.0,2585.36,Paid
5200,5200,2024-01-15,1668.84,14275.1,2726.41,797.2,17873.15,Paid
