vehicle_id,customer_id,vehicle_model,vehicle_type,fuel_type,vehicle_year,purchase_date,warranty_expiry_date,current_mileage
1,682,Harrier,SUV,Diesel,2022,2024-02-02,2028-02-02,25943
2,1737,Nexon,SUV,Petrol,2020,2020-09-08,2024-09-08,19823
3,1570,i20,Hatchback,Petrol,2023,2022-02-09,2025-02-09,153875
4,17,Baleno,Hatchback,Petrol,2020,2019-06-05,2022-06-05,77940
5,210,Creta,SUV,Petrol,2021,2025-12-06,2029-12-06,143599
6,1147,Nexon,SUV,Petrol,2021,2020-12-11,2023-12-11,132209
7,567,XUV 500,SUV,Diesel,2022,2021-01-22,2023-01-22,26708
8,1467,Slavia,Sedan,Petrol,2024,2024-12-24,2028-12-24,10208
9,1341,i20,Hatchback,Petrol,2022,2018-02-16,2021-02-16,88214
10,866,Harrier,SUV,Diesel,2022,2019-07-21,2022-07-21,12163
11,894,City,Sedan,Petrol,2024,2023-10-15,2027-10-15,33919
12,1286,i20,Hatchback,Petrol,2021,2019-02-25,2022-02-25,33112
13,301,Verna,Sedan,Diesel,2022,2018-05-17,2021-05-17,70265
14,1342,City,Sedan,Petrol,2022,2024-05-25,2028-05-25,5639
15,1558,Nexon,SUV,Petrol,2020,2025-02-24,2029-02-24,108590
16,765,i20,Hatchback,Petrol,2019,2021-05-03,2026-05-03,29610
17,313,Slavia,Sedan,Petrol,2023,2023-08-10,2025-08-10,121330
18,843,Baleno,Hatchback,Petrol,2023,2025-12-15,2028-12-15,82411
19,1011,Slavia,Sedan,Petrol,2022,2024-09-12,2027-09-12,68681
20,256,Nexon,SUV,Petrol,2023,2023-08-26,2025-08-26,13525
21,1432,City,Sedan,Petrol,2021,2021-11-26,2025-11-26,6114
22,790,Nexon,SUV,Petrol,2022,2023-03-18,2026-03-18,18326
23,787,Harrier,SUV,Diesel,2025,2021-05-07,2024-05-07,71044
24,388,Fortuner,SUV,Diesel,2020,2021-02-01,2024-02-01,158784
25,1053,Baleno,Hatchback,Petrol,2022,2020-09-22,2024-09-22,48873
26,1418,Fortuner,SUV,Diesel,2024,2022-08-08,2024-08-08,133960
27,1244,Harrier,SUV,Diesel,2020,2022-04-25,2025-04-25,119638
28,33,Verna,Sedan,Diesel,2023,2022-02-22,2026-02-22,154492
29,1634,Verna,Sedan,Diesel,2023,2018-03-15,2022-03-15,62276
30,1014,i20,Hatchback,Petrol,2024,2020-01-03,2024-01-03,38207
31,1078,Nexon,SUV,Petrol,2022,2024-02-09,2027-02-09,25683
32,284,Harrier,SUV,Diesel,2024,2022-04-19,2026-04-19,69823
33,369,Creta,SUV,Petrol,2021,2022-06-27,2026-06-27,163771
34,917,Nexon,SUV,Petrol,2021,2023-03-23,2027-03-23,160548
35,1496,Fortuner,SUV,Diesel,2019,2021-08-17,2024-08-17,143032
36,667,XUV 500,SUV,Diesel,2023,2018-11-11,2021-11-11,122809
37,1669,i20,Hatchback,Petrol,2023,2024-03-26,2027-03-26,38428
38,652,Slavia,Sedan,Petrol,2025,2025-01-29,2029-01-29,143831
39,683,Creta,SUV,Petrol,2019,2019-07-29,2024-07-29,23118
40,1786,Fortuner,SUV,Diesel,2020,2020-05-11,2024-05-11,22886
41,64,Nexon,SUV,Petrol,2023,2025-09-18,2027-09-18,80042
42,88,City,Sedan,Petrol,2024,2017-06-06,2020-06-06,98273
43,354,Harrier,SUV,Diesel,2022,2024-11-03,2028-11-03,20923
44,954,i20,Hatchback,Petrol,2019,2024-11-06,2028-11-06,133594
45,923,Creta,SUV,Petrol,2025,2022-11-01,2026-11-01,74454
46,280,XUV 500,SUV,Diesel,2020,2023-10-12,2027-10-12,91272
47,803,XUV 500,SUV,Diesel,2024,2019-12-05,2024-12-05,137710
48,1355,XUV 500,SUV,Diesel,2018,2022-11-29,2026-11-29,64484
49,278,Creta,SUV,Petrol,2022,2022-06-01,2026-06-01,16060
50,183,Nexon,SUV,Petrol,2023,2020-06-20,2024-06-20,127552
51,1398,XUV 500,SUV,Diesel,2023,2019-01-24,2022-01-24,129344
52,593,Creta,SUV,Petrol,2020,2021-04-20,2025-04-20,145230
53,1457,XUV 500,SUV,Diesel,2021,2018-03-31,2022-03-31,83202
54,820,Fortuner,SUV,Diesel,2018,2022-02-25,2026-02-25,37006
55,1001,XUV 500,SUV,Diesel,2020,2018-07-08,2023-07-08,132051
56,1044,Verna,Sedan,Diesel,2023,2020-11-24,2025-11-24,17627
57,797,XUV 500,SUV,Diesel,2018,2019-11-26,2023-11-26,122001
58,1399,Creta,SUV,Petrol,2023,2022-09-18,2026-09-18,141010
59,1390,Slavia,Sedan,Petrol,2025,2025-10-23,2028-10-23,64407
60,1797,i20,Hatchback,Petrol,2025,2022-04-22,2026-04-22,164621
61,1631,i20,Hatchback,Petrol,2021,2018-02-16,2021-02-16,72774
62,842,XUV 500,SUV,Diesel,2020,2023-11-01,2026-11-01,21310
63,1383,XUV 500,SUV,Diesel,2020,2018-02-04,2021-02-04,46081
64,93,Fortuner,SUV,Diesel,2020,2024-02-19,2026-02-19,7010
65,562,Verna,Sedan,Diesel,2018,2023-09-09,2027-09-09,66510
66,1029,Slavia,Sedan,Petrol,2025,2025-11-26,2030-11-26,44115
67,908,XUV 500,SUV,Diesel,2021,2018-02-02,2023-02-02,84626
68,1590,Creta,SUV,Petrol,2020,2020-07-10,2024-07-10,56391
69,333,Baleno,Hatchback,Petrol,2025,2021-07-12,2025-07-12,56616
70,1422,Verna,Sedan,Diesel,2021,2023-05-15,2028-05-15,46418
71,1753,Slavia,Sedan,Petrol,2025,2023-03-29,2027-03-29,143360
72,439,Slavia,Sedan,Petrol,2022,2023-10-16,2026-10-16,21836
73,494,Creta,SUV,Petrol,2025,2024-10-19,2027-10-19,13065
74,259,Harrier,SUV,Diesel,2019,2021-02-27,2026-02-27,39416
75,711,Fortuner,SUV,Diesel,2019,2018-04-14,2021-04-14,77821
76,1278,City,Sedan,Petrol,2020,2019-05-05,2022-05-05,48477
77,1601,Verna,Sedan,Diesel,2021,2023-11-03,2028-11-03,65844
78,154,Fortuner,SUV,Diesel,2020,2021-08-24,2023-08-24,154696
79,1004,Creta,SUV,Petrol,2024,2021-03-24,2025-03-24,54349
80,1216,Slavia,Sedan,Petrol,2025,2023-04-18,2026-04-18,88767
81,1030,Fortuner,SUV,Diesel,2022,2024-06-01,2026-06-01,31932
82,681,Baleno,Hatchback,Petrol,2020,2024-07-20,2027-07-20,103556
83,359,Slavia,Sedan,Petrol,2023,2025-03-05,2030-03-05,26498
84,302,Fortuner,SUV,Diesel,2019,2022-10-02,2024-10-02,95065
85,1124,Creta,SUV,Petrol,2025,2024-08-19,2027-08-19,97524
86,872,Baleno,Hatchback,Petrol,2020,2019-01-06,2022-01-06,81251
87,67,City,Sedan,Petrol,2020,2022-08-29,2026-08-29,65873
88,452,Fortuner,SUV,Diesel,2017,2017-08-05,2020-08-05,9304
89,1579,Baleno,Hatchback,Petrol,2025,2021-01-09,2025-01-09,97773
90,1720,i20,Hatchback,Petrol,2022,2024-07-05,2029-07-05,25439
91,566,City,Sedan,Petrol,2018,2020-10-02,2024-10-02,66900
92,51,City,Sedan,Petrol,2018,2023-12-26,2026-12-26,34767
93,435,Fortuner,SUV,Diesel,2018,2024-01-11,2028-01-11,71028
94,465,Nexon,SUV,Petrol,2022,2021-10-07,2026-10-07,69151
95,517,XUV 500,SUV,Diesel,2020,2021-05-31,2024-05-31,147928
96,1416,City,Sedan,Petrol,2024,2024-12-22,2029-12-22,135557
97,936,Nexon,SUV,Petrol,2025,2022-08-27,2025-08-27,121245
98,66,Verna,Sedan,Diesel,2020,2019-05-04,2024-05-04,19130
99,1455,i20,Hatchback,Petrol,2020,2022-02-28,2024-02-28,74177
100,19,Creta,SUV,Petrol,2019,2019-04-18,2022-04-18,154524
101,1191,Harrier,SUV,Diesel,2020,2022-10-27,2025-10-27,159008
102,43,XUV 500,SUV,Diesel,2019,2020-02-13,2023-02-13,153771
103,1138,Baleno,Hatchback,Petrol,2020,2021-11-18,2025-11-18,96972
104,487,Fortuner,SUV,Diesel,2022,2022-12-20,2026-12-20,143186
105,765,Creta,SUV,Petrol,2022,2024-02-16,2028-02-16,8569
106,1728,Nexon,SUV,Petrol,2021,2021-12-11,2026-12-11,108216
107,573,XUV 500,SUV,Diesel,2018,2019-09-07,2022-09-07,127288
108,1172,Verna,Sedan,Diesel,2018,2018-08-10,2022-08-10,161109
109,806,i20,Hatchback,Petrol,2020,2025-01-19,2029-01-19,124828
110,1738,Harrier,SUV,Diesel,2024,2020-03-30,2025-03-30,158953
111,31,Baleno,Hatchback,Petrol,2020,2025-09-24,2028-09-24,40178
112,1520,XUV 500,SUV,Diesel,2018,2018-04-25,2023-04-25,6760
113,1333,Creta,SUV,Petrol,2019,2023-08-30,2026-08-30,157750
114,232,Nexon,SUV,Petrol,2025,2021-12-14,2023-12-14,63010
115,1614,i20,Hatchback,Petrol,2025,2020-08-03,2023-08-03,91075
116,1608,XUV 500,SUV,Diesel,2019,2018-06-11,2023-06-11,114048
117,164,Baleno,Hatchback,Petrol,2022,2025-01-31,2028-01-31,66861
118,240,Slavia,Sedan,Petrol,2025,2023-08-15,2025-08-15,134980
119,98,i20,Hatchback,Petrol,2020,2025-12-12,2030-12-12,142338
120,1411,City,Sedan,Petrol,2024,2022-07-28,2026-07-28,89110
121,850,Nexon,SUV,Petrol,2021,2021-11-06,2025-11-06,118923
122,1156,i20,Hatchback,Petrol,2019,2022-02-06,2025-02-06,20876
123,622,Fortuner,SUV,Diesel,2023,2019-06-23,2022-06-23,39285
124,1389,Harrier,SUV,Diesel,2020,2019-12-10,2023-12-10,24734
125,337,i20,Hatchback,Petrol,2019,2020-05-24,2023-05-24,123932
126,1048,Slavia,Sedan,Petrol,2023,2025-11-03,2028-11-03,117534
127,813,Baleno,Hatchback,Petrol,2021,2020-06-26,2022-06-26,163312
128,1131,i20,Hatchback,Petrol,2019,2018-07-28,2023-07-28,160255
129,14,City,Sedan,Petrol,2024,2017-09-06,2020-09-06,124542
130,1517,XUV 500,SUV,Diesel,2019,2021-07-16,2026-07-16,38514
131,1447,Harrier,SUV,Diesel,2019,2021-04-29,2024-04-29,79536
132,1233,Verna,Sedan,Diesel,2023,2018-03-31,2022-03-31,51841
133,717,Harrier,SUV,Diesel,2025,2023-12-30,2027-12-30,19238
134,1504,Nexon,SUV,Petrol,2021,2021-09-20,2024-09-20,66856
135,697,Baleno,Hatchback,Petrol,2019,2024-10-22,2028-10-22,93560
136,1304,Harrier,SUV,Diesel,2023,2021-12-31,2024-12-31,11269
137,310,City,Sedan,Petrol,2023,2024-10-20,2029-10-20,8144
138,60,Nexon,SUV,Petrol,2022,2022-11-14,2026-11-14,15643
139,605,XUV 500,SUV,Diesel,2023,2020-02-08,2023-02-08,110790
140,51,Fortuner,SUV,Diesel,2017,2021-07-04,2026-07-04,53857
141,1334,Fortuner,SUV,Diesel,2024,2023-12-12,2026-12-12,70810
142,973,Verna,Sedan,Diesel,2022,2018-09-21,2021-09-21,84708
143,1306,Nexon,SUV,Petrol,2023,2021-06-03,2024-06-03,93578
144,1134,Harrier,SUV,Diesel,2019,2025-04-12,2029-04-12,69083
145,1407,City,Sedan,Petrol,2017,2020-03-17,2024-03-17,92200
146,185,Verna,Sedan,Diesel,2024,2019-05-21,2024-05-21,144510
147,185,XUV 500,SUV,Diesel,2021,2023-05-21,2027-05-21,45581
148,1729,XUV 500,SUV,Diesel,2022,2021-12-09,2024-12-09,135616
149,1261,Creta,SUV,Petrol,2025,2024-03-28,2029-03-28,47287
150,42,Harrier,SUV,Diesel,2019,2019-09-01,2022-09-01,76734
151,1680,Fortuner,SUV,Diesel,2024,2024-06-10,2029-06-10,96666
152,910,Verna,Sedan,Diesel,2023,2019-12-06,2021-12-06,127114
153,1197,Nexon,SUV,Petrol,2021,2020-09-17,2025-09-17,98468
154,1734,Harrier,SUV,Diesel,2020,2021-08-04,2025-08-04,17345
155,45,Slavia,Sedan,Petrol,2023,2024-11-11,2029-11-11,43551
156,134,Verna,Sedan,Diesel,2020,2024-02-05,2028-02-05,113673
157,1229,Creta,SUV,Petrol,2021,2023-03-03,2028-03-03,110335
158,1192,Baleno,Hatchback,Petrol,2024,2025-05-21,2028-05-21,114332
159,1186,Nexon,SUV,Petrol,2023,2020-12-06,2024-12-06,91224
160,401,Creta,SUV,Petrol,2023,2024-06-01,2027-06-01,6091
161,508,Slavia,Sedan,Petrol,2023,2025-01-03,2029-01-03,7397
162,1009,Baleno,Hatchback,Petrol,2024,2022-09-21,2025-09-21,57505
163,362,XUV 500,SUV,Diesel,2021,2021-05-16,2024-05-16,18400
164,734,Verna,Sedan,Diesel,2023,2018-11-17,2022-11-17,59172
165,836,XUV 500,SUV,Diesel,2018,2021-11-03,2026-11-03,85473
166,832,Baleno,Hatchback,Petrol,2020,2020-03-31,2024-03-31,76814
167,1586,Slavia,Sedan,Petrol,2024,2023-12-03,2027-12-03,94925
168,1387,Nexon,SUV,Petrol,2025,2020-08-05,2022-08-05,134366
169,1549,Verna,Sedan,Diesel,2024,2021-11-30,2025-11-30,48453
170,1149,Baleno,Hatchback,Petrol,2022,2021-01-08,2025-01-08,49764
171,1130,i20,Hatchback,Petrol,2022,2024-08-27,2027-08-27,134820
172,1785,Nexon,SUV,Petrol,2024,2022-05-10,2024-05-10,88780
173,672,Verna,Sedan,Diesel,2021,2024-10-30,2028-10-30,72537
174,360,Slavia,Sedan,Petrol,2023,2022-11-27,2026-11-27,20050
175,80,XUV 500,SUV,Diesel,2022,2020-05-01,2023-05-01,71209
176,393,Slavia,Sedan,Petrol,2024,2023-04-24,2026-04-24,82351
177,1446,Baleno,Hatchback,Petrol,2023,2025-08-20,2028-08-20,42177
178,531,Creta,SUV,Petrol,2020,2024-03-06,2028-03-06,135437
179,394,Baleno,Hatchback,Petrol,2025,2021-06-01,2025-06-01,150320
180,666,XUV 500,SUV,Diesel,2018,2018-11-10,2022-11-10,109936
181,334,Baleno,Hatchback,Petrol,2024,2022-11-12,2026-11-12,138506
182,669,City,Sedan,Petrol,2017,2020-12-01,2025-12-01,81136
183,703,Nexon,SUV,Petrol,2021,2020-04-17,2022-04-17,6755
184,499,Verna,Sedan,Diesel,2021,2020-07-27,2024-07-27,145305
185,1260,Slavia,Sedan,Petrol,2024,2023-02-12,2026-02-12,116625
186,1156,Harrier,SUV,Diesel,2025,2024-05-30,2027-05-30,87146
187,98,Nexon,SUV,Petrol,2022,2024-09-22,2028-09-22,152950
188,1723,Verna,Sedan,Diesel,2019,2020-05-04,2022-05-04,154024
189,1268,i20,Hatchback,Petrol,2023,2023-12-02,2028-12-02,32072
190,577,XUV 500,SUV,Diesel,2019,2024-06-28,2027-06-28,125452
191,1301,Harrier,SUV,Diesel,2024,2021-05-07,2025-05-07,83828
192,290,Baleno,Hatchback,Petrol,2020,2024-09-29,2027-09-29,114047
193,1273,XUV 500,SUV,Diesel,2022,2021-05-05,2025-05-05,82722
194,1192,Verna,Sedan,Diesel,2024,2021-05-27,2024-05-27,138179
195,742,Harrier,SUV,Diesel,2019,2021-11-01,2026-11-01,55821
196,125,Creta,SUV,Petrol,2024,2025-12-28,2029-12-28,75940
197,1097,XUV 500,SUV,Diesel,2019,2018-10-21,2023-10-21,160986
198,1437,Harrier,SUV,Diesel,2025,2023-08-30,2027-08-30,141168
199,1362,Creta,SUV,Petrol,2024,2019-03-14,2022-03-14,117645
200,1529,Fortuner,SUV,Diesel,2018,2020-03-06,2023-03-06,134961
201,917,Nexon,SUV,Petrol,2021,2021-03-04,2026-03-04,77673
202,1138,Harrier,SUV,Diesel,2021,2022-08-10,2026-08-10,45416
203,1000,Creta,SUV,Petrol,2023,2025-12-07,2029-12-07,102837
204,1433,Creta,SUV,Petrol,2021,2020-01-27,2023-01-27,93800
205,1041,City,Sedan,Petrol,2017,2021-10-20,2025-10-20,91354
206,41,i20,Hatchback,Petrol,2024,2018-02-15,2023-02-15,74414
207,1364,i20,Hatchback,Petrol,2020,2023-06-13,2027-06-13,91786
208,1548,Slavia,Sedan,Petrol,2024,2025-11-29,2029-11-29,159663
209,1181,Slavia,Sedan,Petrol,2023,2022-05-21,2025-05-21,131917
210,911,Verna,Sedan,Diesel,2019,2024-10-21,2027-10-21,126774
211,525,Fortuner,SUV,Diesel,2024,2023-04-17,2027-04-17,148666
212,1182,Nexon,SUV,Petrol,2020,2024-02-04,2028-02-04,72081
213,896,XUV 500,SUV,Diesel,2021,2018-10-11,2022-10-11,52076
214,1057,Baleno,Hatchback,Petrol,2020,2023-12-08,2026-12-08,123265
215,831,Slavia,Sedan,Petrol,2022,2025-09-24,2028-09-24,83970
216,1134,Verna,Sedan,Diesel,2020,2024-12-03,2027-12-03,119256
217,973,Verna,Sedan,Diesel,2021,2023-02-01,2026-02-01,40411
218,1438,Verna,Sedan,Diesel,2020,2024-04-22,2026-04-22,60706
219,1461,Harrier,SUV,Diesel,2023,2019-08-14,2024-08-14,150561
220,608,Harrier,SUV,Diesel,2023,2019-03-17,2023-03-17,43307
221,264,Harrier,SUV,Diesel,2024,2019-01-28,2022-01-28,150204
222,321,Verna,Sedan,Diesel,2018,2021-07-03,2025-07-03,126578
223,366,XUV 500,SUV,Diesel,2021,2020-01-02,2023-01-02,55780
224,1345,Slavia,Sedan,Petrol,2024,2025-10-06,2028-10-06,25771
225,1722,Verna,Sedan,Diesel,2020,2018-05-03,2023-05-03,149379
226,613,XUV 500,SUV,Diesel,2021,2023-09-11,2027-09-11,161834
227,1653,Slavia,Sedan,Petrol,2023,2024-10-23,2026-10-23,9578
228,1670,Creta,SUV,Petrol,2024,2025-04-28,2029-04-28,17510
229,136,i20,Hatchback,Petrol,2021,2025-09-16,2028-09-16,98364
230,1075,Harrier,SUV,Diesel,2019,2022-05-25,2025-05-25,70240
231,471,Verna,Sedan,Diesel,2022,2018-01-10,2023-01-10,101689
232,602,Creta,SUV,Petrol,2022,2019-04-29,2022-04-29,152413
233,160,City,Sedan,Petrol,2021,2024-09-15,2027-09-15,150198
234,1654,i20,Hatchback,Petrol,2022,2018-07-26,2020-07-26,164293
235,1110,Verna,Sedan,Diesel,2019,2021-01-10,2023-01-10,109111
236,1529,Harrier,SUV,Diesel,2021,2024-09-16,2027-09-16,86318
237,584,Slavia,Sedan,Petrol,2022,2025-03-01,2029-03-01,145974
238,937,Fortuner,SUV,Diesel,2021,2020-07-07,2023-07-07,26985
239,82,Creta,SUV,Petrol,2019,2022-08-11,2027-08-11,101245
240,6,Verna,Sedan,Diesel,2019,2020-08-10,2025-08-10,118935
241,1652,City,Sedan,Petrol,2017,2022-08-05,2026-08-05,40401
242,732,Nexon,SUV,Petrol,2020,2025-10-23,2028-10-23,63743
243,688,Slavia,Sedan,Petrol,2023,2025-09-09,2029-09-09,17135
244,430,XUV 500,SUV,Diesel,2021,2019-10-25,2023-10-25,48596
245,1188,Nexon,SUV,Petrol,2021,2023-11-18,2027-11-18,141952
246,274,Nexon,SUV,Petrol,2025,2020-01-05,2024-01-05,140959
247,381,Slavia,Sedan,Petrol,2023,2022-04-26,2026-04-26,38326
248,1760,Slavia,Sedan,Petrol,2024,2024-04-22,2026-04-22,79354
249,1504,Nexon,SUV,Petrol,2020,2021-10-18,2026-10-18,40578
250,1398,Harrier,SUV,Diesel,2024,2020-01-31,2024-01-31,70329
251,317,Slavia,Sedan,Petrol,2025,2025-04-09,2029-04-09,162832
252,583,Nexon,SUV,Petrol,2020,2021-07-21,2023-07-21,53241
253,1643,Nexon,SUV,Petrol,2021,2023-04-08,2026-04-08,28494
254,907,Verna,Sedan,Diesel,2023,2018-07-22,2023-07-22,97454
255,916,Fortuner,SUV,Diesel,2018,2023-05-04,2026-05-04,100454
256,1349,City,Sedan,Petrol,2022,2021-06-18,2025-06-18,157389
257,863,Harrier,SUV,Diesel,2020,2024-09-25,2028-09-25,77252
258,1457,Slavia,Sedan,Petrol,2023,2022-04-16,2026-04-16,54617
259,416,i20,Hatchback,Petrol,2023,2018-09-15,2021-09-15,48622
260,1061,i20,Hatchback,Petrol,2022,2018-10-21,2022-10-21,73461
261,1515,Verna,Sedan,Diesel,2020,2018-09-25,2020-09-25,6498
262,1217,XUV 500,SUV,Diesel,2019,2020-04-06,2024-04-06,55882
263,1548,i20,Hatchback,Petrol,2021,2019-10-30,2024-10-30,65730
264,1233,XUV 500,SUV,Diesel,2021,2023-09-04,2028-09-04,94524
265,849,Creta,SUV,Petrol,2024,2021-12-10,2025-12-10,41594
266,1141,Slavia,Sedan,Petrol,2022,2024-09-27,2027-09-27,163127
267,470,Creta,SUV,Petrol,2019,2023-10-18,2026-10-18,16068
268,1602,Slavia,Sedan,Petrol,2024,2025-07-12,2028-07-12,51441
269,415,Verna,Sedan,Diesel,2023,2021-10-28,2023-10-28,96118
270,236,Nexon,SUV,Petrol,2023,2021-01-21,2025-01-21,92471
271,1212,Fortuner,SUV,Diesel,2019,2024-09-20,2026-09-20,13480
272,1149,Slavia,Sedan,Petrol,2024,2023-10-02,2026-10-02,59004
273,805,Harrier,SUV,Diesel,2022,2020-09-15,2022-09-15,101027
274,927,Creta,SUV,Petrol,2025,2019-01-17,2023-01-17,142874
275,1129,Nexon,SUV,Petrol,2021,2021-12-29,2024-12-29,76530
276,15,i20,Hatchback,Petrol,2019,2022-02-19,2025-02-19,106505
277,24,Nexon,SUV,Petrol,2020,2021-06-25,2024-06-25,16204
278,1128,Harrier,SUV,Diesel,2024,2020-12-09,2025-12-09,129975
279,19,Harrier,SUV,Diesel,2022,2021-04-22,2024-04-22,136931
280,382,i20,Hatchback,Petrol,2023,2018-10-22,2022-10-22,121741
281,804,City,Sedan,Petrol,2021,2018-07-12,2022-07-12,48567
282,1210,i20,Hatchback,Petrol,2023,2018-01-24,2023-01-24,26263
283,1672,Nexon,SUV,Petrol,2021,2020-09-24,2025-09-24,153942
284,747,Fortuner,SUV,Diesel,2023,2023-03-31,2026-03-31,29231
285,1100,Slavia,Sedan,Petrol,2022,2024-07-26,2028-07-26,156846
286,657,City,Sedan,Petrol,2024,2017-01-12,2020-01-12,137364
287,1332,Nexon,SUV,Petrol,2021,2023-11-06,2027-11-06,41733
288,775,Baleno,Hatchback,Petrol,2020,2022-04-14,2026-04-14,9023
289,461,Nexon,SUV,Petrol,2023,2023-04-19,2027-04-19,89066
290,876,City,Sedan,Petrol,2019,2020-07-21,2025-07-21,157230
291,759,Baleno,Hatchback,Petrol,2019,2020-02-24,2025-02-24,153682
292,1120,XUV 500,SUV,Diesel,2024,2019-05-04,2024-05-04,71066
293,7,Nexon,SUV,Petrol,2020,2020-05-28,2024-05-28,113386
294,1652,Harrier,SUV,Diesel,2019,2022-03-24,2027-03-24,28101
295,576,Creta,SUV,Petrol,2021,2023-07-09,2026-07-09,48004
296,603,Verna,Sedan,Diesel,2022,2020-11-23,2022-11-23,129867
297,501,i20,Hatchback,Petrol,2024,2022-12-28,2026-12-28,31266
298,1528,Creta,SUV,Petrol,2021,2019-09-14,2022-09-14,38518
299,697,Harrier,SUV,Diesel,2023,2019-03-29,2022-03-29,158257
300,293,i20,Hatchback,Petrol,2022,2021-06-30,2025-06-30,29867
301,1573,Nexon,SUV,Petrol,2025,2025-10-12,2028-10-12,70020
302,1682,Nexon,SUV,Petrol,2020,2020-08-08,2023-08-08,8576
303,1680,XUV 500,SUV,Diesel,2020,2022-07-01,2026-07-01,39063
304,386,City,Sedan,Petrol,2023,2021-03-17,2026-03-17,161035
305,1168,Nexon,SUV,Petrol,2020,2021-05-28,2026-05-28,99155
306,611,Fortuner,SUV,Diesel,2019,2024-08-22,2029-08-22,29216
307,583,City,Sedan,Petrol,2019,2020-10-21,2024-10-21,121958
308,1315,XUV 500,SUV,Diesel,2019,2021-01-10,2025-01-10,37951
309,1115,i20,Hatchback,Petrol,2025,2022-08-25,2026-08-25,142012
310,16,Harrier,SUV,Diesel,2023,2023-01-07,2026-01-07,157055
311,1583,Slavia,Sedan,Petrol,2023,2024-03-29,2026-03-29,21853
312,1467,Fortuner,SUV,Diesel,2023,2019-05-13,2021-05-13,28493
313,882,Fortuner,SUV,Diesel,2023,2021-04-08,2024-04-08,57836
314,675,XUV 500,SUV,Diesel,2021,2020-02-06,2023-02-06,5037
315,530,Creta,SUV,Petrol,2020,2024-10-22,2028-10-22,71750
316,570,Nexon,SUV,Petrol,2021,2023-05-01,2027-05-01,159244
317,45,Verna,Sedan,Diesel,2020,2022-08-03,2026-08-03,109810
318,374,Verna,Sedan,Diesel,2020,2020-03-15,2023-03-15,30369
319,193,Harrier,SUV,Diesel,2021,2020-08-15,2025-08-15,105514
320,640,Harrier,SUV,Diesel,2019,2022-04-12,2026-04-12,76902
321,984,i20,Hatchback,Petrol,2023,2020-09-30,2022-09-30,41432
322,664,XUV 500,SUV,Diesel,2020,2024-12-09,2027-12-09,9463
323,473,Harrier,SUV,Diesel,2024,2021-07-08,2024-07-08,113559
324,1459,XUV 500,SUV,Diesel,2023,2020-05-08,2025-05-08,123761
325,711,i20,Hatchback,Petrol,2025,2022-07-01,2025-07-01,76619
326,882,Fortuner,SUV,Diesel,2020,2019-02-04,2023-02-04,48061
327,675,Slavia,Sedan,Petrol,2025,2022-03-19,2025-03-19,5352
328,1017,i20,Hatchback,Petrol,2019,2019-07-31,2023-07-31,18352
329,85,XUV 500,SUV,Diesel,2022,2019-09-18,2022-09-18,69366
330,570,Verna,Sedan,Diesel,2018,2023-09-12,2027-09-12,15004
331,1492,City,Sedan,Petrol,2023,2022-07-10,2025-07-10,102567
332,1778,Baleno,Hatchback,Petrol,2019,2021-12-21,2026-12-21,34762
333,1243,Nexon,SUV,Petrol,2022,2022-12-11,2026-12-11,5501
334,1187,XUV 500,SUV,Diesel,2022,2018-12-17,2022-12-17,150681
335,625,Baleno,Hatchback,Petrol,2024,2022-05-11,2026-05-11,58432
336,1571,Baleno,Hatchback,Petrol,2021,2024-02-11,2028-02-11,92885
337,917,XUV 500,SUV,Diesel,2019,2018-12-09,2021-12-09,71905
338,630,i20,Hatchback,Petrol,2025,2025-04-06,2030-04-06,44239
339,1485,Nexon,SUV,Petrol,2025,2021-01-28,2025-01-28,162508
340,42,Nexon,SUV,Petrol,2020,2025-05-27,2029-05-27,123015
341,819,Fortuner,SUV,Diesel,2020,2021-04-21,2026-04-21,134643
342,1044,Fortuner,SUV,Diesel,2018,2023-06-11,2028-06-11,93640
343,1258,XUV 500,SUV,Diesel,2019,2021-08-22,2024-08-22,150779
344,425,i20,Hatchback,Petrol,2018,2021-06-12,2024-06-12,18699
345,1079,Harrier,SUV,Diesel,2021,2025-12-12,2028-12-12,22762
346,426,Baleno,Hatchback,Petrol,2019,2024-10-17,2028-10-17,140457
347,579,Creta,SUV,Petrol,2023,2024-10-03,2026-10-03,108922
348,1689,i20,Hatchback,Petrol,2023,2023-12-08,2027-12-08,47882
349,355,XUV 500,SUV,Diesel,2019,2020-05-13,2023-05-13,25155
350,280,Fortuner,SUV,Diesel,2017,2017-06-04,2020-06-04,21662
351,649,Slavia,Sedan,Petrol,2025,2023-11-17,2026-11-17,116836
352,1800,Slavia,Sedan,Petrol,2024,2024-03-22,2027-03-22,149106
353,1175,City,Sedan,Petrol,2017,2020-01-16,2023-01-16,25039
354,1242,i20,Hatchback,Petrol,2024,2023-12-09,2026-12-09,131004
355,1010,Harrier,SUV,Diesel,2022,2024-05-27,2028-05-27,60435
356,384,i20,Hatchback,Petrol,2022,2023-05-23,2026-05-23,20441
357,1471,Fortuner,SUV,Diesel,2020,2023-06-12,2028-06-12,129876
358,726,Creta,SUV,Petrol,2022,2020-07-05,2022-07-05,13435
359,842,Baleno,Hatchback,Petrol,2021,2021-09-03,2024-09-03,73259
360,1445,Creta,SUV,Petrol,2021,2023-12-30,2028-12-30,142579
361,664,Verna,Sedan,Diesel,2022,2019-07-29,2023-07-29,77004
362,97,Verna,Sedan,Diesel,2022,2021-08-18,2024-08-18,37448
363,1478,i20,Hatchback,Petrol,2021,2018-06-23,2021-06-23,137702
364,1657,Harrier,SUV,Diesel,2024,2021-06-02,2026-06-02,62460
365,1452,Baleno,Hatchback,Petrol,2024,2021-10-22,2024-10-22,13373
366,541,Harrier,SUV,Diesel,2021,2020-06-30,2023-06-30,57808
367,624,Slavia,Sedan,Petrol,2022,2025-08-23,2027-08-23,47190
368,1247,Slavia,Sedan,Petrol,2024,2023-06-05,2026-06-05,90399
369,627,Baleno,Hatchback,Petrol,2023,2024-09-27,2027-09-27,64953
370,1152,Verna,Sedan,Diesel,2018,2022-06-01,2026-06-01,86060
371,372,Slavia,Sedan,Petrol,2023,2025-07-19,2029-07-19,57667
372,112,Baleno,Hatchback,Petrol,2021,2020-10-02,2022-10-02,60591
373,368,Harrier,SUV,Diesel,2025,2025-11-22,2027-11-22,102511
374,504,Baleno,Hatchback,Petrol,2021,2025-11-25,2027-11-25,58066
375,1575,City,Sedan,Petrol,2023,2021-10-13,2024-10-13,12559
376,1388,Harrier,SUV,Diesel,2025,2023-05-18,2026-05-18,96104
377,561,Nexon,SUV,Petrol,2021,2023-09-22,2027-09-22,20412
378,1716,Verna,Sedan,Diesel,2024,2021-11-21,2024-11-21,147748
379,712,Verna,Sedan,Diesel,2024,2019-09-16,2022-09-16,103514
380,58,Verna,Sedan,Diesel,2019,2020-06-18,2023-06-18,46849
381,1388,Verna,Sedan,Diesel,2019,2018-05-02,2022-05-02,145877
382,452,i20,Hatchback,Petrol,2023,2023-03-21,2028-03-21,31081
383,1767,Creta,SUV,Petrol,2022,2024-05-08,2027-05-08,50841
384,1394,XUV 500,SUV,Diesel,2022,2023-12-02,2027-12-02,71662
385,342,Fortuner,SUV,Diesel,2020,2023-06-23,2028-06-23,30635
386,904,Nexon,SUV,Petrol,2021,2021-10-24,2024-10-24,80974
387,230,Verna,Sedan,Diesel,2021,2023-06-12,2027-06-12,163191
388,1384,i20,Hatchback,Petrol,2022,2020-11-06,2024-11-06,10093
389,966,Creta,SUV,Petrol,2022,2021-03-14,2024-03-14,14201
390,797,Harrier,SUV,Diesel,2021,2022-03-13,2026-03-13,150306
391,1788,i20,Hatchback,Petrol,2018,2024-06-18,2027-06-18,155875
392,524,Creta,SUV,Petrol,2022,2022-06-17,2025-06-17,149213
393,921,Harrier,SUV,Diesel,2019,2020-02-03,2024-02-03,17221
394,927,XUV 500,SUV,Diesel,2023,2019-09-03,2023-09-03,147631
395,167,Nexon,SUV,Petrol,2024,2024-05-13,2028-05-13,48349
396,749,City,Sedan,Petrol,2023,2023-05-02,2025-05-02,163080
397,1471,Harrier,SUV,Diesel,2023,2020-09-06,2025-09-06,7695
398,333,i20,Hatchback,Petrol,2018,2020-02-23,2023-02-23,153146
399,1727,i20,Hatchback,Petrol,2018,2022-06-12,2026-06-12,88264
400,1791,Verna,Sedan,Diesel,2018,2021-03-25,2026-03-25,44909
401,28,City,Sedan,Petrol,2022,2018-01-30,2022-01-30,41737
402,1619,Verna,Sedan,Diesel,2022,2023-08-11,2027-08-11,137696
403,1315,Verna,Sedan,Diesel,2021,2021-07-29,2023-07-29,29631
404,1651,XUV 500,SUV,Diesel,2018,2020-01-25,2024-01-25,143460
405,573,Nexon,SUV,Petrol,2021,2024-07-17,2028-07-17,15768
406,456,Creta,SUV,Petrol,2019,2022-09-07,2025-09-07,100187
407,898,Verna,Sedan,Diesel,2022,2023-03-21,2026-03-21,15966
408,320,Baleno,Hatchback,Petrol,2019,2025-04-20,2028-04-20,31411
409,1158,Slavia,Sedan,Petrol,2025,2022-08-12,2025-08-12,64914
410,1375,Nexon,SUV,Petrol,2024,2023-08-04,2027-08-04,37338
411,1258,Nexon,SUV,Petrol,2022,2025-02-07,2028-02-07,122383
412,256,Slavia,Sedan,Petrol,2025,2024-08-22,2028-08-22,101028
413,234,Fortuner,SUV,Diesel,2018,2022-07-26,2026-07-26,129660
414,1787,Verna,Sedan,Diesel,2024,2023-07-06,2026-07-06,91579
415,48,Baleno,Hatchback,Petrol,2024,2025-03-17,2028-03-17,8647
416,594,Baleno,Hatchback,Petrol,2020,2024-07-27,2029-07-27,5572
417,842,i20,Hatchback,Petrol,2019,2020-03-14,2024-03-14,35931
418,214,Harrier,SUV,Diesel,2020,2022-04-12,2026-04-12,14194
419,1485,Creta,SUV,Petrol,2022,2024-03-11,2027-03-11,119606
420,22,i20,Hatchback,Petrol,2020,2025-06-22,2028-06-22,79792
421,1164,XUV 500,SUV,Diesel,2022,2022-09-24,2025-09-24,39066
422,1764,Harrier,SUV,Diesel,2023,2023-12-20,2027-12-20,49986
423,1626,Creta,SUV,Petrol,2019,2022-10-18,2026-10-18,113305
424,1693,Nexon,SUV,Petrol,2024,2022-08-13,2027-08-13,109824
425,1076,Fortuner,SUV,Diesel,2018,2017-02-08,2021-02-08,51309
426,725,Nexon,SUV,Petrol,2022,2025-02-18,2029-02-18,46662
427,1563,City,Sedan,Petrol,2018,2017-10-12,2022-10-12,20978
428,1163,City,Sedan,Petrol,2020,2021-12-06,2023-12-06,110784
429,893,XUV 500,SUV,Diesel,2021,2020-12-01,2023-12-01,52338
430,1551,Verna,Sedan,Diesel,2019,2021-11-11,2025-11-11,134415
431,1691,i20,Hatchback,Petrol,2022,2022-05-09,2025-05-09,74721
432,1731,Fortuner,SUV,Diesel,2020,2021-09-05,2026-09-05,94928
433,1310,Nexon,SUV,Petrol,2024,2022-02-23,2025-02-23,48600
434,1601,Nexon,SUV,Petrol,2020,2022-01-04,2025-01-04,126996
435,708,i20,Hatchback,Petrol,2021,2022-02-10,2026-02-10,149028
436,94,i20,Hatchback,Petrol,2024,2024-06-29,2027-06-29,139720
437,629,Baleno,Hatchback,Petrol,2021,2022-07-27,2024-07-27,71541
438,560,Fortuner,SUV,Diesel,2020,2022-12-13,2024-12-13,133732
439,1423,Baleno,Hatchback,Petrol,2019,2021-10-15,2025-10-15,153942
440,871,Creta,SUV,Petrol,2024,2019-12-09,2022-12-09,8692
441,459,Harrier,SUV,Diesel,2025,2025-05-22,2028-05-22,126470
442,514,Harrier,SUV,Diesel,2024,2022-01-04,2025-01-04,107518
443,87,XUV 500,SUV,Diesel,2023,2019-10-03,2023-10-03,88249
444,418,City,Sedan,Petrol,2023,2019-12-18,2022-12-18,27258
445,1092,Nexon,SUV,Petrol,2023,2020-02-25,2023-02-25,142014
446,1780,Nexon,SUV,Petrol,2025,2024-12-20,2027-12-20,100837
447,972,Verna,Sedan,Diesel,2024,2024-07-25,2029-07-25,53313
448,275,Harrier,SUV,Diesel,2024,2020-01-02,2024-01-02,122707
449,1487,City,Sedan,Petrol,2021,2021-09-13,2024-09-13,124366
450,792,Baleno,Hatchback,Petrol,2025,2020-11-07,2024-11-07,31410
451,669,Slavia,Sedan,Petrol,2024,2023-02-07,2026-02-07,45644
452,244,Verna,Sedan,Diesel,2024,2018-04-11,2022-04-11,75239
453,1404,City,Sedan,Petrol,2024,2020-02-20,2024-02-20,120093
454,427,Baleno,Hatchback,Petrol,2019,2022-10-14,2025-10-14,15871
455,137,Fortuner,SUV,Diesel,2023,2023-02-11,2026-02-11,164881
456,420,Baleno,Hatchback,Petrol,2019,2020-07-31,2024-07-31,99729
457,1434,Verna,Sedan,Diesel,2019,2020-10-27,2025-10-27,76003
458,679,XUV 500,SUV,Diesel,2018,2018-04-25,2021-04-25,76115
459,1003,i20,Hatchback,Petrol,2020,2024-12-30,2028-12-30,106076
460,676,Harrier,SUV,Diesel,2023,2021-11-09,2023-11-09,123496
461,1378,Slavia,Sedan,Petrol,2023,2022-04-29,2026-04-29,134228
462,1652,XUV 500,SUV,Diesel,2021,2019-11-12,2022-11-12,24260
463,198,City,Sedan,Petrol,2018,2021-01-03,2025-01-03,136489
464,828,i20,Hatchback,Petrol,2022,2021-01-22,2025-01-22,79095
465,1508,i20,Hatchback,Petrol,2018,2021-10-06,2024-10-06,90135
466,1233,Baleno,Hatchback,Petrol,2025,2019-10-20,2021-10-20,83835
467,981,XUV 500,SUV,Diesel,2023,2022-10-13,2026-10-13,154223
468,699,i20,Hatchback,Petrol,2019,2022-06-14,2027-06-14,38236
469,1205,Slavia,Sedan,Petrol,2025,2024-12-07,2026-12-07,102167
470,309,i20,Hatchback,Petrol,2022,2018-08-11,2021-08-11,89100
471,764,Slavia,Sedan,Petrol,2024,2023-08-08,2028-08-08,152050
472,157,Creta,SUV,Petrol,2025,2024-06-18,2026-06-18,124422
473,529,City,Sedan,Petrol,2024,2024-12-04,2027-12-04,140074
474,1591,City,Sedan,Petrol,2019,2019-12-07,2023-12-07,98289
475,308,Creta,SUV,Petrol,2020,2021-12-09,2024-12-09,49063
476,1399,Nexon,SUV,Petrol,2023,2023-03-18,2027-03-18,63282
477,945,Verna,Sedan,Diesel,2018,2019-06-25,2023-06-25,24052
478,641,Verna,Sedan,Diesel,2022,2019-01-02,2023-01-02,153861
479,271,i20,Hatchback,Petrol,2018,2021-05-13,2025-05-13,63481
480,84,Nexon,SUV,Petrol,2021,2020-10-08,2025-10-08,30876
481,1525,Harrier,SUV,Diesel,2024,2022-07-29,2027-07-29,88572
482,1517,XUV 500,SUV,Diesel,2023,2024-09-28,2027-09-28,102272
483,1322,Baleno,Hatchback,Petrol,2025,2022-02-06,2025-02-06,7527
484,1777,Nexon,SUV,Petrol,2023,2022-11-07,2026-11-07,61502
485,40,Harrier,SUV,Diesel,2019,2020-04-05,2024-04-05,31824
486,408,Harrier,SUV,Diesel,2025,2025-04-16,2028-04-16,31679
487,1038,Harrier,SUV,Diesel,2019,2021-08-22,2024-08-22,138750
488,357,XUV 500,SUV,Diesel,2023,2022-10-17,2025-10-17,85738
489,53,Creta,SUV,Petrol,2019,2025-09-28,2029-09-28,80160
490,1632,Nexon,SUV,Petrol,2021,2024-10-23,2027-10-23,114839
491,824,City,Sedan,Petrol,2022,2023-11-23,2027-11-23,154090
492,386,Slavia,Sedan,Petrol,2023,2022-05-27,2024-05-27,78747
493,1033,Creta,SUV,Petrol,2022,2022-07-04,2026-07-04,54607
494,723,Creta,SUV,Petrol,2023,2024-02-14,2028-02-14,124436
495,212,Baleno,Hatchback,Petrol,2023,2021-12-04,2023-12-04,156758
496,911,Nexon,SUV,Petrol,2023,2023-12-18,2027-12-18,137928
497,905,Nexon,SUV,Petrol,2022,2023-07-04,2026-07-04,25578
498,400,i20,Hatchback,Petrol,2021,2019-04-15,2024-04-15,94791
499,1793,Creta,SUV,Petrol,2022,2021-01-19,2025-01-19,7448
500,1338,City,Sedan,Petrol,2023,2019-09-25,2022-09-25,97489
501,1121,City,Sedan,Petrol,2018,2019-06-30,2022-06-30,7706
502,825,Fortuner,SUV,Diesel,2022,2017-06-16,2020-06-16,79196
503,469,Harrier,SUV,Diesel,2024,2019-06-15,2024-06-15,135371
504,1623,Creta,SUV,Petrol,2020,2022-11-17,2026-11-17,93198
505,166,Harrier,SUV,Diesel,2019,2020-09-19,2022-09-19,144818
506,675,XUV 500,SUV,Diesel,2022,2021-06-15,2024-06-15,140373
507,1725,Harrier,SUV,Diesel,2019,2025-03-16,2029-03-16,55937
508,420,Nexon,SUV,Petrol,2021,2023-11-17,2026-11-17,59161
509,982,Fortuner,SUV,Diesel,2020,2017-07-08,2020-07-08,120570
510,1553,Verna,Sedan,Diesel,2018,2018-04-18,2021-04-18,156702
511,1242,Creta,SUV,Petrol,2024,2025-08-06,2030-08-06,20456
512,1619,City,Sedan,Petrol,2020,2024-12-15,2028-12-15,64584
513,195,XUV 500,SUV,Diesel,2018,2022-01-23,2026-01-23,59785
514,1243,Nexon,SUV,Petrol,2020,2021-05-04,2026-05-04,30629
515,1657,XUV 500,SUV,Diesel,2024,2019-10-25,2022-10-25,94448
516,335,Fortuner,SUV,Diesel,2021,2019-07-24,2023-07-24,69121
517,520,Fortuner,SUV,Diesel,2023,2018-10-07,2021-10-07,91016
518,694,Fortuner,SUV,Diesel,2019,2020-01-14,2023-01-14,156384
519,1171,Verna,Sedan,Diesel,2023,2023-09-15,2026-09-15,154878
520,264,i20,Hatchback,Petrol,2018,2019-05-04,2022-05-04,93733
521,1416,Nexon,SUV,Petrol,2020,2022-06-28,2025-06-28,72108
522,14,XUV 500,SUV,Diesel,2018,2018-07-13,2022-07-13,155551
523,140,Verna,Sedan,Diesel,2023,2023-06-26,2025-06-26,72515
524,843,Slavia,Sedan,Petrol,2024,2022-01-30,2027-01-30,118020
525,1465,Nexon,SUV,Petrol,2021,2020-01-25,2023-01-25,14650
526,888,Fortuner,SUV,Diesel,2019,2021-05-19,2025-05-19,149643
527,483,Creta,SUV,Petrol,2020,2024-10-31,2028-10-31,148904
528,272,Fortuner,SUV,Diesel,2020,2022-10-09,2025-10-09,107753
529,1404,Harrier,SUV,Diesel,2023,2019-11-08,2022-11-08,134323
530,765,Harrier,SUV,Diesel,2021,2025-03-22,2028-03-22,151471
531,1451,Verna,Sedan,Diesel,2020,2019-03-05,2022-03-05,12408
532,88,Verna,Sedan,Diesel,2020,2020-11-04,2024-11-04,19969
533,654,XUV 500,SUV,Diesel,2021,2018-05-25,2021-05-25,31704
534,563,Creta,SUV,Petrol,2019,2019-07-16,2023-07-16,13214
535,187,City,Sedan,Petrol,2022,2021-02-18,2024-02-18,82655
536,1444,Harrier,SUV,Diesel,2019,2022-01-01,2025-01-01,110493
537,799,Verna,Sedan,Diesel,2018,2024-11-04,2028-11-04,101836
538,92,Nexon,SUV,Petrol,2024,2022-12-09,2025-12-09,156701
539,521,Nexon,SUV,Petrol,2020,2023-06-25,2026-06-25,47197
540,1259,Fortuner,SUV,Diesel,2020,2020-06-08,2024-06-08,101438
541,1245,Verna,Sedan,Diesel,2020,2023-07-15,2028-07-15,106330
542,109,Fortuner,SUV,Diesel,2021,2022-12-21,2026-12-21,30965
543,265,i20,Hatchback,Petrol,2024,2024-09-18,2029-09-18,159677
544,1459,Harrier,SUV,Diesel,2024,2025-04-22,2028-04-22,70880
545,204,Creta,SUV,Petrol,2021,2025-09-10,2028-09-10,150098
546,159,Creta,SUV,Petrol,2021,2020-10-08,2023-10-08,143249
547,914,Fortuner,SUV,Diesel,2017,2022-06-16,2026-06-16,27849
548,68,Creta,SUV,Petrol,2024,2020-06-04,2023-06-04,146688
549,1524,City,Sedan,Petrol,2019,2019-06-22,2021-06-22,124175
550,846,Slavia,Sedan,Petrol,2022,2025-06-22,2028-06-22,5027
551,1422,City,Sedan,Petrol,2020,2024-08-23,2028-08-23,6776
552,1476,i20,Hatchback,Petrol,2023,2019-05-04,2022-05-04,127826
553,809,Baleno,Hatchback,Petrol,2023,2025-08-12,2027-08-12,10176
554,105,Verna,Sedan,Diesel,2022,2020-07-19,2023-07-19,154812
555,168,Verna,Sedan,Diesel,2020,2021-03-09,2026-03-09,122003
556,1554,Fortuner,SUV,Diesel,2019,2024-01-20,2027-01-20,64820
557,153,Nexon,SUV,Petrol,2020,2021-07-11,2023-07-11,113483
558,1783,XUV 500,SUV,Diesel,2020,2019-07-06,2023-07-06,114290
559,1442,Fortuner,SUV,Diesel,2023,2020-11-27,2023-11-27,17373
560,1043,Verna,Sedan,Diesel,2018,2024-03-26,2027-03-26,115913
561,945,Baleno,Hatchback,Petrol,2019,2024-10-08,2029-10-08,145832
562,782,Creta,SUV,Petrol,2022,2023-04-30,2027-04-30,19043
563,1294,Nexon,SUV,Petrol,2024,2023-12-16,2028-12-16,46412
564,616,Fortuner,SUV,Diesel,2022,2021-12-22,2024-12-22,103565
565,365,Baleno,Hatchback,Petrol,2020,2023-07-18,2026-07-18,132338
566,1088,XUV 500,SUV,Diesel,2020,2023-05-24,2027-05-24,31399
567,52,Baleno,Hatchback,Petrol,2020,2025-02-03,2028-02-03,76051
568,1378,Baleno,Hatchback,Petrol,2022,2019-12-09,2022-12-09,68624
569,1378,i20,Hatchback,Petrol,2024,2018-09-10,2021-09-10,146955
570,946,XUV 500,SUV,Diesel,2022,2020-06-12,2023-06-12,23974
571,791,i20,Hatchback,Petrol,2020,2021-09-26,2025-09-26,34617
572,1665,Slavia,Sedan,Petrol,2025,2025-11-12,2027-11-12,144072
573,894,Verna,Sedan,Diesel,2019,2023-01-17,2026-01-17,124095
574,1725,Slavia,Sedan,Petrol,2022,2025-05-24,2029-05-24,132595
575,1262,Verna,Sedan,Diesel,2018,2023-08-27,2027-08-27,101629
576,149,i20,Hatchback,Petrol,2025,2024-02-12,2027-02-12,102016
577,622,Baleno,Hatchback,Petrol,2020,2020-05-31,2023-05-31,158623
578,176,Nexon,SUV,Petrol,2023,2024-01-19,2027-01-19,8486
579,556,Verna,Sedan,Diesel,2023,2019-08-08,2022-08-08,16384
580,1637,Verna,Sedan,Diesel,2018,2022-08-21,2025-08-21,152104
581,570,Verna,Sedan,Diesel,2019,2022-02-01,2026-02-01,19503
582,1169,Harrier,SUV,Diesel,2025,2024-05-23,2026-05-23,21270
583,1500,Harrier,SUV,Diesel,2025,2021-08-18,2024-08-18,94576
584,768,Baleno,Hatchback,Petrol,2021,2025-02-10,2030-02-10,84210
585,526,City,Sedan,Petrol,2021,2020-05-06,2023-05-06,155614
586,119,Fortuner,SUV,Diesel,2020,2021-09-24,2025-09-24,52370
587,1013,City,Sedan,Petrol,2022,2018-08-26,2020-08-26,91906
588,1701,Harrier,SUV,Diesel,2024,2021-07-27,2024-07-27,153838
589,601,Fortuner,SUV,Diesel,2024,2023-04-19,2027-04-19,81573
590,1298,XUV 500,SUV,Diesel,2018,2022-12-26,2027-12-26,162792
591,282,i20,Hatchback,Petrol,2020,2022-04-02,2025-04-02,35726
592,95,Verna,Sedan,Diesel,2022,2019-11-27,2022-11-27,104961
593,1293,Verna,Sedan,Diesel,2024,2022-01-20,2026-01-20,85509
594,984,Verna,Sedan,Diesel,2023,2024-11-21,2028-11-21,140477
595,1675,Harrier,SUV,Diesel,2020,2020-08-03,2022-08-03,57961
596,464,Slavia,Sedan,Petrol,2024,2025-09-03,2028-09-03,98592
597,348,Harrier,SUV,Diesel,2021,2025-02-07,2028-02-07,105117
598,1415,i20,Hatchback,Petrol,2019,2018-10-01,2021-10-01,16041
599,233,Creta,SUV,Petrol,2020,2020-12-29,2024-12-29,107436
600,1259,Harrier,SUV,Diesel,2020,2019-06-12,2023-06-12,140455
601,1256,Harrier,SUV,Diesel,2022,2020-03-11,2024-03-11,41349
602,14,Fortuner,SUV,Diesel,2024,2017-11-04,2022-11-04,18241
603,1524,Baleno,Hatchback,Petrol,2020,2025-12-05,2028-12-05,142020
604,1337,Fortuner,SUV,Diesel,2023,2019-01-01,2023-01-01,57234
605,1790,Verna,Sedan,Diesel,2018,2018-12-11,2022-12-11,11200
606,1008,Baleno,Hatchback,Petrol,2021,2019-02-13,2024-02-13,11404
607,1548,Fortuner,SUV,Diesel,2017,2019-07-26,2023-07-26,41009
608,1106,Nexon,SUV,Petrol,2023,2024-12-04,2027-12-04,32541
609,265,Slavia,Sedan,Petrol,2024,2025-09-06,2028-09-06,17369
610,1172,Verna,Sedan,Diesel,2024,2022-07-09,2025-07-09,153283
611,1378,City,Sedan,Petrol,2021,2024-02-24,2027-02-24,23486
612,1595,City,Sedan,Petrol,2023,2023-04-13,2026-04-13,147829
613,334,Harrier,SUV,Diesel,2021,2020-12-02,2024-12-02,143449
614,1552,Fortuner,SUV,Diesel,2019,2019-11-02,2024-11-02,67989
615,534,XUV 500,SUV,Diesel,2022,2019-06-26,2022-06-26,65216
616,1685,Nexon,SUV,Petrol,2020,2021-06-28,2024-06-28,113507
617,847,Slavia,Sedan,Petrol,2023,2023-03-12,2027-03-12,24877
618,146,Fortuner,SUV,Diesel,2017,2021-02-11,2024-02-11,94018
619,501,Harrier,SUV,Diesel,2020,2024-10-06,2026-10-06,157204
620,1012,Creta,SUV,Petrol,2022,2024-05-22,2028-05-22,131693
621,1710,XUV 500,SUV,Diesel,2022,2018-02-12,2021-02-12,27322
622,1379,Slavia,Sedan,Petrol,2024,2023-07-23,2028-07-23,134806
623,493,Fortuner,SUV,Diesel,2019,2019-05-14,2023-05-14,52960
624,684,Creta,SUV,Petrol,2023,2024-05-18,2027-05-18,160986
625,104,Fortuner,SUV,Diesel,2017,2024-02-23,2028-02-23,63724
626,976,Creta,SUV,Petrol,2023,2022-07-19,2025-07-19,115247
627,16,Verna,Sedan,Diesel,2024,2018-03-07,2021-03-07,33677
628,1235,Creta,SUV,Petrol,2022,2024-10-28,2027-10-28,9887
629,855,XUV 500,SUV,Diesel,2019,2023-01-11,2026-01-11,17382
630,1508,Fortuner,SUV,Diesel,2023,2023-11-04,2027-11-04,70830
631,50,i20,Hatchback,Petrol,2019,2024-08-28,2028-08-28,31502
632,775,Baleno,Hatchback,Petrol,2024,2024-03-31,2028-03-31,135977
633,592,City,Sedan,Petrol,2021,2022-12-12,2026-12-12,12926
634,319,Baleno,Hatchback,Petrol,2023,2023-05-20,2027-05-20,72492
635,993,i20,Hatchback,Petrol,2018,2024-08-26,2028-08-26,108927
636,216,Slavia,Sedan,Petrol,2022,2025-03-29,2029-03-29,35812
637,42,Fortuner,SUV,Diesel,2024,2017-09-27,2019-09-27,65291
638,593,Verna,Sedan,Diesel,2021,2021-09-29,2024-09-29,108777
639,1672,Verna,Sedan,Diesel,2021,2018-10-24,2023-10-24,140647
640,1434,i20,Hatchback,Petrol,2021,2022-05-29,2025-05-29,149103
641,1279,XUV 500,SUV,Diesel,2020,2021-02-14,2026-02-14,21216
642,1649,XUV 500,SUV,Diesel,2018,2021-08-06,2024-08-06,74691
643,451,Harrier,SUV,Diesel,2021,2019-09-03,2023-09-03,125929
644,1616,Harrier,SUV,Diesel,2020,2023-03-14,2026-03-14,85853
645,1445,Verna,Sedan,Diesel,2023,2022-03-21,2026-03-21,75048
646,624,i20,Hatchback,Petrol,2018,2021-09-14,2025-09-14,13133
647,687,XUV 500,SUV,Diesel,2024,2020-04-14,2024-04-14,30250
648,1210,i20,Hatchback,Petrol,2025,2021-12-23,2024-12-23,66101
649,834,City,Sedan,Petrol,2024,2017-06-25,2021-06-25,33793
650,346,Baleno,Hatchback,Petrol,2020,2019-04-25,2023-04-25,140690
651,877,City,Sedan,Petrol,2024,2022-02-28,2026-02-28,131504
652,65,Creta,SUV,Petrol,2022,2019-10-11,2022-10-11,150921
653,252,XUV 500,SUV,Diesel,2018,2018-09-25,2021-09-25,160710
654,314,Baleno,Hatchback,Petrol,2025,2019-12-29,2022-12-29,72874
655,1284,i20,Hatchback,Petrol,2018,2020-10-13,2022-10-13,54195
656,1566,Baleno,Hatchback,Petrol,2025,2025-05-05,2029-05-05,129285
657,1476,Creta,SUV,Petrol,2022,2019-04-05,2023-04-05,119863
658,1031,City,Sedan,Petrol,2020,2021-01-19,2024-01-19,28905
659,1705,Nexon,SUV,Petrol,2024,2022-10-30,2024-10-30,146083
660,1271,Baleno,Hatchback,Petrol,2019,2025-03-07,2028-03-07,121423
661,264,Fortuner,SUV,Diesel,2017,2019-12-04,2023-12-04,146849
662,489,City,Sedan,Petrol,2023,2022-10-16,2026-10-16,76044
663,854,Fortuner,SUV,Diesel,2023,2022-07-03,2025-07-03,7872
664,673,Harrier,SUV,Diesel,2023,2021-06-08,2024-06-08,83462
665,1480,XUV 500,SUV,Diesel,2024,2022-05-15,2026-05-15,122607
666,298,City,Sedan,Petrol,2017,2017-06-07,2022-06-07,32592
667,1626,Creta,SUV,Petrol,2022,2020-09-09,2024-09-09,127268
668,1052,City,Sedan,Petrol,2020,2017-10-01,2021-10-01,84054
669,278,Baleno,Hatchback,Petrol,2019,2021-11-12,2025-11-12,28481
670,497,XUV 500,SUV,Diesel,2020,2020-02-11,2022-02-11,131614
671,885,Fortuner,SUV,Diesel,2021,2018-09-02,2021-09-02,132352
672,612,i20,Hatchback,Petrol,2022,2018-05-19,2020-05-19,53125
673,1085,i20,Hatchback,Petrol,2023,2025-06-20,2028-06-20,116523
674,793,Fortuner,SUV,Diesel,2020,2017-08-21,2020-08-21,10612
675,1791,Harrier,SUV,Diesel,2024,2023-12-02,2028-12-02,135279
676,1753,City,Sedan,Petrol,2023,2024-09-20,2028-09-20,91674
677,91,City,Sedan,Petrol,2019,2022-01-16,2025-01-16,73689
678,247,Fortuner,SUV,Diesel,2017,2018-03-28,2022-03-28,82937
679,794,Verna,Sedan,Diesel,2020,2022-03-14,2026-03-14,107487
680,1609,Slavia,Sedan,Petrol,2023,2024-02-16,2028-02-16,14123
681,578,Creta,SUV,Petrol,2022,2023-10-30,2026-10-30,100430
682,1334,Slavia,Sedan,Petrol,2024,2024-04-04,2027-04-04,23185
683,1174,City,Sedan,Petrol,2018,2017-04-29,2020-04-29,76862
684,502,Baleno,Hatchback,Petrol,2022,2025-01-31,2029-01-31,135808
685,1676,Creta,SUV,Petrol,2023,2021-01-03,2025-01-03,139055
686,523,i20,Hatchback,Petrol,2021,2019-04-05,2024-04-05,5328
687,1383,Harrier,SUV,Diesel,2023,2024-01-24,2027-01-24,9686
688,958,Fortuner,SUV,Diesel,2022,2022-09-05,2025-09-05,45322
689,426,Fortuner,SUV,Diesel,2024,2020-07-29,2024-07-29,43553
690,522,i20,Hatchback,Petrol,2025,2024-03-15,2028-03-15,118648
691,159,Verna,Sedan,Diesel,2019,2023-08-01,2025-08-01,25575
692,648,i20,Hatchback,Petrol,2021,2024-03-14,2027-03-14,152329
693,1053,City,Sedan,Petrol,2020,2017-11-26,2021-11-26,121898
694,603,Harrier,SUV,Diesel,2023,2024-09-29,2029-09-29,149702
695,1645,Creta,SUV,Petrol,2025,2024-10-17,2029-10-17,114068
696,1034,City,Sedan,Petrol,2017,2023-05-30,2026-05-30,76153
697,1281,i20,Hatchback,Petrol,2025,2019-11-15,2021-11-15,52173
698,396,Verna,Sedan,Diesel,2022,2021-11-17,2024-11-17,128874
699,941,XUV 500,SUV,Diesel,2019,2024-09-12,2027-09-12,113440
700,1042,Fortuner,SUV,Diesel,2024,2018-06-01,2021-06-01,38399
701,276,Verna,Sedan,Diesel,2019,2021-04-10,2026-04-10,128572
702,799,XUV 500,SUV,Diesel,2024,2023-06-26,2026-06-26,133715
703,1700,Creta,SUV,Petrol,2019,2020-04-10,2022-04-10,9471
704,37,Harrier,SUV,Diesel,2020,2025-06-25,2028-06-25,21745
705,1095,Verna,Sedan,Diesel,2022,2023-07-14,2026-07-14,116419
706,1238,XUV 500,SUV,Diesel,2023,2018-12-10,2021-12-10,113250
707,509,Harrier,SUV,Diesel,2024,2022-10-19,2027-10-19,150768
708,1031,Nexon,SUV,Petrol,2020,2022-01-20,2026-01-20,74960
709,869,i20,Hatchback,Petrol,2023,2024-10-15,2027-10-15,80556
710,843,Nexon,SUV,Petrol,2020,2020-06-19,2023-06-19,160855
711,737,i20,Hatchback,Petrol,2024,2020-08-12,2022-08-12,55436
712,1684,Nexon,SUV,Petrol,2024,2025-01-31,2027-01-31,7003
713,1217,City,Sedan,Petrol,2024,2021-10-01,2024-10-01,23129
714,702,Verna,Sedan,Diesel,2023,2024-08-11,2028-08-11,72454
715,870,Slavia,Sedan,Petrol,2025,2024-11-15,2028-11-15,22528
716,115,XUV 500,SUV,Diesel,2024,2018-11-27,2020-11-27,154579
717,1631,i20,Hatchback,Petrol,2021,2019-07-16,2022-07-16,157779
718,847,City,Sedan,Petrol,2019,2023-04-02,2027-04-02,89174
719,1768,City,Sedan,Petrol,2024,2022-07-18,2026-07-18,141228
720,1619,i20,Hatchback,Petrol,2022,2022-07-17,2025-07-17,73283
721,384,City,Sedan,Petrol,2017,2021-09-23,2025-09-23,146039
722,1408,Creta,SUV,Petrol,2024,2022-11-29,2027-11-29,126485
723,973,Nexon,SUV,Petrol,2022,2021-03-21,2024-03-21,113711
724,942,XUV 500,SUV,Diesel,2018,2024-11-16,2028-11-16,65030
725,28,Baleno,Hatchback,Petrol,2025,2024-12-06,2027-12-06,86445
726,584,Nexon,SUV,Petrol,2020,2025-08-13,2030-08-13,88822
727,1288,City,Sedan,Petrol,2020,2017-02-08,2021-02-08,100578
728,577,Baleno,Hatchback,Petrol,2025,2025-03-05,2028-03-05,133418
729,1104,XUV 500,SUV,Diesel,2020,2019-10-01,2023-10-01,155737
730,730,Baleno,Hatchback,Petrol,2019,2020-05-05,2024-05-05,45775
731,1287,XUV 500,SUV,Diesel,2020,2022-11-16,2026-11-16,106066
732,1421,Baleno,Hatchback,Petrol,2020,2021-09-11,2025-09-11,24538
733,1380,Creta,SUV,Petrol,2023,2021-10-19,2025-10-19,5120
734,667,Slavia,Sedan,Petrol,2024,2024-06-01,2027-06-01,145356
735,1656,i20,Hatchback,Petrol,2018,2021-12-19,2026-12-19,32385
736,1093,Baleno,Hatchback,Petrol,2019,2019-06-28,2023-06-28,5462
737,1326,i20,Hatchback,Petrol,2024,2025-09-23,2029-09-23,55517
738,1781,Creta,SUV,Petrol,2024,2023-03-23,2026-03-23,27452
739,1002,XUV 500,SUV,Diesel,2023,2023-01-21,2028-01-21,98462
740,737,Slavia,Sedan,Petrol,2025,2022-09-11,2026-09-11,13914
741,132,Verna,Sedan,Diesel,2018,2019-12-24,2022-12-24,162176
742,1259,i20,Hatchback,Petrol,2023,2021-04-30,2025-04-30,143241
743,1036,Slavia,Sedan,Petrol,2025,2022-06-11,2027-06-11,127768
744,462,XUV 500,SUV,Diesel,2021,2020-12-15,2024-12-15,11456
745,1667,Nexon,SUV,Petrol,2020,2020-10-28,2025-10-28,87258
746,1701,Nexon,SUV,Petrol,2022,2023-08-29,2025-08-29,111496
747,1571,Verna,Sedan,Diesel,2018,2024-01-18,2027-01-18,148084
748,1038,City,Sedan,Petrol,2020,2018-03-11,2020-03-11,75786
749,1106,Harrier,SUV,Diesel,2024,2019-11-28,2023-11-28,96648
750,1156,Fortuner,SUV,Diesel,2020,2019-03-21,2024-03-21,116347
751,1036,Creta,SUV,Petrol,2022,2025-04-12,2028-04-12,66857
752,435,Verna,Sedan,Diesel,2020,2022-10-30,2026-10-30,54318
753,540,Harrier,SUV,Diesel,2025,2023-09-08,2026-09-08,80260
754,330,Harrier,SUV,Diesel,2019,2022-11-07,2025-11-07,103108
755,328,City,Sedan,Petrol,2017,2018-11-01,2021-11-01,28888
756,447,i20,Hatchback,Petrol,2021,2024-02-20,2026-02-20,18278
757,1314,Nexon,SUV,Petrol,2025,2023-06-09,2026-06-09,15547
758,70,Slavia,Sedan,Petrol,2025,2025-10-13,2027-10-13,91995
759,672,Nexon,SUV,Petrol,2021,2025-02-03,2027-02-03,98432
760,1436,Fortuner,SUV,Diesel,2020,2020-06-22,2023-06-22,159768
761,594,Baleno,Hatchback,Petrol,2024,2025-10-25,2028-10-25,90645
762,103,XUV 500,SUV,Diesel,2024,2023-03-31,2028-03-31,26221
763,1683,Verna,Sedan,Diesel,2022,2020-02-28,2024-02-28,102009
764,1787,Fortuner,SUV,Diesel,2024,2021-07-05,2026-07-05,16645
765,307,Harrier,SUV,Diesel,2023,2025-07-13,2028-07-13,117413
766,1120,XUV 500,SUV,Diesel,2022,2024-05-03,2027-05-03,6848
767,418,Harrier,SUV,Diesel,2025,2022-09-03,2027-09-03,148449
768,688,Nexon,SUV,Petrol,2021,2020-09-02,2022-09-02,144054
769,199,Creta,SUV,Petrol,2019,2023-01-04,2026-01-04,102511
770,763,Creta,SUV,Petrol,2023,2022-11-06,2025-11-06,79451
771,1463,Nexon,SUV,Petrol,2023,2024-02-13,2026-02-13,152193
772,1018,Slavia,Sedan,Petrol,2023,2022-03-24,2026-03-24,31080
773,1635,Harrier,SUV,Diesel,2023,2025-04-10,2029-04-10,9834
774,916,XUV 500,SUV,Diesel,2019,2022-09-04,2025-09-04,146059
775,1663,Slavia,Sedan,Petrol,2023,2022-07-28,2025-07-28,31216
776,772,XUV 500,SUV,Diesel,2018,2023-10-19,2025-10-19,35293
777,1467,XUV 500,SUV,Diesel,2021,2020-03-12,2024-03-12,102482
778,677,Baleno,Hatchback,Petrol,2020,2021-05-11,2024-05-11,104953
779,1775,Baleno,Hatchback,Petrol,2025,2025-11-03,2030-11-03,110695
780,647,Slavia,Sedan,Petrol,2024,2025-07-13,2029-07-13,65567
781,189,Fortuner,SUV,Diesel,2018,2022-02-13,2024-02-13,150341
782,184,Baleno,Hatchback,Petrol,2024,2023-09-17,2026-09-17,106517
783,86,XUV 500,SUV,Diesel,2019,2018-07-02,2021-07-02,81889
784,570,i20,Hatchback,Petrol,2020,2022-07-29,2026-07-29,143292
785,1040,Nexon,SUV,Petrol,2022,2023-04-20,2028-04-20,47103
786,397,Creta,SUV,Petrol,2019,2025-07-01,2029-07-01,56519
787,648,Creta,SUV,Petrol,2021,2021-01-07,2025-01-07,106664
788,1776,Verna,Sedan,Diesel,2018,2023-02-07,2028-02-07,131928
789,594,Slavia,Sedan,Petrol,2024,2024-07-24,2027-07-24,128332
790,1622,Fortuner,SUV,Diesel,2017,2024-09-05,2028-09-05,81561
791,1347,i20,Hatchback,Petrol,2024,2019-11-20,2024-11-20,20559
792,279,i20,Hatchback,Petrol,2018,2019-10-18,2022-10-18,155733
793,483,Verna,Sedan,Diesel,2018,2019-12-21,2022-12-21,93546
794,1034,Verna,Sedan,Diesel,2018,2019-10-27,2024-10-27,158487
795,441,XUV 500,SUV,Diesel,2022,2024-11-30,2029-11-30,71761
796,18,City,Sedan,Petrol,2017,2021-12-04,2026-12-04,120932
797,305,Creta,SUV,Petrol,2024,2024-12-11,2027-12-11,152436
798,246,i20,Hatchback,Petrol,2021,2024-06-05,2029-06-05,43009
799,608,City,Sedan,Petrol,2022,2018-07-13,2020-07-13,124200
800,424,City,Sedan,Petrol,2018,2017-09-23,2020-09-23,164288
801,784,Fortuner,SUV,Diesel,2021,2024-04-13,2027-04-13,25442
802,446,Nexon,SUV,Petrol,2025,2020-01-28,2025-01-28,112268
803,921,Verna,Sedan,Diesel,2018,2023-01-20,2026-01-20,70121
804,1252,Harrier,SUV,Diesel,2021,2022-07-22,2025-07-22,150231
805,248,Fortuner,SUV,Diesel,2021,2019-02-26,2023-02-26,94091
806,1773,Nexon,SUV,Petrol,2024,2021-10-08,2023-10-08,134093
807,480,i20,Hatchback,Petrol,2020,2019-06-29,2024-06-29,159434
808,1705,Harrier,SUV,Diesel,2020,2023-05-11,2026-05-11,156081
809,1431,Fortuner,SUV,Diesel,2019,2022-12-20,2027-12-20,28512
810,892,Slavia,Sedan,Petrol,2023,2023-03-17,2026-03-17,105625
811,206,Baleno,Hatchback,Petrol,2025,2025-07-14,2029-07-14,45878
812,602,Fortuner,SUV,Diesel,2023,2023-06-16,2026-06-16,124849
813,224,Slavia,Sedan,Petrol,2024,2023-08-21,2027-08-21,107442
814,369,Baleno,Hatchback,Petrol,2019,2022-12-05,2025-12-05,23439
815,45,Fortuner,SUV,Diesel,2017,2018-02-06,2023-02-06,139875
816,449,Nexon,SUV,Petrol,2024,2025-06-05,2029-06-05,21033
817,1113,Verna,Sedan,Diesel,2023,2023-11-05,2026-11-05,100127
818,608,Verna,Sedan,Diesel,2018,2024-02-05,2028-02-05,105099
819,1033,Baleno,Hatchback,Petrol,2023,2019-03-31,2023-03-31,83381
820,374,Nexon,SUV,Petrol,2022,2025-12-04,2029-12-04,61776
821,1478,Nexon,SUV,Petrol,2023,2022-03-04,2025-03-04,75496
822,264,Slavia,Sedan,Petrol,2025,2025-03-15,2030-03-15,145525
823,1276,Harrier,SUV,Diesel,2023,2024-12-28,2029-12-28,8703
824,53,Baleno,Hatchback,Petrol,2023,2019-08-11,2023-08-11,55877
825,1560,City,Sedan,Petrol,2023,2023-01-27,2026-01-27,60294
826,1282,Creta,SUV,Petrol,2021,2021-01-19,2024-01-19,114057
827,160,i20,Hatchback,Petrol,2020,2019-05-28,2022-05-28,34500
828,1325,City,Sedan,Petrol,2022,2018-12-06,2022-12-06,53977
829,1660,Baleno,Hatchback,Petrol,2020,2024-11-11,2028-11-11,146728
830,364,Creta,SUV,Petrol,2021,2023-04-09,2027-04-09,85631
831,95,Fortuner,SUV,Diesel,2017,2024-02-24,2028-02-24,129807
832,228,Harrier,SUV,Diesel,2021,2024-01-05,2027-01-05,19087
833,1235,Verna,Sedan,Diesel,2022,2019-07-02,2023-07-02,37609
834,606,Creta,SUV,Petrol,2025,2021-11-15,2025-11-15,26111
835,640,i20,Hatchback,Petrol,2020,2025-11-05,2027-11-05,82188
836,936,Creta,SUV,Petrol,2025,2023-06-09,2027-06-09,132100
837,492,Slavia,Sedan,Petrol,2022,2024-05-17,2027-05-17,60997
838,1452,Verna,Sedan,Diesel,2019,2021-08-18,2025-08-18,38624
839,1603,Baleno,Hatchback,Petrol,2019,2025-11-25,2027-11-25,139539
840,1424,i20,Hatchback,Petrol,2021,2023-01-04,2028-01-04,110091
841,1723,Harrier,SUV,Diesel,2020,2021-10-03,2025-10-03,163046
842,1516,Harrier,SUV,Diesel,2020,2024-12-16,2029-12-16,33988
843,812,Fortuner,SUV,Diesel,2018,2022-03-12,2026-03-12,82691
844,1156,XUV 500,SUV,Diesel,2018,2019-03-14,2023-03-14,25119
845,567,i20,Hatchback,Petrol,2020,2023-05-16,2026-05-16,29299
846,229,Nexon,SUV,Petrol,2022,2020-03-26,2023-03-26,42998
847,696,i20,Hatchback,Petrol,2020,2024-10-03,2027-10-03,139428
848,277,Harrier,SUV,Diesel,2024,2019-03-31,2024-03-31,108130
849,444,i20,Hatchback,Petrol,2019,2024-11-09,2028-11-09,155068
850,1140,Harrier,SUV,Diesel,2022,2025-12-03,2028-12-03,63527
851,658,Creta,SUV,Petrol,2021,2020-06-16,2023-06-16,122503
852,5,Slavia,Sedan,Petrol,2024,2022-03-03,2025-03-03,57988
853,906,XUV 500,SUV,Diesel,2024,2022-10-23,2024-10-23,64847
854,417,Nexon,SUV,Petrol,2020,2021-07-06,2024-07-06,143621
855,81,Slavia,Sedan,Petrol,2023,2023-05-07,2028-05-07,158662
856,723,Creta,SUV,Petrol,2024,2023-07-02,2026-07-02,36583
857,711,City,Sedan,Petrol,2022,2022-01-24,2026-01-24,68420
858,462,Nexon,SUV,Petrol,2020,2021-12-27,2023-12-27,91159
859,1030,Verna,Sedan,Diesel,2023,2023-06-25,2027-06-25,7543
860,1409,Creta,SUV,Petrol,2019,2022-11-20,2026-11-20,68571
861,1360,Harrier,SUV,Diesel,2022,2020-07-27,2023-07-27,20977
862,526,Nexon,SUV,Petrol,2025,2020-05-05,2023-05-05,114114
863,1715,Harrier,SUV,Diesel,2024,2022-04-16,2026-04-16,160292
864,507,i20,Hatchback,Petrol,2019,2023-12-26,2027-12-26,62215
865,419,Creta,SUV,Petrol,2024,2025-08-13,2030-08-13,17500
866,1095,XUV 500,SUV,Diesel,2024,2018-06-12,2022-06-12,93693
867,165,XUV 500,SUV,Diesel,2020,2020-09-18,2024-09-18,81678
868,1262,Creta,SUV,Petrol,2025,2019-11-30,2023-11-30,98995
869,1770,i20,Hatchback,Petrol,2022,2018-09-13,2021-09-13,112476
870,627,Verna,Sedan,Diesel,2019,2019-06-24,2024-06-24,58811
871,99,Baleno,Hatchback,Petrol,2019,2024-04-29,2028-04-29,146336
872,577,Creta,SUV,Petrol,2020,2022-11-08,2027-11-08,132091
873,1274,i20,Hatchback,Petrol,2019,2024-08-21,2029-08-21,64052
874,358,Creta,SUV,Petrol,2022,2024-12-24,2026-12-24,46978
875,324,Harrier,SUV,Diesel,2020,2024-12-26,2029-12-26,153673
876,1272,Harrier,SUV,Diesel,2024,2025-09-18,2029-09-18,38583
877,1786,Fortuner,SUV,Diesel,2020,2017-07-25,2020-07-25,55665
878,651,Nexon,SUV,Petrol,2023,2024-07-12,2026-07-12,61659
879,1199,Slavia,Sedan,Petrol,2024,2025-01-03,2028-01-03,90546
880,380,Harrier,SUV,Diesel,2025,2022-05-17,2024-05-17,69901
881,615,Fortuner,SUV,Diesel,2019,2024-12-29,2027-12-29,29641
882,1602,Verna,Sedan,Diesel,2020,2020-02-18,2024-02-18,15339
883,1252,City,Sedan,Petrol,2021,2024-12-18,2027-12-18,34940
884,1798,Creta,SUV,Petrol,2020,2022-12-06,2024-12-06,51856
885,1339,Nexon,SUV,Petrol,2023,2025-03-30,2030-03-30,126355
886,804,Slavia,Sedan,Petrol,2022,2025-12-15,2028-12-15,82183
887,564,Slavia,Sedan,Petrol,2023,2023-05-21,2028-05-21,26279
888,1594,XUV 500,SUV,Diesel,2021,2018-12-27,2021-12-27,154203
889,1443,City,Sedan,Petrol,2017,2017-12-04,2020-12-04,50696
890,352,Slavia,Sedan,Petrol,2024,2023-02-25,2027-02-25,140073
891,1643,Creta,SUV,Petrol,2023,2024-02-06,2027-02-06,71446
892,671,Slavia,Sedan,Petrol,2025,2023-12-16,2025-12-16,142303
893,198,Nexon,SUV,Petrol,2024,2020-04-02,2024-04-02,121867
894,1322,Harrier,SUV,Diesel,2022,2023-04-01,2027-04-01,156861
895,937,Harrier,SUV,Diesel,2019,2021-03-23,2024-03-23,32514
896,1511,Fortuner,SUV,Diesel,2022,2020-12-13,2024-12-13,145839
897,1445,Fortuner,SUV,Diesel,2022,2017-01-27,2021-01-27,150670
898,1317,Creta,SUV,Petrol,2019,2023-02-20,2026-02-20,60511
899,987,i20,Hatchback,Petrol,2022,2023-05-11,2026-05-11,90725
900,403,City,Sedan,Petrol,2020,2018-02-01,2021-02-01,74039
901,975,Baleno,Hatchback,Petrol,2022,2023-12-06,2027-12-06,144946
902,1543,Slavia,Sedan,Petrol,2022,2022-07-25,2026-07-25,142135
903,330,XUV 500,SUV,Diesel,2022,2024-04-23,2028-04-23,132275
904,451,Creta,SUV,Petrol,2019,2024-05-24,2028-05-24,126539
905,1613,Verna,Sedan,Diesel,2024,2022-05-04,2025-05-04,21338
906,444,Verna,Sedan,Diesel,2021,2024-04-20,2029-04-20,150904
907,1110,Verna,Sedan,Diesel,2023,2023-12-17,2026-12-17,48780
908,866,Baleno,Hatchback,Petrol,2020,2025-08-12,2028-08-12,70848
909,1601,XUV 500,SUV,Diesel,2021,2021-07-13,2026-07-13,56580
910,819,Fortuner,SUV,Diesel,2022,2020-01-10,2024-01-10,63189
911,275,Slavia,Sedan,Petrol,2024,2022-01-03,2027-01-03,126079
912,929,Fortuner,SUV,Diesel,2023,2019-02-04,2022-02-04,54412
913,580,City,Sedan,Petrol,2021,2020-03-18,2023-03-18,85374
914,925,i20,Hatchback,Petrol,2018,2024-11-05,2027-11-05,151304
915,896,Fortuner,SUV,Diesel,2020,2017-12-09,2019-12-09,151711
916,273,Fortuner,SUV,Diesel,2017,2017-09-15,2019-09-15,34407
917,984,Verna,Sedan,Diesel,2020,2021-12-27,2025-12-27,158519
918,1038,Verna,Sedan,Diesel,2019,2022-10-17,2026-10-17,68389
919,1309,Slavia,Sedan,Petrol,2024,2022-02-23,2026-02-23,72122
920,1393,Slavia,Sedan,Petrol,2023,2023-09-13,2027-09-13,116491
921,1769,Nexon,SUV,Petrol,2025,2023-01-05,2027-01-05,138255
922,1716,Verna,Sedan,Diesel,2018,2021-12-30,2025-12-30,152251
923,1634,Harrier,SUV,Diesel,2025,2021-09-09,2026-09-09,110382
924,683,Baleno,Hatchback,Petrol,2020,2023-03-31,2028-03-31,43150
925,838,XUV 500,SUV,Diesel,2022,2020-06-01,2024-06-01,144249
926,167,City,Sedan,Petrol,2021,2018-05-14,2021-05-14,26586
927,513,Verna,Sedan,Diesel,2020,2020-03-29,2022-03-29,142616
928,1234,Slavia,Sedan,Petrol,2024,2022-10-03,2024-10-03,120891
929,1563,City,Sedan,Petrol,2022,2018-10-08,2021-10-08,73978
930,1419,XUV 500,SUV,Diesel,2022,2018-03-02,2021-03-02,136670
931,1410,Baleno,Hatchback,Petrol,2020,2021-06-26,2025-06-26,137907
932,1104,i20,Hatchback,Petrol,2020,2023-07-13,2027-07-13,22567
933,1314,Creta,SUV,Petrol,2022,2023-08-30,2027-08-30,21955
934,571,Slavia,Sedan,Petrol,2025,2022-09-23,2025-09-23,150840
935,1119,City,Sedan,Petrol,2022,2017-07-13,2021-07-13,10320
936,1800,Fortuner,SUV,Diesel,2017,2022-01-20,2025-01-20,56204
937,552,XUV 500,SUV,Diesel,2024,2019-01-11,2021-01-11,142446
938,1417,i20,Hatchback,Petrol,2020,2020-02-04,2024-02-04,53662
939,679,Baleno,Hatchback,Petrol,2025,2023-10-12,2026-10-12,134430
940,1655,i20,Hatchback,Petrol,2021,2023-10-24,2027-10-24,48850
941,645,Harrier,SUV,Diesel,2025,2023-09-19,2028-09-19,43956
942,1222,Verna,Sedan,Diesel,2022,2021-03-18,2024-03-18,136859
943,581,Nexon,SUV,Petrol,2021,2023-01-14,2026-01-14,53001
944,1034,City,Sedan,Petrol,2017,2023-04-24,2028-04-24,34479
945,663,City,Sedan,Petrol,2021,2019-11-01,2023-11-01,81119
946,1608,Creta,SUV,Petrol,2024,2020-11-06,2024-11-06,127269
947,252,City,Sedan,Petrol,2021,2024-07-06,2027-07-06,141361
948,279,XUV 500,SUV,Diesel,2024,2024-01-07,2027-01-07,108143
949,362,Baleno,Hatchback,Petrol,2023,2019-07-07,2022-07-07,114255
950,1774,Verna,Sedan,Diesel,2018,2021-02-16,2024-02-16,85579
951,1127,Fortuner,SUV,Diesel,2019,2023-09-12,2026-09-12,146523
952,1346,XUV 500,SUV,Diesel,2022,2018-09-05,2021-09-05,100949
953,1231,i20,Hatchback,Petrol,2025,2020-11-27,2024-11-27,92703
954,1588,Creta,SUV,Petrol,2019,2020-10-13,2023-10-13,17324
955,769,Fortuner,SUV,Diesel,2023,2020-05-20,2025-05-20,87679
956,189,i20,Hatchback,Petrol,2023,2021-07-27,2025-07-27,131308
957,1552,Verna,Sedan,Diesel,2024,2022-04-01,2024-04-01,49577
958,1771,i20,Hatchback,Petrol,2018,2022-08-30,2025-08-30,59286
959,806,Nexon,SUV,Petrol,2023,2024-09-27,2027-09-27,128854
960,723,City,Sedan,Petrol,2020,2021-12-05,2025-12-05,132580
961,482,Creta,SUV,Petrol,2020,2021-09-23,2024-09-23,5939
962,1561,Slavia,Sedan,Petrol,2024,2025-11-11,2028-11-11,148508
963,676,XUV 500,SUV,Diesel,2020,2022-01-16,2026-01-16,157731
964,1427,Baleno,Hatchback,Petrol,2022,2022-07-14,2026-07-14,29572
965,964,Harrier,SUV,Diesel,2024,2019-03-27,2022-03-27,82551
966,200,City,Sedan,Petrol,2022,2017-01-24,2021-01-24,96287
967,1621,Fortuner,SUV,Diesel,2022,2019-07-21,2023-07-21,114630
968,1378,Harrier,SUV,Diesel,2020,2020-11-05,2023-11-05,55385
969,941,Slavia,Sedan,Petrol,2024,2025-02-25,2030-02-25,93056
970,155,i20,Hatchback,Petrol,2023,2019-05-24,2023-05-24,150999
971,580,XUV 500,SUV,Diesel,2020,2020-12-28,2022-12-28,139889
972,747,Slavia,Sedan,Petrol,2024,2024-04-06,2028-04-06,26171
973,279,Verna,Sedan,Diesel,2021,2020-06-27,2024-06-27,14350
974,1714,Fortuner,SUV,Diesel,2017,2019-06-05,2023-06-05,27946
975,139,Creta,SUV,Petrol,2020,2025-02-26,2027-02-26,28514
976,1638,Creta,SUV,Petrol,2022,2025-09-05,2030-09-05,58146
977,795,Baleno,Hatchback,Petrol,2025,2020-09-07,2023-09-07,68665
978,1100,City,Sedan,Petrol,2022,2019-12-25,2023-12-25,131523
979,832,Creta,SUV,Petrol,2019,2021-05-15,2024-05-15,134004
980,312,Fortuner,SUV,Diesel,2024,2022-04-29,2027-04-29,6428
981,709,Creta,SUV,Petrol,2023,2024-04-07,2028-04-07,125708
982,666,Harrier,SUV,Diesel,2025,2022-11-23,2026-11-23,93419
983,706,Verna,Sedan,Diesel,2018,2020-12-01,2023-12-01,48085
984,1402,i20,Hatchback,Petrol,2019,2020-06-17,2022-06-17,34754
985,172,Baleno,Hatchback,Petrol,2025,2025-02-23,2028-02-23,162890
986,628,Verna,Sedan,Diesel,2022,2021-11-30,2025-11-30,158261
987,1015,Nexon,SUV,Petrol,2020,2023-05-16,2027-05-16,18607
988,1162,XUV 500,SUV,Diesel,2022,2024-12-28,2029-12-28,94669
989,1200,Nexon,SUV,Petrol,2023,2023-08-10,2028-08-10,162827
990,1694,Nexon,SUV,Petrol,2020,2022-12-12,2025-12-12,159183
991,5,Verna,Sedan,Diesel,2021,2024-02-24,2029-02-24,36682
992,1480,Baleno,Hatchback,Petrol,2020,2022-06-02,2026-06-02,118251
993,1658,XUV 500,SUV,Diesel,2018,2023-01-06,2026-01-06,62039
994,1192,Slavia,Sedan,Petrol,2025,2023-06-22,2026-06-22,5715
995,704,Fortuner,SUV,Diesel,2022,2017-12-15,2022-12-15,156355
996,1584,Harrier,SUV,Diesel,2021,2019-02-18,2021-02-18,82596
997,1669,i20,Hatchback,Petrol,2024,2022-02-26,2026-02-26,34503
998,39,Nexon,SUV,Petrol,2022,2020-09-07,2023-09-07,100427
999,36,Slavia,Sedan,Petrol,2024,2023-08-04,2028-08-04,28828
1000,1688,Harrier,SUV,Diesel,2019,2019-09-11,2023-09-11,53629
1001,536,Verna,Sedan,Diesel,2018,2024-10-04,2027-10-04,99635
1002,1590,Harrier,SUV,Diesel,2021,2019-01-04,2022-01-04,28512
1003,574,Creta,SUV,Petrol,2025,2021-03-21,2024-03-21,144186
1004,1259,XUV 500,SUV,Diesel,2023,2018-10-01,2022-10-01,155159
1005,613,i20,Hatchback,Petrol,2023,2019-11-02,2023-11-02,8137
1006,1770,Creta,SUV,Petrol,2025,2021-03-17,2025-03-17,156908
1007,1222,Verna,Sedan,Diesel,2018,2018-08-15,2021-08-15,33588
1008,1734,Fortuner,SUV,Diesel,2018,2018-10-29,2022-10-29,117467
1009,1375,Verna,Sedan,Diesel,2022,2023-10-11,2026-10-11,91379
1010,792,Nexon,SUV,Petrol,2022,2022-08-15,2027-08-15,74932
1011,103,i20,Hatchback,Petrol,2018,2020-08-02,2023-08-02,54920
1012,467,Baleno,Hatchback,Petrol,2021,2023-04-24,2026-04-24,41422
1013,682,Slavia,Sedan,Petrol,2025,2025-01-04,2028-01-04,62097
1014,1458,Harrier,SUV,Diesel,2021,2024-07-13,2027-07-13,14874
1015,243,i20,Hatchback,Petrol,2025,2019-10-09,2022-10-09,109918
1016,1092,Creta,SUV,Petrol,2022,2025-08-21,2028-08-21,75654
1017,282,Harrier,SUV,Diesel,2023,2024-04-19,2029-04-19,75025
1018,1078,Harrier,SUV,Diesel,2022,2023-09-16,2028-09-16,101294
1019,72,City,Sedan,Petrol,2018,2017-03-09,2020-03-09,72057
1020,249,Slavia,Sedan,Petrol,2025,2024-08-21,2028-08-21,18314
1021,30,Slavia,Sedan,Petrol,2025,2022-07-02,2026-07-02,80046
1022,420,Nexon,SUV,Petrol,2020,2022-11-28,2026-11-28,164418
1023,5,Nexon,SUV,Petrol,2021,2021-07-29,2025-07-29,14653
1024,77,City,Sedan,Petrol,2022,2019-03-10,2023-03-10,35315
1025,824,Baleno,Hatchback,Petrol,2022,2022-10-01,2025-10-01,78472
1026,1758,City,Sedan,Petrol,2024,2018-03-09,2022-03-09,97908
1027,1476,City,Sedan,Petrol,2024,2019-07-26,2024-07-26,18729
1028,662,Harrier,SUV,Diesel,2021,2020-07-12,2024-07-12,76048
1029,1080,Verna,Sedan,Diesel,2019,2024-09-10,2028-09-10,37121
1030,1175,XUV 500,SUV,Diesel,2021,2022-09-30,2025-09-30,118342
1031,675,Nexon,SUV,Petrol,2022,2022-08-21,2026-08-21,86025
1032,1301,City,Sedan,Petrol,2021,2024-02-08,2027-02-08,26999
1033,911,Slavia,Sedan,Petrol,2025,2022-11-21,2026-11-21,62613
1034,1210,Slavia,Sedan,Petrol,2022,2025-05-08,2030-05-08,10178
1035,1160,XUV 500,SUV,Diesel,2024,2018-11-27,2022-11-27,99090
1036,734,City,Sedan,Petrol,2019,2020-06-04,2023-06-04,73368
1037,297,City,Sedan,Petrol,2018,2021-10-31,2025-10-31,137915
1038,1290,Fortuner,SUV,Diesel,2018,2021-02-11,2024-02-11,6256
1039,553,XUV 500,SUV,Diesel,2020,2024-01-02,2026-01-02,132338
1040,973,Nexon,SUV,Petrol,2024,2024-07-09,2027-07-09,99881
1041,874,Nexon,SUV,Petrol,2025,2021-04-21,2025-04-21,52405
1042,51,Baleno,Hatchback,Petrol,2022,2019-11-14,2022-11-14,86217
1043,398,Slavia,Sedan,Petrol,2022,2025-04-27,2028-04-27,116704
1044,1626,Harrier,SUV,Diesel,2020,2023-01-17,2026-01-17,117324
1045,916,Fortuner,SUV,Diesel,2021,2018-10-11,2022-10-11,122754
1046,799,Nexon,SUV,Petrol,2025,2021-06-04,2025-06-04,6363
1047,1737,Fortuner,SUV,Diesel,2024,2021-08-22,2026-08-22,97087
1048,1539,Creta,SUV,Petrol,2023,2022-01-17,2026-01-17,49411
1049,309,XUV 500,SUV,Diesel,2024,2020-02-01,2025-02-01,35466
1050,425,Baleno,Hatchback,Petrol,2020,2024-01-27,2027-01-27,96110
1051,734,Harrier,SUV,Diesel,2024,2022-12-17,2027-12-17,130112
1052,312,Nexon,SUV,Petrol,2023,2024-02-18,2026-02-18,42611
1053,429,Harrier,SUV,Diesel,2020,2022-04-10,2025-04-10,136848
1054,1001,Creta,SUV,Petrol,2025,2024-05-20,2029-05-20,149453
1055,399,City,Sedan,Petrol,2018,2020-01-27,2024-01-27,64345
1056,1101,i20,Hatchback,Petrol,2021,2019-11-03,2022-11-03,136776
1057,1227,Slavia,Sedan,Petrol,2023,2022-07-23,2026-07-23,138771
1058,1688,i20,Hatchback,Petrol,2025,2020-09-17,2023-09-17,139907
1059,50,Harrier,SUV,Diesel,2021,2022-05-07,2024-05-07,46797
1060,265,Harrier,SUV,Diesel,2024,2023-04-29,2027-04-29,24031
1061,1325,Verna,Sedan,Diesel,2018,2023-02-24,2028-02-24,63138
1062,180,XUV 500,SUV,Diesel,2024,2023-11-08,2026-11-08,162758
1063,655,Verna,Sedan,Diesel,2021,2021-07-05,2024-07-05,76339
1064,1403,Verna,Sedan,Diesel,2018,2023-06-21,2027-06-21,127705
1065,380,Harrier,SUV,Diesel,2021,2023-09-10,2027-09-10,5428
1066,1067,XUV 500,SUV,Diesel,2018,2018-02-25,2021-02-25,69369
1067,848,Creta,SUV,Petrol,2023,2025-10-22,2029-10-22,60767
1068,1417,Verna,Sedan,Diesel,2019,2024-09-18,2029-09-18,158416
1069,783,Harrier,SUV,Diesel,2021,2025-10-14,2029-10-14,160195
1070,1786,Creta,SUV,Petrol,2022,2019-09-15,2023-09-15,73649
1071,856,Creta,SUV,Petrol,2020,2019-03-09,2022-03-09,97080
1072,1341,Slavia,Sedan,Petrol,2025,2023-02-07,2026-02-07,162514
1073,95,XUV 500,SUV,Diesel,2022,2020-10-25,2023-10-25,62865
1074,1632,Slavia,Sedan,Petrol,2022,2022-05-29,2026-05-29,148488
1075,513,Fortuner,SUV,Diesel,2023,2023-08-07,2028-08-07,138337
1076,1158,Verna,Sedan,Diesel,2018,2019-01-17,2022-01-17,80301
1077,1795,Creta,SUV,Petrol,2025,2024-08-01,2027-08-01,10818
1078,599,i20,Hatchback,Petrol,2022,2020-08-14,2023-08-14,161492
1079,577,Verna,Sedan,Diesel,2021,2024-10-09,2029-10-09,7890
1080,128,Fortuner,SUV,Diesel,2018,2019-10-26,2022-10-26,162552
1081,896,Fortuner,SUV,Diesel,2022,2024-06-19,2027-06-19,80689
1082,1327,Baleno,Hatchback,Petrol,2020,2024-07-03,2028-07-03,25752
1083,543,i20,Hatchback,Petrol,2022,2024-08-14,2027-08-14,109417
1084,834,XUV 500,SUV,Diesel,2024,2024-08-28,2027-08-28,7629
1085,1747,Nexon,SUV,Petrol,2025,2023-02-25,2025-02-25,59059
1086,118,Nexon,SUV,Petrol,2022,2024-12-07,2027-12-07,74866
1087,484,Creta,SUV,Petrol,2019,2024-09-11,2028-09-11,55463
1088,344,i20,Hatchback,Petrol,2020,2019-05-16,2022-05-16,29597
1089,1704,Baleno,Hatchback,Petrol,2020,2023-03-13,2026-03-13,63602
1090,30,Harrier,SUV,Diesel,2023,2023-12-06,2027-12-06,115185
1091,874,Nexon,SUV,Petrol,2021,2023-12-01,2026-12-01,121311
1092,1407,XUV 500,SUV,Diesel,2022,2022-07-06,2025-07-06,24782
1093,193,Baleno,Hatchback,Petrol,2019,2025-10-28,2028-10-28,36906
1094,1743,Harrier,SUV,Diesel,2022,2022-09-26,2024-09-26,140710
1095,1108,Fortuner,SUV,Diesel,2020,2023-11-03,2027-11-03,97231
1096,222,Harrier,SUV,Diesel,2024,2020-07-30,2024-07-30,90204
1097,722,Fortuner,SUV,Diesel,2023,2020-02-28,2024-02-28,76852
1098,919,Harrier,SUV,Diesel,2025,2024-03-18,2028-03-18,22081
1099,904,XUV 500,SUV,Diesel,2024,2020-10-27,2024-10-27,62170
1100,1084,Slavia,Sedan,Petrol,2024,2024-08-15,2028-08-15,99070
1101,436,Fortuner,SUV,Diesel,2021,2017-09-22,2020-09-22,75140
1102,951,City,Sedan,Petrol,2022,2022-11-06,2027-11-06,141406
1103,675,Creta,SUV,Petrol,2020,2019-08-06,2024-08-06,127726
1104,1780,i20,Hatchback,Petrol,2022,2019-10-14,2022-10-14,75546
1105,1617,Slavia,Sedan,Petrol,2025,2023-03-08,2027-03-08,9018
1106,1122,Harrier,SUV,Diesel,2024,2021-03-01,2023-03-01,97018
1107,1019,Nexon,SUV,Petrol,2024,2023-10-17,2026-10-17,22780
1108,778,XUV 500,SUV,Diesel,2019,2024-07-18,2028-07-18,60194
1109,1490,i20,Hatchback,Petrol,2020,2021-09-17,2024-09-17,118330
1110,1390,i20,Hatchback,Petrol,2023,2021-03-31,2025-03-31,20671
1111,1421,Creta,SUV,Petrol,2023,2023-06-27,2026-06-27,149069
1112,732,i20,Hatchback,Petrol,2023,2024-07-14,2028-07-14,92615
1113,43,Nexon,SUV,Petrol,2020,2023-09-12,2026-09-12,126099
1114,232,Verna,Sedan,Diesel,2023,2020-03-25,2025-03-25,121658
1115,1326,XUV 500,SUV,Diesel,2024,2018-12-22,2022-12-22,33017
1116,402,Creta,SUV,Petrol,2019,2022-02-07,2025-02-07,75076
1117,1113,Creta,SUV,Petrol,2019,2024-07-25,2026-07-25,39202
1118,663,Verna,Sedan,Diesel,2023,2020-06-09,2023-06-09,9672
1119,1559,Verna,Sedan,Diesel,2020,2024-12-16,2027-12-16,83605
1120,1681,Fortuner,SUV,Diesel,2023,2018-02-24,2020-02-24,22396
1121,591,Harrier,SUV,Diesel,2019,2019-07-19,2023-07-19,151323
1122,918,Baleno,Hatchback,Petrol,2025,2021-04-05,2025-04-05,65071
1123,1630,Harrier,SUV,Diesel,2024,2022-06-06,2026-06-06,106498
1124,44,Nexon,SUV,Petrol,2020,2020-09-18,2023-09-18,133465
1125,137,Verna,Sedan,Diesel,2021,2020-08-13,2024-08-13,144526
1126,1587,Creta,SUV,Petrol,2021,2021-04-20,2023-04-20,55773
1127,665,Nexon,SUV,Petrol,2023,2025-08-10,2030-08-10,157811
1128,470,Baleno,Hatchback,Petrol,2019,2024-03-17,2027-03-17,48801
1129,1688,Baleno,Hatchback,Petrol,2025,2024-10-15,2027-10-15,86777
1130,812,Baleno,Hatchback,Petrol,2021,2021-07-13,2024-07-13,30829
1131,252,Nexon,SUV,Petrol,2021,2021-02-28,2025-02-28,98238
1132,1457,Fortuner,SUV,Diesel,2021,2022-03-28,2027-03-28,102489
1133,70,Creta,SUV,Petrol,2020,2020-01-31,2024-01-31,39960
1134,16,Harrier,SUV,Diesel,2022,2021-11-21,2025-11-21,149734
1135,1482,Fortuner,SUV,Diesel,2018,2021-11-01,2025-11-01,61180
1136,77,Baleno,Hatchback,Petrol,2019,2024-04-10,2026-04-10,117824
1137,448,Slavia,Sedan,Petrol,2023,2023-09-11,2027-09-11,40514
1138,106,Fortuner,SUV,Diesel,2024,2024-07-10,2027-07-10,75431
1139,1382,Verna,Sedan,Diesel,2021,2020-04-21,2024-04-21,61731
1140,1480,City,Sedan,Petrol,2017,2017-04-06,2020-04-06,136048
1141,818,i20,Hatchback,Petrol,2025,2025-09-03,2029-09-03,22345
1142,863,City,Sedan,Petrol,2023,2017-01-11,2021-01-11,16009
1143,1220,Creta,SUV,Petrol,2025,2024-11-08,2027-11-08,100274
1144,1671,City,Sedan,Petrol,2022,2019-05-15,2022-05-15,134884
1145,118,Verna,Sedan,Diesel,2021,2020-10-06,2022-10-06,129885
1146,410,Nexon,SUV,Petrol,2023,2024-02-25,2028-02-25,35815
1147,986,Creta,SUV,Petrol,2022,2021-10-26,2024-10-26,119172
1148,1581,Creta,SUV,Petrol,2019,2019-01-01,2024-01-01,105645
1149,1487,Fortuner,SUV,Diesel,2023,2024-02-25,2027-02-25,106525
1150,952,Nexon,SUV,Petrol,2020,2020-11-21,2023-11-21,21051
1151,572,Harrier,SUV,Diesel,2020,2024-02-24,2027-02-24,82542
1152,313,Fortuner,SUV,Diesel,2017,2017-01-30,2019-01-30,33884
1153,1559,Baleno,Hatchback,Petrol,2025,2019-11-26,2023-11-26,147554
1154,1531,Harrier,SUV,Diesel,2020,2022-03-16,2025-03-16,43281
1155,863,Baleno,Hatchback,Petrol,2020,2019-01-27,2023-01-27,110851
1156,1141,Slavia,Sedan,Petrol,2023,2022-03-05,2024-03-05,134269
1157,441,City,Sedan,Petrol,2024,2024-02-18,2028-02-18,159596
1158,330,Nexon,SUV,Petrol,2024,2025-04-13,2028-04-13,124869
1159,986,City,Sedan,Petrol,2021,2021-02-13,2025-02-13,100270
1160,591,Verna,Sedan,Diesel,2018,2018-10-30,2023-10-30,43895
1161,1097,Creta,SUV,Petrol,2024,2024-12-31,2028-12-31,121163
1162,1300,Harrier,SUV,Diesel,2023,2020-10-22,2025-10-22,71681
1163,196,XUV 500,SUV,Diesel,2018,2024-07-28,2026-07-28,135209
1164,265,XUV 500,SUV,Diesel,2020,2024-12-02,2028-12-02,124797
1165,1532,Fortuner,SUV,Diesel,2023,2020-08-30,2023-08-30,148549
1166,318,Harrier,SUV,Diesel,2024,2025-04-09,2028-04-09,128734
1167,655,XUV 500,SUV,Diesel,2023,2020-03-12,2023-03-12,135035
1168,41,i20,Hatchback,Petrol,2024,2019-02-27,2022-02-27,129938
1169,1774,Fortuner,SUV,Diesel,2021,2023-10-09,2027-10-09,139439
1170,301,i20,Hatchback,Petrol,2025,2024-08-19,2027-08-19,133355
1171,893,Nexon,SUV,Petrol,2020,2022-10-06,2027-10-06,139021
1172,1604,Creta,SUV,Petrol,2022,2021-08-06,2024-08-06,139472
1173,635,Slavia,Sedan,Petrol,2022,2024-05-11,2028-05-11,104661
1174,1446,Nexon,SUV,Petrol,2021,2023-02-08,2026-02-08,115168
1175,394,City,Sedan,Petrol,2023,2023-03-27,2026-03-27,125889
1176,1149,Slavia,Sedan,Petrol,2022,2023-05-07,2026-05-07,31264
1177,1136,Harrier,SUV,Diesel,2022,2024-07-19,2027-07-19,65587
1178,192,Slavia,Sedan,Petrol,2023,2024-01-02,2027-01-02,33042
1179,421,Creta,SUV,Petrol,2025,2024-03-11,2027-03-11,79338
1180,307,Creta,SUV,Petrol,2021,2022-03-18,2025-03-18,34662
1181,76,City,Sedan,Petrol,2022,2023-01-06,2027-01-06,125476
1182,1389,XUV 500,SUV,Diesel,2018,2024-10-01,2028-10-01,79728
1183,696,Verna,Sedan,Diesel,2021,2024-12-19,2029-12-19,146885
1184,1009,i20,Hatchback,Petrol,2022,2020-09-09,2023-09-09,63560
1185,1775,Baleno,Hatchback,Petrol,2020,2020-02-03,2025-02-03,109068
1186,718,Harrier,SUV,Diesel,2025,2021-03-19,2025-03-19,29218
1187,1508,City,Sedan,Petrol,2021,2024-08-13,2026-08-13,70007
1188,214,i20,Hatchback,Petrol,2024,2018-03-25,2022-03-25,149950
1189,659,Nexon,SUV,Petrol,2020,2024-10-04,2027-10-04,32588
1190,673,XUV 500,SUV,Diesel,2021,2019-07-07,2023-07-07,66919
1191,1733,Fortuner,SUV,Diesel,2024,2018-11-09,2020-11-09,52596
1192,1160,Slavia,Sedan,Petrol,2024,2025-01-14,2027-01-14,139487
1193,958,Harrier,SUV,Diesel,2019,2023-08-31,2027-08-31,44381
1194,1234,Creta,SUV,Petrol,2021,2021-05-20,2024-05-20,143067
1195,1525,Baleno,Hatchback,Petrol,2024,2022-12-26,2027-12-26,135965
1196,355,City,Sedan,Petrol,2019,2022-09-15,2026-09-15,39689
1197,647,Baleno,Hatchback,Petrol,2025,2022-05-08,2024-05-08,70789
1198,261,Slavia,Sedan,Petrol,2023,2023-06-01,2025-06-01,74058
1199,450,Harrier,SUV,Diesel,2022,2025-11-04,2029-11-04,16905
1200,487,i20,Hatchback,Petrol,2022,2024-04-26,2028-04-26,61385
1201,1099,Fortuner,SUV,Diesel,2024,2021-01-06,2023-01-06,65474
1202,662,Creta,SUV,Petrol,2021,2024-06-20,2029-06-20,163751
1203,1671,Creta,SUV,Petrol,2020,2021-01-24,2025-01-24,81232
1204,1155,Creta,SUV,Petrol,2023,2020-09-12,2023-09-12,103453
1205,1642,Nexon,SUV,Petrol,2022,2024-10-30,2027-10-30,72284
1206,423,Harrier,SUV,Diesel,2019,2024-01-24,2027-01-24,108982
1207,1035,Harrier,SUV,Diesel,2024,2021-10-19,2026-10-19,99353
1208,670,Harrier,SUV,Diesel,2019,2025-05-12,2028-05-12,111228
1209,656,Verna,Sedan,Diesel,2022,2023-01-17,2028-01-17,133511
1210,124,XUV 500,SUV,Diesel,2022,2023-09-14,2026-09-14,101762
1211,1567,XUV 500,SUV,Diesel,2023,2021-01-31,2026-01-31,112288
1212,1703,City,Sedan,Petrol,2023,2021-08-11,2026-08-11,47343
1213,1620,Baleno,Hatchback,Petrol,2022,2019-01-13,2023-01-13,24809
1214,1699,XUV 500,SUV,Diesel,2023,2019-10-09,2023-10-09,33873
1215,686,Fortuner,SUV,Diesel,2019,2018-05-28,2022-05-28,148430
1216,1077,XUV 500,SUV,Diesel,2021,2024-03-08,2029-03-08,128130
1217,718,Harrier,SUV,Diesel,2023,2020-11-16,2024-11-16,53904
1218,635,Creta,SUV,Petrol,2020,2023-12-29,2027-12-29,84599
1219,1137,Creta,SUV,Petrol,2024,2020-04-28,2025-04-28,33493
1220,264,Baleno,Hatchback,Petrol,2020,2019-07-19,2022-07-19,156113
1221,911,Verna,Sedan,Diesel,2019,2020-06-06,2022-06-06,137107
1222,572,Baleno,Hatchback,Petrol,2020,2020-10-05,2025-10-05,30881
1223,487,City,Sedan,Petrol,2024,2017-01-04,2020-01-04,150456
1224,1583,Creta,SUV,Petrol,2022,2025-02-12,2030-02-12,136825
1225,1378,Nexon,SUV,Petrol,2022,2020-03-11,2024-03-11,164208
1226,995,Baleno,Hatchback,Petrol,2020,2025-07-17,2030-07-17,82204
1227,952,Harrier,SUV,Diesel,2019,2020-05-01,2023-05-01,91444
1228,266,Creta,SUV,Petrol,2021,2019-07-26,2023-07-26,88445
1229,629,City,Sedan,Petrol,2017,2019-05-08,2024-05-08,64717
1230,1376,Fortuner,SUV,Diesel,2022,2019-11-04,2023-11-04,164360
1231,1219,Nexon,SUV,Petrol,2024,2024-07-20,2029-07-20,101081
1232,1528,Creta,SUV,Petrol,2022,2024-06-26,2027-06-26,78511
1233,1005,Slavia,Sedan,Petrol,2022,2023-03-17,2027-03-17,115628
1234,904,Nexon,SUV,Petrol,2023,2022-03-09,2026-03-09,158551
1235,167,i20,Hatchback,Petrol,2019,2024-12-13,2027-12-13,148590
1236,81,i20,Hatchback,Petrol,2025,2018-05-27,2022-05-27,64484
1237,1410,Nexon,SUV,Petrol,2020,2024-05-11,2026-05-11,81680
1238,1225,Baleno,Hatchback,Petrol,2024,2023-01-25,2027-01-25,118646
1239,1236,Harrier,SUV,Diesel,2019,2019-03-19,2022-03-19,155650
1240,676,Baleno,Hatchback,Petrol,2023,2021-11-29,2025-11-29,22792
1241,10,Slavia,Sedan,Petrol,2023,2023-11-21,2025-11-21,83776
1242,339,Slavia,Sedan,Petrol,2024,2024-02-05,2028-02-05,150564
1243,140,i20,Hatchback,Petrol,2024,2025-02-03,2030-02-03,28441
1244,1649,Verna,Sedan,Diesel,2020,2021-07-09,2025-07-09,140670
1245,1131,Verna,Sedan,Diesel,2018,2024-08-05,2028-08-05,25352
1246,289,Nexon,SUV,Petrol,2022,2025-09-04,2028-09-04,57446
1247,1455,Fortuner,SUV,Diesel,2024,2022-10-21,2026-10-21,86506
1248,1139,Fortuner,SUV,Diesel,2024,2023-06-04,2028-06-04,90272
1249,444,Harrier,SUV,Diesel,2021,2021-02-15,2026-02-15,138029
1250,952,Fortuner,SUV,Diesel,2019,2021-11-08,2024-11-08,152795
1251,70,Harrier,SUV,Diesel,2023,2023-05-08,2026-05-08,55850
1252,1383,City,Sedan,Petrol,2017,2022-09-01,2026-09-01,101891
1253,968,Verna,Sedan,Diesel,2020,2020-05-29,2023-05-29,100678
1254,956,Verna,Sedan,Diesel,2022,2023-04-08,2027-04-08,8526
1255,35,Slavia,Sedan,Petrol,2024,2024-05-09,2027-05-09,37771
1256,1095,XUV 500,SUV,Diesel,2021,2023-01-07,2026-01-07,154669
1257,193,Fortuner,SUV,Diesel,2023,2018-02-13,2021-02-13,73671
1258,194,Nexon,SUV,Petrol,2020,2020-07-23,2025-07-23,154239
1259,603,Baleno,Hatchback,Petrol,2021,2023-12-09,2027-12-09,29280
1260,1165,i20,Hatchback,Petrol,2023,2023-12-12,2027-12-12,46028
1261,1441,XUV 500,SUV,Diesel,2022,2020-02-17,2022-02-17,91611
1262,1559,Verna,Sedan,Diesel,2020,2020-03-03,2024-03-03,82179
1263,850,Nexon,SUV,Petrol,2020,2025-10-01,2029-10-01,157406
1264,757,Harrier,SUV,Diesel,2021,2023-12-03,2027-12-03,15705
1265,700,Verna,Sedan,Diesel,2018,2022-11-27,2026-11-27,154162
1266,526,City,Sedan,Petrol,2022,2024-07-29,2028-07-29,49519
1267,1513,Fortuner,SUV,Diesel,2017,2019-09-17,2021-09-17,49093
1268,863,Harrier,SUV,Diesel,2024,2025-09-08,2028-09-08,121402
1269,1100,XUV 500,SUV,Diesel,2024,2021-05-11,2024-05-11,57364
1270,1192,Creta,SUV,Petrol,2024,2020-10-15,2024-10-15,17781
1271,639,City,Sedan,Petrol,2018,2021-11-11,2025-11-11,87778
1272,70,Slavia,Sedan,Petrol,2022,2023-10-04,2027-10-04,86778
1273,582,Slavia,Sedan,Petrol,2025,2025-04-02,2029-04-02,144286
1274,647,Nexon,SUV,Petrol,2025,2025-01-06,2028-01-06,141268
1275,1246,Nexon,SUV,Petrol,2025,2020-02-03,2024-02-03,55323
1276,421,Verna,Sedan,Diesel,2024,2018-12-26,2023-12-26,149990
1277,1013,Nexon,SUV,Petrol,2022,2025-06-09,2029-06-09,46365
1278,968,XUV 500,SUV,Diesel,2018,2023-01-16,2027-01-16,149209
1279,384,Nexon,SUV,Petrol,2022,2024-04-10,2027-04-10,127901
1280,1080,City,Sedan,Petrol,2022,2022-03-16,2026-03-16,14533
1281,1432,Creta,SUV,Petrol,2024,2021-08-30,2024-08-30,24678
1282,572,Harrier,SUV,Diesel,2023,2019-06-29,2021-06-29,150214
1283,345,Nexon,SUV,Petrol,2020,2024-10-29,2028-10-29,107145
1284,435,Fortuner,SUV,Diesel,2022,2019-06-07,2024-06-07,28068
1285,1552,Baleno,Hatchback,Petrol,2021,2023-11-03,2027-11-03,51126
1286,155,XUV 500,SUV,Diesel,2020,2024-01-15,2027-01-15,114566
1287,1321,i20,Hatchback,Petrol,2023,2021-04-19,2025-04-19,64254
1288,64,Creta,SUV,Petrol,2023,2020-12-13,2022-12-13,74101
1289,812,Harrier,SUV,Diesel,2020,2022-01-06,2027-01-06,22967
1290,928,i20,Hatchback,Petrol,2018,2018-08-02,2022-08-02,151618
1291,366,Slavia,Sedan,Petrol,2023,2025-12-25,2029-12-25,14203
1292,1004,Nexon,SUV,Petrol,2022,2021-05-02,2024-05-02,45834
1293,1613,Fortuner,SUV,Diesel,2022,2024-05-31,2026-05-31,30909
1294,497,i20,Hatchback,Petrol,2020,2023-01-07,2025-01-07,111512
1295,476,Verna,Sedan,Diesel,2018,2019-07-16,2021-07-16,40013
1296,855,Nexon,SUV,Petrol,2025,2020-10-28,2024-10-28,96798
1297,1096,Verna,Sedan,Diesel,2023,2018-01-08,2022-01-08,121441
1298,678,XUV 500,SUV,Diesel,2018,2023-07-05,2028-07-05,59961
1299,1071,Creta,SUV,Petrol,2019,2023-11-18,2028-11-18,133204
1300,1318,Verna,Sedan,Diesel,2024,2018-08-29,2022-08-29,139351
1301,572,i20,Hatchback,Petrol,2024,2022-11-05,2024-11-05,130440
1302,427,Creta,SUV,Petrol,2025,2021-01-20,2024-01-20,84215
1303,1726,Verna,Sedan,Diesel,2023,2022-09-05,2027-09-05,5066
1304,529,Harrier,SUV,Diesel,2020,2020-01-28,2023-01-28,136474
1305,1403,Slavia,Sedan,Petrol,2024,2023-03-03,2027-03-03,13272
1306,745,Harrier,SUV,Diesel,2024,2023-09-20,2027-09-20,82481
1307,157,Verna,Sedan,Diesel,2024,2018-03-23,2021-03-23,115666
1308,1624,i20,Hatchback,Petrol,2018,2022-12-19,2026-12-19,104281
1309,630,Slavia,Sedan,Petrol,2023,2025-12-20,2028-12-20,91528
1310,498,Harrier,SUV,Diesel,2019,2024-11-16,2028-11-16,132085
1311,1327,Verna,Sedan,Diesel,2024,2019-12-10,2024-12-10,152303
1312,1799,Harrier,SUV,Diesel,2023,2022-06-19,2026-06-19,22451
1313,1495,Fortuner,SUV,Diesel,2018,2019-04-14,2021-04-14,88322
1314,1611,Slavia,Sedan,Petrol,2024,2023-01-23,2026-01-23,19940
1315,306,Slavia,Sedan,Petrol,2022,2025-12-01,2030-12-01,132454
1316,1058,City,Sedan,Petrol,2024,2020-11-29,2024-11-29,135852
1317,532,Fortuner,SUV,Diesel,2023,2018-05-23,2021-05-23,123322
1318,1269,i20,Hatchback,Petrol,2021,2023-03-24,2026-03-24,131934
1319,877,Slavia,Sedan,Petrol,2025,2025-08-04,2030-08-04,145716
1320,1310,Nexon,SUV,Petrol,2020,2021-01-31,2025-01-31,148649
1321,957,i20,Hatchback,Petrol,2022,2025-02-15,2028-02-15,78043
1322,841,Baleno,Hatchback,Petrol,2019,2022-03-20,2025-03-20,159611
1323,202,Verna,Sedan,Diesel,2020,2024-04-26,2027-04-26,66178
1324,644,XUV 500,SUV,Diesel,2020,2023-12-17,2025-12-17,164808
1325,1796,i20,Hatchback,Petrol,2023,2023-04-26,2027-04-26,112877
1326,654,Creta,SUV,Petrol,2022,2025-07-11,2028-07-11,43238
1327,1257,Slavia,Sedan,Petrol,2024,2023-07-02,2027-07-02,41947
1328,270,Verna,Sedan,Diesel,2018,2018-09-19,2021-09-19,105608
1329,874,Baleno,Hatchback,Petrol,2025,2023-10-13,2026-10-13,67267
1330,313,Verna,Sedan,Diesel,2020,2021-06-26,2025-06-26,5856
1331,395,XUV 500,SUV,Diesel,2021,2021-07-22,2025-07-22,13686
1332,1084,Baleno,Hatchback,Petrol,2023,2025-07-12,2028-07-12,131947
1333,148,City,Sedan,Petrol,2023,2020-08-04,2024-08-04,13230
1334,914,Fortuner,SUV,Diesel,2020,2018-12-06,2022-12-06,135012
1335,483,City,Sedan,Petrol,2024,2022-06-30,2026-06-30,24553
1336,498,XUV 500,SUV,Diesel,2019,2021-02-07,2023-02-07,68117
1337,1405,Nexon,SUV,Petrol,2022,2025-11-05,2029-11-05,80072
1338,864,Harrier,SUV,Diesel,2019,2022-11-08,2027-11-08,35722
1339,1226,XUV 500,SUV,Diesel,2024,2021-02-24,2025-02-24,96913
1340,1290,Baleno,Hatchback,Petrol,2021,2022-08-13,2025-08-13,159036
1341,852,Baleno,Hatchback,Petrol,2022,2020-12-12,2024-12-12,161466
1342,77,i20,Hatchback,Petrol,2024,2020-05-11,2023-05-11,80445
1343,1566,XUV 500,SUV,Diesel,2024,2021-11-22,2024-11-22,80998
1344,1520,i20,Hatchback,Petrol,2024,2020-03-07,2022-03-07,18156
1345,758,Creta,SUV,Petrol,2019,2023-03-19,2026-03-19,100421
1346,368,Verna,Sedan,Diesel,2018,2021-06-20,2024-06-20,58744
1347,1020,XUV 500,SUV,Diesel,2023,2023-08-27,2026-08-27,55558
1348,893,Slavia,Sedan,Petrol,2022,2024-03-26,2027-03-26,40712
1349,815,Nexon,SUV,Petrol,2024,2022-07-19,2026-07-19,46647
1350,1467,Fortuner,SUV,Diesel,2024,2021-08-04,2024-08-04,18592
1351,329,Creta,SUV,Petrol,2022,2022-10-09,2025-10-09,41337
1352,1616,Creta,SUV,Petrol,2022,2022-12-09,2025-12-09,154723
1353,365,City,Sedan,Petrol,2024,2020-09-17,2023-09-17,149341
1354,1437,City,Sedan,Petrol,2020,2023-05-15,2025-05-15,161707
1355,1025,Verna,Sedan,Diesel,2020,2019-07-03,2021-07-03,68676
1356,982,i20,Hatchback,Petrol,2020,2025-05-11,2028-05-11,106131
1357,582,XUV 500,SUV,Diesel,2019,2023-07-25,2027-07-25,159679
1358,956,Fortuner,SUV,Diesel,2021,2024-11-10,2029-11-10,16246
1359,1309,Verna,Sedan,Diesel,2024,2019-04-23,2023-04-23,68686
1360,868,Baleno,Hatchback,Petrol,2023,2025-09-27,2028-09-27,23858
1361,44,Slavia,Sedan,Petrol,2024,2022-05-05,2025-05-05,52224
1362,1443,Slavia,Sedan,Petrol,2023,2024-12-11,2028-12-11,82777
1363,1020,Fortuner,SUV,Diesel,2023,2022-11-15,2024-11-15,22651
1364,1638,Slavia,Sedan,Petrol,2023,2025-07-13,2028-07-13,56763
1365,1454,XUV 500,SUV,Diesel,2019,2024-08-01,2027-08-01,73792
1366,498,Fortuner,SUV,Diesel,2021,2018-03-05,2022-03-05,44567
1367,96,Nexon,SUV,Petrol,2021,2020-06-11,2025-06-11,9843
1368,26,Nexon,SUV,Petrol,2022,2024-01-23,2028-01-23,28100
1369,1729,Slavia,Sedan,Petrol,2025,2025-01-25,2028-01-25,57122
1370,792,Fortuner,SUV,Diesel,2019,2023-02-28,2027-02-28,155257
1371,286,Nexon,SUV,Petrol,2024,2022-10-20,2026-10-20,54332
1372,1389,XUV 500,SUV,Diesel,2018,2018-06-26,2021-06-26,57232
1373,1324,i20,Hatchback,Petrol,2023,2024-11-02,2028-11-02,127460
1374,76,Verna,Sedan,Diesel,2021,2021-07-20,2025-07-20,123861
1375,330,XUV 500,SUV,Diesel,2023,2022-06-30,2025-06-30,131138
1376,904,Harrier,SUV,Diesel,2025,2023-02-23,2025-02-23,133247
1377,578,i20,Hatchback,Petrol,2021,2023-01-11,2026-01-11,60670
1378,1077,City,Sedan,Petrol,2021,2019-12-19,2023-12-19,6613
1379,1617,i20,Hatchback,Petrol,2021,2019-07-06,2022-07-06,106652
1380,508,Slavia,Sedan,Petrol,2024,2024-03-01,2028-03-01,60309
1381,1780,Fortuner,SUV,Diesel,2017,2018-02-06,2022-02-06,77299
1382,1692,XUV 500,SUV,Diesel,2021,2019-12-15,2022-12-15,78967
1383,1103,Slavia,Sedan,Petrol,2025,2025-10-02,2027-10-02,160383
1384,696,Slavia,Sedan,Petrol,2025,2024-04-04,2029-04-04,85193
1385,295,Nexon,SUV,Petrol,2022,2021-11-26,2024-11-26,114164
1386,1293,Verna,Sedan,Diesel,2021,2020-03-27,2025-03-27,68170
1387,444,Fortuner,SUV,Diesel,2019,2024-01-18,2028-01-18,65230
1388,109,i20,Hatchback,Petrol,2018,2019-06-13,2022-06-13,5674
1389,1055,Nexon,SUV,Petrol,2023,2023-08-08,2028-08-08,137680
1390,1777,XUV 500,SUV,Diesel,2024,2023-06-23,2027-06-23,41925
1391,825,Fortuner,SUV,Diesel,2019,2020-06-02,2022-06-02,164284
1392,1179,Nexon,SUV,Petrol,2022,2021-01-31,2024-01-31,157791
1393,1136,Nexon,SUV,Petrol,2023,2024-02-01,2028-02-01,111839
1394,1194,Baleno,Hatchback,Petrol,2022,2023-09-30,2027-09-30,80042
1395,901,Baleno,Hatchback,Petrol,2023,2023-11-22,2025-11-22,13258
1396,1423,Verna,Sedan,Diesel,2022,2024-03-05,2027-03-05,35538
1397,1139,XUV 500,SUV,Diesel,2021,2021-02-18,2025-02-18,60042
1398,1416,XUV 500,SUV,Diesel,2022,2023-02-17,2028-02-17,152351
1399,1072,Creta,SUV,Petrol,2022,2021-08-28,2025-08-28,112737
1400,1354,XUV 500,SUV,Diesel,2019,2021-04-30,2024-04-30,155258
1401,1630,Creta,SUV,Petrol,2021,2023-10-26,2026-10-26,77709
1402,672,Baleno,Hatchback,Petrol,2020,2019-02-08,2023-02-08,10979
1403,311,Slavia,Sedan,Petrol,2023,2025-09-18,2028-09-18,99430
1404,985,XUV 500,SUV,Diesel,2022,2019-12-20,2022-12-20,148967
1405,507,i20,Hatchback,Petrol,2023,2021-04-15,2026-04-15,76132
1406,1271,City,Sedan,Petrol,2024,2019-12-09,2023-12-09,92041
1407,1777,Slavia,Sedan,Petrol,2022,2022-05-27,2025-05-27,19571
1408,1003,Slavia,Sedan,Petrol,2023,2025-09-08,2030-09-08,100577
1409,807,City,Sedan,Petrol,2018,2024-03-11,2027-03-11,42358
1410,4,i20,Hatchback,Petrol,2024,2020-11-27,2023-11-27,111029
1411,705,Nexon,SUV,Petrol,2025,2024-06-11,2026-06-11,126913
1412,1358,Baleno,Hatchback,Petrol,2025,2020-07-12,2025-07-12,31075
1413,198,Harrier,SUV,Diesel,2019,2024-04-28,2028-04-28,46207
1414,1622,City,Sedan,Petrol,2023,2023-02-28,2027-02-28,87109
1415,1272,Baleno,Hatchback,Petrol,2023,2023-05-21,2027-05-21,118394
1416,1670,City,Sedan,Petrol,2021,2018-06-08,2021-06-08,149204
1417,1407,Slavia,Sedan,Petrol,2025,2022-06-08,2025-06-08,78604
1418,1654,Nexon,SUV,Petrol,2020,2025-06-23,2027-06-23,136279
1419,1710,Harrier,SUV,Diesel,2022,2022-04-12,2025-04-12,164540
1420,1442,Baleno,Hatchback,Petrol,2021,2023-07-25,2027-07-25,10950
1421,1443,Harrier,SUV,Diesel,2023,2024-04-01,2028-04-01,34037
1422,1247,Verna,Sedan,Diesel,2023,2023-04-14,2025-04-14,43380
1423,1467,City,Sedan,Petrol,2020,2020-09-30,2022-09-30,49541
1424,1258,i20,Hatchback,Petrol,2023,2019-11-02,2022-11-02,131816
1425,1652,Nexon,SUV,Petrol,2020,2022-11-16,2026-11-16,62897
1426,571,Baleno,Hatchback,Petrol,2025,2019-10-31,2022-10-31,98279
1427,1118,Harrier,SUV,Diesel,2024,2020-07-13,2023-07-13,31556
1428,1605,Verna,Sedan,Diesel,2022,2020-12-20,2023-12-20,40498
1429,75,Nexon,SUV,Petrol,2024,2024-08-09,2027-08-09,31096
1430,410,City,Sedan,Petrol,2019,2017-05-06,2021-05-06,114323
1431,1332,XUV 500,SUV,Diesel,2020,2018-10-07,2022-10-07,129918
1432,1267,Verna,Sedan,Diesel,2024,2024-11-26,2027-11-26,54621
1433,884,Nexon,SUV,Petrol,2020,2022-09-25,2025-09-25,23979
1434,520,Harrier,SUV,Diesel,2023,2025-12-31,2028-12-31,58511
1435,302,City,Sedan,Petrol,2017,2021-08-03,2025-08-03,68176
1436,1598,Baleno,Hatchback,Petrol,2024,2025-04-17,2029-04-17,124757
1437,1121,Nexon,SUV,Petrol,2021,2022-06-13,2025-06-13,136236
1438,979,i20,Hatchback,Petrol,2025,2025-10-29,2028-10-29,38906
1439,953,Creta,SUV,Petrol,2021,2024-04-22,2027-04-22,150487
1440,987,Slavia,Sedan,Petrol,2023,2022-05-03,2026-05-03,15381
1441,1105,Creta,SUV,Petrol,2019,2024-07-31,2029-07-31,101847
1442,1186,i20,Hatchback,Petrol,2019,2019-02-27,2024-02-27,164833
1443,313,Nexon,SUV,Petrol,2020,2024-03-27,2029-03-27,74389
1444,1338,Nexon,SUV,Petrol,2020,2020-06-05,2022-06-05,14699
1445,161,Verna,Sedan,Diesel,2024,2024-03-19,2027-03-19,32323
1446,1789,Fortuner,SUV,Diesel,2017,2021-07-20,2026-07-20,160475
1447,1436,Fortuner,SUV,Diesel,2018,2021-04-29,2025-04-29,76526
1448,699,XUV 500,SUV,Diesel,2019,2019-07-14,2022-07-14,15054
1449,96,Verna,Sedan,Diesel,2020,2024-02-11,2028-02-11,5177
1450,619,Verna,Sedan,Diesel,2024,2022-02-15,2026-02-15,101579
1451,435,Creta,SUV,Petrol,2019,2023-06-25,2028-06-25,44409
1452,637,Harrier,SUV,Diesel,2025,2022-07-08,2027-07-08,122179
1453,1086,Slavia,Sedan,Petrol,2023,2023-08-10,2027-08-10,5175
1454,544,Fortuner,SUV,Diesel,2020,2020-12-30,2023-12-30,30477
1455,1404,Fortuner,SUV,Diesel,2020,2018-11-12,2021-11-12,16184
1456,573,City,Sedan,Petrol,2023,2018-02-07,2022-02-07,54443
1457,1323,Fortuner,SUV,Diesel,2017,2023-05-06,2027-05-06,7010
1458,763,XUV 500,SUV,Diesel,2020,2024-03-14,2027-03-14,46195
1459,1400,i20,Hatchback,Petrol,2024,2025-09-12,2028-09-12,154302
1460,408,Fortuner,SUV,Diesel,2021,2022-02-05,2026-02-05,155463
1461,939,Creta,SUV,Petrol,2023,2019-07-03,2022-07-03,114270
1462,227,Harrier,SUV,Diesel,2022,2023-11-02,2026-11-02,25021
1463,222,Baleno,Hatchback,Petrol,2024,2025-09-21,2029-09-21,36633
1464,1564,Baleno,Hatchback,Petrol,2021,2022-12-26,2026-12-26,133400
1465,34,Slavia,Sedan,Petrol,2022,2022-03-06,2026-03-06,102914
1466,291,Fortuner,SUV,Diesel,2020,2018-10-31,2022-10-31,110178
1467,1280,Harrier,SUV,Diesel,2021,2025-09-26,2030-09-26,44066
1468,178,Verna,Sedan,Diesel,2020,2018-04-15,2022-04-15,136292
1469,916,Creta,SUV,Petrol,2023,2023-11-23,2026-11-23,26301
1470,683,i20,Hatchback,Petrol,2020,2018-06-08,2022-06-08,118380
1471,282,i20,Hatchback,Petrol,2021,2019-07-06,2022-07-06,61722
1472,872,Baleno,Hatchback,Petrol,2021,2023-02-02,2026-02-02,24812
1473,478,i20,Hatchback,Petrol,2023,2025-06-16,2028-06-16,16770
1474,173,Verna,Sedan,Diesel,2022,2019-03-29,2021-03-29,78864
1475,587,Baleno,Hatchback,Petrol,2024,2023-06-16,2027-06-16,24857
1476,875,Slavia,Sedan,Petrol,2022,2024-12-12,2027-12-12,75217
1477,747,Verna,Sedan,Diesel,2020,2021-01-29,2023-01-29,96987
1478,1132,Fortuner,SUV,Diesel,2018,2019-05-02,2022-05-02,30540
1479,713,Verna,Sedan,Diesel,2020,2021-01-26,2026-01-26,127413
1480,890,Nexon,SUV,Petrol,2022,2023-07-09,2026-07-09,70406
1481,1225,Verna,Sedan,Diesel,2022,2018-08-18,2023-08-18,117383
1482,1324,Verna,Sedan,Diesel,2023,2023-10-30,2027-10-30,54162
1483,620,i20,Hatchback,Petrol,2019,2021-02-14,2025-02-14,27992
1484,449,Nexon,SUV,Petrol,2021,2021-02-28,2025-02-28,139230
1485,1273,Baleno,Hatchback,Petrol,2023,2022-10-18,2027-10-18,46252
1486,995,Slavia,Sedan,Petrol,2022,2025-06-12,2028-06-12,101183
1487,347,Creta,SUV,Petrol,2020,2021-11-13,2025-11-13,81142
1488,142,i20,Hatchback,Petrol,2019,2022-07-31,2026-07-31,104368
1489,103,Harrier,SUV,Diesel,2019,2021-07-11,2024-07-11,164021
1490,67,Harrier,SUV,Diesel,2025,2019-08-19,2022-08-19,90017
1491,136,i20,Hatchback,Petrol,2023,2018-12-18,2022-12-18,37703
1492,1715,Verna,Sedan,Diesel,2019,2019-04-08,2023-04-08,132001
1493,528,XUV 500,SUV,Diesel,2023,2018-04-02,2021-04-02,99938
1494,72,Verna,Sedan,Diesel,2020,2024-04-04,2027-04-04,124632
1495,1191,i20,Hatchback,Petrol,2020,2024-03-21,2027-03-21,146086
1496,742,Verna,Sedan,Diesel,2022,2018-12-28,2023-12-28,65198
1497,1677,Nexon,SUV,Petrol,2025,2025-01-05,2028-01-05,46167
1498,871,Harrier,SUV,Diesel,2022,2019-09-27,2021-09-27,91013
1499,1774,XUV 500,SUV,Diesel,2022,2019-10-11,2022-10-11,127368
1500,1461,City,Sedan,Petrol,2017,2017-10-06,2022-10-06,95321
1501,840,Baleno,Hatchback,Petrol,2025,2019-07-06,2022-07-06,23646
1502,358,XUV 500,SUV,Diesel,2018,2018-12-04,2022-12-04,15582
1503,301,Nexon,SUV,Petrol,2023,2024-07-09,2027-07-09,161634
1504,542,Nexon,SUV,Petrol,2021,2024-08-20,2029-08-20,54857
1505,326,i20,Hatchback,Petrol,2019,2022-12-25,2025-12-25,30736
1506,753,Baleno,Hatchback,Petrol,2024,2021-05-15,2024-05-15,123245
1507,315,Creta,SUV,Petrol,2023,2021-04-16,2024-04-16,100904
1508,372,i20,Hatchback,Petrol,2021,2023-09-14,2026-09-14,127790
1509,642,Verna,Sedan,Diesel,2021,2020-11-13,2023-11-13,114501
1510,1145,XUV 500,SUV,Diesel,2023,2021-05-01,2024-05-01,42201
1511,1547,XUV 500,SUV,Diesel,2022,2024-01-29,2029-01-29,155000
1512,1623,City,Sedan,Petrol,2019,2023-10-06,2026-10-06,120379
1513,1656,Creta,SUV,Petrol,2021,2025-04-14,2029-04-14,118595
1514,1156,Baleno,Hatchback,Petrol,2020,2025-07-02,2028-07-02,96386
1515,1086,Verna,Sedan,Diesel,2018,2021-02-13,2024-02-13,37598
1516,1799,XUV 500,SUV,Diesel,2020,2024-09-28,2028-09-28,47523
1517,1501,Fortuner,SUV,Diesel,2018,2017-05-22,2020-05-22,76228
1518,201,Verna,Sedan,Diesel,2018,2019-09-05,2021-09-05,164094
1519,1493,Verna,Sedan,Diesel,2022,2020-01-02,2025-01-02,92328
1520,722,Slavia,Sedan,Petrol,2025,2024-03-10,2028-03-10,13054
1521,1730,Fortuner,SUV,Diesel,2024,2017-06-04,2020-06-04,112104
1522,1400,i20,Hatchback,Petrol,2021,2025-07-25,2030-07-25,93558
1523,592,Nexon,SUV,Petrol,2024,2022-04-15,2026-04-15,142070
1524,1687,Fortuner,SUV,Diesel,2021,2018-05-26,2022-05-26,159490
1525,1797,Slavia,Sedan,Petrol,2024,2024-03-03,2027-03-03,159972
1526,921,Fortuner,SUV,Diesel,2018,2019-11-26,2022-11-26,70742
1527,56,Verna,Sedan,Diesel,2022,2019-05-30,2022-05-30,73691
1528,1434,City,Sedan,Petrol,2020,2019-12-07,2023-12-07,44341
1529,1608,i20,Hatchback,Petrol,2025,2024-03-31,2028-03-31,45457
1530,1546,XUV 500,SUV,Diesel,2020,2022-01-17,2027-01-17,36584
1531,1481,Nexon,SUV,Petrol,2024,2021-04-10,2025-04-10,41367
1532,17,Baleno,Hatchback,Petrol,2019,2020-07-21,2022-07-21,15327
1533,433,Verna,Sedan,Diesel,2022,2018-01-28,2022-01-28,80763
1534,174,Baleno,Hatchback,Petrol,2023,2024-03-18,2026-03-18,138950
1535,1763,Slavia,Sedan,Petrol,2023,2024-08-21,2027-08-21,138993
1536,1669,Slavia,Sedan,Petrol,2024,2024-09-20,2026-09-20,22874
1537,645,i20,Hatchback,Petrol,2018,2019-09-30,2024-09-30,79644
1538,51,i20,Hatchback,Petrol,2020,2022-01-10,2025-01-10,152449
1539,1044,i20,Hatchback,Petrol,2021,2020-11-10,2023-11-10,91896
1540,997,XUV 500,SUV,Diesel,2024,2019-03-19,2022-03-19,54103
1541,13,i20,Hatchback,Petrol,2022,2018-06-07,2022-06-07,119346
1542,1174,i20,Hatchback,Petrol,2024,2020-10-17,2024-10-17,121355
1543,1765,Creta,SUV,Petrol,2020,2023-02-10,2026-02-10,118560
1544,73,Baleno,Hatchback,Petrol,2025,2019-10-08,2023-10-08,98451
1545,34,Slavia,Sedan,Petrol,2023,2023-07-04,2026-07-04,160406
1546,1293,Harrier,SUV,Diesel,2021,2021-08-29,2026-08-29,146628
1547,953,Baleno,Hatchback,Petrol,2023,2022-02-16,2025-02-16,157717
1548,58,Baleno,Hatchback,Petrol,2024,2020-02-19,2024-02-19,135422
1549,65,Nexon,SUV,Petrol,2020,2024-12-14,2028-12-14,6684
1550,560,Creta,SUV,Petrol,2023,2025-03-06,2030-03-06,156013
1551,792,Harrier,SUV,Diesel,2022,2020-12-15,2024-12-15,47798
1552,1330,Nexon,SUV,Petrol,2020,2023-01-09,2027-01-09,157287
1553,928,City,Sedan,Petrol,2022,2019-06-21,2023-06-21,92673
1554,813,Harrier,SUV,Diesel,2021,2024-02-06,2028-02-06,58809
1555,831,XUV 500,SUV,Diesel,2018,2024-11-15,2027-11-15,85922
1556,1201,Nexon,SUV,Petrol,2023,2025-01-18,2028-01-18,143889
1557,850,Fortuner,SUV,Diesel,2021,2022-07-24,2024-07-24,35496
1558,339,Creta,SUV,Petrol,2025,2024-12-14,2027-12-14,106677
1559,778,Harrier,SUV,Diesel,2021,2024-06-29,2028-06-29,91815
1560,1456,Harrier,SUV,Diesel,2024,2021-03-22,2024-03-22,116817
1561,857,Creta,SUV,Petrol,2024,2023-01-11,2027-01-11,146749
1562,888,XUV 500,SUV,Diesel,2024,2024-01-10,2027-01-10,147398
1563,1732,XUV 500,SUV,Diesel,2022,2018-05-05,2022-05-05,53165
1564,1736,Harrier,SUV,Diesel,2021,2022-01-07,2024-01-07,131889
1565,1361,Verna,Sedan,Diesel,2023,2021-08-03,2024-08-03,78275
1566,23,Creta,SUV,Petrol,2021,2020-12-13,2025-12-13,31883
1567,1290,Fortuner,SUV,Diesel,2021,2019-06-21,2021-06-21,76171
1568,530,i20,Hatchback,Petrol,2020,2021-09-07,2023-09-07,138650
1569,385,Slavia,Sedan,Petrol,2025,2024-02-24,2028-02-24,6322
1570,1069,Verna,Sedan,Diesel,2024,2018-01-03,2021-01-03,120200
1571,193,XUV 500,SUV,Diesel,2023,2020-11-24,2022-11-24,123688
1572,964,XUV 500,SUV,Diesel,2018,2024-08-18,2029-08-18,90991
1573,64,Creta,SUV,Petrol,2019,2020-10-03,2024-10-03,102061
1574,793,Harrier,SUV,Diesel,2021,2025-01-01,2029-01-01,78953
1575,21,Verna,Sedan,Diesel,2020,2019-05-23,2023-05-23,69674
1576,719,Fortuner,SUV,Diesel,2024,2018-03-26,2022-03-26,159867
1577,163,Slavia,Sedan,Petrol,2022,2023-05-02,2027-05-02,29015
1578,1089,XUV 500,SUV,Diesel,2022,2021-12-24,2023-12-24,9741
1579,330,Nexon,SUV,Petrol,2022,2020-07-10,2023-07-10,53017
1580,754,City,Sedan,Petrol,2020,2024-09-25,2029-09-25,99496
1581,258,Baleno,Hatchback,Petrol,2021,2022-04-30,2026-04-30,118871
1582,1712,XUV 500,SUV,Diesel,2023,2021-07-20,2025-07-20,38204
1583,100,i20,Hatchback,Petrol,2023,2020-09-29,2022-09-29,65493
1584,1579,Slavia,Sedan,Petrol,2023,2025-06-17,2028-06-17,5574
1585,1184,Harrier,SUV,Diesel,2019,2023-06-29,2026-06-29,35448
1586,42,Baleno,Hatchback,Petrol,2023,2020-07-25,2023-07-25,115362
1587,1462,Nexon,SUV,Petrol,2025,2023-09-11,2027-09-11,106528
1588,1385,City,Sedan,Petrol,2018,2023-03-20,2027-03-20,157606
1589,545,Baleno,Hatchback,Petrol,2020,2023-04-18,2028-04-18,9643
1590,1428,Baleno,Hatchback,Petrol,2019,2023-01-17,2026-01-17,104589
1591,634,XUV 500,SUV,Diesel,2021,2023-06-06,2027-06-06,7109
1592,32,Verna,Sedan,Diesel,2023,2018-12-25,2021-12-25,82830
1593,1002,City,Sedan,Petrol,2017,2020-04-25,2023-04-25,100701
1594,1149,Nexon,SUV,Petrol,2020,2020-12-03,2023-12-03,75410
1595,1659,City,Sedan,Petrol,2023,2020-06-07,2024-06-07,17986
1596,980,i20,Hatchback,Petrol,2023,2025-05-29,2027-05-29,71475
1597,846,Nexon,SUV,Petrol,2021,2025-11-29,2029-11-29,149944
1598,1088,Slavia,Sedan,Petrol,2023,2023-01-13,2026-01-13,78754
1599,163,Harrier,SUV,Diesel,2019,2025-11-22,2028-11-22,157720
1600,13,i20,Hatchback,Petrol,2023,2023-07-23,2026-07-23,121379
1601,203,Nexon,SUV,Petrol,2020,2025-03-15,2028-03-15,48745
1602,1089,Slavia,Sedan,Petrol,2022,2024-12-14,2027-12-14,50918
1603,1798,Fortuner,SUV,Diesel,2021,2022-02-19,2024-02-19,83359
1604,1277,Harrier,SUV,Diesel,2021,2019-06-21,2022-06-21,43666
1605,1088,i20,Hatchback,Petrol,2021,2025-12-19,2028-12-19,21047
1606,686,Baleno,Hatchback,Petrol,2019,2024-05-15,2027-05-15,115933
1607,442,Nexon,SUV,Petrol,2021,2021-12-21,2025-12-21,143308
1608,1267,Nexon,SUV,Petrol,2024,2020-11-08,2023-11-08,151522
1609,471,XUV 500,SUV,Diesel,2019,2024-04-30,2027-04-30,149934
1610,245,XUV 500,SUV,Diesel,2018,2023-06-30,2025-06-30,22593
1611,665,XUV 500,SUV,Diesel,2018,2023-06-14,2028-06-14,61460
1612,1672,Slavia,Sedan,Petrol,2022,2023-01-23,2026-01-23,55957
1613,138,i20,Hatchback,Petrol,2018,2021-06-08,2024-06-08,74820
1614,1045,Verna,Sedan,Diesel,2019,2021-07-11,2023-07-11,49298
1615,304,Fortuner,SUV,Diesel,2020,2022-06-21,2025-06-21,123237
1616,1525,Slavia,Sedan,Petrol,2022,2025-09-16,2029-09-16,48597
1617,83,XUV 500,SUV,Diesel,2021,2022-02-19,2024-02-19,148785
1618,1108,City,Sedan,Petrol,2019,2017-01-02,2019-01-02,98725
1619,974,Creta,SUV,Petrol,2019,2023-10-17,2027-10-17,69087
1620,1382,City,Sedan,Petrol,2020,2022-01-23,2024-01-23,136028
1621,753,Nexon,SUV,Petrol,2023,2024-07-18,2029-07-18,119091
1622,938,Nexon,SUV,Petrol,2021,2020-06-30,2024-06-30,29835
1623,665,Fortuner,SUV,Diesel,2021,2017-01-28,2021-01-28,94054
1624,1176,Harrier,SUV,Diesel,2025,2025-08-18,2028-08-18,156083
1625,38,i20,Hatchback,Petrol,2025,2022-06-26,2024-06-26,160612
1626,722,Nexon,SUV,Petrol,2023,2023-10-30,2028-10-30,155403
1627,1544,Nexon,SUV,Petrol,2021,2024-01-04,2029-01-04,162328
1628,540,Harrier,SUV,Diesel,2024,2022-10-20,2027-10-20,126497
1629,615,Nexon,SUV,Petrol,2020,2021-03-17,2024-03-17,21381
1630,1465,Slavia,Sedan,Petrol,2022,2025-04-06,2028-04-06,64619
1631,441,Baleno,Hatchback,Petrol,2022,2023-10-23,2027-10-23,145726
1632,380,Verna,Sedan,Diesel,2022,2018-07-24,2023-07-24,52208
1633,946,Fortuner,SUV,Diesel,2020,2018-07-08,2021-07-08,27085
1634,537,Baleno,Hatchback,Petrol,2021,2024-10-24,2027-10-24,133406
1635,18,Verna,Sedan,Diesel,2023,2019-01-13,2021-01-13,103809
1636,1655,Creta,SUV,Petrol,2019,2022-03-29,2025-03-29,51457
1637,88,Verna,Sedan,Diesel,2020,2024-09-12,2027-09-12,24919
1638,1318,XUV 500,SUV,Diesel,2020,2022-09-18,2025-09-18,30978
1639,187,Nexon,SUV,Petrol,2024,2021-01-08,2025-01-08,41975
1640,134,Nexon,SUV,Petrol,2022,2023-09-08,2026-09-08,138386
1641,1594,Verna,Sedan,Diesel,2024,2020-12-07,2022-12-07,54080
1642,543,City,Sedan,Petrol,2021,2018-02-28,2022-02-28,11345
1643,25,City,Sedan,Petrol,2022,2021-02-04,2026-02-04,134012
1644,1230,Nexon,SUV,Petrol,2025,2024-11-15,2028-11-15,105080
1645,88,Fortuner,SUV,Diesel,2022,2021-04-06,2025-04-06,59321
1646,1299,City,Sedan,Petrol,2021,2022-03-08,2026-03-08,57084
1647,336,Baleno,Hatchback,Petrol,2025,2023-08-26,2027-08-26,164224
1648,308,i20,Hatchback,Petrol,2023,2020-02-15,2023-02-15,77437
1649,255,Fortuner,SUV,Diesel,2024,2019-10-30,2024-10-30,87295
1650,286,Baleno,Hatchback,Petrol,2023,2020-09-25,2023-09-25,103192
1651,1012,Slavia,Sedan,Petrol,2024,2024-01-28,2026-01-28,32725
1652,524,Slavia,Sedan,Petrol,2024,2025-06-30,2027-06-30,28174
1653,1192,Creta,SUV,Petrol,2025,2022-02-19,2025-02-19,159546
1654,1341,Verna,Sedan,Diesel,2023,2021-07-22,2024-07-22,19145
1655,1337,City,Sedan,Petrol,2021,2024-07-12,2027-07-12,98415
1656,854,Slavia,Sedan,Petrol,2022,2023-05-12,2026-05-12,106234
1657,1698,City,Sedan,Petrol,2020,2022-05-22,2027-05-22,13224
1658,1612,i20,Hatchback,Petrol,2020,2025-01-20,2028-01-20,122134
1659,472,i20,Hatchback,Petrol,2021,2022-03-28,2026-03-28,8111
1660,1774,Harrier,SUV,Diesel,2020,2024-02-26,2028-02-26,92384
1661,497,Harrier,SUV,Diesel,2023,2019-10-04,2021-10-04,90193
1662,685,Fortuner,SUV,Diesel,2021,2018-03-18,2021-03-18,46939
1663,233,Fortuner,SUV,Diesel,2020,2023-08-31,2025-08-31,25993
1664,1134,XUV 500,SUV,Diesel,2021,2022-10-27,2026-10-27,98848
1665,398,Baleno,Hatchback,Petrol,2022,2019-04-11,2023-04-11,61838
1666,412,Verna,Sedan,Diesel,2019,2019-02-07,2022-02-07,75645
1667,1150,i20,Hatchback,Petrol,2019,2021-08-10,2024-08-10,18096
1668,1248,i20,Hatchback,Petrol,2023,2020-03-29,2023-03-29,54029
1669,757,Nexon,SUV,Petrol,2024,2021-07-21,2023-07-21,24662
1670,69,Slavia,Sedan,Petrol,2022,2022-07-30,2024-07-30,63655
1671,1372,Nexon,SUV,Petrol,2024,2024-01-15,2029-01-15,162876
1672,676,Harrier,SUV,Diesel,2024,2020-03-10,2023-03-10,134721
1673,1677,Nexon,SUV,Petrol,2021,2023-11-09,2028-11-09,160338
1674,1671,City,Sedan,Petrol,2020,2022-12-26,2026-12-26,7376
1675,705,Baleno,Hatchback,Petrol,2021,2022-10-03,2026-10-03,109011
1676,342,Creta,SUV,Petrol,2025,2023-12-20,2027-12-20,132505
1677,1298,Slavia,Sedan,Petrol,2023,2023-03-07,2027-03-07,92474
1678,410,Baleno,Hatchback,Petrol,2020,2020-01-24,2022-01-24,101832
1679,1544,Verna,Sedan,Diesel,2022,2022-05-01,2026-05-01,107128
1680,1014,Verna,Sedan,Diesel,2018,2023-12-14,2027-12-14,157068
1681,1607,Harrier,SUV,Diesel,2019,2024-08-30,2028-08-30,8885
1682,860,Nexon,SUV,Petrol,2025,2022-05-14,2027-05-14,79272
1683,485,i20,Hatchback,Petrol,2023,2018-08-16,2021-08-16,139387
1684,394,Slavia,Sedan,Petrol,2025,2025-01-02,2029-01-02,102423
1685,910,Baleno,Hatchback,Petrol,2020,2025-11-27,2028-11-27,58563
1686,1341,Verna,Sedan,Diesel,2024,2022-12-18,2027-12-18,73995
1687,61,Nexon,SUV,Petrol,2023,2023-05-09,2026-05-09,155420
1688,832,Creta,SUV,Petrol,2024,2023-01-04,2027-01-04,73505
1689,1743,Baleno,Hatchback,Petrol,2021,2019-10-08,2023-10-08,6241
1690,1046,XUV 500,SUV,Diesel,2023,2020-11-30,2024-11-30,135946
1691,770,Baleno,Hatchback,Petrol,2022,2019-05-10,2023-05-10,85310
1692,509,i20,Hatchback,Petrol,2020,2024-09-07,2027-09-07,117540
1693,1264,Harrier,SUV,Diesel,2025,2022-05-18,2025-05-18,41623
1694,1075,Baleno,Hatchback,Petrol,2022,2021-05-22,2024-05-22,8763
1695,40,Fortuner,SUV,Diesel,2018,2018-06-28,2021-06-28,77419
1696,1158,City,Sedan,Petrol,2021,2020-11-27,2023-11-27,116382
1697,435,City,Sedan,Petrol,2022,2017-12-23,2020-12-23,121126
1698,677,Creta,SUV,Petrol,2022,2020-05-25,2024-05-25,11040
1699,331,i20,Hatchback,Petrol,2020,2022-10-28,2027-10-28,134017
1700,754,XUV 500,SUV,Diesel,2018,2022-03-10,2026-03-10,67030
1701,7,Creta,SUV,Petrol,2025,2022-02-12,2025-02-12,151673
1702,1684,XUV 500,SUV,Diesel,2021,2023-04-19,2026-04-19,163605
1703,32,Harrier,SUV,Diesel,2020,2020-03-09,2022-03-09,29790
1704,1219,City,Sedan,Petrol,2020,2021-07-10,2025-07-10,136933
1705,1576,Harrier,SUV,Diesel,2025,2024-09-03,2027-09-03,20660
1706,996,City,Sedan,Petrol,2020,2021-01-25,2025-01-25,45055
1707,1189,Creta,SUV,Petrol,2022,2025-11-28,2029-11-28,130224
1708,7,Fortuner,SUV,Diesel,2024,2024-01-22,2027-01-22,18775
1709,659,i20,Hatchback,Petrol,2018,2020-11-27,2023-11-27,41933
1710,1588,Baleno,Hatchback,Petrol,2025,2022-09-14,2025-09-14,130225
1711,685,Slavia,Sedan,Petrol,2025,2023-02-26,2027-02-26,27214
1712,877,Nexon,SUV,Petrol,2020,2023-03-30,2026-03-30,134446
1713,70,Fortuner,SUV,Diesel,2024,2018-04-17,2022-04-17,40971
1714,1168,Creta,SUV,Petrol,2024,2025-02-21,2030-02-21,51292
1715,1470,XUV 500,SUV,Diesel,2018,2022-05-21,2026-05-21,155805
1716,335,Baleno,Hatchback,Petrol,2021,2022-05-13,2027-05-13,152674
1717,688,Slavia,Sedan,Petrol,2023,2025-03-22,2029-03-22,145471
1718,778,i20,Hatchback,Petrol,2024,2020-12-18,2023-12-18,151983
1719,33,XUV 500,SUV,Diesel,2019,2020-02-10,2022-02-10,23461
1720,625,Baleno,Hatchback,Petrol,2022,2020-12-14,2023-12-14,18309
1721,934,Harrier,SUV,Diesel,2023,2024-04-07,2028-04-07,44244
1722,1591,Verna,Sedan,Diesel,2022,2023-08-13,2027-08-13,150201
1723,281,XUV 500,SUV,Diesel,2019,2023-02-14,2025-02-14,104899
1724,1320,City,Sedan,Petrol,2021,2017-12-03,2020-12-03,155022
1725,576,Slavia,Sedan,Petrol,2022,2025-04-17,2028-04-17,45272
1726,1083,City,Sedan,Petrol,2024,2022-09-23,2026-09-23,143877
1727,1672,XUV 500,SUV,Diesel,2019,2020-03-16,2023-03-16,150959
1728,70,Fortuner,SUV,Diesel,2018,2017-02-25,2020-02-25,114568
1729,889,Harrier,SUV,Diesel,2023,2022-09-04,2026-09-04,5619
1730,827,Verna,Sedan,Diesel,2019,2018-04-26,2021-04-26,31182
1731,487,Baleno,Hatchback,Petrol,2024,2021-05-02,2025-05-02,32378
1732,318,Fortuner,SUV,Diesel,2021,2020-05-14,2024-05-14,138864
1733,657,XUV 500,SUV,Diesel,2022,2021-06-24,2023-06-24,29775
1734,183,XUV 500,SUV,Diesel,2022,2019-06-13,2022-06-13,126540
1735,1233,City,Sedan,Petrol,2019,2022-06-24,2026-06-24,24179
1736,450,Creta,SUV,Petrol,2020,2023-12-21,2027-12-21,41099
1737,692,Slavia,Sedan,Petrol,2023,2024-01-06,2028-01-06,121469
1738,261,City,Sedan,Petrol,2024,2018-12-30,2023-12-30,102991
1739,605,Harrier,SUV,Diesel,2025,2019-12-16,2023-12-16,42715
1740,477,XUV 500,SUV,Diesel,2023,2019-12-27,2023-12-27,150134
1741,947,Creta,SUV,Petrol,2021,2022-08-24,2026-08-24,98753
1742,455,Nexon,SUV,Petrol,2025,2024-06-27,2027-06-27,150550
1743,750,Baleno,Hatchback,Petrol,2025,2025-06-20,2028-06-20,34586
1744,894,Verna,Sedan,Diesel,2023,2019-03-25,2024-03-25,34736
1745,20,Nexon,SUV,Petrol,2023,2025-08-24,2028-08-24,56078
1746,1409,i20,Hatchback,Petrol,2022,2020-06-04,2023-06-04,149784
1747,39,XUV 500,SUV,Diesel,2024,2019-03-19,2023-03-19,76928
1748,255,Slavia,Sedan,Petrol,2024,2023-05-02,2026-05-02,34236
1749,1626,XUV 500,SUV,Diesel,2019,2021-02-15,2024-02-15,90452
1750,983,Baleno,Hatchback,Petrol,2022,2021-05-19,2024-05-19,153429
1751,524,XUV 500,SUV,Diesel,2019,2020-06-01,2024-06-01,152462
1752,1225,XUV 500,SUV,Diesel,2023,2021-09-25,2025-09-25,111715
1753,1381,Baleno,Hatchback,Petrol,2025,2024-05-04,2027-05-04,105348
1754,946,Baleno,Hatchback,Petrol,2020,2024-02-20,2029-02-20,48489
1755,753,Baleno,Hatchback,Petrol,2021,2020-01-03,2024-01-03,114000
1756,1767,Nexon,SUV,Petrol,2025,2021-09-22,2025-09-22,146394
1757,1606,Nexon,SUV,Petrol,2025,2024-07-28,2028-07-28,160543
1758,223,XUV 500,SUV,Diesel,2021,2020-12-06,2023-12-06,49945
1759,1173,i20,Hatchback,Petrol,2018,2022-12-28,2025-12-28,107996
1760,1393,Slavia,Sedan,Petrol,2024,2023-09-27,2026-09-27,124970
1761,1544,City,Sedan,Petrol,2021,2021-07-18,2024-07-18,137445
1762,1206,XUV 500,SUV,Diesel,2020,2020-05-18,2023-05-18,121833
1763,607,Harrier,SUV,Diesel,2024,2020-06-04,2022-06-04,116427
1764,1185,Baleno,Hatchback,Petrol,2021,2025-06-11,2029-06-11,18686
1765,643,City,Sedan,Petrol,2019,2022-09-12,2025-09-12,124722
1766,1670,Creta,SUV,Petrol,2023,2025-07-05,2028-07-05,77887
1767,581,Slavia,Sedan,Petrol,2024,2022-11-06,2025-11-06,27393
1768,537,Creta,SUV,Petrol,2021,2024-07-14,2028-07-14,58063
1769,1425,Baleno,Hatchback,Petrol,2021,2019-11-30,2021-11-30,35445
1770,490,Harrier,SUV,Diesel,2021,2022-04-07,2027-04-07,33631
1771,30,City,Sedan,Petrol,2021,2023-04-17,2026-04-17,33631
1772,1690,i20,Hatchback,Petrol,2020,2021-07-18,2023-07-18,33675
1773,1353,City,Sedan,Petrol,2023,2017-09-24,2020-09-24,25630
1774,723,XUV 500,SUV,Diesel,2024,2019-09-21,2021-09-21,91003
1775,1247,XUV 500,SUV,Diesel,2021,2020-08-22,2025-08-22,102440
1776,1009,Verna,Sedan,Diesel,2020,2020-09-02,2024-09-02,63199
1777,1300,Baleno,Hatchback,Petrol,2023,2020-01-27,2022-01-27,46450
1778,1321,City,Sedan,Petrol,2022,2022-11-12,2026-11-12,122372
1779,1637,Fortuner,SUV,Diesel,2018,2019-06-08,2023-06-08,140771
1780,205,Harrier,SUV,Diesel,2020,2021-02-05,2026-02-05,86139
1781,1682,XUV 500,SUV,Diesel,2020,2021-08-10,2025-08-10,52888
1782,758,Slavia,Sedan,Petrol,2023,2022-11-21,2026-11-21,35204
1783,1765,Baleno,Hatchback,Petrol,2022,2025-11-09,2028-11-09,47350
1784,20,Nexon,SUV,Petrol,2024,2021-09-17,2024-09-17,118078
1785,138,Baleno,Hatchback,Petrol,2021,2025-05-08,2028-05-08,112373
1786,1679,Fortuner,SUV,Diesel,2018,2023-08-25,2028-08-25,8369
1787,427,XUV 500,SUV,Diesel,2019,2019-08-01,2022-08-01,73930
1788,1756,Nexon,SUV,Petrol,2023,2025-11-07,2028-11-07,53052
1789,1571,Harrier,SUV,Diesel,2022,2024-09-03,2027-09-03,63382
1790,1568,i20,Hatchback,Petrol,2025,2021-02-08,2024-02-08,124512
1791,1549,City,Sedan,Petrol,2021,2021-01-30,2025-01-30,27866
1792,360,i20,Hatchback,Petrol,2019,2020-02-21,2024-02-21,133212
1793,1601,Fortuner,SUV,Diesel,2023,2017-10-09,2020-10-09,15152
1794,1630,Slavia,Sedan,Petrol,2024,2024-11-30,2027-11-30,78820
1795,892,i20,Hatchback,Petrol,2024,2021-02-01,2026-02-01,90307
1796,1526,Slavia,Sedan,Petrol,2024,2025-05-12,2029-05-12,79612
1797,1342,Harrier,SUV,Diesel,2025,2023-10-28,2026-10-28,55332
1798,1298,Slavia,Sedan,Petrol,2025,2022-03-21,2027-03-21,88956
1799,299,Baleno,Hatchback,Petrol,2022,2019-08-05,2021-08-05,113466
1800,350,XUV 500,SUV,Diesel,2024,2019-08-13,2022-08-13,132354
1801,420,XUV 500,SUV,Diesel,2020,2018-08-19,2021-08-19,36447
1802,1471,City,Sedan,Petrol,2018,2024-10-16,2027-10-16,69033
1803,863,Creta,SUV,Petrol,2021,2019-11-09,2024-11-09,24705
1804,197,Verna,Sedan,Diesel,2018,2024-07-01,2027-07-01,71420
1805,1302,Creta,SUV,Petrol,2020,2020-02-18,2024-02-18,32178
1806,947,i20,Hatchback,Petrol,2021,2023-08-13,2027-08-13,9756
1807,181,Slavia,Sedan,Petrol,2022,2022-06-24,2026-06-24,109195
1808,357,Fortuner,SUV,Diesel,2019,2021-07-05,2023-07-05,138764
1809,1632,Slavia,Sedan,Petrol,2025,2024-06-26,2028-06-26,37852
1810,55,XUV 500,SUV,Diesel,2020,2018-03-22,2022-03-22,104721
1811,168,Verna,Sedan,Diesel,2022,2023-07-20,2027-07-20,151250
1812,1688,Slavia,Sedan,Petrol,2025,2025-12-10,2030-12-10,118865
1813,716,Harrier,SUV,Diesel,2019,2021-04-12,2026-04-12,111933
1814,648,Fortuner,SUV,Diesel,2022,2022-08-31,2025-08-31,9627
1815,700,i20,Hatchback,Petrol,2020,2021-05-25,2024-05-25,122980
1816,717,Fortuner,SUV,Diesel,2017,2022-11-18,2027-11-18,110900
1817,1573,Verna,Sedan,Diesel,2021,2021-08-19,2024-08-19,104490
1818,1285,Creta,SUV,Petrol,2024,2020-06-26,2024-06-26,24591
1819,267,Fortuner,SUV,Diesel,2024,2024-02-20,2027-02-20,81551
1820,640,Fortuner,SUV,Diesel,2020,2020-10-19,2023-10-19,102983
1821,213,Harrier,SUV,Diesel,2025,2022-05-31,2027-05-31,135004
1822,502,Verna,Sedan,Diesel,2018,2022-02-11,2027-02-11,143219
1823,146,City,Sedan,Petrol,2019,2022-01-15,2026-01-15,102527
1824,1403,XUV 500,SUV,Diesel,2021,2018-02-19,2021-02-19,119197
1825,485,City,Sedan,Petrol,2024,2024-06-09,2029-06-09,141374
1826,415,Harrier,SUV,Diesel,2021,2020-02-26,2024-02-26,109532
1827,523,Verna,Sedan,Diesel,2020,2024-07-17,2027-07-17,93210
1828,1525,Verna,Sedan,Diesel,2020,2024-01-07,2027-01-07,132296
1829,823,Nexon,SUV,Petrol,2020,2021-04-16,2025-04-16,104845
1830,362,Fortuner,SUV,Diesel,2017,2023-07-18,2026-07-18,119141
1831,455,Creta,SUV,Petrol,2019,2020-01-06,2025-01-06,45949
1832,239,Fortuner,SUV,Diesel,2022,2017-01-02,2020-01-02,23244
1833,166,Creta,SUV,Petrol,2023,2023-10-10,2027-10-10,60555
1834,323,Baleno,Hatchback,Petrol,2019,2025-05-27,2029-05-27,162433
1835,943,Baleno,Hatchback,Petrol,2020,2024-12-27,2028-12-27,16214
1836,427,i20,Hatchback,Petrol,2024,2024-07-22,2028-07-22,151510
1837,19,Creta,SUV,Petrol,2022,2019-01-19,2022-01-19,88062
1838,326,Baleno,Hatchback,Petrol,2020,2020-10-24,2022-10-24,111597
1839,24,i20,Hatchback,Petrol,2022,2022-11-06,2026-11-06,136503
1840,909,XUV 500,SUV,Diesel,2020,2023-08-17,2028-08-17,47928
1841,1446,i20,Hatchback,Petrol,2024,2018-04-21,2021-04-21,138330
1842,1136,Harrier,SUV,Diesel,2021,2022-06-29,2026-06-29,59804
1843,66,Slavia,Sedan,Petrol,2023,2023-07-07,2027-07-07,138197
1844,189,Baleno,Hatchback,Petrol,2024,2023-02-10,2025-02-10,54413
1845,1098,City,Sedan,Petrol,2018,2022-02-21,2025-02-21,160892
1846,387,Harrier,SUV,Diesel,2019,2020-02-05,2023-02-05,22156
1847,829,City,Sedan,Petrol,2024,2023-04-25,2025-04-25,149025
1848,642,Fortuner,SUV,Diesel,2018,2018-01-02,2021-01-02,68280
1849,976,i20,Hatchback,Petrol,2024,2022-11-18,2027-11-18,118624
1850,967,Harrier,SUV,Diesel,2024,2020-08-23,2025-08-23,94655
1851,1460,XUV 500,SUV,Diesel,2019,2024-08-20,2027-08-20,159214
1852,775,i20,Hatchback,Petrol,2018,2023-08-13,2027-08-13,162349
1853,1384,Slavia,Sedan,Petrol,2023,2022-09-28,2026-09-28,135497
1854,1202,Slavia,Sedan,Petrol,2025,2025-11-23,2027-11-23,47555
1855,216,Nexon,SUV,Petrol,2020,2024-08-19,2027-08-19,13700
1856,1550,Slavia,Sedan,Petrol,2025,2025-12-06,2028-12-06,38642
1857,870,City,Sedan,Petrol,2021,2018-10-27,2023-10-27,18403
1858,16,XUV 500,SUV,Diesel,2022,2024-06-19,2028-06-19,74072
1859,327,Harrier,SUV,Diesel,2022,2019-09-28,2023-09-28,31729
1860,159,Verna,Sedan,Diesel,2020,2019-11-28,2023-11-28,114670
1861,1347,Nexon,SUV,Petrol,2020,2023-11-07,2026-11-07,52669
1862,278,Verna,Sedan,Diesel,2024,2023-08-12,2026-08-12,21648
1863,1661,Nexon,SUV,Petrol,2022,2022-10-02,2026-10-02,151011
1864,1495,Slavia,Sedan,Petrol,2023,2025-02-13,2029-02-13,153396
1865,1789,Creta,SUV,Petrol,2021,2019-09-08,2022-09-08,35891
1866,1575,City,Sedan,Petrol,2021,2020-11-28,2024-11-28,71280
1867,1028,Fortuner,SUV,Diesel,2020,2023-12-08,2028-12-08,158160
1868,509,Harrier,SUV,Diesel,2021,2025-04-03,2029-04-03,159504
1869,941,Baleno,Hatchback,Petrol,2023,2021-07-28,2025-07-28,66963
1870,832,Baleno,Hatchback,Petrol,2025,2025-10-24,2029-10-24,163254
1871,223,Harrier,SUV,Diesel,2020,2020-04-17,2024-04-17,151833
1872,549,Verna,Sedan,Diesel,2022,2023-01-23,2027-01-23,129955
1873,60,Nexon,SUV,Petrol,2022,2025-05-06,2030-05-06,88242
1874,1418,i20,Hatchback,Petrol,2025,2018-04-10,2022-04-10,45010
1875,420,i20,Hatchback,Petrol,2019,2023-06-14,2028-06-14,89256
1876,1290,Creta,SUV,Petrol,2022,2024-06-30,2029-06-30,13463
1877,575,Nexon,SUV,Petrol,2023,2022-01-19,2025-01-19,30929
1878,1196,Nexon,SUV,Petrol,2022,2024-05-12,2028-05-12,78046
1879,1682,Baleno,Hatchback,Petrol,2019,2020-10-08,2024-10-08,38213
1880,1212,City,Sedan,Petrol,2024,2024-04-13,2028-04-13,82427
1881,1483,Verna,Sedan,Diesel,2024,2023-06-14,2026-06-14,75114
1882,1783,Verna,Sedan,Diesel,2023,2019-07-02,2022-07-02,119694
1883,296,Fortuner,SUV,Diesel,2023,2018-04-05,2022-04-05,27837
1884,1638,Verna,Sedan,Diesel,2018,2018-12-12,2022-12-12,91773
1885,441,Baleno,Hatchback,Petrol,2022,2020-11-24,2023-11-24,145275
1886,1096,Creta,SUV,Petrol,2020,2025-11-06,2028-11-06,26467
1887,939,City,Sedan,Petrol,2018,2021-12-03,2024-12-03,119141
1888,707,Baleno,Hatchback,Petrol,2019,2019-10-06,2024-10-06,62861
1889,437,Slavia,Sedan,Petrol,2024,2025-12-14,2028-12-14,68319
1890,985,XUV 500,SUV,Diesel,2022,2020-04-20,2025-04-20,23904
1891,833,i20,Hatchback,Petrol,2023,2018-04-09,2021-04-09,34318
1892,763,Harrier,SUV,Diesel,2019,2021-10-01,2024-10-01,108104
1893,1091,Harrier,SUV,Diesel,2023,2021-10-05,2026-10-05,33234
1894,1700,Harrier,SUV,Diesel,2024,2021-02-24,2025-02-24,60953
1895,874,Slavia,Sedan,Petrol,2023,2022-10-13,2025-10-13,77588
1896,795,XUV 500,SUV,Diesel,2019,2018-07-30,2021-07-30,82354
1897,1541,Baleno,Hatchback,Petrol,2023,2021-07-16,2023-07-16,91621
1898,599,Baleno,Hatchback,Petrol,2024,2020-03-01,2023-03-01,76954
1899,706,Creta,SUV,Petrol,2024,2021-05-15,2024-05-15,52374
1900,207,Baleno,Hatchback,Petrol,2025,2025-07-22,2027-07-22,13597
1901,715,Verna,Sedan,Diesel,2024,2018-07-28,2021-07-28,23952
1902,1412,Fortuner,SUV,Diesel,2023,2020-06-30,2025-06-30,95543
1903,653,Fortuner,SUV,Diesel,2022,2024-10-08,2027-10-08,37410
1904,966,Creta,SUV,Petrol,2024,2025-03-29,2029-03-29,65572
1905,235,Verna,Sedan,Diesel,2023,2024-02-12,2026-02-12,135820
1906,1270,Harrier,SUV,Diesel,2020,2019-03-10,2023-03-10,104413
1907,262,XUV 500,SUV,Diesel,2019,2020-01-26,2024-01-26,135371
1908,382,Slavia,Sedan,Petrol,2024,2024-06-19,2028-06-19,131092
1909,721,Slavia,Sedan,Petrol,2023,2022-04-01,2025-04-01,63847
1910,572,Verna,Sedan,Diesel,2024,2019-04-10,2023-04-10,11278
1911,1790,i20,Hatchback,Petrol,2019,2020-07-10,2023-07-10,153800
1912,504,Nexon,SUV,Petrol,2024,2023-02-11,2027-02-11,73495
1913,343,i20,Hatchback,Petrol,2024,2020-08-25,2023-08-25,127348
1914,1606,Nexon,SUV,Petrol,2021,2020-03-01,2023-03-01,163910
1915,904,Nexon,SUV,Petrol,2024,2021-03-20,2025-03-20,6655
1916,955,Nexon,SUV,Petrol,2022,2024-03-29,2027-03-29,124411
1917,491,Slavia,Sedan,Petrol,2024,2024-09-20,2027-09-20,159750
1918,1468,Fortuner,SUV,Diesel,2021,2019-10-05,2021-10-05,82576
1919,1524,Baleno,Hatchback,Petrol,2019,2019-11-12,2022-11-12,154276
1920,1795,Slavia,Sedan,Petrol,2025,2025-07-29,2029-07-29,13930
1921,816,Slavia,Sedan,Petrol,2024,2023-02-23,2027-02-23,86749
1922,419,XUV 500,SUV,Diesel,2021,2019-06-29,2023-06-29,160231
1923,1159,XUV 500,SUV,Diesel,2019,2019-11-04,2022-11-04,74052
1924,1722,Nexon,SUV,Petrol,2024,2025-11-11,2028-11-11,105815
1925,886,City,Sedan,Petrol,2019,2020-12-02,2022-12-02,51146
1926,809,Nexon,SUV,Petrol,2025,2022-10-28,2026-10-28,21800
1927,232,i20,Hatchback,Petrol,2022,2022-06-25,2025-06-25,154478
1928,896,i20,Hatchback,Petrol,2020,2021-03-21,2025-03-21,21672
1929,135,XUV 500,SUV,Diesel,2024,2023-11-13,2026-11-13,91796
1930,87,Nexon,SUV,Petrol,2021,2023-08-10,2028-08-10,49556
1931,1719,i20,Hatchback,Petrol,2025,2024-02-14,2029-02-14,13695
1932,345,Harrier,SUV,Diesel,2021,2024-09-24,2026-09-24,77199
1933,1176,Creta,SUV,Petrol,2024,2020-06-01,2023-06-01,18229
1934,378,Fortuner,SUV,Diesel,2024,2017-06-03,2021-06-03,119953
1935,1430,Creta,SUV,Petrol,2025,2022-03-19,2026-03-19,54222
1936,1425,i20,Hatchback,Petrol,2021,2025-02-27,2027-02-27,15364
1937,1210,Slavia,Sedan,Petrol,2024,2025-08-24,2028-08-24,90846
1938,1100,Creta,SUV,Petrol,2019,2020-05-25,2023-05-25,100263
1939,691,City,Sedan,Petrol,2021,2024-12-08,2028-12-08,162232
1940,1692,Verna,Sedan,Diesel,2018,2021-11-18,2025-11-18,16270
1941,643,Verna,Sedan,Diesel,2020,2018-06-28,2023-06-28,104719
1942,1045,Baleno,Hatchback,Petrol,2022,2021-02-13,2023-02-13,6415
1943,1800,Verna,Sedan,Diesel,2023,2019-06-05,2024-06-05,100464
1944,960,Nexon,SUV,Petrol,2023,2025-06-20,2029-06-20,140008
1945,1430,Verna,Sedan,Diesel,2021,2022-08-23,2026-08-23,40191
1946,86,Verna,Sedan,Diesel,2021,2022-03-31,2027-03-31,111310
1947,539,Fortuner,SUV,Diesel,2024,2019-01-12,2022-01-12,107844
1948,1315,Baleno,Hatchback,Petrol,2022,2022-02-20,2024-02-20,118974
1949,728,XUV 500,SUV,Diesel,2018,2023-02-04,2027-02-04,57604
1950,1517,Nexon,SUV,Petrol,2021,2021-12-09,2024-12-09,90612
1951,850,Harrier,SUV,Diesel,2025,2025-10-01,2029-10-01,163392
1952,572,Slavia,Sedan,Petrol,2022,2023-04-19,2027-04-19,80476
1953,966,City,Sedan,Petrol,2020,2023-10-03,2027-10-03,106134
1954,613,XUV 500,SUV,Diesel,2021,2024-06-23,2028-06-23,145816
1955,1320,Verna,Sedan,Diesel,2023,2019-12-05,2023-12-05,112250
1956,1087,Fortuner,SUV,Diesel,2019,2019-02-21,2023-02-21,102360
1957,1243,Verna,Sedan,Diesel,2023,2023-01-23,2027-01-23,144104
1958,148,Verna,Sedan,Diesel,2024,2018-04-05,2023-04-05,41674
1959,1397,Slavia,Sedan,Petrol,2022,2024-07-15,2027-07-15,135300
1960,1530,Nexon,SUV,Petrol,2025,2021-04-05,2024-04-05,153140
1961,241,Verna,Sedan,Diesel,2023,2019-07-07,2023-07-07,113643
1962,1275,Fortuner,SUV,Diesel,2018,2024-08-21,2026-08-21,32511
1963,939,City,Sedan,Petrol,2021,2019-05-15,2023-05-15,134509
1964,1082,Baleno,Hatchback,Petrol,2022,2019-09-18,2023-09-18,95482
1965,1624,i20,Hatchback,Petrol,2019,2020-09-03,2023-09-03,93439
1966,297,Baleno,Hatchback,Petrol,2021,2020-09-15,2025-09-15,31341
1967,738,i20,Hatchback,Petrol,2020,2022-02-20,2024-02-20,67177
1968,1309,Creta,SUV,Petrol,2020,2023-01-24,2028-01-24,127782
1969,1746,Fortuner,SUV,Diesel,2023,2019-01-31,2024-01-31,34497
1970,1307,Creta,SUV,Petrol,2021,2024-04-02,2028-04-02,40411
1971,990,Creta,SUV,Petrol,2022,2019-08-06,2022-08-06,120577
1972,1563,Nexon,SUV,Petrol,2025,2025-07-31,2030-07-31,35602
1973,1150,i20,Hatchback,Petrol,2018,2019-03-08,2024-03-08,71168
1974,601,Slavia,Sedan,Petrol,2022,2022-11-12,2026-11-12,33347
1975,1662,Harrier,SUV,Diesel,2024,2021-03-13,2025-03-13,135282
1976,1404,City,Sedan,Petrol,2021,2024-11-30,2028-11-30,56168
1977,1722,Fortuner,SUV,Diesel,2022,2018-09-18,2023-09-18,136347
1978,1554,Slavia,Sedan,Petrol,2022,2022-02-05,2025-02-05,134009
1979,1227,Creta,SUV,Petrol,2019,2022-02-20,2026-02-20,11836
1980,1491,Fortuner,SUV,Diesel,2019,2023-07-04,2027-07-04,117764
1981,838,i20,Hatchback,Petrol,2022,2023-03-30,2026-03-30,104506
1982,1597,Slavia,Sedan,Petrol,2024,2024-11-07,2027-11-07,5471
1983,438,Nexon,SUV,Petrol,2023,2022-10-12,2025-10-12,111688
1984,163,Harrier,SUV,Diesel,2020,2024-09-14,2028-09-14,34798
1985,819,Harrier,SUV,Diesel,2024,2020-02-02,2024-02-02,19482
1986,497,Slavia,Sedan,Petrol,2024,2022-04-24,2025-04-24,153900
1987,431,Creta,SUV,Petrol,2021,2025-11-13,2028-11-13,63629
1988,1598,XUV 500,SUV,Diesel,2020,2020-07-27,2024-07-27,111138
1989,355,i20,Hatchback,Petrol,2023,2025-08-03,2029-08-03,137115
1990,242,i20,Hatchback,Petrol,2018,2018-06-12,2023-06-12,21155
1991,1420,Baleno,Hatchback,Petrol,2021,2019-11-07,2022-11-07,94696
1992,323,Verna,Sedan,Diesel,2021,2023-11-10,2025-11-10,122894
1993,145,Nexon,SUV,Petrol,2024,2023-02-20,2027-02-20,38160
1994,286,XUV 500,SUV,Diesel,2020,2020-01-11,2024-01-11,47285
1995,536,Slavia,Sedan,Petrol,2025,2025-09-22,2029-09-22,119389
1996,326,Verna,Sedan,Diesel,2018,2022-08-13,2027-08-13,86665
1997,413,Nexon,SUV,Petrol,2020,2024-07-03,2028-07-03,162801
1998,1638,i20,Hatchback,Petrol,2022,2022-07-14,2026-07-14,138216
1999,967,Harrier,SUV,Diesel,2020,2019-07-03,2022-07-03,46532
2000,1713,City,Sedan,Petrol,2022,2023-10-04,2026-10-04,120639
2001,87,Creta,SUV,Petrol,2024,2019-07-17,2022-07-17,146171
2002,1323,Baleno,Hatchback,Petrol,2021,2023-02-13,2027-02-13,92748
2003,1119,i20,Hatchback,Petrol,2019,2019-01-18,2022-01-18,67847
2004,340,XUV 500,SUV,Diesel,2020,2018-08-29,2022-08-29,162600
2005,510,Creta,SUV,Petrol,2025,2021-09-03,2025-09-03,13636
2006,1048,Creta,SUV,Petrol,2021,2019-10-11,2022-10-11,115814
2007,674,Verna,Sedan,Diesel,2021,2018-02-28,2022-02-28,51582
2008,858,Slavia,Sedan,Petrol,2022,2025-01-07,2029-01-07,160681
2009,1515,Nexon,SUV,Petrol,2021,2024-06-23,2028-06-23,109066
2010,657,Harrier,SUV,Diesel,2020,2021-12-15,2024-12-15,24796
2011,1459,Creta,SUV,Petrol,2020,2024-01-17,2027-01-17,102018
2012,1472,Slavia,Sedan,Petrol,2022,2022-02-27,2027-02-27,99453
2013,680,Baleno,Hatchback,Petrol,2024,2025-09-07,2030-09-07,21358
2014,277,Harrier,SUV,Diesel,2021,2019-12-22,2023-12-22,70342
2015,1643,Fortuner,SUV,Diesel,2020,2017-11-29,2020-11-29,128419
2016,255,i20,Hatchback,Petrol,2021,2023-01-15,2026-01-15,41188
2017,583,Creta,SUV,Petrol,2023,2019-01-20,2023-01-20,76023
2018,1194,Creta,SUV,Petrol,2024,2019-03-05,2023-03-05,121598
2019,1012,Fortuner,SUV,Diesel,2017,2023-03-14,2025-03-14,105923
2020,580,i20,Hatchback,Petrol,2022,2025-05-09,2029-05-09,129962
2021,545,Verna,Sedan,Diesel,2020,2023-08-04,2026-08-04,9406
2022,688,Verna,Sedan,Diesel,2024,2018-03-07,2022-03-07,64148
2023,953,XUV 500,SUV,Diesel,2020,2024-07-16,2027-07-16,159822
2024,1667,XUV 500,SUV,Diesel,2018,2019-02-20,2022-02-20,80752
2025,539,XUV 500,SUV,Diesel,2020,2024-03-14,2026-03-14,61331
2026,662,XUV 500,SUV,Diesel,2021,2021-08-02,2024-08-02,124081
2027,1587,Verna,Sedan,Diesel,2018,2021-05-28,2025-05-28,103572
2028,503,Verna,Sedan,Diesel,2019,2022-12-25,2025-12-25,7147
2029,851,Nexon,SUV,Petrol,2025,2021-05-23,2024-05-23,148070
2030,141,Baleno,Hatchback,Petrol,2024,2024-05-18,2029-05-18,136976
2031,1382,Slavia,Sedan,Petrol,2023,2025-01-30,2027-01-30,137126
2032,162,City,Sedan,Petrol,2021,2021-07-19,2025-07-19,83703
2033,902,XUV 500,SUV,Diesel,2022,2022-08-08,2025-08-08,22388
2034,176,City,Sedan,Petrol,2018,2024-05-17,2027-05-17,17277
2035,148,Nexon,SUV,Petrol,2022,2023-12-02,2028-12-02,95326
2036,1630,Creta,SUV,Petrol,2024,2020-01-20,2023-01-20,31585
2037,719,Slavia,Sedan,Petrol,2022,2024-10-04,2027-10-04,74489
2038,1101,i20,Hatchback,Petrol,2021,2018-07-27,2022-07-27,98647
2039,1088,City,Sedan,Petrol,2020,2019-02-25,2023-02-25,12183
2040,201,Creta,SUV,Petrol,2022,2021-07-14,2026-07-14,33157
2041,715,Slavia,Sedan,Petrol,2024,2025-02-15,2028-02-15,122268
2042,854,Slavia,Sedan,Petrol,2022,2024-12-27,2027-12-27,164793
2043,1583,Creta,SUV,Petrol,2024,2023-08-20,2027-08-20,131492
2044,1232,Creta,SUV,Petrol,2023,2024-10-25,2028-10-25,124044
2045,1584,Fortuner,SUV,Diesel,2020,2017-07-14,2021-07-14,131892
2046,675,Baleno,Hatchback,Petrol,2021,2023-12-23,2025-12-23,161045
2047,1560,Nexon,SUV,Petrol,2023,2024-11-05,2028-11-05,124302
2048,188,Harrier,SUV,Diesel,2023,2024-04-09,2029-04-09,32269
2049,1466,Slavia,Sedan,Petrol,2022,2025-11-11,2030-11-11,44981
2050,535,Creta,SUV,Petrol,2023,2025-02-15,2027-02-15,64799
2051,881,XUV 500,SUV,Diesel,2024,2021-09-29,2025-09-29,28731
2052,1613,City,Sedan,Petrol,2023,2018-06-11,2021-06-11,119238
2053,873,XUV 500,SUV,Diesel,2024,2019-08-11,2023-08-11,133522
2054,568,XUV 500,SUV,Diesel,2023,2022-10-08,2027-10-08,68143
2055,714,Verna,Sedan,Diesel,2023,2019-05-20,2021-05-20,15108
2056,1620,Verna,Sedan,Diesel,2018,2024-06-27,2026-06-27,97608
2057,357,Harrier,SUV,Diesel,2024,2024-05-16,2026-05-16,49521
2058,406,Baleno,Hatchback,Petrol,2023,2024-12-11,2028-12-11,159825
2059,79,Fortuner,SUV,Diesel,2020,2021-07-12,2026-07-12,111084
2060,1798,City,Sedan,Petrol,2024,2019-03-23,2024-03-23,63798
2061,1672,Slavia,Sedan,Petrol,2025,2023-10-24,2027-10-24,11556
2062,1605,Fortuner,SUV,Diesel,2023,2017-10-03,2020-10-03,150043
2063,561,Harrier,SUV,Diesel,2025,2020-05-13,2023-05-13,122180
2064,124,i20,Hatchback,Petrol,2025,2019-01-11,2022-01-11,21012
2065,1565,Nexon,SUV,Petrol,2020,2023-04-07,2027-04-07,115941
2066,1376,i20,Hatchback,Petrol,2025,2022-08-04,2027-08-04,28812
2067,529,Slavia,Sedan,Petrol,2023,2022-09-23,2026-09-23,106084
2068,779,Creta,SUV,Petrol,2025,2024-03-31,2027-03-31,83964
2069,726,Creta,SUV,Petrol,2023,2023-12-09,2027-12-09,67168
2070,1530,Verna,Sedan,Diesel,2023,2024-08-02,2027-08-02,35780
2071,1630,Slavia,Sedan,Petrol,2025,2025-01-18,2030-01-18,72283
2072,245,i20,Hatchback,Petrol,2020,2020-09-12,2025-09-12,20121
2073,844,i20,Hatchback,Petrol,2024,2025-02-06,2028-02-06,81059
2074,286,Harrier,SUV,Diesel,2024,2021-11-25,2024-11-25,52944
2075,1118,Creta,SUV,Petrol,2022,2024-02-21,2029-02-21,96637
2076,774,City,Sedan,Petrol,2022,2017-07-04,2021-07-04,88193
2077,1413,Baleno,Hatchback,Petrol,2025,2022-01-24,2024-01-24,18959
2078,1283,Baleno,Hatchback,Petrol,2022,2024-05-25,2027-05-25,71738
2079,106,Fortuner,SUV,Diesel,2019,2021-07-31,2024-07-31,134744
2080,418,Verna,Sedan,Diesel,2019,2024-12-16,2027-12-16,83900
2081,829,Fortuner,SUV,Diesel,2022,2019-07-20,2023-07-20,101898
2082,1270,Baleno,Hatchback,Petrol,2019,2019-12-15,2024-12-15,125195
2083,1653,Nexon,SUV,Petrol,2023,2020-11-21,2025-11-21,120943
2084,1741,Verna,Sedan,Diesel,2020,2018-01-29,2022-01-29,113408
2085,676,XUV 500,SUV,Diesel,2018,2020-06-24,2023-06-24,125063
2086,1226,Slavia,Sedan,Petrol,2025,2023-09-23,2027-09-23,51507
2087,1493,Slavia,Sedan,Petrol,2022,2023-03-14,2026-03-14,93392
2088,1671,Nexon,SUV,Petrol,2020,2021-06-11,2024-06-11,91049
2089,1484,i20,Hatchback,Petrol,2023,2020-03-01,2025-03-01,123159
2090,311,Creta,SUV,Petrol,2025,2025-07-26,2029-07-26,8637
2091,1028,Fortuner,SUV,Diesel,2021,2023-08-03,2025-08-03,161089
2092,1029,Fortuner,SUV,Diesel,2020,2021-10-16,2026-10-16,143322
2093,1679,City,Sedan,Petrol,2019,2023-05-15,2028-05-15,27296
2094,1636,Creta,SUV,Petrol,2019,2019-10-03,2024-10-03,17923
2095,92,i20,Hatchback,Petrol,2024,2019-12-07,2023-12-07,100027
2096,368,Slavia,Sedan,Petrol,2022,2024-08-31,2026-08-31,127626
2097,1729,XUV 500,SUV,Diesel,2021,2018-04-18,2022-04-18,70071
2098,1595,i20,Hatchback,Petrol,2021,2022-04-18,2027-04-18,39376
2099,716,Harrier,SUV,Diesel,2025,2025-07-23,2028-07-23,109720
2100,336,Nexon,SUV,Petrol,2023,2025-07-08,2028-07-08,61083
2101,1008,Slavia,Sedan,Petrol,2023,2022-11-10,2025-11-10,41423
2102,1146,Slavia,Sedan,Petrol,2023,2023-12-10,2026-12-10,31391
2103,1204,XUV 500,SUV,Diesel,2018,2018-11-28,2021-11-28,74780
2104,775,Harrier,SUV,Diesel,2024,2022-05-09,2025-05-09,99374
2105,849,XUV 500,SUV,Diesel,2018,2023-10-16,2027-10-16,91257
2106,634,Nexon,SUV,Petrol,2025,2022-08-10,2025-08-10,161186
2107,487,Harrier,SUV,Diesel,2022,2019-07-14,2023-07-14,127457
2108,1362,Nexon,SUV,Petrol,2022,2024-03-11,2027-03-11,75671
2109,935,City,Sedan,Petrol,2022,2020-06-27,2024-06-27,126323
2110,359,Baleno,Hatchback,Petrol,2020,2019-07-05,2021-07-05,149125
2111,64,City,Sedan,Petrol,2023,2024-06-19,2027-06-19,9426
2112,556,i20,Hatchback,Petrol,2018,2023-01-12,2026-01-12,19271
2113,50,Baleno,Hatchback,Petrol,2019,2023-04-18,2028-04-18,120608
2114,1742,Creta,SUV,Petrol,2024,2024-09-14,2028-09-14,15925
2115,640,XUV 500,SUV,Diesel,2023,2020-11-28,2023-11-28,22212
2116,1366,Baleno,Hatchback,Petrol,2024,2019-11-25,2022-11-25,162822
2117,1018,Verna,Sedan,Diesel,2021,2021-07-30,2024-07-30,17627
2118,438,Slavia,Sedan,Petrol,2023,2023-09-12,2027-09-12,49044
2119,675,Harrier,SUV,Diesel,2024,2025-04-07,2030-04-07,66687
2120,153,i20,Hatchback,Petrol,2020,2018-09-07,2021-09-07,27093
2121,1126,Verna,Sedan,Diesel,2024,2018-11-08,2020-11-08,155835
2122,1631,Baleno,Hatchback,Petrol,2020,2023-11-07,2026-11-07,103046
2123,944,City,Sedan,Petrol,2021,2020-04-14,2024-04-14,64500
2124,593,Fortuner,SUV,Diesel,2020,2023-11-21,2026-11-21,106537
2125,1725,Slavia,Sedan,Petrol,2024,2022-05-05,2025-05-05,78619
2126,996,Harrier,SUV,Diesel,2023,2020-09-20,2024-09-20,69813
2127,132,XUV 500,SUV,Diesel,2024,2020-08-10,2024-08-10,8165
2128,4,Slavia,Sedan,Petrol,2023,2022-11-22,2025-11-22,81170
2129,1208,City,Sedan,Petrol,2017,2019-02-02,2022-02-02,31574
2130,1498,City,Sedan,Petrol,2023,2022-06-01,2026-06-01,79643
2131,1774,Slavia,Sedan,Petrol,2023,2025-08-21,2028-08-21,8512
2132,1187,i20,Hatchback,Petrol,2025,2023-12-16,2026-12-16,121423
2133,304,Creta,SUV,Petrol,2023,2022-04-07,2025-04-07,69713
2134,1,Slavia,Sedan,Petrol,2025,2025-11-30,2028-11-30,162779
2135,662,Creta,SUV,Petrol,2022,2019-01-06,2022-01-06,48420
2136,527,XUV 500,SUV,Diesel,2020,2020-03-06,2023-03-06,119543
2137,1518,Nexon,SUV,Petrol,2020,2024-09-01,2028-09-01,36208
2138,1031,Nexon,SUV,Petrol,2020,2021-10-16,2026-10-16,14318
2139,1081,Slavia,Sedan,Petrol,2022,2024-06-16,2028-06-16,140255
2140,1473,Fortuner,SUV,Diesel,2022,2019-09-18,2023-09-18,78473
2141,21,XUV 500,SUV,Diesel,2018,2019-02-11,2021-02-11,5059
2142,318,Fortuner,SUV,Diesel,2019,2019-09-12,2022-09-12,133940
2143,807,Fortuner,SUV,Diesel,2021,2023-06-30,2028-06-30,31804
2144,738,Slavia,Sedan,Petrol,2024,2022-09-09,2026-09-09,161139
2145,924,Harrier,SUV,Diesel,2023,2021-08-09,2023-08-09,64289
2146,929,Harrier,SUV,Diesel,2023,2025-02-24,2028-02-24,80535
2147,797,XUV 500,SUV,Diesel,2018,2020-11-01,2024-11-01,112313
2148,749,Slavia,Sedan,Petrol,2024,2024-10-02,2028-10-02,140978
2149,1590,i20,Hatchback,Petrol,2019,2021-12-11,2023-12-11,128212
2150,222,Fortuner,SUV,Diesel,2019,2020-05-14,2023-05-14,58851
2151,950,i20,Hatchback,Petrol,2025,2018-04-27,2020-04-27,107796
2152,4,XUV 500,SUV,Diesel,2020,2019-05-29,2024-05-29,112269
2153,1689,i20,Hatchback,Petrol,2020,2023-06-11,2027-06-11,104776
2154,1670,City,Sedan,Petrol,2023,2023-04-06,2026-04-06,13899
2155,14,Verna,Sedan,Diesel,2024,2023-07-18,2026-07-18,142323
2156,1425,City,Sedan,Petrol,2017,2017-12-25,2021-12-25,95151
2157,1553,City,Sedan,Petrol,2023,2019-05-03,2023-05-03,128292
2158,586,Slavia,Sedan,Petrol,2025,2024-04-26,2029-04-26,85275
2159,1192,i20,Hatchback,Petrol,2025,2019-07-22,2023-07-22,91053
2160,114,Slavia,Sedan,Petrol,2024,2023-05-15,2028-05-15,56151
2161,1658,City,Sedan,Petrol,2018,2019-03-20,2023-03-20,91682
2162,258,Baleno,Hatchback,Petrol,2023,2021-02-26,2026-02-26,120132
2163,351,Creta,SUV,Petrol,2025,2025-04-11,2029-04-11,108470
2164,503,i20,Hatchback,Petrol,2019,2021-02-20,2025-02-20,23434
2165,1306,Slavia,Sedan,Petrol,2024,2023-06-02,2028-06-02,106828
2166,1180,Nexon,SUV,Petrol,2023,2022-12-29,2024-12-29,71258
2167,1599,Fortuner,SUV,Diesel,2022,2021-07-04,2024-07-04,149941
2168,1753,Verna,Sedan,Diesel,2024,2023-07-09,2026-07-09,45633
2169,1216,Nexon,SUV,Petrol,2022,2025-04-15,2028-04-15,160532
2170,524,Slavia,Sedan,Petrol,2024,2024-10-30,2029-10-30,109279
2171,1649,i20,Hatchback,Petrol,2024,2018-10-15,2021-10-15,152564
2172,1044,Baleno,Hatchback,Petrol,2019,2021-06-27,2023-06-27,102094
2173,810,Nexon,SUV,Petrol,2021,2021-08-07,2024-08-07,88741
2174,1035,Verna,Sedan,Diesel,2023,2021-11-08,2026-11-08,161982
2175,1716,Slavia,Sedan,Petrol,2024,2024-08-25,2027-08-25,18422
2176,1417,Baleno,Hatchback,Petrol,2019,2023-10-08,2025-10-08,145196
2177,505,XUV 500,SUV,Diesel,2021,2018-06-26,2022-06-26,74467
2178,1109,Harrier,SUV,Diesel,2025,2023-12-07,2027-12-07,107461
2179,320,Baleno,Hatchback,Petrol,2025,2021-08-17,2024-08-17,123958
2180,25,Fortuner,SUV,Diesel,2017,2020-11-20,2023-11-20,49101
2181,537,Verna,Sedan,Diesel,2020,2021-04-22,2025-04-22,161002
2182,1511,Verna,Sedan,Diesel,2018,2021-10-25,2024-10-25,154347
2183,662,Harrier,SUV,Diesel,2023,2022-05-10,2025-05-10,65805
2184,348,Baleno,Hatchback,Petrol,2025,2022-01-02,2025-01-02,65219
2185,717,Creta,SUV,Petrol,2020,2019-10-14,2022-10-14,36012
2186,1189,Creta,SUV,Petrol,2023,2023-01-16,2026-01-16,64262
2187,1694,City,Sedan,Petrol,2023,2018-04-11,2022-04-11,21781
2188,1327,City,Sedan,Petrol,2023,2020-06-19,2023-06-19,134727
2189,594,Harrier,SUV,Diesel,2020,2020-08-30,2023-08-30,91057
2190,1497,Nexon,SUV,Petrol,2025,2020-11-24,2024-11-24,110728
2191,365,City,Sedan,Petrol,2017,2018-11-21,2023-11-21,122159
2192,1426,Creta,SUV,Petrol,2025,2025-02-17,2029-02-17,46281
2193,62,Baleno,Hatchback,Petrol,2019,2025-08-19,2029-08-19,72806
2194,950,Baleno,Hatchback,Petrol,2023,2021-07-10,2025-07-10,158413
2195,226,Slavia,Sedan,Petrol,2025,2025-12-10,2029-12-10,67180
2196,744,Harrier,SUV,Diesel,2024,2020-05-13,2025-05-13,107042
2197,1726,XUV 500,SUV,Diesel,2019,2023-01-04,2026-01-04,25382
2198,42,Slavia,Sedan,Petrol,2023,2022-10-29,2026-10-29,129132
2199,1049,XUV 500,SUV,Diesel,2018,2021-10-25,2026-10-25,107114
2200,712,Harrier,SUV,Diesel,2021,2025-04-03,2028-04-03,148918
2201,982,Nexon,SUV,Petrol,2022,2023-01-02,2027-01-02,120437
2202,695,Slavia,Sedan,Petrol,2022,2025-09-29,2029-09-29,144975
2203,1778,Slavia,Sedan,Petrol,2024,2023-09-25,2026-09-25,48152
2204,1728,City,Sedan,Petrol,2021,2022-05-14,2026-05-14,22158
2205,1348,Creta,SUV,Petrol,2023,2021-11-14,2026-11-14,37692
2206,100,Slavia,Sedan,Petrol,2023,2022-07-22,2027-07-22,139385
2207,1108,Harrier,SUV,Diesel,2024,2022-09-16,2025-09-16,49115
2208,848,XUV 500,SUV,Diesel,2023,2021-09-26,2025-09-26,63309
2209,211,City,Sedan,Petrol,2019,2017-07-01,2020-07-01,31680
2210,1399,Harrier,SUV,Diesel,2021,2024-08-01,2028-08-01,35948
2211,520,Slavia,Sedan,Petrol,2023,2024-12-07,2027-12-07,120787
2212,1154,Creta,SUV,Petrol,2025,2022-07-11,2024-07-11,125163
2213,1636,City,Sedan,Petrol,2023,2024-01-27,2028-01-27,128213
2214,1427,Harrier,SUV,Diesel,2019,2023-09-13,2026-09-13,142203
2215,1714,City,Sedan,Petrol,2022,2017-10-19,2021-10-19,91304
2216,284,Fortuner,SUV,Diesel,2020,2022-12-14,2025-12-14,132778
2217,65,i20,Hatchback,Petrol,2023,2020-01-21,2024-01-21,86111
2218,1308,Harrier,SUV,Diesel,2022,2020-12-26,2024-12-26,102834
2219,857,Harrier,SUV,Diesel,2020,2019-04-24,2023-04-24,7331
2220,87,Harrier,SUV,Diesel,2019,2025-05-16,2027-05-16,99971
2221,1614,Creta,SUV,Petrol,2021,2020-05-31,2023-05-31,68108
2222,1517,XUV 500,SUV,Diesel,2022,2023-02-20,2026-02-20,118905
2223,595,Fortuner,SUV,Diesel,2022,2023-06-01,2025-06-01,81556
2224,426,Creta,SUV,Petrol,2021,2020-02-14,2024-02-14,30578
2225,816,City,Sedan,Petrol,2020,2022-05-26,2025-05-26,18410
2226,1141,Creta,SUV,Petrol,2023,2021-03-28,2024-03-28,64066
2227,103,Verna,Sedan,Diesel,2018,2022-03-19,2026-03-19,100291
2228,1053,City,Sedan,Petrol,2022,2018-11-02,2023-11-02,137638
2229,12,Creta,SUV,Petrol,2021,2019-08-01,2021-08-01,47933
2230,890,Fortuner,SUV,Diesel,2018,2017-11-19,2020-11-19,54631
2231,485,i20,Hatchback,Petrol,2021,2020-07-19,2023-07-19,70210
2232,1268,Verna,Sedan,Diesel,2018,2024-01-07,2029-01-07,136545
2233,631,Fortuner,SUV,Diesel,2020,2023-05-11,2028-05-11,57339
2234,365,Creta,SUV,Petrol,2022,2023-11-17,2027-11-17,136545
2235,382,Creta,SUV,Petrol,2025,2024-05-21,2028-05-21,89626
2236,437,Creta,SUV,Petrol,2023,2019-09-22,2022-09-22,133880
2237,1288,Baleno,Hatchback,Petrol,2025,2020-02-19,2024-02-19,72298
2238,1556,Nexon,SUV,Petrol,2022,2023-02-26,2026-02-26,44117
2239,577,Slavia,Sedan,Petrol,2023,2025-03-15,2028-03-15,159823
2240,1152,Creta,SUV,Petrol,2019,2019-08-21,2024-08-21,114801
2241,91,Harrier,SUV,Diesel,2023,2024-06-28,2027-06-28,143596
2242,58,Fortuner,SUV,Diesel,2017,2019-08-31,2023-08-31,121235
2243,1444,i20,Hatchback,Petrol,2024,2021-08-23,2025-08-23,131678
2244,1209,Harrier,SUV,Diesel,2021,2022-11-13,2025-11-13,26052
2245,524,Harrier,SUV,Diesel,2023,2019-08-13,2023-08-13,65193
2246,1231,i20,Hatchback,Petrol,2024,2023-03-01,2026-03-01,7437
2247,732,Creta,SUV,Petrol,2023,2019-12-28,2023-12-28,19279
2248,642,Fortuner,SUV,Diesel,2018,2017-10-05,2019-10-05,33119
2249,1653,City,Sedan,Petrol,2020,2024-04-19,2027-04-19,54292
2250,1655,XUV 500,SUV,Diesel,2022,2019-02-16,2023-02-16,155009
2251,1739,Slavia,Sedan,Petrol,2024,2023-05-10,2026-05-10,63691
2252,531,Slavia,Sedan,Petrol,2023,2025-05-11,2029-05-11,96146
2253,324,Harrier,SUV,Diesel,2020,2021-06-30,2024-06-30,60374
2254,140,Verna,Sedan,Diesel,2021,2019-01-07,2023-01-07,39781
2255,1136,Harrier,SUV,Diesel,2025,2021-05-01,2025-05-01,115367
2256,1364,Creta,SUV,Petrol,2019,2022-10-21,2025-10-21,105364
2257,640,i20,Hatchback,Petrol,2019,2020-05-30,2025-05-30,84423
2258,1214,City,Sedan,Petrol,2018,2018-05-07,2021-05-07,75284
2259,363,Verna,Sedan,Diesel,2023,2022-06-24,2027-06-24,101664
2260,897,Nexon,SUV,Petrol,2021,2025-06-24,2029-06-24,44874
2261,46,Nexon,SUV,Petrol,2022,2021-01-28,2024-01-28,141689
2262,1675,Fortuner,SUV,Diesel,2023,2021-10-28,2026-10-28,65792
2263,31,City,Sedan,Petrol,2020,2018-03-27,2021-03-27,140789
2264,1317,Nexon,SUV,Petrol,2020,2021-12-11,2024-12-11,117538
2265,1590,Creta,SUV,Petrol,2020,2024-05-31,2028-05-31,115785
2266,270,XUV 500,SUV,Diesel,2019,2024-07-31,2028-07-31,42387
2267,88,Verna,Sedan,Diesel,2023,2023-01-04,2025-01-04,95779
2268,487,Harrier,SUV,Diesel,2022,2025-08-03,2028-08-03,28671
2269,1417,i20,Hatchback,Petrol,2021,2018-08-24,2021-08-24,99780
2270,61,Fortuner,SUV,Diesel,2018,2019-04-17,2023-04-17,67016
2271,349,Verna,Sedan,Diesel,2020,2024-04-01,2026-04-01,137738
2272,72,Verna,Sedan,Diesel,2020,2019-06-20,2022-06-20,14363
2273,1748,Creta,SUV,Petrol,2025,2022-07-09,2026-07-09,39929
2274,1475,Fortuner,SUV,Diesel,2018,2020-08-19,2025-08-19,36924
2275,1180,Harrier,SUV,Diesel,2019,2022-11-11,2026-11-11,47840
2276,1094,Baleno,Hatchback,Petrol,2019,2022-05-03,2027-05-03,161456
2277,2,Fortuner,SUV,Diesel,2022,2018-09-27,2023-09-27,144769
2278,58,i20,Hatchback,Petrol,2018,2018-07-09,2021-07-09,110099
2279,762,Harrier,SUV,Diesel,2025,2021-05-19,2025-05-19,18758
2280,1152,Creta,SUV,Petrol,2021,2022-03-21,2024-03-21,27623
2281,976,Creta,SUV,Petrol,2020,2023-05-23,2026-05-23,8210
2282,1334,Verna,Sedan,Diesel,2023,2021-02-13,2024-02-13,42248
2283,1236,i20,Hatchback,Petrol,2019,2019-05-06,2024-05-06,9165
2284,338,Nexon,SUV,Petrol,2023,2025-11-26,2029-11-26,72693
2285,1654,Baleno,Hatchback,Petrol,2023,2019-11-08,2023-11-08,107369
2286,218,Slavia,Sedan,Petrol,2025,2022-12-09,2025-12-09,61565
2287,373,XUV 500,SUV,Diesel,2018,2024-10-19,2028-10-19,144559
2288,820,Harrier,SUV,Diesel,2020,2021-02-19,2024-02-19,76803
2289,8,City,Sedan,Petrol,2024,2024-01-19,2028-01-19,156739
2290,293,Fortuner,SUV,Diesel,2018,2020-09-18,2023-09-18,130536
2291,1297,Verna,Sedan,Diesel,2020,2019-05-04,2023-05-04,51643
2292,256,i20,Hatchback,Petrol,2024,2019-01-24,2022-01-24,82888
2293,1690,XUV 500,SUV,Diesel,2023,2020-04-27,2023-04-27,101138
2294,1292,i20,Hatchback,Petrol,2019,2022-09-29,2025-09-29,97815
2295,1566,Harrier,SUV,Diesel,2022,2022-05-22,2026-05-22,48265
2296,879,Slavia,Sedan,Petrol,2022,2025-07-27,2030-07-27,54835
2297,1102,Slavia,Sedan,Petrol,2022,2024-05-15,2026-05-15,48309
2298,1442,Baleno,Hatchback,Petrol,2024,2021-10-11,2024-10-11,51139
2299,1702,Fortuner,SUV,Diesel,2022,2017-09-08,2020-09-08,83136
2300,1013,Slavia,Sedan,Petrol,2025,2024-03-02,2029-03-02,9608
2301,1451,Baleno,Hatchback,Petrol,2019,2021-02-03,2023-02-03,117794
2302,1168,i20,Hatchback,Petrol,2023,2023-05-29,2025-05-29,49871
2303,579,i20,Hatchback,Petrol,2018,2023-04-23,2026-04-23,6737
2304,416,i20,Hatchback,Petrol,2023,2018-04-23,2020-04-23,146014
2305,290,Fortuner,SUV,Diesel,2018,2021-09-11,2023-09-11,96293
2306,1152,Creta,SUV,Petrol,2021,2019-02-12,2022-02-12,130042
2307,1461,Creta,SUV,Petrol,2023,2023-06-13,2028-06-13,91261
2308,971,Creta,SUV,Petrol,2021,2020-09-30,2022-09-30,16295
2309,655,Slavia,Sedan,Petrol,2022,2025-06-23,2028-06-23,88414
2310,971,Baleno,Hatchback,Petrol,2024,2025-05-02,2030-05-02,135980
2311,693,City,Sedan,Petrol,2018,2021-09-07,2025-09-07,156514
2312,3,Nexon,SUV,Petrol,2021,2023-05-17,2028-05-17,24589
2313,1040,Harrier,SUV,Diesel,2024,2020-06-06,2024-06-06,152874
2314,726,Verna,Sedan,Diesel,2019,2018-07-10,2020-07-10,137844
2315,1273,Harrier,SUV,Diesel,2023,2022-12-29,2027-12-29,32306
2316,1127,i20,Hatchback,Petrol,2024,2024-08-21,2028-08-21,103972
2317,366,Nexon,SUV,Petrol,2022,2023-12-05,2027-12-05,159395
2318,993,Creta,SUV,Petrol,2020,2021-10-11,2026-10-11,7293
2319,1452,Fortuner,SUV,Diesel,2019,2022-04-08,2027-04-08,92462
2320,1653,Slavia,Sedan,Petrol,2024,2022-10-18,2025-10-18,25798
2321,1739,City,Sedan,Petrol,2021,2024-08-13,2027-08-13,6559
2322,724,Verna,Sedan,Diesel,2022,2020-03-06,2022-03-06,44419
2323,1156,Fortuner,SUV,Diesel,2023,2022-08-15,2026-08-15,128065
2324,980,City,Sedan,Petrol,2018,2023-04-09,2026-04-09,133807
2325,771,Slavia,Sedan,Petrol,2023,2023-08-29,2026-08-29,55976
2326,73,Verna,Sedan,Diesel,2021,2019-06-15,2022-06-15,116218
2327,1449,Harrier,SUV,Diesel,2025,2024-08-19,2027-08-19,41869
2328,837,Harrier,SUV,Diesel,2024,2025-07-31,2028-07-31,36501
2329,592,Baleno,Hatchback,Petrol,2024,2020-09-27,2024-09-27,108900
2330,819,Baleno,Hatchback,Petrol,2019,2023-05-29,2027-05-29,5025
2331,1190,Fortuner,SUV,Diesel,2021,2017-10-06,2021-10-06,129171
2332,626,Baleno,Hatchback,Petrol,2025,2020-10-22,2025-10-22,158871
2333,1726,Baleno,Hatchback,Petrol,2019,2022-11-26,2026-11-26,105771
2334,1551,i20,Hatchback,Petrol,2023,2019-03-06,2023-03-06,67940
2335,1469,Creta,SUV,Petrol,2024,2022-07-14,2025-07-14,78455
2336,680,Harrier,SUV,Diesel,2019,2022-11-27,2026-11-27,119863
2337,909,Slavia,Sedan,Petrol,2023,2023-02-11,2026-02-11,24040
2338,242,Nexon,SUV,Petrol,2020,2024-01-04,2028-01-04,154269
2339,229,Slavia,Sedan,Petrol,2024,2025-05-10,2029-05-10,9836
2340,822,i20,Hatchback,Petrol,2018,2022-06-07,2025-06-07,157557
2341,1607,Slavia,Sedan,Petrol,2024,2024-10-03,2028-10-03,109217
2342,988,Verna,Sedan,Diesel,2024,2023-04-30,2027-04-30,39566
2343,1321,Verna,Sedan,Diesel,2023,2024-11-03,2028-11-03,100930
2344,1415,Slavia,Sedan,Petrol,2025,2023-08-03,2025-08-03,163092
2345,470,Harrier,SUV,Diesel,2025,2023-01-23,2026-01-23,35157
2346,1137,Baleno,Hatchback,Petrol,2019,2021-10-17,2024-10-17,153142
2347,252,Nexon,SUV,Petrol,2020,2021-05-03,2025-05-03,71525
2348,1550,Harrier,SUV,Diesel,2023,2022-04-03,2025-04-03,159233
2349,419,Baleno,Hatchback,Petrol,2023,2023-02-02,2025-02-02,41015
2350,1217,Baleno,Hatchback,Petrol,2023,2021-04-21,2024-04-21,54200
2351,362,Fortuner,SUV,Diesel,2019,2020-10-16,2025-10-16,125853
2352,527,i20,Hatchback,Petrol,2024,2025-03-18,2027-03-18,78529
2353,485,i20,Hatchback,Petrol,2025,2021-07-14,2024-07-14,37470
2354,1701,Baleno,Hatchback,Petrol,2025,2024-08-26,2027-08-26,85216
2355,1143,i20,Hatchback,Petrol,2024,2019-09-05,2023-09-05,81313
2356,1436,Fortuner,SUV,Diesel,2021,2022-08-28,2026-08-28,135078
2357,1325,XUV 500,SUV,Diesel,2021,2024-06-29,2028-06-29,30991
2358,1018,Harrier,SUV,Diesel,2020,2019-12-14,2022-12-14,15058
2359,1674,Baleno,Hatchback,Petrol,2025,2022-05-25,2027-05-25,42333
2360,303,Harrier,SUV,Diesel,2019,2025-01-15,2029-01-15,81842
2361,128,Verna,Sedan,Diesel,2022,2022-07-16,2025-07-16,108549
2362,152,Verna,Sedan,Diesel,2022,2023-08-14,2027-08-14,135563
2363,589,Verna,Sedan,Diesel,2022,2024-07-10,2026-07-10,33755
2364,1025,Verna,Sedan,Diesel,2023,2024-10-24,2029-10-24,19190
2365,504,Baleno,Hatchback,Petrol,2023,2025-05-09,2028-05-09,55378
2366,321,Harrier,SUV,Diesel,2022,2024-03-10,2029-03-10,127282
2367,1173,Nexon,SUV,Petrol,2020,2022-09-03,2025-09-03,62410
2368,1717,Slavia,Sedan,Petrol,2025,2024-08-03,2027-08-03,81356
2369,1411,i20,Hatchback,Petrol,2024,2018-05-09,2022-05-09,138124
2370,554,Slavia,Sedan,Petrol,2022,2022-09-22,2026-09-22,128522
2371,504,Fortuner,SUV,Diesel,2020,2020-08-28,2024-08-28,45674
2372,1235,Harrier,SUV,Diesel,2020,2023-10-11,2027-10-11,160629
2373,405,Nexon,SUV,Petrol,2021,2021-10-04,2024-10-04,133713
2374,1539,City,Sedan,Petrol,2019,2022-05-24,2026-05-24,38280
2375,314,Harrier,SUV,Diesel,2023,2025-04-04,2029-04-04,29039
2376,1775,i20,Hatchback,Petrol,2025,2020-06-11,2022-06-11,12084
2377,683,i20,Hatchback,Petrol,2018,2023-06-16,2025-06-16,60713
2378,1476,Harrier,SUV,Diesel,2025,2025-08-13,2029-08-13,75933
2379,1690,Harrier,SUV,Diesel,2024,2022-06-23,2025-06-23,55326
2380,132,City,Sedan,Petrol,2024,2017-06-16,2022-06-16,136451
2381,86,Creta,SUV,Petrol,2022,2020-07-27,2022-07-27,123071
2382,320,Harrier,SUV,Diesel,2019,2021-03-17,2025-03-17,9486
2383,1688,Fortuner,SUV,Diesel,2018,2021-05-14,2024-05-14,107270
2384,899,Nexon,SUV,Petrol,2020,2022-09-10,2026-09-10,34582
2385,771,i20,Hatchback,Petrol,2021,2021-05-02,2025-05-02,30285
2386,165,Harrier,SUV,Diesel,2019,2020-07-03,2024-07-03,47037
2387,1166,Verna,Sedan,Diesel,2020,2021-11-23,2024-11-23,134429
2388,59,Verna,Sedan,Diesel,2023,2022-09-23,2027-09-23,39459
2389,1551,Harrier,SUV,Diesel,2024,2021-12-18,2024-12-18,51244
2390,11,i20,Hatchback,Petrol,2018,2022-07-25,2024-07-25,124285
2391,1688,Fortuner,SUV,Diesel,2023,2018-04-29,2022-04-29,19999
2392,992,XUV 500,SUV,Diesel,2020,2024-09-08,2029-09-08,38907
2393,972,Baleno,Hatchback,Petrol,2025,2020-12-14,2025-12-14,23392
2394,894,Creta,SUV,Petrol,2022,2025-12-30,2029-12-30,90209
2395,1734,XUV 500,SUV,Diesel,2018,2024-07-08,2027-07-08,65663
2396,1550,i20,Hatchback,Petrol,2023,2020-10-27,2024-10-27,47458
2397,1592,XUV 500,SUV,Diesel,2023,2020-04-01,2025-04-01,127442
2398,1249,Verna,Sedan,Diesel,2023,2019-03-04,2022-03-04,84218
2399,514,Slavia,Sedan,Petrol,2024,2024-05-18,2028-05-18,71434
2400,685,i20,Hatchback,Petrol,2021,2023-08-11,2026-08-11,58993
2401,1392,Baleno,Hatchback,Petrol,2021,2020-04-24,2023-04-24,17627
2402,1332,Creta,SUV,Petrol,2024,2022-06-03,2026-06-03,108097
2403,468,Slavia,Sedan,Petrol,2023,2022-08-20,2025-08-20,127870
2404,295,Nexon,SUV,Petrol,2020,2020-10-07,2023-10-07,19385
2405,1146,Slavia,Sedan,Petrol,2022,2025-04-04,2030-04-04,105245
2406,295,Verna,Sedan,Diesel,2021,2022-07-19,2025-07-19,40725
2407,1326,Slavia,Sedan,Petrol,2024,2024-01-07,2027-01-07,106995
2408,1080,Slavia,Sedan,Petrol,2022,2022-11-30,2025-11-30,133174
2409,765,Fortuner,SUV,Diesel,2020,2017-02-04,2019-02-04,19667
2410,1154,i20,Hatchback,Petrol,2025,2019-12-30,2023-12-30,25807
2411,134,Nexon,SUV,Petrol,2024,2023-05-15,2027-05-15,133969
2412,814,Baleno,Hatchback,Petrol,2020,2025-06-03,2029-06-03,5286
2413,554,Fortuner,SUV,Diesel,2022,2019-09-05,2022-09-05,127405
2414,506,Slavia,Sedan,Petrol,2025,2025-09-26,2030-09-26,70742
2415,1434,City,Sedan,Petrol,2017,2024-12-15,2028-12-15,75283
2416,389,Creta,SUV,Petrol,2022,2023-04-05,2026-04-05,158045
2417,823,Verna,Sedan,Diesel,2024,2018-03-01,2021-03-01,8639
2418,1349,Nexon,SUV,Petrol,2020,2020-04-05,2023-04-05,37472
2419,835,Nexon,SUV,Petrol,2023,2022-05-27,2026-05-27,141998
2420,226,Verna,Sedan,Diesel,2019,2024-10-02,2028-10-02,38494
2421,144,Creta,SUV,Petrol,2025,2024-09-02,2027-09-02,92698
2422,152,Nexon,SUV,Petrol,2022,2021-12-21,2024-12-21,75475
2423,1741,Baleno,Hatchback,Petrol,2021,2025-10-02,2029-10-02,119434
2424,79,Verna,Sedan,Diesel,2020,2024-05-21,2028-05-21,55325
2425,1365,i20,Hatchback,Petrol,2019,2021-11-06,2025-11-06,67699
2426,375,Verna,Sedan,Diesel,2021,2018-11-24,2022-11-24,147443
2427,422,Verna,Sedan,Diesel,2022,2023-08-02,2026-08-02,12459
2428,1545,City,Sedan,Petrol,2018,2019-02-27,2022-02-27,11130
2429,1048,i20,Hatchback,Petrol,2025,2022-01-13,2025-01-13,69057
2430,1705,Verna,Sedan,Diesel,2020,2023-10-21,2027-10-21,162323
2431,367,XUV 500,SUV,Diesel,2019,2018-03-07,2021-03-07,27750
2432,14,Slavia,Sedan,Petrol,2024,2025-06-24,2029-06-24,48720
2433,1489,Fortuner,SUV,Diesel,2024,2024-10-01,2028-10-01,43113
2434,895,City,Sedan,Petrol,2019,2018-09-04,2022-09-04,140442
2435,427,Verna,Sedan,Diesel,2018,2024-04-15,2027-04-15,106224
2436,708,Slavia,Sedan,Petrol,2022,2022-02-23,2026-02-23,150202
2437,810,Fortuner,SUV,Diesel,2017,2021-04-17,2024-04-17,153269
2438,91,XUV 500,SUV,Diesel,2019,2019-11-20,2024-11-20,140281
2439,180,Slavia,Sedan,Petrol,2022,2022-11-08,2026-11-08,22742
2440,1622,XUV 500,SUV,Diesel,2019,2019-02-26,2024-02-26,70367
2441,1241,i20,Hatchback,Petrol,2019,2019-12-20,2021-12-20,67297
2442,1478,Fortuner,SUV,Diesel,2017,2021-02-24,2026-02-24,112263
2443,406,Harrier,SUV,Diesel,2023,2025-05-21,2027-05-21,80483
2444,130,Nexon,SUV,Petrol,2021,2022-08-22,2025-08-22,145264
2445,1162,Slavia,Sedan,Petrol,2024,2023-04-08,2028-04-08,45191
2446,1593,Creta,SUV,Petrol,2019,2019-04-22,2022-04-22,79009
2447,1314,Baleno,Hatchback,Petrol,2020,2019-02-22,2022-02-22,95345
2448,161,Verna,Sedan,Diesel,2022,2018-04-06,2021-04-06,121343
2449,676,Slavia,Sedan,Petrol,2024,2025-07-26,2029-07-26,39391
2450,70,City,Sedan,Petrol,2017,2023-08-05,2027-08-05,29513
2451,1478,Slavia,Sedan,Petrol,2022,2025-05-12,2028-05-12,123351
2452,1417,XUV 500,SUV,Diesel,2021,2019-05-23,2023-05-23,71371
2453,1359,City,Sedan,Petrol,2022,2024-11-23,2028-11-23,144622
2454,943,Fortuner,SUV,Diesel,2023,2017-07-31,2021-07-31,7735
2455,1036,Verna,Sedan,Diesel,2021,2018-05-06,2021-05-06,96499
2456,288,Fortuner,SUV,Diesel,2020,2019-07-27,2023-07-27,118959
2457,1307,Baleno,Hatchback,Petrol,2022,2019-11-11,2022-11-11,45191
2458,937,XUV 500,SUV,Diesel,2021,2018-09-03,2022-09-03,117746
2459,1214,Harrier,SUV,Diesel,2024,2021-08-27,2025-08-27,142481
2460,339,Harrier,SUV,Diesel,2019,2020-07-06,2025-07-06,61539
2461,1129,Harrier,SUV,Diesel,2025,2024-11-27,2028-11-27,95879
2462,883,Creta,SUV,Petrol,2021,2024-03-10,2027-03-10,94038
2463,368,Baleno,Hatchback,Petrol,2024,2021-10-27,2025-10-27,15805
2464,1533,Fortuner,SUV,Diesel,2019,2020-02-23,2022-02-23,95579
2465,778,Slavia,Sedan,Petrol,2024,2024-02-08,2027-02-08,125297
2466,661,XUV 500,SUV,Diesel,2018,2024-06-22,2027-06-22,33045
2467,13,Nexon,SUV,Petrol,2025,2025-07-03,2029-07-03,120525
2468,454,Slavia,Sedan,Petrol,2022,2022-06-16,2026-06-16,122341
2469,358,City,Sedan,Petrol,2022,2023-12-12,2027-12-12,81849
2470,295,Harrier,SUV,Diesel,2021,2025-01-22,2028-01-22,43814
2471,120,XUV 500,SUV,Diesel,2021,2024-03-12,2028-03-12,157319
2472,583,Fortuner,SUV,Diesel,2022,2021-10-05,2025-10-05,100879
2473,1451,Harrier,SUV,Diesel,2020,2019-07-17,2021-07-17,85582
2474,18,Baleno,Hatchback,Petrol,2019,2023-12-10,2026-12-10,82276
2475,1254,Fortuner,SUV,Diesel,2023,2023-03-05,2026-03-05,28670
2476,544,Nexon,SUV,Petrol,2021,2022-03-28,2025-03-28,34292
2477,539,Slavia,Sedan,Petrol,2022,2024-11-29,2028-11-29,128524
2478,1190,Nexon,SUV,Petrol,2025,2021-08-05,2024-08-05,156381
2479,1666,Fortuner,SUV,Diesel,2018,2020-10-23,2024-10-23,39964
2480,1182,Fortuner,SUV,Diesel,2023,2024-02-09,2027-02-09,23597
2481,1047,Slavia,Sedan,Petrol,2025,2022-04-09,2025-04-09,11625
2482,1019,Nexon,SUV,Petrol,2020,2023-12-21,2025-12-21,43312
2483,171,Creta,SUV,Petrol,2019,2022-03-04,2025-03-04,105117
2484,760,XUV 500,SUV,Diesel,2018,2021-07-27,2025-07-27,70376
2485,75,XUV 500,SUV,Diesel,2022,2021-01-05,2026-01-05,14052
2486,138,Harrier,SUV,Diesel,2025,2024-09-22,2029-09-22,92862
2487,274,Fortuner,SUV,Diesel,2024,2024-05-09,2029-05-09,84798
2488,464,i20,Hatchback,Petrol,2021,2023-03-29,2026-03-29,46800
2489,128,Verna,Sedan,Diesel,2021,2020-09-04,2022-09-04,79124
2490,543,Harrier,SUV,Diesel,2025,2019-06-05,2023-06-05,53088
2491,1134,Slavia,Sedan,Petrol,2025,2022-07-31,2025-07-31,46562
2492,981,Creta,SUV,Petrol,2021,2025-01-02,2028-01-02,120532
2493,184,Harrier,SUV,Diesel,2019,2020-10-13,2024-10-13,86665
2494,1303,Fortuner,SUV,Diesel,2021,2018-04-24,2021-04-24,42608
2495,1283,Harrier,SUV,Diesel,2020,2022-01-24,2025-01-24,60299
2496,614,Harrier,SUV,Diesel,2021,2024-04-27,2028-04-27,10308
2497,847,Creta,SUV,Petrol,2024,2025-03-07,2028-03-07,85172
2498,1044,City,Sedan,Petrol,2019,2017-08-30,2022-08-30,135603
2499,1696,Fortuner,SUV,Diesel,2021,2018-05-29,2021-05-29,72531
2500,892,Verna,Sedan,Diesel,2019,2022-11-12,2025-11-12,10511
2501,665,Verna,Sedan,Diesel,2020,2018-05-12,2021-05-12,155096
2502,1511,City,Sedan,Petrol,2019,2018-12-20,2021-12-20,155783
2503,1655,City,Sedan,Petrol,2018,2019-07-01,2022-07-01,120242
2504,1118,Slavia,Sedan,Petrol,2023,2023-08-08,2026-08-08,17244
2505,68,Baleno,Hatchback,Petrol,2023,2023-06-02,2025-06-02,140598
2506,1517,Verna,Sedan,Diesel,2023,2019-05-21,2024-05-21,148576
2507,772,Nexon,SUV,Petrol,2023,2024-06-14,2028-06-14,128125
2508,1071,Slavia,Sedan,Petrol,2022,2022-06-23,2026-06-23,138380
2509,1628,Baleno,Hatchback,Petrol,2025,2023-01-25,2027-01-25,108108
2510,616,XUV 500,SUV,Diesel,2021,2021-07-20,2025-07-20,104656
2511,1170,XUV 500,SUV,Diesel,2023,2022-10-13,2027-10-13,136222
2512,379,XUV 500,SUV,Diesel,2022,2024-07-10,2028-07-10,99737
2513,1795,Fortuner,SUV,Diesel,2017,2024-12-01,2028-12-01,107920
2514,1635,Slavia,Sedan,Petrol,2022,2022-11-06,2026-11-06,31670
2515,774,Nexon,SUV,Petrol,2025,2022-07-13,2025-07-13,109391
2516,596,Harrier,SUV,Diesel,2023,2023-09-11,2026-09-11,23952
2517,354,Baleno,Hatchback,Petrol,2023,2025-02-01,2027-02-01,129636
2518,289,XUV 500,SUV,Diesel,2022,2021-03-27,2025-03-27,68522
2519,315,Harrier,SUV,Diesel,2019,2025-10-06,2028-10-06,150300
2520,1247,Slavia,Sedan,Petrol,2023,2024-04-03,2028-04-03,59076
2521,40,Slavia,Sedan,Petrol,2025,2023-03-31,2027-03-31,137337
2522,1753,Creta,SUV,Petrol,2023,2023-07-22,2027-07-22,26585
2523,1001,Slavia,Sedan,Petrol,2023,2023-07-26,2026-07-26,83281
2524,1688,City,Sedan,Petrol,2017,2018-03-28,2022-03-28,116790
2525,1600,Slavia,Sedan,Petrol,2022,2023-04-01,2026-04-01,96969
2526,1118,Baleno,Hatchback,Petrol,2020,2022-04-03,2025-04-03,63697
2527,298,Fortuner,SUV,Diesel,2022,2024-11-26,2028-11-26,98574
2528,285,Harrier,SUV,Diesel,2024,2019-06-22,2021-06-22,135273
2529,785,Baleno,Hatchback,Petrol,2023,2023-07-21,2027-07-21,97524
2530,833,Slavia,Sedan,Petrol,2023,2024-08-16,2027-08-16,122639
2531,1002,City,Sedan,Petrol,2023,2020-05-13,2023-05-13,76496
2532,1289,Nexon,SUV,Petrol,2021,2023-02-28,2026-02-28,114312
2533,1244,i20,Hatchback,Petrol,2024,2022-05-27,2025-05-27,118702
2534,369,Baleno,Hatchback,Petrol,2019,2020-08-21,2022-08-21,44941
2535,860,Nexon,SUV,Petrol,2025,2023-08-14,2025-08-14,81481
2536,553,Verna,Sedan,Diesel,2021,2018-08-15,2021-08-15,91963
2537,15,Verna,Sedan,Diesel,2020,2023-04-26,2026-04-26,143495
2538,423,XUV 500,SUV,Diesel,2023,2022-12-08,2026-12-08,8973
2539,1644,Creta,SUV,Petrol,2022,2025-08-21,2028-08-21,46975
2540,1745,Fortuner,SUV,Diesel,2023,2018-11-19,2021-11-19,100422
2541,1232,City,Sedan,Petrol,2024,2022-03-15,2026-03-15,134495
2542,79,Verna,Sedan,Diesel,2019,2024-04-17,2026-04-17,120075
2543,215,Creta,SUV,Petrol,2025,2025-12-08,2030-12-08,111469
2544,836,Baleno,Hatchback,Petrol,2023,2022-06-18,2026-06-18,95910
2545,1417,XUV 500,SUV,Diesel,2020,2020-11-17,2025-11-17,141816
2546,1574,Nexon,SUV,Petrol,2020,2021-10-26,2026-10-26,149888
2547,450,Fortuner,SUV,Diesel,2020,2021-03-30,2024-03-30,106646
2548,796,Verna,Sedan,Diesel,2018,2024-04-21,2028-04-21,57264
2549,67,City,Sedan,Petrol,2017,2019-10-06,2022-10-06,150140
2550,1397,Verna,Sedan,Diesel,2024,2023-09-10,2027-09-10,14611
2551,783,XUV 500,SUV,Diesel,2023,2020-12-14,2024-12-14,114454
2552,1381,Creta,SUV,Petrol,2022,2020-02-09,2022-02-09,119860
2553,664,City,Sedan,Petrol,2020,2021-10-23,2026-10-23,146749
2554,676,Verna,Sedan,Diesel,2019,2019-11-08,2021-11-08,98861
2555,697,Baleno,Hatchback,Petrol,2025,2024-06-30,2027-06-30,140148
2556,1386,XUV 500,SUV,Diesel,2022,2020-06-10,2025-06-10,25090
2557,1149,i20,Hatchback,Petrol,2022,2019-09-17,2023-09-17,18212
2558,1557,Nexon,SUV,Petrol,2025,2025-11-30,2028-11-30,99455
2559,849,Slavia,Sedan,Petrol,2023,2025-05-17,2028-05-17,59355
2560,789,i20,Hatchback,Petrol,2022,2021-05-30,2024-05-30,151047
2561,208,Nexon,SUV,Petrol,2022,2022-02-27,2026-02-27,25858
2562,1432,Slavia,Sedan,Petrol,2023,2023-07-01,2026-07-01,24297
2563,1569,Verna,Sedan,Diesel,2018,2023-12-01,2026-12-01,41225
2564,76,Slavia,Sedan,Petrol,2022,2022-07-28,2026-07-28,35363
2565,929,i20,Hatchback,Petrol,2021,2025-07-04,2029-07-04,136009
2566,977,Nexon,SUV,Petrol,2025,2024-05-02,2029-05-02,133800
2567,1134,Baleno,Hatchback,Petrol,2019,2021-09-03,2023-09-03,70658
2568,973,Verna,Sedan,Diesel,2024,2020-10-23,2024-10-23,108701
2569,425,Slavia,Sedan,Petrol,2024,2024-04-04,2026-04-04,145960
2570,1683,Verna,Sedan,Diesel,2023,2018-08-07,2022-08-07,14784
2571,1160,Fortuner,SUV,Diesel,2019,2021-10-02,2024-10-02,24300
2572,1369,City,Sedan,Petrol,2018,2022-04-01,2026-04-01,10864
2573,53,Nexon,SUV,Petrol,2020,2022-10-17,2025-10-17,71470
2574,18,XUV 500,SUV,Diesel,2022,2018-02-10,2023-02-10,32215
2575,1622,XUV 500,SUV,Diesel,2021,2018-12-28,2021-12-28,155121
2576,964,Baleno,Hatchback,Petrol,2019,2020-08-10,2024-08-10,31404
2577,835,XUV 500,SUV,Diesel,2020,2024-09-15,2026-09-15,104096
2578,659,Verna,Sedan,Diesel,2019,2018-08-13,2022-08-13,116590
2579,554,City,Sedan,Petrol,2023,2017-03-06,2021-03-06,75838
2580,1537,Creta,SUV,Petrol,2019,2019-06-21,2023-06-21,26131
2581,677,XUV 500,SUV,Diesel,2022,2019-05-08,2023-05-08,76197
2582,1500,City,Sedan,Petrol,2024,2023-08-14,2026-08-14,131728
2583,1133,Verna,Sedan,Diesel,2023,2022-12-17,2025-12-17,151695
2584,1461,Baleno,Hatchback,Petrol,2020,2021-04-30,2024-04-30,130144
2585,366,Baleno,Hatchback,Petrol,2025,2022-01-05,2025-01-05,16240
2586,246,Nexon,SUV,Petrol,2025,2022-10-08,2026-10-08,162848
2587,1693,Slavia,Sedan,Petrol,2024,2023-04-08,2028-04-08,114118
2588,933,City,Sedan,Petrol,2019,2022-07-20,2025-07-20,41325
2589,39,Fortuner,SUV,Diesel,2021,2022-08-06,2025-08-06,70676
2590,1128,Verna,Sedan,Diesel,2019,2023-04-25,2025-04-25,143993
2591,143,Harrier,SUV,Diesel,2020,2025-03-31,2030-03-31,73248
2592,476,Baleno,Hatchback,Petrol,2019,2021-03-13,2024-03-13,40463
2593,1443,Creta,SUV,Petrol,2025,2023-08-21,2027-08-21,120409
2594,1746,Verna,Sedan,Diesel,2022,2019-08-27,2024-08-27,26974
2595,852,Verna,Sedan,Diesel,2022,2020-01-16,2023-01-16,16243
2596,915,XUV 500,SUV,Diesel,2022,2020-04-17,2022-04-17,92361
2597,141,Harrier,SUV,Diesel,2022,2022-08-04,2026-08-04,82149
2598,124,City,Sedan,Petrol,2019,2022-07-16,2025-07-16,39505
2599,1020,i20,Hatchback,Petrol,2024,2021-09-23,2023-09-23,132845
2600,1679,Baleno,Hatchback,Petrol,2020,2023-04-25,2027-04-25,10566
