work_order_id,vehicle_id,service_center_id,technician_id,open_date,close_date,service_type,priority,status,odometer_reading,warranty_flag
1,744,9,112,2024-09-19,2024-09-20,Electrical,Medium,Completed,11124,False
2,448,8,27,2025-12-08,2025-12-09,Periodic Service,Low,Completed,107934,False
3,1955,1,110,2025-08-08,2025-08-09,Electrical,Medium,In Progress,102755,False
4,672,2,89,2024-02-04,2024-02-08,Body Repair,Low,Completed,42554,False
5,1782,9,55,2025-05-02,2025-05-03,AC Service,Medium,In Progress,30333,True
6,1809,7,134,2024-03-30,2024-04-05,Body Repair,Medium,Completed,36132,True
7,2385,11,26,2025-02-05,2025-02-06,Brake Service,High,Completed,29279,False
8,2551,8,69,2025-05-04,2025-05-07,Repair,Low,Completed,109332,False
9,666,12,123,2025-12-27,2025-12-28,AC Service,Low,Completed,18857,False
10,1891,2,40,2025-09-10,2025-09-13,Repair,Low,Completed,23366,False
11,801,4,43,2025-12-02,2025-12-04,AC Service,Low,Completed,23379,False
12,1837,4,38,2024-02-20,2024-02-21,Periodic Service,Low,In Progress,85767,False
13,1525,15,158,2024-11-02,2024-11-05,Periodic Service,Low,Completed,148597,False
14,886,1,85,2025-03-06,2025-03-08,AC Service,Low,Completed,68509,False
15,1763,15,177,2024-02-13,2024-02-14,AC Service,Medium,Completed,105452,False
16,303,9,55,2024-07-27,2024-07-31,Repair,Low,Completed,29064,False
17,359,10,12,2024-07-20,2024-07-22,Electrical,Low,Completed,68887,True
18,1388,5,144,2025-07-23,2025-07-24,Periodic Service,High,Completed,500,False
19,2466,11,121,2025-03-16,2025-03-18,Periodic Service,Low,Completed,19973,True
20,2347,4,16,2024-09-06,2024-09-09,Electrical,Medium,Completed,58149,False
21,2126,12,47,2024-01-01,,Brake Service,Low,Cancelled,55278,False
22,523,7,159,2024-05-12,2024-05-13,Periodic Service,Low,Completed,62706,False
23,1229,13,65,2025-05-19,2025-05-20,Electrical,Medium,Completed,63079,False
24,2105,11,54,2025-07-07,2025-07-08,Brake Service,High,Completed,90989,False
25,1378,3,59,2025-09-19,2025-09-21,Periodic Service,High,Completed,2846,False
26,1416,9,125,2025-03-30,2025-04-03,Body Repair,Medium,Completed,143890,False
27,342,11,121,2024-09-21,2024-09-26,Body Repair,High,In Progress,82430,False
28,916,1,86,2024-04-26,2024-04-29,Repair,Low,Completed,22491,False
29,1338,1,110,2024-02-21,2024-02-24,AC Service,Critical,Completed,22030,False
30,207,13,61,2025-03-18,2025-03-19,AC Service,Low,Completed,84601,False
31,993,11,54,2025-10-07,2025-10-08,AC Service,High,Completed,59504,False
32,2468,15,93,2024-01-12,2024-01-15,Repair,Medium,In Progress,117054,True
33,990,9,39,2025-10-13,2025-10-14,Periodic Service,Medium,Completed,156108,True
34,2238,6,14,2025-07-10,2025-07-11,AC Service,Medium,Completed,34319,False
35,1214,1,110,2024-10-28,2024-11-04,Body Repair,Low,Completed,23701,False
36,1866,10,107,2024-02-26,2024-02-29,Brake Service,Low,Completed,68003,False
37,361,14,88,2024-10-30,2024-11-01,Repair,Medium,Completed,70626,False
38,812,15,158,2024-06-06,2024-06-09,Engine Repair,Critical,Completed,110742,False
39,120,4,17,2024-05-25,2024-05-29,Engine Repair,Low,Completed,85233,False
40,1874,11,71,2025-09-25,2025-09-27,Periodic Service,Low,Completed,32441,False
41,1559,15,63,2025-07-06,2025-07-09,Engine Repair,Medium,Completed,83848,True
42,829,15,63,2025-03-16,2025-03-17,Periodic Service,Medium,Completed,145374,True
43,1932,13,174,2025-01-04,2025-01-06,Repair,Low,Completed,73292,False
44,268,12,169,2024-12-30,2025-01-01,Body Repair,High,Completed,38159,True
45,1130,4,38,2024-11-07,2024-11-12,Body Repair,Medium,Completed,22515,False
46,1006,9,64,2024-02-16,2024-02-17,Brake Service,Medium,Completed,147864,False
47,216,7,76,2024-06-03,2024-06-04,Periodic Service,Medium,Completed,114219,False
48,1779,10,122,2025-10-12,2025-10-13,Electrical,Medium,Completed,133128,False
49,10,14,113,2024-02-07,2024-02-08,Periodic Service,High,Completed,7338,False
50,1322,7,77,2024-12-30,2024-12-31,AC Service,Critical,Completed,150992,False
51,1054,4,115,2024-07-19,2024-07-20,Periodic Service,High,Completed,145920,False
52,754,8,27,2024-06-10,2024-06-15,Engine Repair,Low,Completed,90324,False
53,1949,10,10,2025-10-09,2025-10-10,Periodic Service,Low,Completed,52163,False
54,434,3,75,2024-05-16,2024-05-19,Engine Repair,Low,Completed,123223,True
55,1596,7,74,2025-04-02,2025-04-06,Electrical,Critical,Completed,59352,False
56,1881,12,123,2024-03-23,2024-03-24,Repair,Low,Completed,73867,False
57,485,1,154,2024-10-31,2024-11-01,Repair,Medium,Completed,31666,False
58,22,11,71,2025-03-22,2025-03-24,Repair,Medium,Completed,14676,True
59,1774,15,63,2025-12-13,2025-12-14,Periodic Service,Critical,Completed,77439,False
60,1543,6,155,2024-11-25,2024-11-26,Periodic Service,Low,Completed,105830,False
61,1396,4,43,2024-12-04,2024-12-10,Body Repair,Low,In Progress,21979,False
62,2214,6,137,2025-03-19,2025-03-20,Periodic Service,Medium,Completed,129253,False
63,2478,9,125,2025-11-08,2025-11-09,Periodic Service,Low,Completed,153249,False
64,636,10,73,2024-02-25,2024-02-26,Periodic Service,Medium,Completed,20850,False
65,340,14,88,2025-09-17,2025-09-18,Repair,Medium,Completed,118091,True
66,629,8,34,2024-10-01,2024-10-04,Periodic Service,Medium,Completed,10518,False
67,1106,6,137,2024-11-15,2024-11-20,Engine Repair,Low,Completed,91760,False
68,2125,11,150,2025-06-23,2025-06-24,Periodic Service,Medium,Completed,70158,False
69,1213,4,95,2024-02-20,2024-02-21,Periodic Service,Low,In Progress,21802,False
70,1375,13,65,2025-09-27,2025-09-28,Periodic Service,Medium,Completed,125707,False
71,638,2,84,2024-07-10,2024-07-12,Repair,High,Completed,99915,True
72,168,11,143,2024-01-29,2024-01-30,Periodic Service,Medium,Completed,121499,False
73,792,9,125,2025-08-03,2025-08-05,Periodic Service,High,In Progress,147681,False
74,901,14,127,2025-07-20,2025-07-22,Periodic Service,Medium,Completed,141096,False
75,1087,11,26,2024-11-25,2024-11-26,Periodic Service,Low,Completed,53080,False
76,104,6,56,2025-11-10,2025-11-15,Body Repair,High,Completed,134471,False
77,2510,11,52,2025-08-10,2025-08-11,Brake Service,Critical,Completed,100158,False
78,2103,4,17,2024-11-20,2024-11-21,Repair,Medium,Completed,65701,False
79,2234,6,176,2025-03-01,2025-03-02,Brake Service,Low,Completed,130095,False
80,456,1,154,2025-02-23,2025-02-25,Repair,Medium,Completed,95243,False
81,1972,11,15,2025-03-05,2025-03-09,Engine Repair,Low,Completed,25977,True
82,1101,12,31,2025-07-17,2025-07-22,Engine Repair,Medium,Completed,71042,False
83,1700,6,14,2025-06-17,2025-06-20,Repair,Low,Completed,56152,True
84,2489,2,25,2025-02-24,2025-02-25,AC Service,Medium,Completed,71541,False
85,2159,2,48,2024-06-16,2024-06-17,Brake Service,Low,Completed,81012,False
86,2104,12,170,2025-09-21,2025-09-22,Brake Service,High,Completed,87564,False
87,910,1,86,2024-12-11,2024-12-12,Electrical,Low,Completed,51598,False
88,702,5,44,2025-06-24,2025-06-27,Periodic Service,Critical,Completed,120622,False
89,1729,3,163,2024-03-14,2024-03-16,Repair,Medium,Completed,500,True
90,1482,2,40,2025-12-13,2025-12-18,Engine Repair,Medium,Completed,43552,True
91,2192,2,128,2025-11-02,2025-11-04,Electrical,Medium,Completed,43956,True
92,1480,14,131,2024-01-27,2024-01-31,Engine Repair,Low,Completed,63459,True
93,2324,5,100,2025-04-15,2025-04-20,Engine Repair,Critical,Completed,125288,True
94,1909,1,2,2025-04-11,2025-04-12,Periodic Service,Medium,Completed,59034,False
95,972,10,72,2025-09-29,2025-09-30,Periodic Service,Low,In Progress,15530,True
96,2004,9,109,2025-11-07,2025-11-09,Brake Service,Low,Completed,148108,False
97,2109,7,76,2025-12-15,,Periodic Service,Critical,Cancelled,121202,False
98,359,10,42,2024-04-22,2024-04-23,Electrical,Medium,In Progress,64470,False
99,724,4,95,2025-07-09,2025-07-11,AC Service,Medium,Completed,54767,False
100,1700,12,172,2024-01-20,2024-01-25,AC Service,Low,Completed,60633,False
101,1640,6,51,2024-11-24,2024-11-25,AC Service,Medium,Completed,130481,True
102,104,3,23,2025-08-11,2025-08-14,Periodic Service,Medium,Completed,134013,True
103,2019,12,123,2025-01-27,2025-01-29,AC Service,Low,Completed,102015,False
104,808,6,111,2025-03-22,2025-03-24,Periodic Service,Medium,Completed,141516,False
105,1862,6,51,2024-02-01,2024-02-02,Periodic Service,Low,Completed,20501,False
106,1058,6,153,2024-08-18,2024-08-23,Body Repair,High,Completed,135163,False
107,946,2,9,2025-03-31,2025-04-01,Periodic Service,Low,Completed,119239,False
108,1303,9,39,2024-10-24,2024-10-25,Electrical,Low,Completed,500,True
109,1638,11,26,2024-07-19,2024-07-20,Periodic Service,Medium,Completed,30129,True
110,1972,15,177,2024-09-13,2024-09-16,Engine Repair,Low,Completed,34700,True
111,2413,5,135,2025-12-07,2025-12-11,Body Repair,Low,Completed,125198,False
112,48,6,68,2024-09-18,2024-09-21,AC Service,Medium,Completed,53767,False
113,2022,10,73,2024-01-20,2024-01-22,Repair,High,Completed,54231,False
114,312,10,122,2024-09-13,2024-09-14,Periodic Service,Low,Completed,25260,False
115,2199,8,157,2024-03-22,2024-03-24,Electrical,High,Completed,102438,True
116,746,2,89,2025-09-17,2025-09-18,Periodic Service,Low,Completed,99124,False
117,2187,7,74,2025-05-25,2025-05-29,Engine Repair,High,Completed,8906,False
118,1105,5,5,2024-10-27,2024-10-29,Periodic Service,High,Completed,5985,False
119,457,12,99,2025-09-25,2025-09-28,AC Service,High,Completed,72694,False
120,1821,14,37,2025-11-22,2025-11-24,Brake Service,High,Completed,129781,False
121,1463,10,80,2025-08-26,2025-08-27,Electrical,Low,Completed,31329,False
122,2250,1,147,2025-03-15,2025-03-17,Repair,Medium,Completed,148556,False
123,1077,6,14,2024-01-12,2024-01-13,Repair,Low,Completed,500,True
124,2369,7,134,2024-08-22,2024-08-26,Body Repair,Low,Completed,131226,False
125,814,2,36,2025-04-18,2025-04-22,Body Repair,Medium,Completed,17131,False
126,2085,8,160,2025-03-24,2025-03-25,Periodic Service,Medium,Completed,111327,False
127,994,14,82,2025-12-02,2025-12-03,Brake Service,Medium,Completed,500,False
128,578,13,180,2024-05-02,2024-05-04,Repair,Medium,In Progress,2188,True
129,196,5,44,2025-12-11,2025-12-12,Periodic Service,Medium,Completed,67992,False
130,864,15,175,2024-07-15,2024-07-18,AC Service,Low,Completed,60259,False
131,430,7,134,2025-01-30,2025-01-31,Periodic Service,Medium,Completed,125975,False
132,2256,3,132,2024-11-05,2024-11-06,Repair,Low,Completed,103331,True
133,634,1,110,2025-12-28,2025-12-29,Periodic Service,Low,Completed,58661,False
134,2364,2,40,2024-12-25,2024-12-26,Electrical,Medium,Completed,6837,True
135,309,2,45,2024-04-22,2024-04-24,AC Service,Medium,In Progress,138090,False
136,2193,3,145,2025-10-25,2025-10-26,Brake Service,Medium,Completed,62084,True
137,594,13,61,2025-08-06,,Brake Service,Medium,Cancelled,128272,False
138,2216,15,158,2025-09-22,2025-09-25,Engine Repair,Low,Completed,125799,True
139,1490,12,99,2024-05-12,2024-05-13,Periodic Service,High,Completed,82237,False
140,1955,3,3,2024-03-10,2024-03-11,Periodic Service,Medium,Completed,102762,False
141,875,15,177,2025-08-11,2025-08-12,Repair,Low,Completed,151991,True
142,272,12,92,2024-04-07,2024-04-09,Periodic Service,Medium,Completed,57346,True
143,539,11,13,2025-10-15,2025-10-16,Periodic Service,High,Completed,33271,True
144,1937,8,35,2024-04-12,2024-04-14,Electrical,Low,Completed,87877,False
145,2401,9,114,2025-11-19,2025-11-21,Repair,Low,Completed,16775,False
146,1052,10,42,2024-09-21,2024-09-23,AC Service,Low,Completed,35036,False
147,1064,10,107,2024-03-08,2024-03-09,Brake Service,Low,Completed,126667,False
148,426,11,126,2025-09-10,2025-09-11,Periodic Service,Medium,Completed,36030,False
149,1156,9,109,2025-11-21,2025-11-22,Periodic Service,Medium,Completed,130279,False
150,2165,6,46,2025-06-04,2025-06-05,AC Service,Medium,Completed,94837,False
151,837,8,35,2024-01-14,2024-01-15,Periodic Service,High,Completed,49490,True
152,1384,10,78,2024-07-14,2024-07-16,Repair,High,Completed,85038,True
153,2590,10,104,2024-06-01,2024-06-03,Periodic Service,Medium,Completed,139570,True
154,2369,10,12,2025-02-25,2025-02-26,Brake Service,Medium,Completed,129144,False
155,315,7,108,2024-04-15,2024-04-16,Periodic Service,Medium,Completed,60903,False
156,1932,1,154,2024-05-31,2024-06-03,Repair,Low,Completed,76943,True
157,1561,14,173,2024-09-13,2024-09-14,Periodic Service,High,Completed,144740,True
158,663,12,99,2025-05-22,2025-05-25,AC Service,High,Completed,4182,False
159,1022,11,13,2025-03-30,2025-04-02,Engine Repair,High,Completed,152843,True
160,1187,4,38,2024-10-03,2024-10-04,Electrical,Low,Completed,58270,True
161,1007,5,81,2025-03-01,2025-03-02,Periodic Service,High,Completed,31866,False
162,894,2,9,2025-08-10,2025-08-13,Repair,Low,Completed,148746,True
163,617,7,124,2025-11-21,2025-11-22,Electrical,High,Completed,19026,False
164,596,11,126,2025-04-25,2025-04-26,Periodic Service,Low,In Progress,90827,False
165,1721,4,16,2025-06-16,2025-06-17,Electrical,Low,Completed,36198,True
166,2205,6,176,2024-01-18,2024-01-20,Repair,Low,Completed,28511,False
167,1765,5,66,2024-05-05,2024-05-07,Brake Service,Medium,Completed,121122,True
168,280,2,84,2024-07-16,2024-07-21,Body Repair,Low,Completed,115514,False
169,397,1,110,2025-09-13,2025-09-14,Periodic Service,Critical,Completed,500,False
170,987,9,87,2025-12-14,2025-12-17,Repair,High,Completed,8102,True
171,1798,13,20,2024-05-04,2024-05-06,Periodic Service,Critical,Completed,82406,False
172,2551,7,19,2025-02-15,2025-02-16,Periodic Service,Medium,In Progress,113452,False
173,802,11,150,2025-07-08,2025-07-09,Repair,High,Completed,104379,False
174,2404,8,156,2025-06-21,2025-06-23,AC Service,Medium,Completed,9592,False
175,2363,3,132,2024-01-28,2024-02-01,Engine Repair,Medium,Completed,24620,False
176,2278,11,52,2024-08-30,2024-09-04,Body Repair,Medium,Completed,96987,False
177,1606,7,161,2024-05-14,2024-05-15,Electrical,Low,Completed,114059,True
178,1492,13,61,2024-09-27,2024-09-29,Repair,Medium,Completed,128558,False
179,429,14,37,2025-11-15,2025-11-16,Brake Service,Medium,Completed,39368,False
180,2337,4,106,2024-12-16,2024-12-18,Electrical,Low,Completed,12461,True
181,727,10,104,2025-03-20,2025-03-24,Body Repair,Low,Completed,91862,False
182,1265,14,88,2025-04-21,2025-04-22,AC Service,Medium,Completed,145331,True
183,1116,15,116,2024-04-28,2024-04-29,Brake Service,Low,Completed,71100,False
184,1171,13,180,2025-03-31,2025-04-04,Repair,Medium,Completed,133591,False
185,1072,3,163,2025-08-08,2025-08-11,Electrical,Medium,Completed,155768,True
186,1958,6,29,2025-11-28,2025-12-01,Brake Service,Medium,Completed,34140,False
187,2056,3,139,2025-03-16,2025-03-19,Body Repair,Medium,Completed,86687,False
188,1552,4,17,2025-05-17,2025-05-18,Brake Service,High,Completed,154001,False
189,1587,14,113,2024-03-24,2024-03-25,Brake Service,High,Completed,101263,False
190,1134,11,126,2025-07-27,2025-07-29,Brake Service,Low,Completed,143559,False
191,2382,15,158,2024-02-03,2024-02-06,Electrical,Medium,Completed,7524,True
192,13,1,154,2025-07-11,2025-07-13,Periodic Service,Low,Completed,58251,False
193,2183,4,17,2025-06-21,2025-06-22,Repair,Low,Completed,65352,False
194,1060,12,141,2024-01-08,2024-01-09,Periodic Service,Low,Completed,12223,True
195,100,12,99,2025-11-15,2025-11-16,Periodic Service,Medium,Completed,151043,False
196,1354,13,174,2025-09-08,2025-09-12,Engine Repair,Low,Completed,152698,False
197,1309,9,87,2024-12-20,2024-12-22,Repair,High,Completed,89795,False
198,430,6,14,2024-11-05,2024-11-06,Periodic Service,High,Completed,130137,True
199,1606,3,139,2025-01-10,2025-01-11,Repair,Medium,Completed,105059,True
200,233,9,58,2025-01-10,2025-01-16,Engine Repair,Medium,Completed,142346,True
201,1513,10,80,2024-03-12,2024-03-14,Repair,High,Completed,108800,False
202,1861,9,125,2024-04-29,2024-04-30,Brake Service,Medium,Completed,46955,False
203,1200,14,131,2025-10-25,2025-10-27,AC Service,Medium,Completed,60758,True
204,658,7,168,2024-05-02,2024-05-03,AC Service,High,Completed,22169,False
205,179,12,31,2025-02-05,2025-02-10,Body Repair,Low,Completed,144141,True
206,31,9,112,2025-05-29,2025-05-31,Electrical,Medium,Completed,15745,True
207,332,4,1,2024-07-20,2024-07-21,Brake Service,Low,Completed,29656,False
208,2070,11,15,2025-10-19,2025-10-22,Repair,Low,Completed,31434,False
209,546,6,56,2025-03-05,2025-03-06,Periodic Service,Medium,Completed,139912,False
210,474,12,117,2024-03-19,2024-03-23,Body Repair,Medium,Completed,93312,False
211,1252,5,133,2025-01-09,2025-01-12,Repair,Medium,Completed,94880,False
212,1410,12,169,2025-06-12,2025-06-15,Brake Service,High,Completed,107266,False
213,2169,6,153,2025-04-12,2025-04-15,Engine Repair,Low,Completed,145675,True
214,2317,1,102,2025-10-21,2025-10-23,Brake Service,Low,Completed,145344,False
215,421,15,116,2024-09-21,2024-09-23,Engine Repair,Low,Completed,31165,False
216,577,4,148,2024-03-02,2024-03-04,Repair,Medium,Completed,158411,False
217,1602,12,31,2024-11-05,2024-11-08,Periodic Service,High,Completed,38935,True
218,139,7,74,2024-01-18,2024-01-19,Periodic Service,Critical,Completed,97275,False
219,720,5,144,2025-03-11,2025-03-12,Periodic Service,Medium,Completed,71941,False
220,491,8,34,2024-12-11,2024-12-12,Brake Service,Medium,Completed,145821,True
221,2052,13,61,2024-09-29,2024-09-30,Brake Service,Medium,Completed,118404,False
222,362,7,74,2024-05-21,2024-05-26,Body Repair,Low,Completed,32555,False
223,1663,13,174,2025-09-15,2025-09-16,Repair,Low,Completed,15197,False
224,1443,12,7,2025-10-07,2025-10-10,Periodic Service,Medium,Completed,69542,False
225,1044,5,81,2024-11-20,,Brake Service,Medium,Cancelled,111489,True
226,587,8,157,2025-05-20,,Periodic Service,Medium,Cancelled,90975,False
227,260,4,95,2024-07-28,2024-07-29,Repair,Low,Completed,63543,False
228,1054,1,102,2024-09-19,2024-09-20,Periodic Service,Medium,In Progress,147016,False
229,89,9,112,2025-11-08,2025-11-09,Repair,Medium,Completed,85276,False
230,387,3,75,2025-11-07,2025-11-12,Engine Repair,Low,Completed,152300,True
231,2524,7,168,2024-05-29,2024-05-31,Electrical,Medium,Completed,106849,False
232,2111,5,81,2024-03-03,2024-03-04,Brake Service,Medium,Completed,500,True
233,2557,6,101,2025-08-10,2025-08-11,Periodic Service,Medium,Completed,12143,False
234,1178,12,31,2024-03-21,2024-03-25,Body Repair,Low,Completed,30991,False
235,992,3,139,2024-08-08,2024-08-10,Periodic Service,Medium,Completed,112184,False
236,1477,8,69,2025-09-09,2025-09-12,Repair,Low,Completed,90943,False
237,2281,15,177,2025-05-20,2025-05-21,Repair,Medium,Completed,3369,True
238,118,13,60,2025-07-26,2025-07-27,Brake Service,Low,Completed,129620,False
239,8,2,57,2025-05-28,2025-05-29,Periodic Service,Low,Completed,8240,False
240,2374,5,44,2024-10-19,2024-10-20,Repair,Low,Completed,31534,False
241,786,5,100,2024-07-06,2024-07-09,Repair,Low,Completed,55951,False
242,2213,13,180,2025-01-03,2025-01-06,Repair,Low,In Progress,125430,False
243,1715,10,72,2025-11-15,2025-11-16,Periodic Service,High,Completed,142009,False
244,658,14,79,2025-05-28,2025-05-29,Periodic Service,Low,Completed,15232,False
245,183,1,147,2025-07-16,2025-07-19,Engine Repair,Low,Completed,500,False
246,1784,3,23,2024-06-29,2024-06-30,Electrical,Low,Completed,115394,True
247,161,12,31,2024-04-17,2024-04-18,Periodic Service,Medium,Completed,500,False
248,68,2,48,2025-10-09,2025-10-12,Body Repair,Low,Completed,53739,False
249,1729,8,157,2025-01-05,2025-01-07,Repair,Low,Completed,500,True
250,1447,10,104,2025-12-06,2025-12-10,Body Repair,Medium,Completed,69703,False
251,1933,7,77,2025-06-16,2025-06-17,Brake Service,Medium,Completed,16119,False
252,2043,6,51,2025-02-26,2025-02-28,Repair,Low,Completed,117014,False
253,320,11,150,2024-06-04,2024-06-06,AC Service,High,Completed,65326,True
254,2578,12,117,2025-12-11,2025-12-12,Brake Service,Medium,Completed,110283,False
255,1421,12,169,2025-10-08,2025-10-12,Body Repair,Low,Completed,28742,False
256,2418,6,176,2024-02-19,2024-02-21,Repair,Medium,Completed,33308,False
257,2162,1,154,2024-08-25,2024-08-26,Periodic Service,Low,Completed,116309,True
258,1496,11,143,2025-12-07,2025-12-08,Electrical,Low,Completed,59867,False
259,1261,6,155,2025-06-21,2025-06-22,Repair,Medium,Completed,80107,False
260,1255,1,110,2024-09-26,2024-09-28,AC Service,Low,Completed,24678,False
261,360,4,167,2025-08-25,2025-08-27,AC Service,Medium,Completed,128458,True
262,981,3,83,2025-07-05,2025-07-08,Repair,Low,In Progress,117483,True
263,1026,12,94,2025-10-26,2025-10-27,Electrical,Medium,Completed,84608,False
264,2583,1,147,2024-03-07,2024-03-10,Body Repair,Medium,Completed,138034,False
265,783,15,63,2025-01-29,2025-02-04,Body Repair,Medium,Completed,71929,False
266,402,6,130,2025-07-29,2025-07-30,Electrical,Low,Completed,134690,False
267,884,12,99,2025-07-05,2025-07-08,Engine Repair,Low,Completed,48617,False
268,1030,12,170,2025-07-16,2025-07-17,Periodic Service,Medium,Completed,112444,False
269,1460,10,12,2024-01-20,2024-01-21,Repair,Low,Completed,151008,True
270,52,6,111,2025-10-06,2025-10-08,Electrical,Low,Completed,137181,False
271,1891,7,108,2024-03-22,2024-03-23,Periodic Service,Medium,Completed,32336,False
272,2465,11,71,2025-05-28,2025-06-01,Engine Repair,Medium,Completed,120505,False
273,2121,14,103,2025-02-19,2025-02-20,Periodic Service,Critical,Completed,152124,False
274,2054,6,51,2025-05-20,2025-05-23,Electrical,High,Completed,57315,False
275,1780,10,72,2024-08-02,2024-08-03,Periodic Service,Low,Completed,72526,False
276,548,9,109,2025-10-07,2025-10-09,Periodic Service,Low,Completed,145301,False
277,1101,15,158,2024-09-22,2024-09-23,Repair,High,Completed,73033,False
278,397,1,85,2024-11-17,2024-11-20,Body Repair,Critical,Completed,4530,False
279,13,9,164,2024-03-05,2024-03-07,Periodic Service,Low,Completed,56998,False
280,419,6,111,2024-09-01,2024-09-04,Repair,Medium,Completed,115405,False
281,297,6,51,2025-07-03,2025-07-04,Periodic Service,Critical,Completed,20116,False
282,1841,5,105,2024-06-08,2024-06-09,Periodic Service,Low,Completed,129723,False
283,445,8,160,2025-11-14,2025-11-17,Repair,Medium,Completed,135093,False
284,1987,4,148,2025-08-14,2025-08-16,AC Service,Low,Completed,51567,True
285,1726,10,122,2024-06-26,2024-07-01,Body Repair,Low,Completed,137310,False
286,2103,5,135,2025-06-03,2025-06-04,Electrical,High,Completed,73170,False
287,201,5,144,2024-01-03,2024-01-04,Periodic Service,Medium,Completed,74790,True
288,531,5,4,2025-10-31,2025-11-01,Electrical,High,Completed,1814,False
289,2546,13,20,2024-11-23,2024-11-29,Body Repair,Medium,Completed,147830,False
290,1091,15,175,2025-03-12,2025-03-14,Electrical,Low,Completed,112993,True
291,1197,5,44,2024-01-17,2024-01-18,Brake Service,Medium,Completed,61509,True
292,45,15,116,2024-04-24,2024-04-27,Engine Repair,Low,Completed,59596,True
293,779,5,49,2024-01-22,2024-01-24,Repair,Medium,Completed,106767,False
294,1232,15,63,2025-11-19,2025-11-21,Repair,Medium,Completed,68721,False
295,150,3,136,2024-08-29,2024-08-30,Repair,Low,Completed,66477,False
296,2460,6,138,2025-11-01,2025-11-06,Engine Repair,Low,Completed,49620,False
297,1623,9,125,2024-12-12,2024-12-13,Periodic Service,High,Completed,87997,False
298,1813,10,80,2024-06-21,2024-06-22,Periodic Service,Medium,Completed,108216,False
299,740,9,112,2025-05-04,2025-05-05,Periodic Service,Medium,Completed,1634,True
300,748,15,93,2025-06-07,2025-06-08,AC Service,Medium,Completed,68780,False
301,330,3,98,2024-10-14,2024-10-15,Electrical,Medium,Completed,6414,True
302,505,7,19,2025-08-15,2025-08-17,Repair,Low,Completed,134249,False
303,1993,6,14,2024-02-08,2024-02-09,Periodic Service,High,Completed,34404,False
304,1483,4,1,2025-03-03,2025-03-04,Brake Service,High,Completed,27211,False
305,2598,4,140,2024-07-19,2024-07-20,Electrical,Low,Completed,24703,True
306,1432,9,58,2024-12-16,2024-12-19,Repair,Low,Completed,48668,True
307,971,2,9,2025-09-19,2025-09-20,Periodic Service,Low,Completed,132557,False
308,1402,4,38,2025-08-09,2025-08-10,Brake Service,Medium,Completed,8678,False
309,1422,14,30,2025-05-13,2025-05-16,Periodic Service,Low,Completed,40492,False
310,358,11,26,2024-01-18,2024-01-19,Periodic Service,Medium,Completed,1868,False
311,1616,12,47,2025-06-03,2025-06-05,AC Service,Low,Completed,44434,False
312,2189,4,17,2025-02-05,2025-02-08,Electrical,High,Completed,79196,False
313,2077,2,8,2024-07-05,2024-07-06,Brake Service,Low,Completed,12131,False
314,2089,6,111,2024-03-11,2024-03-13,Periodic Service,Low,Completed,118203,False
315,771,15,116,2025-01-04,2025-01-05,Periodic Service,Medium,Completed,149602,False
316,285,2,89,2025-02-11,2025-02-13,Periodic Service,Medium,Completed,155046,False
317,901,1,102,2025-11-18,2025-11-22,Body Repair,Medium,Completed,133067,False
318,678,7,161,2024-04-21,2024-04-22,Repair,Medium,Completed,77249,False
319,108,10,50,2025-03-20,2025-03-21,Electrical,High,Completed,157965,False
320,2580,2,57,2024-04-28,2024-04-29,Electrical,Low,Completed,11453,False
321,1239,4,148,2025-04-28,2025-05-01,Repair,Low,Completed,143254,False
322,1852,5,133,2024-11-13,2024-11-16,Brake Service,Medium,Completed,152636,False
323,2004,8,129,2024-04-02,2024-04-03,Periodic Service,Medium,Completed,160934,False
324,2570,9,39,2025-01-31,2025-02-01,Brake Service,Low,Completed,3778,False
325,1841,4,148,2025-12-07,2025-12-08,Electrical,Medium,Completed,127491,False
326,499,15,162,2024-12-18,2024-12-21,AC Service,Low,Completed,6384,False
327,1625,2,70,2024-06-18,2024-06-22,AC Service,Critical,Completed,151498,False
328,852,14,96,2024-03-28,2024-03-29,Electrical,Low,Completed,52093,True
329,965,12,94,2025-04-25,2025-04-29,Body Repair,Low,Completed,70382,False
330,324,11,52,2024-06-28,2024-06-29,Electrical,Medium,Completed,119229,True
331,1406,8,157,2024-06-17,2024-06-18,Periodic Service,Low,Completed,85547,False
332,69,8,35,2024-03-08,2024-03-10,Electrical,Critical,Completed,54828,True
333,835,4,1,2025-12-19,2025-12-23,Body Repair,High,Completed,72924,False
334,71,14,171,2024-04-29,2024-05-02,AC Service,Medium,Completed,137136,False
335,1783,13,91,2024-12-15,2024-12-17,Repair,Medium,Completed,33291,True
336,1907,6,137,2024-02-28,2024-03-01,Brake Service,Medium,Completed,121723,False
337,1262,10,78,2024-07-09,2024-07-10,Periodic Service,Low,Completed,78662,False
338,849,11,143,2025-10-17,2025-10-18,Periodic Service,Low,Completed,146674,False
339,1893,3,23,2025-08-26,2025-08-31,Engine Repair,Low,Completed,31022,True
340,2226,5,5,2024-08-27,2024-08-28,AC Service,Medium,In Progress,52636,False
341,1084,7,161,2025-01-25,2025-01-26,Brake Service,Medium,Completed,500,False
342,1511,3,32,2024-07-24,2024-07-29,Body Repair,High,Completed,144936,True
343,679,4,1,2025-10-21,2025-10-22,Brake Service,Low,Completed,96479,False
344,1689,9,112,2025-08-21,2025-08-24,Engine Repair,Low,Completed,500,False
345,188,10,33,2024-12-20,2024-12-21,Periodic Service,Low,Completed,146034,False
346,77,5,133,2025-03-07,2025-03-10,Brake Service,Low,Completed,56103,False
347,578,3,145,2025-01-05,2025-01-08,Repair,Low,Completed,971,False
348,1638,10,122,2025-09-21,2025-09-26,Engine Repair,Medium,Completed,21157,False
349,2299,7,77,2024-03-29,2024-03-30,Brake Service,Medium,Completed,68510,False
350,867,10,104,2025-01-31,2025-02-04,Engine Repair,Low,Completed,73153,False
351,798,4,17,2024-04-20,2024-04-23,Engine Repair,Low,Completed,33061,True
352,1178,5,135,2025-10-22,2025-10-26,Body Repair,Medium,Completed,26794,False
353,1547,15,63,2025-04-01,2025-04-02,Brake Service,Low,Completed,152453,False
354,1938,4,16,2025-06-10,2025-06-12,Repair,High,Completed,94830,False
355,575,7,77,2024-04-27,2024-04-30,AC Service,High,Completed,96235,False
356,1399,3,136,2025-04-05,2025-04-06,AC Service,Low,Completed,101154,False
357,2029,3,59,2024-05-24,2024-05-27,Repair,Low,Completed,141741,False
358,1543,13,61,2024-12-07,2024-12-10,Body Repair,High,Completed,109440,True
359,749,3,132,2024-11-09,2024-11-10,Brake Service,High,Completed,92805,False
360,1844,10,50,2024-04-17,2024-04-19,AC Service,Medium,Completed,41614,True
361,1212,14,37,2025-08-23,2025-08-28,Body Repair,High,Completed,33676,True
362,1584,13,24,2025-05-25,2025-05-26,AC Service,Low,Completed,500,True
363,1120,3,132,2025-10-07,2025-10-08,Periodic Service,Critical,Completed,16329,False
364,953,1,102,2024-10-16,2024-10-17,Periodic Service,Critical,Completed,85788,False
365,1147,13,180,2025-11-17,2025-11-19,AC Service,Low,Completed,113248,False
366,711,11,54,2024-07-27,2024-07-28,Electrical,High,Completed,53820,False
367,1550,1,154,2024-09-24,2024-09-25,AC Service,Medium,Completed,141325,True
368,2048,6,138,2025-01-11,2025-01-16,Body Repair,Medium,Completed,25603,False
369,2325,11,143,2025-08-08,2025-08-09,Periodic Service,High,Completed,42018,False
370,1854,15,116,2025-11-20,2025-11-21,Electrical,Low,In Progress,36376,True
371,573,11,52,2024-12-27,2024-12-28,Repair,Low,Completed,116316,False
372,2197,6,130,2025-12-09,2025-12-10,Periodic Service,Medium,Completed,17718,False
373,1415,5,100,2024-03-27,2024-03-28,Brake Service,Low,Completed,105172,True
374,889,3,163,2024-11-06,2024-11-08,Repair,Medium,Completed,38355,False
375,1790,7,161,2025-03-31,2025-04-02,Brake Service,Medium,Completed,123880,False
376,1074,13,61,2025-11-28,2025-11-29,Repair,Low,In Progress,136207,True
377,990,7,134,2024-12-21,2024-12-23,Repair,Medium,Completed,152478,True
378,1534,6,155,2025-01-27,2025-01-30,AC Service,Low,Completed,130560,True
379,1971,6,153,2025-08-28,2025-08-29,Repair,Critical,Completed,115632,False
380,713,10,78,2024-06-23,2024-06-24,Periodic Service,Medium,Completed,12491,False
381,1439,12,94,2024-12-13,2024-12-14,Brake Service,Low,Completed,143940,False
382,1767,4,1,2025-02-11,2025-02-12,Periodic Service,Medium,Completed,25339,False
383,2505,14,37,2024-06-27,2024-06-28,Brake Service,Low,Completed,136888,False
384,2100,7,19,2024-06-21,2024-06-25,Engine Repair,Medium,Completed,47921,False
385,16,2,45,2025-06-07,2025-06-10,Periodic Service,Low,Completed,17590,True
386,1613,1,110,2025-11-26,2025-11-27,Brake Service,Low,Completed,61066,False
387,335,15,116,2024-03-12,2024-03-13,Brake Service,Low,Completed,58251,False
388,1012,14,88,2025-03-14,2025-03-19,Body Repair,Medium,Completed,37596,False
389,1565,15,162,2025-04-09,2025-04-10,Periodic Service,Low,Completed,75441,False
390,1736,4,1,2024-06-20,2024-06-21,Periodic Service,High,Completed,39886,False
391,2286,5,144,2025-02-05,2025-02-08,Engine Repair,Critical,Completed,56623,True
392,1016,11,54,2025-02-23,2025-02-28,Engine Repair,Low,Completed,62758,True
393,2592,12,170,2025-04-08,2025-04-10,Body Repair,High,Completed,33857,False
394,1703,3,32,2024-10-26,2024-10-27,Periodic Service,Medium,Completed,28742,False
395,538,7,161,2025-11-08,2025-11-14,Engine Repair,Medium,Completed,153413,True
396,1621,1,154,2024-10-29,2024-10-31,Periodic Service,Medium,In Progress,116201,False
397,656,3,6,2025-02-07,2025-02-09,Repair,High,Completed,124908,True
398,2302,8,69,2024-02-27,2024-03-01,Engine Repair,Low,Completed,47986,False
399,1256,13,152,2024-03-25,2024-03-28,Repair,Medium,In Progress,152339,True
400,1475,4,106,2025-07-14,2025-07-15,Periodic Service,Low,Completed,11241,False
401,2186,6,29,2024-12-30,2025-01-03,Repair,Low,Completed,56707,True
402,1824,15,158,2024-12-17,2024-12-18,AC Service,Medium,Completed,105529,False
403,1572,7,19,2024-10-31,2024-11-01,Brake Service,Medium,In Progress,86385,True
404,1356,1,2,2024-11-02,2024-11-03,Periodic Service,High,Completed,99799,False
405,2003,15,93,2025-10-21,2025-10-24,Body Repair,Low,Completed,64395,False
406,1579,9,39,2025-01-15,2025-01-17,Repair,Critical,Completed,50859,False
407,1263,14,97,2024-07-23,2024-07-24,Electrical,Low,Completed,146281,False
408,1134,14,88,2025-05-04,2025-05-06,Periodic Service,Medium,Completed,147269,False
409,1416,12,170,2025-10-22,2025-10-25,Periodic Service,Medium,Completed,143439,False
410,538,14,97,2024-10-27,2024-10-28,Periodic Service,Low,Completed,141834,False
411,1633,8,156,2025-03-10,2025-03-13,Periodic Service,Low,Completed,18436,False
412,1423,14,131,2024-08-25,2024-08-27,AC Service,Low,Completed,46642,False
413,484,5,44,2024-06-07,2024-06-12,Body Repair,Medium,Completed,51917,False
414,2484,11,26,2025-03-10,,AC Service,Medium,Cancelled,65424,True
415,1174,6,165,2024-09-01,2024-09-02,Repair,High,Completed,103788,True
416,1961,5,105,2024-08-08,2024-08-10,Periodic Service,Low,Completed,104344,False
417,1957,7,161,2024-03-30,2024-04-01,Repair,Low,Completed,143899,True
418,2385,1,86,2024-02-26,2024-02-29,Engine Repair,Critical,Completed,22619,False
419,2403,14,82,2025-11-11,2025-11-14,Body Repair,High,Completed,118998,False
420,1414,3,83,2024-12-30,2025-01-01,Repair,High,Completed,82584,True
421,2422,1,147,2025-07-04,2025-07-05,Brake Service,High,Completed,68101,False
422,1477,5,133,2025-12-03,2025-12-05,Periodic Service,High,Completed,94082,False
423,763,7,134,2024-11-18,2024-11-20,Periodic Service,Medium,Completed,90080,False
424,1050,15,63,2025-01-27,2025-01-29,Repair,Medium,Completed,95639,True
425,1849,5,4,2024-09-18,2024-09-19,Periodic Service,Medium,Completed,111332,False
426,2358,5,5,2024-06-12,2024-06-13,Repair,High,Completed,10730,False
427,1169,6,101,2024-05-22,2024-05-24,Repair,Medium,Completed,125668,True
428,1676,13,91,2025-02-10,2025-02-12,Brake Service,Low,Completed,124486,False
429,1872,1,102,2025-09-11,2025-09-12,Periodic Service,Low,Completed,126993,False
430,1169,6,46,2024-09-02,2024-09-06,Engine Repair,Low,Completed,126322,True
431,1329,3,132,2025-03-31,2025-04-02,Periodic Service,Medium,Completed,57579,True
432,2394,11,150,2024-08-07,2024-08-08,Periodic Service,Low,In Progress,88215,True
433,1916,6,111,2025-08-28,2025-09-02,Engine Repair,Low,Completed,113481,False
434,2276,13,20,2024-08-28,2024-08-30,Periodic Service,Low,Completed,160620,False
435,2000,2,28,2025-06-30,2025-07-02,Repair,Low,Completed,109021,True
436,507,4,1,2025-02-11,2025-02-12,Brake Service,Low,Completed,49417,True
437,2074,12,117,2025-08-21,2025-08-23,Repair,Low,Completed,52731,False
438,781,13,142,2025-01-14,2025-01-18,Repair,Low,In Progress,145330,False
439,1531,12,94,2025-11-18,2025-11-19,Brake Service,Medium,Completed,31302,False
440,1324,6,51,2025-04-21,2025-04-22,AC Service,High,Completed,161003,False
441,1185,6,153,2025-01-12,2025-01-13,Brake Service,High,Completed,108357,False
442,438,9,164,2025-10-29,2025-11-01,Repair,Medium,Completed,120529,False
443,1105,5,49,2024-05-24,2024-05-25,Periodic Service,Low,Completed,3317,False
444,767,7,77,2025-01-12,2025-01-13,Brake Service,Medium,Completed,144661,False
445,78,3,23,2025-11-24,2025-11-26,Periodic Service,Low,Completed,148051,False
446,1784,12,170,2025-02-21,2025-02-24,Repair,High,Completed,104249,False
447,1834,12,31,2025-11-01,2025-11-02,Periodic Service,Critical,In Progress,160788,False
448,2579,9,58,2025-07-23,2025-07-24,AC Service,Low,In Progress,66247,False
449,1399,12,99,2024-12-08,2024-12-11,Electrical,Medium,Completed,108432,True
450,1201,8,146,2025-04-22,2025-04-26,Body Repair,Medium,Completed,52459,False
451,1835,9,114,2024-04-05,2024-04-08,AC Service,Low,Completed,4430,False
452,1424,2,48,2025-04-04,,Brake Service,Medium,Cancelled,125094,False
453,130,8,160,2025-06-01,2025-06-02,Repair,Medium,Completed,35282,True
454,2537,7,124,2025-08-03,2025-08-07,Engine Repair,Low,Completed,129232,True
455,2051,3,136,2025-12-12,2025-12-13,Periodic Service,Low,Completed,27671,False
456,414,5,133,2025-12-22,2025-12-23,Periodic Service,Medium,In Progress,82375,False
457,231,7,134,2024-08-29,2024-08-30,Periodic Service,Low,Completed,87321,False
458,832,12,170,2024-03-31,2024-04-02,Brake Service,Low,Completed,9149,True
459,929,10,107,2025-05-09,2025-05-10,Electrical,Medium,Completed,59916,False
460,2437,7,77,2025-06-04,2025-06-05,Periodic Service,High,In Progress,142591,False
461,1471,3,163,2025-06-07,2025-06-12,Engine Repair,Medium,Completed,51503,False
462,1887,11,126,2024-05-08,2024-05-12,Body Repair,Low,Completed,108171,False
463,1673,14,97,2025-02-15,2025-02-17,Brake Service,Low,Completed,154334,False
464,2152,14,171,2025-12-28,2025-12-29,Brake Service,Low,Completed,106304,False
465,1272,11,52,2024-11-03,2024-11-05,Repair,Critical,Completed,79381,False
466,2223,12,31,2025-05-15,2025-05-19,Engine Repair,Low,Completed,81300,True
467,529,5,66,2025-11-18,2025-11-19,Repair,Low,Completed,133869,False
468,1983,7,161,2024-12-09,2024-12-10,Periodic Service,Critical,Completed,103747,False
469,1361,6,68,2024-04-24,2024-04-26,AC Service,Medium,Completed,39671,True
470,889,11,150,2025-04-24,2025-04-26,AC Service,Medium,Completed,49152,False
471,668,3,136,2025-10-20,2025-10-21,AC Service,Medium,Completed,69754,False
472,246,2,45,2024-03-15,2024-03-16,Periodic Service,Medium,Completed,139092,False
473,1690,10,107,2025-06-30,2025-07-03,Repair,Low,Completed,134470,False
474,496,4,106,2024-04-27,2024-05-02,Body Repair,Low,Completed,125390,True
475,2492,15,158,2024-04-13,2024-04-14,Electrical,Low,In Progress,114549,True
476,888,11,143,2025-11-02,2025-11-06,Repair,High,Completed,153970,False
477,2046,11,143,2024-05-26,2024-05-27,Periodic Service,Low,Completed,156970,False
478,2092,10,72,2024-11-02,2024-11-04,Brake Service,Low,Completed,141012,False
479,2222,12,179,2025-09-25,2025-09-28,Repair,Medium,Completed,106893,True
480,42,15,93,2025-02-22,2025-02-25,Repair,High,Completed,87574,False
481,1689,9,55,2025-09-06,2025-09-07,Electrical,Medium,Completed,500,False
482,2091,8,27,2024-04-06,2024-04-07,Periodic Service,Medium,Completed,149270,False
483,597,10,73,2024-12-20,2024-12-22,Periodic Service,Low,Completed,93229,False
484,2116,11,71,2024-06-12,2024-06-13,Brake Service,Low,Completed,158964,False
485,716,11,52,2025-11-17,2025-11-18,Periodic Service,Low,Completed,145729,False
486,679,14,37,2025-09-03,2025-09-04,Brake Service,Low,Completed,104106,True
487,1917,8,34,2024-07-03,2024-07-04,AC Service,Low,Completed,151449,True
488,2522,8,157,2024-08-10,2024-08-11,Repair,High,Completed,17259,False
489,444,13,142,2024-02-07,2024-02-09,AC Service,Medium,In Progress,25487,False
490,1225,7,124,2025-11-06,2025-11-07,Electrical,Low,Completed,160178,False
491,2141,1,154,2024-04-26,2024-04-28,Repair,Medium,Completed,500,False
492,262,13,61,2024-08-30,2024-09-05,Body Repair,Medium,Completed,55306,False
493,325,15,158,2024-11-12,2024-11-13,Periodic Service,High,In Progress,69889,True
494,753,9,11,2024-05-29,2024-05-30,AC Service,Low,Completed,69459,True
495,743,5,66,2025-09-17,2025-09-18,Repair,High,Completed,126808,True
496,1121,10,21,2025-02-25,2025-03-02,Body Repair,Medium,In Progress,142083,False
497,1103,11,15,2025-09-30,2025-10-02,Brake Service,Medium,Completed,121222,False
498,949,1,86,2024-10-18,2024-10-20,Electrical,Low,In Progress,102204,False
499,703,2,40,2024-07-01,2024-07-02,Periodic Service,Low,Completed,1122,False
500,1393,9,87,2024-10-06,2024-10-08,Periodic Service,Medium,Completed,98940,False
501,1901,9,58,2024-06-26,2024-06-27,Brake Service,Low,Completed,19673,False
502,2456,1,154,2024-01-30,2024-02-03,Body Repair,High,Completed,110917,False
503,1749,4,140,2024-01-31,2024-02-05,Body Repair,High,Completed,89624,False
504,1392,6,111,2024-01-16,2024-01-17,Brake Service,Medium,Completed,156603,False
505,2469,14,96,2025-05-23,2025-05-24,Periodic Service,Critical,In Progress,75767,False
506,1075,2,89,2024-12-14,2024-12-16,Repair,Critical,Completed,130843,False
507,815,2,36,2025-01-25,2025-01-26,Periodic Service,High,Completed,137690,False
508,1366,7,124,2024-05-28,2024-05-30,Periodic Service,Medium,Completed,34644,False
509,1594,5,49,2024-08-29,2024-08-31,Repair,High,Completed,63194,False
510,981,2,128,2024-03-23,2024-03-25,Electrical,Low,Completed,118171,True
511,1141,2,57,2025-10-01,2025-10-05,Engine Repair,Low,Completed,8730,False
512,2148,9,164,2024-02-08,2024-02-10,Repair,Medium,Completed,128311,True
513,2206,10,78,2024-01-08,2024-01-09,Repair,High,Completed,126148,True
514,2277,3,145,2024-11-01,2024-11-02,Brake Service,Low,Completed,138165,False
515,1373,10,104,2025-07-25,2025-07-27,Repair,Medium,Completed,117994,True
516,1237,13,90,2024-03-23,2024-03-24,Periodic Service,Medium,Completed,79577,False
517,2090,1,85,2025-02-09,2025-02-10,Repair,Low,Completed,5273,True
518,1257,10,107,2024-03-18,2024-03-20,AC Service,Low,Completed,64083,False
519,490,10,107,2025-06-07,2025-06-10,Repair,Low,Completed,108325,True
520,119,6,111,2024-04-02,2024-04-04,Body Repair,Medium,Completed,137064,False
521,1043,1,154,2024-02-04,2024-02-05,Brake Service,Low,Completed,104620,True
522,2535,8,69,2024-03-02,2024-03-07,Body Repair,Low,Completed,72165,False
523,328,1,154,2024-12-26,2024-12-27,Periodic Service,Low,Completed,9597,False
524,1019,7,124,2025-11-19,,Engine Repair,Low,Cancelled,58460,False
525,2259,2,40,2025-09-11,2025-09-15,Body Repair,Low,Completed,93035,False
526,127,9,58,2025-01-06,2025-01-07,Periodic Service,Low,Completed,161805,False
527,1681,10,12,2024-02-14,2024-02-15,AC Service,Low,Completed,500,False
528,838,8,35,2025-01-09,2025-01-14,Engine Repair,Medium,Completed,32770,False
529,1380,7,134,2024-02-16,2024-02-17,Brake Service,Critical,Completed,60262,True
530,609,12,47,2024-10-17,2024-10-18,Periodic Service,Low,In Progress,10214,False
531,646,2,45,2024-07-02,2024-07-03,Periodic Service,Low,Completed,500,False
532,2233,10,72,2024-08-31,2024-09-01,Periodic Service,High,Completed,56802,False
533,1723,13,91,2025-05-12,2025-05-15,Electrical,Medium,In Progress,93995,False
534,345,10,80,2025-09-22,2025-09-23,Brake Service,Medium,Completed,21881,False
535,1788,6,137,2025-02-26,2025-02-27,AC Service,Medium,Completed,45510,False
536,2104,5,100,2025-03-23,2025-03-24,Repair,Low,Completed,90907,True
537,2105,2,28,2024-12-27,2024-12-28,Periodic Service,Low,Completed,81485,False
538,2448,13,53,2024-03-17,2024-03-18,Brake Service,Low,Completed,110489,False
539,2482,2,45,2025-10-10,2025-10-14,Body Repair,High,Completed,40896,False
540,2583,9,164,2025-08-30,2025-09-01,Repair,Medium,Completed,138565,True
541,835,2,36,2024-10-06,2024-10-07,AC Service,Low,Completed,76557,False
542,1722,1,86,2025-11-21,2025-11-23,Brake Service,High,Completed,138646,False
543,428,10,33,2025-06-03,,Body Repair,High,Cancelled,107835,False
544,703,14,67,2024-01-26,2024-01-27,Periodic Service,Low,In Progress,500,False
545,2523,15,62,2024-03-02,2024-03-03,Periodic Service,Low,Completed,74422,True
546,2206,5,5,2024-05-31,2024-06-01,AC Service,Medium,Completed,128569,False
547,258,12,94,2025-04-16,2025-04-18,Repair,Medium,Completed,43154,False
548,1088,6,155,2024-04-04,2024-04-06,Brake Service,High,Completed,23434,False
549,2424,3,18,2025-08-31,2025-09-01,Periodic Service,Medium,Completed,46323,False
550,1562,5,151,2024-02-29,2024-03-01,Periodic Service,Critical,Completed,143826,True
551,2411,10,107,2024-09-18,2024-09-20,Brake Service,Low,Completed,124437,True
552,1238,2,128,2024-05-08,2024-05-13,Body Repair,Critical,Completed,115500,False
553,1661,14,37,2025-02-27,2025-02-28,AC Service,Low,Completed,88656,False
554,282,9,39,2024-09-22,,Electrical,Medium,Cancelled,23704,False
555,2202,1,110,2024-08-06,2024-08-07,Periodic Service,Low,Completed,131488,False
556,1253,6,153,2024-08-05,2024-08-07,Repair,High,Completed,90610,False
557,1746,13,91,2025-04-19,2025-04-24,Engine Repair,High,In Progress,138249,False
558,2480,10,50,2025-08-06,2025-08-08,Brake Service,Medium,Completed,20173,False
559,580,9,149,2024-11-29,2024-12-01,Electrical,Medium,In Progress,146992,True
560,1005,7,124,2024-08-15,2024-08-17,AC Service,Medium,Completed,4232,False
561,211,4,17,2024-05-18,2024-05-24,Body Repair,Low,Completed,146609,True
562,103,5,105,2025-05-25,2025-05-28,Periodic Service,Medium,Completed,96570,False
563,1320,12,141,2025-01-13,2025-01-15,Repair,Low,Completed,143881,False
564,2444,3,3,2024-01-03,2024-01-04,Periodic Service,Medium,Completed,138673,False
565,2142,1,147,2024-09-08,2024-09-12,Body Repair,Low,Completed,126913,False
566,901,7,161,2024-05-09,2024-05-13,Body Repair,Low,Completed,143219,False
567,2100,6,155,2025-12-05,2025-12-09,Body Repair,Low,Completed,56393,False
568,2456,13,22,2025-12-17,2025-12-18,Brake Service,Low,Completed,118522,False
569,2227,9,11,2024-07-18,2024-07-22,Body Repair,Medium,Completed,99797,False
570,224,7,124,2025-03-26,2025-03-30,Body Repair,Low,Completed,12511,True
571,1875,13,142,2024-12-04,2024-12-08,Repair,High,Completed,78376,True
572,88,5,135,2025-07-23,2025-07-24,Periodic Service,Medium,Completed,500,False
573,1498,14,173,2024-10-12,2024-10-13,AC Service,Medium,Completed,76349,False
574,1449,6,155,2024-02-08,2024-02-09,Brake Service,Medium,Completed,500,False
575,305,6,14,2024-11-26,2024-11-29,AC Service,Low,Completed,85831,False
576,1145,11,15,2025-12-16,2025-12-17,Electrical,Low,Completed,123564,False
577,1225,2,45,2025-09-07,2025-09-08,Brake Service,Medium,Completed,157257,False
578,1053,9,87,2025-03-15,2025-03-18,Body Repair,Medium,Completed,127215,True
579,204,10,72,2024-06-24,2024-06-27,Repair,Critical,Completed,81356,False
580,2382,15,177,2024-07-03,2024-07-04,Repair,Medium,Completed,2363,False
581,1992,4,16,2024-07-31,2024-08-01,Brake Service,Low,Completed,110445,False
582,1348,9,149,2024-01-03,2024-01-04,Repair,Low,Completed,40686,True
583,490,2,45,2025-02-03,2025-02-04,Repair,Low,Completed,113475,False
584,54,9,109,2025-11-23,2025-11-24,AC Service,Low,Completed,32278,False
585,1547,6,68,2024-12-14,2024-12-15,Repair,Low,Completed,148208,True
586,1346,10,122,2024-08-31,2024-09-02,Periodic Service,Medium,Completed,52644,False
587,20,13,180,2024-07-01,2024-07-02,Repair,Medium,In Progress,12649,True
588,717,6,46,2024-10-13,2024-10-16,Body Repair,Low,Completed,148002,False
589,1017,11,54,2025-11-25,2025-11-27,Repair,Medium,Completed,69701,False
590,27,15,93,2025-03-21,2025-03-22,Repair,Medium,Completed,117003,True
591,2139,9,149,2024-11-16,2024-11-17,Brake Service,Critical,Completed,138210,False
592,2325,7,161,2024-08-20,2024-08-21,Periodic Service,High,Completed,41002,True
593,1905,11,71,2025-11-28,2025-11-29,Periodic Service,Medium,Completed,131335,False
594,1203,8,156,2024-01-22,2024-01-24,Periodic Service,Medium,Completed,69515,False
595,1229,6,155,2025-01-06,2025-01-07,AC Service,Medium,Completed,51627,False
596,2246,6,165,2025-06-15,2025-06-16,Periodic Service,Low,Completed,500,True
597,244,6,68,2024-10-19,2024-10-20,Repair,Medium,Completed,43545,False
598,2255,5,133,2025-11-21,2025-11-23,Repair,Low,Completed,102740,False
599,1215,5,151,2024-09-28,2024-09-30,Repair,Low,Completed,141552,False
600,2460,14,37,2025-10-19,2025-10-20,Repair,Low,In Progress,56112,False
601,1560,8,129,2025-09-25,2025-09-26,Brake Service,Medium,Completed,106512,False
602,576,2,89,2024-09-07,2024-09-11,Body Repair,Medium,Completed,90907,False
603,1474,3,83,2024-11-10,2024-11-13,AC Service,Low,Completed,78188,False
604,253,4,106,2025-05-19,2025-05-20,Periodic Service,Medium,Completed,20569,True
605,2211,8,146,2024-08-19,2024-08-20,Periodic Service,Low,In Progress,106154,True
606,2122,12,141,2025-06-02,2025-06-04,Repair,Low,In Progress,90890,False
607,595,9,164,2025-05-24,2025-05-25,Repair,Medium,Completed,50041,False
608,94,4,140,2025-09-18,2025-09-20,Repair,Low,Completed,69049,False
609,2083,10,72,2024-05-13,2024-05-15,Periodic Service,Low,Completed,118394,False
610,212,7,134,2024-06-09,2024-06-10,Periodic Service,Low,Completed,59646,False
611,1005,10,104,2024-12-30,2025-01-01,Brake Service,Medium,Completed,5770,False
612,545,12,179,2025-12-12,2025-12-13,Periodic Service,Critical,Completed,142612,False
613,502,3,32,2025-11-03,2025-11-07,AC Service,Low,Completed,73418,False
614,2525,12,99,2024-10-05,2024-10-10,Engine Repair,Low,Completed,83724,False
615,612,13,60,2024-05-26,2024-05-31,Engine Repair,Medium,In Progress,140011,True
616,1566,2,57,2024-09-17,2024-09-18,Electrical,Critical,Completed,17879,True
617,12,11,26,2024-09-02,2024-09-03,AC Service,Medium,Completed,20997,False
618,544,4,115,2024-12-11,2024-12-16,Engine Repair,Medium,Completed,64609,True
619,116,14,88,2024-06-19,2024-06-21,Periodic Service,Low,Completed,109828,False
620,1008,2,9,2024-07-30,,Engine Repair,Medium,Cancelled,113462,False
621,1527,15,93,2024-08-05,2024-08-07,Repair,Medium,Completed,63117,False
622,2217,2,89,2025-05-20,2025-05-21,Periodic Service,Low,Completed,78497,False
623,1361,4,1,2025-04-15,2025-04-20,Body Repair,High,Completed,43460,False
624,835,10,107,2024-05-02,2024-05-04,Periodic Service,Low,Completed,80893,True
625,1133,15,116,2025-01-04,2025-01-07,Repair,Medium,Completed,27252,False
626,92,12,31,2025-11-22,2025-11-25,Repair,Low,Completed,28870,True
627,690,7,77,2025-10-10,2025-10-11,AC Service,Medium,Completed,105746,False
628,2491,1,147,2025-08-14,2025-08-15,Brake Service,Medium,Completed,40937,False
629,1306,8,146,2025-07-12,2025-07-13,AC Service,High,Completed,76052,False
630,1861,9,125,2025-08-06,2025-08-07,Repair,Medium,Completed,44346,True
631,1191,15,162,2025-06-04,2025-06-05,Periodic Service,Low,Completed,50254,False
632,587,13,180,2024-07-04,2024-07-07,Body Repair,Medium,Completed,82462,False
633,1854,9,39,2024-03-06,2024-03-07,Electrical,Low,Completed,44649,True
634,2282,11,54,2024-05-18,2024-05-20,AC Service,Low,Completed,32723,False
635,2582,3,163,2024-09-06,2024-09-08,Brake Service,Medium,Completed,126956,True
636,811,7,159,2025-02-14,,Engine Repair,Medium,Cancelled,31143,False
637,1435,14,173,2025-04-27,2025-04-28,Brake Service,High,Completed,53349,True
638,748,10,72,2025-04-17,2025-04-18,Periodic Service,Low,Completed,67277,False
639,1342,6,51,2024-09-02,2024-09-06,Body Repair,Medium,Completed,77576,False
640,1283,5,4,2025-01-03,,Electrical,Medium,Cancelled,97391,True
641,2209,8,35,2025-08-25,2025-08-27,AC Service,High,Completed,30602,False
642,736,15,93,2024-12-18,2024-12-20,Repair,Critical,Completed,1114,False
643,234,12,170,2024-03-30,2024-03-31,Periodic Service,Low,Completed,156223,False
644,1310,7,108,2025-03-24,2025-03-26,Repair,Medium,Completed,124113,False
645,301,2,8,2024-08-15,2024-08-16,AC Service,Medium,Completed,69828,False
646,769,5,133,2025-02-23,2025-02-26,Engine Repair,Medium,In Progress,88786,True
647,1596,10,107,2024-03-24,2024-03-25,Periodic Service,Medium,Completed,67524,True
648,1927,5,66,2024-05-04,2024-05-05,Electrical,Low,Completed,144243,True
649,1748,4,16,2025-04-18,2025-04-19,Repair,Critical,Completed,25583,True
650,2444,5,135,2024-08-13,2024-08-14,Periodic Service,Medium,Completed,133808,False
651,905,3,139,2024-12-03,2024-12-04,Repair,Medium,Completed,13736,True
652,1031,5,44,2025-01-20,2025-01-21,Brake Service,High,Completed,81166,False
653,498,5,105,2025-08-11,2025-08-12,Periodic Service,High,Completed,84587,False
654,343,7,76,2025-12-23,2025-12-26,Engine Repair,Low,Completed,138574,False
655,2307,8,160,2024-04-14,2024-04-16,Periodic Service,Medium,Completed,89962,True
656,2025,8,160,2025-02-16,2025-02-19,Brake Service,Low,Completed,57530,True
657,2403,6,14,2025-03-05,2025-03-07,Periodic Service,High,Completed,118005,False
658,1097,7,76,2025-10-13,2025-10-18,Body Repair,Medium,Completed,69608,False
659,2216,9,55,2024-04-18,2024-04-23,Engine Repair,Medium,In Progress,119742,False
660,1296,14,37,2024-09-28,2024-09-29,Electrical,Low,Completed,85573,True
661,619,4,106,2025-09-19,2025-09-25,Body Repair,Low,In Progress,144853,False
662,621,6,46,2025-01-24,2025-01-25,Periodic Service,Low,Completed,25660,False
663,1356,2,48,2024-10-20,2024-10-21,Repair,High,Completed,92816,True
664,2392,11,143,2024-02-11,2024-02-15,Body Repair,Low,Completed,35077,False
665,79,7,168,2024-05-30,2024-05-31,Brake Service,Low,Completed,50317,False
666,1360,9,125,2024-06-09,2024-06-15,Body Repair,High,Completed,10879,False
667,2073,4,17,2024-06-30,2024-07-01,Periodic Service,Medium,Completed,74919,True
668,1966,3,3,2025-08-05,2025-08-07,Periodic Service,Critical,Completed,18051,False
669,86,7,77,2025-03-01,2025-03-06,Body Repair,Medium,Completed,78970,False
670,3,11,13,2024-11-05,2024-11-06,Brake Service,Medium,Completed,143391,False
671,868,6,56,2025-02-01,2025-02-02,Periodic Service,Low,Completed,84614,False
672,2333,4,106,2024-12-07,2024-12-12,Engine Repair,Low,Completed,91732,True
673,1427,12,172,2025-06-26,2025-07-02,Body Repair,Low,Completed,26006,False
674,1693,13,60,2024-05-15,2024-05-19,Body Repair,Low,Completed,38992,True
675,405,2,45,2024-11-21,2024-11-26,Body Repair,Medium,In Progress,11433,False
676,2355,15,116,2025-02-28,2025-03-02,Repair,Low,Completed,69356,False
677,134,9,114,2025-06-06,2025-06-08,AC Service,Critical,Completed,54208,False
678,1922,7,76,2025-11-12,2025-11-14,Repair,Low,Completed,146084,False
679,1059,15,162,2025-03-16,2025-03-20,Body Repair,Medium,Completed,45036,False
680,794,11,71,2024-10-04,,Periodic Service,High,Cancelled,149641,False
681,2246,5,81,2024-12-10,2024-12-12,Periodic Service,Medium,Completed,4496,False
682,1201,8,69,2024-11-11,2024-11-13,Repair,High,Completed,58712,False
683,737,1,110,2024-07-07,2024-07-11,Repair,High,Completed,54600,False
684,31,8,146,2025-02-27,2025-03-02,Repair,Low,Completed,24086,True
685,2567,10,107,2024-09-14,2024-09-17,Repair,Medium,Completed,69569,False
686,1492,15,162,2024-03-27,2024-03-29,Repair,Medium,Completed,131339,False
687,702,13,180,2025-07-19,2025-07-21,Periodic Service,Low,Completed,127371,False
688,1469,12,31,2024-09-20,2024-09-22,AC Service,Low,Completed,13279,True
689,1779,4,95,2025-03-31,2025-04-02,Repair,Medium,Completed,140405,False
690,900,6,14,2024-05-06,2024-05-08,Periodic Service,Low,Completed,62707,False
691,1992,4,140,2025-08-25,2025-08-27,Repair,Medium,Completed,112301,False
692,31,5,66,2024-01-15,2024-01-19,Engine Repair,Low,Completed,12119,False
693,474,4,106,2024-10-02,2024-10-03,Brake Service,High,Completed,88243,False
694,585,4,148,2025-12-11,2025-12-13,Electrical,Critical,Completed,144880,False
695,1133,10,42,2024-01-03,2024-01-05,Repair,Low,Completed,36385,False
696,958,7,77,2025-02-15,2025-02-16,Electrical,Low,In Progress,55368,True
697,1370,9,125,2025-08-06,2025-08-07,AC Service,Medium,Completed,148136,False
698,1938,11,52,2025-01-27,2025-01-28,AC Service,Medium,Completed,96516,False
699,1802,3,136,2025-06-09,2025-06-10,Periodic Service,Low,Completed,57077,True
700,1620,4,115,2024-06-05,2024-06-07,AC Service,Medium,Completed,134140,False
701,2280,7,134,2024-06-19,2024-06-23,AC Service,Low,Completed,22408,False
702,1950,9,164,2024-01-14,2024-01-16,Repair,Medium,In Progress,81522,False
703,1831,3,75,2024-07-16,2024-07-17,Repair,Medium,Completed,37270,True
704,2471,14,67,2025-07-25,2025-07-27,AC Service,Critical,Completed,156056,False
705,1734,9,87,2025-11-21,2025-11-22,Repair,Low,Completed,121380,False
706,2058,2,89,2025-08-25,2025-08-29,Engine Repair,Medium,Completed,145679,False
707,1146,2,128,2025-03-16,2025-03-18,Brake Service,Low,Completed,29214,True
708,248,8,27,2025-11-14,2025-11-15,Brake Service,Medium,Completed,69722,True
709,596,5,135,2024-01-07,2024-01-08,Periodic Service,Critical,In Progress,91580,False
710,1688,9,114,2025-11-15,2025-11-16,Brake Service,Low,Completed,60651,False
711,2429,12,117,2024-07-13,2024-07-16,Engine Repair,Medium,Completed,54340,False
712,1922,12,47,2025-04-04,2025-04-06,Periodic Service,Low,Completed,151792,False
713,975,9,125,2025-06-24,2025-06-27,Engine Repair,Low,Completed,24801,True
714,2142,2,119,2024-08-30,2024-08-31,Periodic Service,High,Completed,132634,False
715,1137,4,95,2024-05-24,2024-05-25,Periodic Service,Low,Completed,39362,False
716,895,15,162,2025-04-02,2025-04-04,Periodic Service,Medium,Completed,30824,False
717,1158,8,160,2024-05-09,2024-05-13,Body Repair,High,Completed,111714,True
718,1950,13,90,2024-12-20,2024-12-21,Brake Service,High,Completed,88329,False
719,587,15,177,2024-01-06,2024-01-07,Periodic Service,Low,Completed,91545,False
720,462,2,89,2025-09-03,2025-09-04,Periodic Service,Medium,In Progress,16485,False
721,2570,10,12,2024-05-07,2024-05-08,Periodic Service,Medium,Completed,4873,False
722,514,3,132,2024-06-05,2024-06-06,Brake Service,Medium,Completed,19561,False
723,1246,1,86,2024-01-03,2024-01-04,Brake Service,High,Completed,50241,False
724,1713,6,130,2025-06-23,2025-06-24,Brake Service,Low,In Progress,38739,False
725,401,6,111,2025-04-07,2025-04-08,Electrical,Critical,Completed,34591,False
726,659,6,29,2025-12-08,2025-12-10,Electrical,Medium,Completed,140764,False
727,1683,9,87,2025-11-21,2025-11-22,Periodic Service,Medium,Completed,136417,False
728,1276,2,25,2024-03-20,2024-03-21,Periodic Service,Medium,Completed,149021,False
729,2499,9,164,2025-12-12,2025-12-13,Periodic Service,Medium,Completed,67671,False
730,2156,8,146,2025-01-28,2025-01-29,Electrical,Medium,Completed,81952,False
731,440,15,63,2025-12-13,2025-12-18,Body Repair,Low,Completed,500,False
732,400,1,110,2025-03-21,,AC Service,Low,Cancelled,30324,False
733,1169,7,168,2024-07-20,2024-07-22,Repair,High,Completed,129202,False
734,1930,1,102,2025-04-07,2025-04-08,Electrical,Low,Completed,36104,False
735,2375,5,151,2025-05-27,2025-05-28,Periodic Service,Low,Completed,23096,False
736,1249,7,159,2024-09-01,2024-09-02,Periodic Service,Low,Completed,132500,False
737,1927,4,167,2024-09-27,2024-09-28,Repair,Low,Completed,144138,True
738,2094,13,65,2024-10-23,2024-10-28,Body Repair,Low,Completed,3490,False
739,587,7,77,2025-08-04,2025-08-07,Periodic Service,Low,Completed,90686,False
740,795,7,77,2025-07-07,2025-07-09,Periodic Service,Medium,Completed,57114,True
741,1649,6,111,2024-10-14,2024-10-17,Repair,High,Completed,85856,True
742,568,13,24,2024-11-01,2024-11-02,Periodic Service,Low,In Progress,68227,False
743,2431,14,82,2024-03-29,2024-03-30,Brake Service,Medium,Completed,16726,False
744,199,11,52,2025-07-22,2025-07-23,Brake Service,Low,Completed,103099,False
745,410,15,162,2024-11-21,2024-11-24,Repair,Medium,Completed,22627,True
746,1151,8,156,2024-08-07,2024-08-10,Repair,Low,Completed,72635,True
747,787,15,63,2024-08-07,2024-08-08,Periodic Service,High,Completed,93720,True
748,358,7,74,2025-12-07,2025-12-08,Periodic Service,Medium,Completed,5415,False
749,750,15,158,2024-10-22,2024-10-25,Engine Repair,Medium,Completed,114635,False
750,2401,15,63,2024-12-13,2024-12-15,Brake Service,Low,Completed,8871,False
751,1391,8,156,2024-04-06,2024-04-07,Periodic Service,Low,Completed,151007,False
752,1187,15,62,2025-04-17,2025-04-22,Body Repair,Medium,Completed,57853,False
753,1178,15,175,2024-07-24,2024-07-25,AC Service,Critical,Completed,31218,False
754,1529,8,69,2024-09-04,2024-09-05,AC Service,Medium,Completed,42729,False
755,739,3,18,2024-01-22,2024-01-23,Periodic Service,Medium,In Progress,85173,False
756,351,11,13,2024-09-24,2024-09-25,Periodic Service,Medium,Completed,114068,False
757,1886,5,44,2024-01-13,2024-01-16,Repair,Medium,Completed,24582,True
758,1877,2,45,2025-10-17,2025-10-22,Body Repair,Low,Completed,26522,False
759,2064,10,166,2024-07-23,2024-07-25,Repair,Medium,In Progress,7665,False
760,2312,6,176,2024-06-23,2024-06-25,Brake Service,Medium,Completed,14060,False
761,2237,2,84,2025-09-28,2025-09-29,Periodic Service,Medium,Completed,67848,False
762,1793,6,153,2025-01-22,2025-01-23,Repair,Low,Completed,9519,False
763,1287,9,112,2024-03-08,2024-03-09,Periodic Service,High,Completed,59242,True
764,2069,8,35,2025-01-25,2025-01-26,Brake Service,Medium,Completed,57191,False
765,1211,4,95,2025-07-16,2025-07-18,Periodic Service,Low,Completed,98864,True
766,1751,15,116,2025-09-27,2025-09-28,Repair,Low,In Progress,148639,False
767,206,14,67,2024-10-06,2024-10-08,Electrical,Medium,Completed,64783,False
768,2232,1,110,2024-04-06,2024-04-09,Engine Repair,Medium,Completed,128832,True
769,2113,10,50,2024-11-01,,Periodic Service,Low,Cancelled,114667,False
770,2585,12,117,2025-02-09,2025-02-10,Periodic Service,Low,Completed,6042,False
771,603,14,67,2025-01-13,2025-01-14,Periodic Service,High,Completed,130078,False
772,1902,1,154,2024-11-29,2024-12-01,AC Service,Medium,Completed,91301,False
773,551,8,34,2025-07-02,2025-07-05,Brake Service,High,Completed,6045,False
774,1559,3,75,2024-07-01,2024-07-07,Body Repair,Medium,Completed,88966,True
775,1019,3,163,2025-08-13,2025-08-15,Repair,Low,Completed,60764,False
776,227,4,38,2025-06-12,2025-06-15,Repair,Medium,Completed,500,True
777,1757,8,129,2024-06-24,2024-06-25,AC Service,High,Completed,153495,True
778,2098,1,85,2024-12-11,2024-12-13,Periodic Service,Medium,Completed,29003,False
779,139,9,164,2024-05-07,2024-05-11,Engine Repair,Medium,Completed,108301,False
780,1144,14,113,2024-04-29,2024-05-01,Repair,Low,Completed,132573,False
781,1080,8,146,2024-06-29,2024-06-30,Periodic Service,Low,Completed,154512,False
782,2284,8,157,2024-09-21,2024-09-22,AC Service,High,Completed,72491,False
783,1575,11,54,2024-01-19,2024-01-23,Repair,Medium,Completed,64518,False
784,1945,7,19,2025-02-16,2025-02-17,Periodic Service,Medium,Completed,30162,False
785,1059,5,144,2025-10-17,2025-10-20,Repair,High,In Progress,43243,False
786,2407,9,55,2024-10-20,2024-10-21,Repair,Low,Completed,96080,True
787,267,6,138,2025-11-08,2025-11-10,Electrical,Low,In Progress,12599,False
788,2231,7,76,2024-11-27,2024-11-29,Periodic Service,Medium,In Progress,59798,False
789,532,4,106,2024-06-21,2024-06-22,Periodic Service,Low,Completed,15526,False
790,1940,4,43,2025-12-30,2026-01-03,Body Repair,Medium,Completed,15300,False
791,2140,11,126,2025-07-22,2025-07-23,AC Service,High,Completed,71464,False
792,1102,10,107,2024-05-29,2024-05-31,Brake Service,Low,Completed,130788,True
793,1889,12,170,2024-07-25,2024-07-28,Electrical,Low,Completed,54161,True
794,1975,2,89,2025-10-04,2025-10-07,Electrical,Low,Completed,125171,False
795,365,7,76,2024-08-18,2024-08-19,Periodic Service,Medium,Completed,500,True
796,469,6,138,2025-09-02,2025-09-03,Periodic Service,Low,Completed,90362,False
797,662,15,175,2025-06-21,2025-06-23,Brake Service,High,Completed,65460,False
798,1588,1,86,2025-02-13,2025-02-15,AC Service,Medium,Completed,153794,True
799,36,13,24,2024-04-10,2024-04-12,Repair,High,In Progress,114876,False
800,326,2,128,2025-04-07,2025-04-12,Body Repair,High,Completed,43722,False
801,1026,2,84,2024-01-21,2024-01-22,Periodic Service,Low,Completed,83486,False
802,648,9,39,2024-09-26,2024-09-30,Body Repair,Low,Completed,56109,True
803,665,10,33,2024-05-21,2024-05-24,Repair,Low,Completed,115145,True
804,1363,12,169,2025-12-23,2025-12-25,AC Service,High,Completed,17338,False
805,956,15,177,2024-09-07,2024-09-09,Repair,Low,Completed,117890,True
806,1067,10,73,2025-05-08,2025-05-09,Electrical,Medium,Completed,54011,True
807,1772,9,11,2025-12-27,2025-12-28,Periodic Service,Critical,Completed,25730,False
808,1540,13,53,2024-12-29,2024-12-30,Electrical,Medium,Completed,52846,False
809,1858,6,51,2024-01-03,2024-01-04,Periodic Service,Critical,Completed,68384,True
810,1329,8,157,2024-07-26,2024-07-27,Periodic Service,Medium,Completed,62970,False
811,2463,14,37,2024-11-27,2024-11-29,Repair,Low,Completed,9647,False
812,2114,10,78,2024-12-06,2024-12-07,Periodic Service,Medium,Completed,15472,False
813,382,3,6,2024-10-06,2024-10-07,Electrical,Low,Completed,26898,True
814,727,2,70,2024-12-18,2024-12-19,Electrical,Medium,Completed,89674,False
815,1226,9,149,2025-03-29,2025-03-31,Brake Service,Low,Completed,77750,False
816,652,6,165,2025-10-19,2025-10-20,Repair,High,Completed,144760,False
817,2081,9,64,2024-10-03,2024-10-04,Periodic Service,Low,Completed,98898,False
818,1815,15,63,2025-09-15,2025-09-16,Periodic Service,Low,Completed,111224,False
819,1451,4,140,2025-09-01,2025-09-04,Repair,Medium,Completed,40200,True
820,991,1,154,2025-08-15,2025-08-18,Engine Repair,Medium,Completed,33099,True
821,207,3,83,2025-04-13,2025-04-17,AC Service,Medium,Completed,81131,False
822,482,12,47,2024-09-13,2024-09-16,Repair,Medium,Completed,100963,False
823,2244,9,125,2024-03-20,2024-03-21,Periodic Service,Critical,Completed,16156,False
824,2037,10,10,2025-05-27,2025-05-29,Repair,Low,Completed,72914,True
825,769,15,116,2025-01-08,2025-01-10,Repair,Low,Completed,90767,False
826,494,7,134,2025-01-05,2025-01-06,Periodic Service,Low,Completed,114714,False
827,406,4,1,2025-12-21,2025-12-22,Periodic Service,Low,In Progress,92976,False
828,544,15,175,2025-02-02,2025-02-09,Body Repair,Low,Completed,62043,False
829,1189,9,149,2025-01-06,2025-01-09,Repair,High,Completed,28046,True
830,1064,11,121,2024-10-10,2024-10-11,Repair,High,Completed,114677,False
831,1917,10,72,2025-10-26,2025-10-27,Periodic Service,Medium,Completed,155599,False
832,2243,6,29,2024-01-03,2024-01-07,Repair,Low,Completed,125330,False
833,2061,13,53,2024-06-17,2024-06-20,Periodic Service,Critical,Completed,4039,False
834,1256,4,106,2025-04-21,2025-04-22,Periodic Service,Low,Completed,153989,True
835,726,1,147,2024-06-30,2024-07-01,Periodic Service,Medium,Completed,81730,False
836,2114,9,149,2025-03-17,2025-03-19,AC Service,Low,In Progress,10541,False
837,1320,13,178,2024-06-29,2024-07-04,Body Repair,Critical,Completed,134952,False
838,2509,11,126,2025-09-20,2025-09-21,Brake Service,Critical,Completed,103149,False
839,919,2,57,2024-09-10,2024-09-12,Electrical,Medium,In Progress,69216,True
840,1190,6,29,2024-01-03,2024-01-07,Body Repair,Medium,Completed,59434,False
841,2034,9,39,2024-09-27,2024-10-01,Repair,Medium,Completed,12066,True
842,340,3,132,2025-10-08,2025-10-11,Repair,Medium,Completed,121564,False
843,19,9,58,2025-08-27,2025-08-28,Periodic Service,Low,Completed,58122,True
844,1881,7,124,2024-08-09,2024-08-11,Repair,Medium,In Progress,62680,False
845,1345,13,90,2025-12-27,2026-01-01,Body Repair,Medium,Completed,86611,False
846,1787,4,148,2025-09-20,2025-09-22,Repair,Medium,Completed,68194,False
847,76,6,111,2024-02-20,2024-02-23,Body Repair,Medium,Completed,35184,False
848,1375,5,100,2025-01-16,2025-01-17,Electrical,Medium,Completed,120568,True
849,1013,15,93,2024-03-06,2024-03-07,Electrical,Medium,Completed,61001,True
850,1831,4,95,2025-03-06,2025-03-09,Repair,Medium,Completed,39838,False
851,509,13,142,2024-09-11,2024-09-13,Electrical,Medium,Completed,117426,False
852,886,7,77,2025-05-28,2025-06-01,Engine Repair,Medium,Completed,77045,True
853,778,1,2,2024-08-04,2024-08-07,Repair,Medium,Completed,95485,False
854,2444,15,175,2024-03-02,2024-03-08,Body Repair,Medium,Completed,141436,False
855,2078,15,177,2025-01-18,2025-01-19,Brake Service,Low,Completed,61157,False
856,2535,5,120,2024-03-22,2024-03-23,AC Service,Low,Completed,79194,False
857,1347,1,154,2025-04-16,2025-04-17,Electrical,Medium,Completed,44420,True
858,2595,10,12,2024-08-31,2024-09-02,Electrical,Medium,Completed,5973,False
859,52,15,93,2025-02-14,2025-02-15,Periodic Service,Medium,In Progress,134837,False
860,725,6,138,2024-09-27,2024-09-30,Repair,Low,In Progress,82112,True
861,1449,7,108,2025-10-23,2025-10-24,Electrical,Medium,Completed,500,True
862,12,3,18,2025-04-21,2025-04-22,Electrical,Low,Completed,24604,False
863,1588,4,43,2024-02-22,2024-02-25,Repair,Low,Completed,146639,True
864,2163,3,59,2024-12-26,2024-12-29,Repair,Low,Completed,99685,True
865,1492,14,37,2024-09-24,2024-09-25,Periodic Service,Low,Completed,123513,False
866,494,2,48,2024-03-11,2024-03-12,Repair,Low,Completed,116026,True
867,2043,5,44,2024-08-01,2024-08-03,Brake Service,Medium,Completed,126787,False
868,1784,10,12,2025-08-30,2025-08-31,Periodic Service,Medium,Completed,111328,False
869,2018,11,54,2025-07-15,2025-07-16,Periodic Service,Low,In Progress,110013,False
870,2087,8,27,2025-12-19,2025-12-20,Brake Service,High,Completed,85710,True
871,1665,5,133,2024-08-04,2024-08-06,Engine Repair,High,Completed,50130,False
872,1628,13,180,2024-08-15,2024-08-17,Brake Service,Medium,Completed,121257,True
873,2051,9,58,2025-05-08,2025-05-11,Body Repair,Low,In Progress,21050,True
874,2072,11,121,2024-03-27,2024-03-28,Brake Service,Low,Completed,18195,False
875,623,9,164,2024-06-01,2024-06-03,Brake Service,Low,Completed,47307,False
876,262,2,36,2024-01-26,2024-01-27,AC Service,Medium,Completed,50003,False
877,1277,9,164,2024-04-06,2024-04-07,Periodic Service,Medium,Completed,37702,False
878,54,5,151,2024-11-21,2024-11-22,Repair,Low,Completed,36310,False
879,1184,14,118,2025-01-29,2025-01-31,Brake Service,Critical,Completed,63125,False
880,558,3,145,2025-09-07,2025-09-10,Repair,Low,Completed,108271,False
881,2157,13,41,2024-08-07,2024-08-08,Periodic Service,Low,Completed,126035,False
882,405,14,127,2024-07-31,2024-08-01,AC Service,Low,Completed,11513,False
883,894,2,36,2025-07-28,2025-07-31,Engine Repair,Low,Completed,152221,True
884,2435,11,143,2024-04-05,2024-04-07,Repair,Low,Completed,104486,True
885,1208,9,149,2024-06-09,2024-06-11,Repair,Low,Completed,110722,False
886,2276,9,125,2025-06-06,,Brake Service,Medium,Cancelled,148920,False
887,1056,15,158,2025-12-02,2025-12-03,AC Service,Medium,Completed,129453,False
888,524,7,77,2025-03-18,2025-03-21,Repair,Medium,Completed,104910,True
889,2585,7,74,2025-09-20,2025-09-23,Repair,Medium,Completed,15065,False
890,2572,3,139,2024-02-03,2024-02-04,Periodic Service,Medium,Completed,9724,False
891,1216,7,77,2024-04-04,2024-04-06,Electrical,Medium,Completed,124673,True
892,1616,5,151,2024-05-03,2024-05-04,Periodic Service,Medium,Completed,34306,True
893,1518,9,11,2024-07-21,2024-07-22,Repair,Medium,Completed,162553,False
894,1492,10,12,2024-07-13,2024-07-15,Repair,High,Completed,129732,False
895,1684,11,121,2024-11-09,2024-11-13,Engine Repair,High,Completed,100113,True
896,1065,3,23,2025-07-10,2025-07-12,Periodic Service,High,Completed,4870,False
897,1234,6,165,2025-04-25,2025-04-28,Repair,Low,Completed,155859,True
898,749,11,15,2025-12-03,2025-12-04,Brake Service,Medium,In Progress,95063,False
899,621,11,150,2025-01-13,2025-01-14,Periodic Service,Low,Completed,17012,False
900,1076,3,32,2024-03-30,2024-04-05,Body Repair,Low,Completed,78316,False
901,264,8,34,2025-01-13,2025-01-17,Engine Repair,Low,Completed,81235,True
902,1078,7,77,2024-08-12,2024-08-13,AC Service,High,Completed,146786,False
903,275,5,49,2024-04-18,2024-04-20,Repair,Critical,Completed,72487,True
904,779,5,144,2024-05-21,2024-05-23,Repair,Medium,Completed,110079,True
905,2452,4,16,2025-04-28,2025-05-03,Engine Repair,Medium,Completed,61326,False
906,2301,7,108,2025-07-18,2025-07-19,Repair,Medium,Completed,113706,False
907,2253,14,37,2024-12-26,2024-12-29,Repair,Medium,Completed,53284,False
908,458,12,94,2025-04-05,2025-04-10,Repair,Low,Completed,74702,False
909,1870,14,37,2024-02-07,2024-02-09,Repair,Medium,Completed,151948,True
910,454,3,139,2024-05-30,2024-06-01,AC Service,Low,Completed,2300,False
911,2129,6,138,2025-12-26,2025-12-27,Repair,Low,Completed,29975,False
912,963,9,149,2024-01-13,2024-01-14,Periodic Service,Low,Completed,155252,False
913,2094,13,60,2025-05-17,2025-05-18,AC Service,Medium,Completed,8324,False
914,469,9,164,2024-09-22,2024-09-23,Brake Service,Medium,Completed,89848,True
915,255,8,129,2024-01-07,2024-01-09,Repair,Medium,Completed,96373,True
916,238,14,97,2025-12-18,2025-12-19,Periodic Service,Low,Completed,18971,False
917,1010,1,147,2024-10-14,,Periodic Service,Medium,Cancelled,60066,True
918,2370,14,113,2025-03-17,2025-03-19,Electrical,Medium,Completed,121066,True
919,12,4,38,2024-03-14,2024-03-15,Repair,Low,Completed,30187,False
920,1493,12,123,2025-06-30,2025-07-01,Repair,Medium,Completed,90015,False
921,621,8,156,2024-02-11,2024-02-12,Periodic Service,Low,Completed,16064,False
922,1598,5,120,2024-02-17,2024-02-21,Engine Repair,Low,In Progress,74814,False
923,899,11,13,2025-03-15,2025-03-18,Repair,High,Completed,81621,False
924,2125,11,52,2025-05-12,2025-05-15,Body Repair,Low,Completed,73748,False
925,815,14,113,2024-08-09,2024-08-12,Repair,Medium,Completed,138966,False
926,161,15,177,2025-11-15,2025-11-16,Periodic Service,High,Completed,500,True
927,1458,8,146,2024-12-06,2024-12-07,AC Service,Medium,Completed,37905,False
928,267,7,134,2024-04-10,2024-04-12,AC Service,Medium,Completed,6027,True
929,2191,13,53,2025-07-08,2025-07-09,Periodic Service,Low,Completed,121560,False
930,2366,11,54,2024-03-26,2024-03-31,Body Repair,Low,Completed,121269,False
931,2427,13,178,2024-08-20,2024-08-22,Periodic Service,Low,Completed,6286,False
932,1978,12,7,2024-06-17,2024-06-18,AC Service,Low,Completed,122828,True
933,603,15,93,2025-06-24,2025-06-28,Repair,Low,In Progress,128921,True
934,1891,15,93,2025-04-25,2025-04-26,Electrical,Medium,Completed,25685,False
935,914,1,86,2025-12-27,2025-12-29,Repair,Low,In Progress,141099,True
936,1096,5,100,2025-05-24,2025-05-25,Repair,Low,Completed,86810,False
937,2307,5,5,2025-10-26,2025-10-28,Periodic Service,Medium,Completed,82212,False
938,1660,15,162,2025-03-01,2025-03-02,AC Service,Low,Completed,80653,False
939,757,3,3,2024-02-27,2024-02-29,Repair,Medium,Completed,15135,True
940,2356,12,117,2024-07-19,2024-07-22,Repair,Medium,In Progress,121941,True
941,2235,15,62,2024-10-31,2024-11-01,Brake Service,Low,In Progress,84707,False
942,658,3,32,2024-08-25,,Repair,Medium,Cancelled,19400,False
943,462,1,147,2025-09-28,2025-10-02,Body Repair,High,Completed,19556,False
944,822,1,85,2025-10-17,2025-10-19,Repair,Medium,Completed,140318,True
945,1412,5,81,2024-05-29,,Engine Repair,Medium,Cancelled,23656,False
946,603,14,118,2025-08-07,2025-08-08,Periodic Service,High,Completed,141466,False
947,442,5,133,2025-11-11,2025-11-12,Brake Service,Medium,In Progress,101600,False
948,1714,15,158,2024-04-24,2024-04-30,Body Repair,Low,Completed,45983,False
949,1236,12,141,2024-06-10,2024-06-15,Engine Repair,High,Completed,54835,False
950,1685,6,130,2024-07-12,,Brake Service,Low,Cancelled,54859,True
951,1571,11,150,2025-09-24,2025-09-25,Periodic Service,Medium,Completed,112350,False
952,157,5,133,2025-11-05,2025-11-09,Body Repair,Low,Completed,103875,False
953,421,8,27,2025-12-16,2025-12-19,Repair,Low,Completed,35911,False
954,1372,15,158,2024-02-02,2024-02-06,Engine Repair,Low,Completed,53153,False
955,2321,2,8,2024-07-08,2024-07-09,Periodic Service,Medium,Completed,500,False
956,361,3,98,2025-07-10,2025-07-11,Repair,Medium,Completed,66322,False
957,2045,2,40,2024-03-20,2024-03-21,Brake Service,Medium,Completed,130514,False
958,1521,4,43,2024-11-26,2024-11-28,Periodic Service,High,Completed,106476,False
959,1644,1,110,2025-06-29,2025-07-01,Periodic Service,Medium,Completed,101727,False
960,789,4,140,2024-02-25,2024-02-26,Periodic Service,High,Completed,115237,False
961,805,11,121,2024-06-28,2024-06-29,Brake Service,High,Completed,92206,False
962,2429,14,171,2025-11-17,2025-11-19,Periodic Service,High,Completed,56429,False
963,718,10,80,2025-07-01,2025-07-02,Periodic Service,Low,Completed,85602,True
964,659,14,171,2024-04-16,2024-04-18,Repair,High,Completed,143980,False
965,2509,15,116,2025-10-10,,Repair,High,Cancelled,103967,True
966,724,9,55,2025-03-31,2025-04-04,Repair,Medium,Completed,58178,False
967,2024,15,162,2025-12-25,2025-12-27,Brake Service,Medium,In Progress,75312,False
968,618,4,1,2024-10-18,2024-10-20,Periodic Service,Medium,Completed,80310,False
969,2429,15,158,2024-09-08,2024-09-10,Brake Service,Low,Completed,61047,False
970,2431,13,142,2025-07-21,2025-07-23,Engine Repair,High,Completed,13286,False
971,2140,13,24,2025-10-23,2025-10-25,Repair,Medium,Completed,75648,False
972,2033,15,162,2024-01-02,2024-01-08,Engine Repair,Medium,In Progress,14236,True
973,2455,15,62,2025-07-06,2025-07-09,Engine Repair,Medium,Completed,85129,False
974,1404,9,149,2024-02-12,2024-02-15,Repair,High,Completed,145996,False
975,2284,9,58,2025-05-05,2025-05-06,AC Service,High,Completed,67065,False
976,1713,8,129,2025-02-22,,Periodic Service,High,Cancelled,39221,False
977,1270,5,44,2025-09-22,2025-09-23,Periodic Service,Medium,Completed,11492,False
978,618,12,123,2024-10-02,2024-10-05,Repair,Low,Completed,83122,False
979,340,13,60,2024-04-03,2024-04-06,Repair,High,Completed,111333,False
980,1092,5,44,2025-08-26,2025-08-27,AC Service,Low,Completed,22736,False
981,1311,9,112,2024-05-30,2024-06-02,Repair,Medium,Completed,149586,True
982,2463,3,98,2025-10-02,2025-10-03,Electrical,Low,Completed,3077,True
983,1472,11,143,2024-02-07,2024-02-08,Periodic Service,High,Completed,14963,False
984,2128,11,143,2024-06-17,2024-06-19,Brake Service,Low,In Progress,69588,True
985,1953,4,1,2025-07-21,2025-07-22,Brake Service,Medium,Completed,99811,False
986,790,7,124,2025-07-07,2025-07-08,Periodic Service,High,Completed,70682,False
987,2105,2,89,2024-09-28,2024-09-29,Periodic Service,Low,Completed,77846,False
988,2001,14,103,2024-06-20,2024-06-21,Periodic Service,Medium,Completed,140343,False
989,2299,1,110,2024-10-11,2024-10-12,Brake Service,Medium,Completed,68632,False
990,1649,12,141,2025-01-15,2025-01-16,Electrical,Medium,Completed,73815,False
991,328,1,2,2025-03-12,2025-03-13,Periodic Service,Medium,Completed,7778,False
992,2535,10,50,2024-09-26,2024-09-27,Periodic Service,Medium,Completed,67768,False
993,794,9,164,2025-04-26,2025-04-27,Brake Service,Medium,Completed,150211,False
994,240,14,131,2025-07-31,2025-08-03,Electrical,High,Completed,109506,True
995,1244,1,86,2024-11-26,2024-11-29,Engine Repair,High,Completed,137052,True
996,2378,4,1,2024-04-09,2024-04-12,Periodic Service,Medium,Completed,66249,False
997,1970,12,179,2025-11-05,2025-11-06,Brake Service,Medium,Completed,33451,False
998,440,8,69,2025-05-29,,Periodic Service,Medium,Cancelled,500,False
999,990,8,35,2025-09-14,2025-09-16,Repair,Critical,Completed,157487,False
1000,1768,11,26,2025-04-20,2025-04-21,Brake Service,High,In Progress,53697,False
1001,1676,13,41,2025-08-05,2025-08-06,AC Service,Low,Completed,122171,False
1002,219,8,160,2025-12-20,2025-12-21,AC Service,Medium,Completed,142268,False
1003,2272,5,49,2025-03-02,2025-03-06,Engine Repair,Low,Completed,3818,False
1004,1684,7,77,2025-07-25,2025-07-26,Periodic Service,Low,Completed,98099,False
1005,1475,13,60,2024-01-25,2024-01-26,Periodic Service,Low,Completed,20031,False
1006,1403,11,143,2024-11-28,2024-11-30,Body Repair,Low,Completed,95111,False
1007,916,5,81,2024-12-14,2024-12-15,Brake Service,High,Completed,28342,False
1008,1418,5,66,2024-11-15,2024-11-16,Periodic Service,Medium,Completed,125166,False
1009,1906,2,70,2025-09-12,2025-09-14,Repair,Low,Completed,92325,False
1010,524,10,166,2025-06-26,2025-06-29,Repair,Low,Completed,107931,True
1011,1845,6,138,2025-02-02,2025-02-03,Periodic Service,Medium,Completed,158727,True
1012,2483,15,63,2024-02-29,2024-03-04,Engine Repair,High,Completed,95518,True
1013,1247,4,140,2024-07-16,2024-07-18,AC Service,Low,Completed,83795,False
1014,1608,12,7,2024-09-07,2024-09-09,AC Service,Medium,Completed,147258,False
1015,1557,11,52,2024-04-07,2024-04-08,Electrical,Critical,Completed,27071,True
1016,427,13,61,2024-06-26,2024-06-27,AC Service,High,Completed,10931,False
1017,2415,9,58,2025-02-23,2025-02-26,Repair,Medium,In Progress,68145,True
1018,2094,5,4,2025-12-20,2025-12-24,Body Repair,Low,Completed,12997,False
1019,851,7,134,2025-04-20,2025-04-22,Repair,Medium,In Progress,121212,False
1020,410,9,11,2025-03-09,2025-03-13,Periodic Service,Low,Completed,24550,False
1021,708,11,52,2024-11-27,2024-12-01,Body Repair,High,Completed,67364,False
1022,494,12,169,2024-12-03,2024-12-05,Repair,High,Completed,117134,True
1023,367,3,75,2024-08-01,2024-08-04,Engine Repair,High,Completed,41856,True
1024,172,1,86,2025-02-18,2025-02-19,Electrical,Low,Completed,82573,False
1025,682,5,100,2024-02-18,2024-02-19,Periodic Service,Medium,In Progress,16935,False
1026,1331,13,174,2025-04-15,2025-04-20,Engine Repair,Low,Completed,12315,True
1027,1156,12,92,2024-07-16,2024-07-17,Electrical,High,Completed,126443,False
1028,2405,10,166,2025-08-08,2025-08-09,Periodic Service,Medium,Completed,102555,False
1029,1498,7,134,2025-01-09,2025-01-14,Body Repair,Low,Completed,79408,False
1030,1309,14,97,2025-05-30,2025-06-02,AC Service,Medium,Completed,85332,False
1031,1784,8,160,2024-03-01,2024-03-03,Brake Service,Medium,Completed,103341,False
1032,1106,9,58,2024-10-18,2024-10-19,Periodic Service,Medium,Completed,96664,False
1033,1957,10,12,2024-08-31,2024-09-01,Brake Service,Low,Completed,138573,True
1034,1726,1,110,2025-06-26,2025-06-28,Periodic Service,High,Completed,129792,True
1035,2127,15,62,2024-08-28,2024-08-30,AC Service,Medium,Completed,7843,False
1036,2557,6,56,2024-03-23,,Periodic Service,Low,Cancelled,11770,False
1037,1256,1,154,2025-12-21,2025-12-22,Periodic Service,High,Completed,142393,False
1038,2000,13,20,2025-03-25,2025-03-29,Body Repair,Medium,Completed,111563,True
1039,585,9,64,2024-01-30,2024-02-01,Repair,Low,Completed,151920,False
1040,2153,5,4,2025-02-04,,Engine Repair,Low,Cancelled,100759,True
1041,860,3,23,2024-04-18,2024-04-20,Electrical,Low,Completed,67552,True
1042,1632,4,106,2024-06-19,2024-06-21,Engine Repair,Medium,Completed,38036,False
1043,1435,8,35,2024-09-22,2024-09-24,AC Service,Low,Completed,55963,True
1044,1629,5,144,2024-11-06,2024-11-08,Periodic Service,High,Completed,6617,False
1045,1034,13,152,2025-03-31,2025-04-01,Periodic Service,Critical,Completed,500,False
1046,1737,15,93,2025-01-10,2025-01-13,Engine Repair,Medium,Completed,117236,True
1047,887,5,4,2025-10-10,2025-10-12,Repair,Low,Completed,25446,True
1048,2411,6,111,2025-07-28,,Repair,High,Cancelled,129511,True
1049,1712,5,105,2024-04-14,2024-04-15,Brake Service,Low,Completed,127474,True
1050,1690,2,84,2025-01-04,2025-01-05,Periodic Service,Low,Completed,131790,False
1051,505,3,32,2025-04-05,,Body Repair,Medium,Cancelled,133964,False
1052,1091,11,71,2025-02-13,2025-02-17,Repair,Low,Completed,119647,True
1053,1066,11,52,2024-04-05,2024-04-06,Periodic Service,Medium,Completed,61027,False
1054,2152,13,65,2024-04-22,2024-04-28,Body Repair,Low,Completed,102853,False
1055,1393,2,25,2025-10-22,2025-10-23,Repair,Low,Completed,105757,True
1056,951,4,106,2025-06-23,2025-06-24,Periodic Service,Low,Completed,131594,False
1057,1411,10,33,2024-04-08,2024-04-09,Electrical,Critical,Completed,121767,False
1058,533,14,171,2024-02-17,2024-02-18,Periodic Service,Critical,Completed,21637,False
1059,821,1,110,2024-08-07,2024-08-09,Electrical,Critical,Completed,66989,True
1060,1196,9,125,2025-12-09,2025-12-10,Periodic Service,Low,Completed,26575,False
1061,2328,1,110,2024-12-10,2024-12-11,AC Service,High,In Progress,21760,False
1062,1567,9,109,2025-02-03,2025-02-04,AC Service,Low,Completed,61631,False
1063,489,15,63,2024-05-16,2024-05-18,Repair,Low,Completed,66194,True
1064,657,4,1,2024-04-02,2024-04-03,Repair,High,Completed,113753,False
1065,893,2,28,2024-02-04,2024-02-05,Repair,Low,Completed,116089,True
1066,2222,7,74,2024-01-18,2024-01-21,Body Repair,Medium,Completed,108160,False
1067,1701,15,116,2024-01-19,2024-01-20,Periodic Service,High,Completed,137368,False
1068,232,10,21,2024-04-07,2024-04-08,Electrical,Low,Completed,147436,False
1069,1651,12,94,2024-05-04,2024-05-08,Repair,Low,Completed,30866,False
1070,628,10,21,2025-12-16,2025-12-19,Repair,High,Completed,500,True
1071,182,3,132,2025-11-30,2025-12-01,Periodic Service,Medium,Completed,66614,False
1072,836,10,122,2024-03-13,2024-03-14,Periodic Service,Low,Completed,130961,True
1073,1172,7,159,2024-08-08,2024-08-09,Brake Service,Medium,Completed,137330,False
1074,2532,6,111,2025-06-24,2025-06-25,Electrical,Low,Completed,107512,True
1075,988,13,41,2024-03-12,2024-03-13,Periodic Service,High,Completed,79981,True
1076,1931,2,119,2025-09-28,2025-09-29,Periodic Service,Low,Completed,11505,True
1077,247,8,34,2024-03-05,2024-03-07,Brake Service,Low,Completed,32746,False
1078,296,9,164,2024-08-29,2024-08-30,Brake Service,High,Completed,121454,False
1079,536,12,123,2024-06-02,2024-06-03,Brake Service,High,Completed,100335,False
1080,1691,11,13,2025-05-29,2025-05-30,Periodic Service,Low,Completed,81970,False
1081,762,4,115,2025-08-06,2025-08-10,Body Repair,Low,Completed,22770,False
1082,1829,2,70,2024-02-02,2024-02-04,Periodic Service,High,Completed,101866,False
1083,2507,12,94,2024-03-16,2024-03-17,Periodic Service,Low,Completed,126602,True
1084,2196,3,145,2024-05-05,2024-05-07,Brake Service,Medium,Completed,105558,False
1085,2447,5,135,2025-08-18,2025-08-19,Periodic Service,Medium,Completed,91853,False
1086,863,1,154,2024-01-17,2024-01-18,Periodic Service,Medium,Completed,150582,False
1087,2181,2,36,2025-07-14,2025-07-17,AC Service,Low,Completed,156917,False
1088,1656,8,129,2024-10-02,2024-10-04,Repair,Medium,Completed,105823,True
1089,2307,8,156,2025-02-20,2025-02-21,Periodic Service,Low,Completed,84856,False
1090,152,4,148,2024-08-18,2024-08-21,Repair,Low,Completed,116925,False
1091,2435,6,68,2024-04-23,2024-04-26,Repair,Low,Completed,104679,True
1092,242,15,162,2025-08-19,2025-08-20,Electrical,Low,Completed,54668,False
1093,2178,15,158,2025-06-03,2025-06-07,Body Repair,Low,Completed,94617,False
1094,148,8,129,2024-09-26,2024-09-27,Periodic Service,Low,Completed,129581,False
1095,2397,13,90,2024-04-30,2024-05-03,Repair,Medium,Completed,125732,True
1096,200,6,176,2024-09-01,2024-09-04,Repair,High,Completed,125492,False
1097,1213,15,162,2024-10-05,2024-10-07,Electrical,Medium,Completed,14761,False
1098,2120,3,139,2025-06-25,2025-06-27,Periodic Service,High,Completed,15061,False
1099,22,12,172,2024-06-19,2024-06-20,Periodic Service,Medium,Completed,5188,True
1100,1600,8,156,2024-04-01,2024-04-05,Repair,High,Completed,111021,True
1101,923,1,147,2025-01-07,2025-01-10,AC Service,Medium,Completed,108199,False
1102,638,13,91,2024-10-05,2024-10-10,Engine Repair,Medium,Completed,94333,False
1103,1203,10,12,2025-05-22,2025-05-24,Periodic Service,High,Completed,75781,False
1104,1845,4,16,2024-03-07,2024-03-10,AC Service,Low,Completed,153668,False
1105,154,3,145,2025-08-20,2025-08-21,AC Service,Medium,Completed,9376,False
1106,1164,15,162,2025-08-08,2025-08-09,Periodic Service,Medium,In Progress,117880,False
1107,1966,12,141,2024-02-14,2024-02-18,Engine Repair,Medium,Completed,25761,True
1108,1525,3,23,2025-09-22,2025-09-23,Brake Service,Medium,Completed,155543,False
1109,744,5,100,2024-11-15,2024-11-16,AC Service,Low,Completed,500,True
1110,1671,5,133,2024-10-14,2024-10-17,Repair,Medium,Completed,157172,False
1111,2100,15,63,2024-02-23,2024-02-24,Electrical,Medium,Completed,57998,True
1112,2371,5,120,2025-08-04,2025-08-05,Periodic Service,Low,Completed,33017,False
1113,1642,13,90,2025-12-13,2025-12-14,Periodic Service,Medium,Completed,500,False
1114,953,3,18,2025-02-03,2025-02-04,Brake Service,Medium,Completed,84148,False
1115,1093,9,64,2025-07-20,2025-07-21,Periodic Service,High,Completed,31195,False
1116,656,7,19,2025-11-07,2025-11-12,Body Repair,Low,Completed,115639,False
1117,1934,3,132,2025-08-08,2025-08-09,Periodic Service,Medium,Completed,116383,False
1118,1079,3,136,2024-04-29,2024-04-30,Periodic Service,High,Completed,5639,False
1119,2250,1,86,2024-02-12,2024-02-13,Periodic Service,Low,In Progress,154729,False
1120,2084,9,11,2025-11-04,2025-11-07,Repair,Medium,Completed,105831,False
1121,928,9,55,2025-07-17,2025-07-19,Repair,Low,In Progress,115320,False
1122,1147,5,4,2025-12-22,2025-12-24,Engine Repair,Low,Completed,116955,False
1123,1526,10,122,2025-03-12,2025-03-17,Engine Repair,Medium,Completed,62924,False
1124,2460,2,57,2024-09-11,2024-09-16,Body Repair,Low,Completed,61245,False
1125,1864,8,160,2025-03-24,2025-03-26,Brake Service,Medium,Completed,142329,False
1126,922,6,51,2024-06-24,2024-06-25,Brake Service,High,Completed,144882,True
1127,1147,12,31,2024-07-28,2024-07-30,Brake Service,Medium,Completed,117973,False
1128,2552,5,49,2024-04-23,,Engine Repair,Medium,Cancelled,110892,False
1129,562,3,75,2025-06-18,2025-06-20,Brake Service,Medium,Completed,4746,False
1130,2175,9,112,2025-12-21,2025-12-22,Periodic Service,Low,Completed,9106,False
1131,754,15,63,2025-09-17,2025-09-18,AC Service,Medium,Completed,97863,False
1132,1612,2,48,2025-01-02,2025-01-06,Body Repair,Medium,Completed,53728,False
1133,1438,14,127,2025-02-28,2025-03-01,Periodic Service,Medium,Completed,38328,False
1134,903,15,175,2025-08-03,2025-08-04,AC Service,Medium,Completed,119835,False
1135,195,8,157,2024-05-21,2024-05-22,Repair,Medium,Completed,54476,False
1136,1629,6,56,2025-05-28,2025-05-29,Periodic Service,Medium,Completed,17764,False
1137,176,11,52,2024-10-26,2024-10-27,Periodic Service,High,Completed,80189,False
1138,98,8,157,2025-04-23,2025-04-26,Engine Repair,Critical,Completed,10546,False
1139,2459,6,165,2025-10-01,2025-10-02,Periodic Service,Medium,Completed,139791,False
1140,749,11,150,2025-02-08,2025-02-13,Engine Repair,Medium,Completed,86565,False
1141,1928,8,129,2024-01-28,2024-02-01,Engine Repair,Low,Completed,13700,True
1142,2064,4,106,2024-01-25,2024-01-26,Periodic Service,Medium,Completed,16441,False
1143,9,6,137,2024-09-14,2024-09-16,Brake Service,Low,Completed,81178,False
1144,952,10,78,2024-04-22,2024-04-24,Electrical,Medium,Completed,90782,False
1145,914,13,91,2024-08-01,2024-08-02,Periodic Service,Medium,Completed,150423,False
1146,2472,5,133,2024-03-12,2024-03-13,Electrical,Low,Completed,98981,True
1147,2399,15,162,2025-01-28,2025-01-29,Repair,High,Completed,62010,False
1148,2542,2,9,2025-05-06,2025-05-08,Brake Service,Medium,Completed,106536,False
1149,2565,5,144,2024-12-19,2024-12-21,Repair,Low,Completed,132657,False
1150,1787,1,85,2025-02-05,2025-02-07,Electrical,Medium,Completed,68501,False
1151,1062,12,123,2025-04-24,2025-04-25,Brake Service,Low,Completed,149149,False
1152,2065,3,23,2024-02-01,,Periodic Service,Medium,Cancelled,109475,False
1153,1543,10,104,2025-09-12,2025-09-13,Electrical,Medium,Completed,109303,True
1154,652,7,77,2025-06-18,2025-06-19,Repair,High,Completed,139020,False
1155,1533,4,17,2024-02-13,2024-02-16,Engine Repair,Low,Completed,77947,False
1156,1745,8,146,2025-12-10,2025-12-11,Periodic Service,Low,Completed,50832,False
1157,20,12,99,2024-04-18,2024-04-19,Periodic Service,Medium,Completed,1009,False
1158,88,5,81,2025-05-26,2025-05-29,Brake Service,High,Completed,9293,False
1159,1894,7,134,2024-12-01,2024-12-04,Periodic Service,Low,Completed,47593,True
1160,1763,15,158,2025-04-30,2025-05-04,Engine Repair,High,Completed,107245,False
1161,1841,13,60,2024-11-05,2024-11-06,Electrical,Medium,Completed,130571,False
1162,985,4,115,2025-09-16,2025-09-19,Repair,High,Completed,154030,True
1163,166,14,82,2024-09-17,2024-09-18,AC Service,Medium,Completed,74365,False
1164,1570,8,156,2025-08-25,2025-08-26,Periodic Service,Low,Completed,108666,False
1165,620,15,177,2024-01-11,2024-01-15,Engine Repair,Low,Completed,127662,True
1166,1150,14,103,2025-12-30,2026-01-03,Engine Repair,High,Completed,12642,False
1167,23,7,108,2024-08-28,2024-08-29,Brake Service,Low,Completed,70514,False
1168,1073,13,24,2024-10-22,2024-10-24,Periodic Service,High,In Progress,57912,False
1169,996,5,120,2025-05-27,2025-05-28,Periodic Service,Low,Completed,80051,False
1170,1178,6,14,2025-09-20,2025-09-25,Body Repair,High,Completed,21742,True
1171,1214,2,119,2025-10-06,2025-10-07,Periodic Service,Medium,Completed,32854,False
1172,1244,4,148,2024-09-15,2024-09-16,Electrical,Low,Completed,128598,True
1173,1999,8,129,2025-06-28,2025-07-01,Body Repair,Low,Completed,37428,False
1174,269,2,36,2024-09-28,2024-09-29,Periodic Service,Low,Completed,95510,False
1175,934,2,84,2025-04-16,2025-04-17,Electrical,Critical,Completed,139314,True
1176,352,6,138,2025-10-08,2025-10-10,Repair,Medium,Completed,138531,True
1177,543,8,35,2025-10-13,2025-10-14,Electrical,High,In Progress,147795,True
1178,2242,10,33,2024-02-17,2024-02-19,Periodic Service,Low,Completed,111731,False
1179,2149,4,38,2025-12-01,2025-12-02,Brake Service,Low,Completed,127737,False
1180,841,8,156,2024-07-21,2024-07-24,Brake Service,Low,Completed,159484,False
1181,361,2,25,2024-05-19,2024-05-20,Periodic Service,Low,Completed,65644,False
1182,857,3,139,2024-08-23,2024-08-28,Body Repair,Low,Completed,53803,False
1183,1910,11,26,2025-02-11,2025-02-12,Periodic Service,Medium,In Progress,1740,False
1184,1347,15,63,2025-12-29,2025-12-30,Periodic Service,Medium,Completed,47714,False
1185,1597,13,174,2025-04-20,2025-04-22,Periodic Service,Medium,Completed,143253,False
1186,1033,12,123,2025-10-06,2025-10-12,Body Repair,High,Completed,60501,True
1187,1415,1,102,2024-11-30,2024-12-02,Periodic Service,Medium,Completed,111535,False
1188,2448,7,159,2024-12-13,2024-12-14,Periodic Service,Low,Completed,107134,False
1189,1960,3,163,2025-05-23,2025-05-25,Electrical,Low,Completed,150626,False
1190,1530,8,35,2024-01-03,2024-01-08,Body Repair,Low,Completed,33078,True
1191,1977,10,78,2025-01-09,2025-01-10,Repair,Low,In Progress,125205,False
1192,1311,13,91,2024-12-14,2024-12-20,Body Repair,Medium,Completed,142302,False
1193,1583,9,87,2025-03-21,2025-03-22,Periodic Service,Low,Completed,64571,False
1194,1650,4,16,2024-02-25,2024-02-27,Periodic Service,Low,Completed,90880,False
1195,2263,2,25,2024-07-14,2024-07-16,Electrical,Low,In Progress,133033,False
1196,360,6,101,2025-04-26,2025-05-01,Engine Repair,Medium,Completed,140126,True
1197,145,13,24,2024-02-02,2024-02-03,Periodic Service,Low,Completed,86219,False
1198,2421,2,89,2024-01-18,2024-01-22,Engine Repair,Medium,Completed,87539,True
1199,678,12,99,2025-01-01,2025-01-02,Periodic Service,High,Completed,78059,False
1200,1574,6,155,2025-06-07,2025-06-09,Electrical,Medium,Completed,74587,True
1201,1926,14,82,2024-10-25,,Repair,Medium,Cancelled,11661,True
1202,1047,2,8,2024-10-21,2024-10-24,Body Repair,Low,Completed,82782,False
1203,1731,1,154,2024-05-21,2024-05-23,AC Service,Low,Completed,17432,False
1204,816,7,76,2024-06-12,2024-06-14,Repair,Low,Completed,12960,True
1205,2549,13,142,2024-05-18,2024-05-21,Electrical,Critical,Completed,138354,False
1206,600,4,16,2025-11-10,2025-11-12,Periodic Service,Low,In Progress,127066,False
1207,2168,12,7,2024-11-14,2024-11-16,Brake Service,Low,Completed,35680,True
1208,1362,10,78,2025-05-26,2025-05-29,Brake Service,Low,Completed,77308,True
1209,1636,4,43,2024-04-26,2024-04-27,AC Service,Medium,Completed,45646,False
1210,779,7,74,2024-03-31,2024-04-02,Repair,Medium,Completed,104362,True
1211,558,9,39,2024-10-10,2024-10-16,Body Repair,Low,Completed,107994,False
1212,1382,10,12,2025-04-30,2025-05-04,Body Repair,Medium,Completed,77764,False
1213,1405,4,148,2024-03-14,2024-03-16,Electrical,High,Completed,67467,True
1214,2158,12,31,2024-06-08,2024-06-13,Engine Repair,Medium,Completed,83359,True
1215,1246,5,133,2025-08-03,2025-08-04,Repair,Low,Completed,44758,True
1216,1419,1,2,2025-08-19,2025-08-20,Electrical,Low,Completed,154690,False
1217,2574,5,144,2024-05-10,2024-05-11,Periodic Service,Medium,Completed,26286,False
1218,1453,4,43,2024-05-20,2024-05-25,Engine Repair,High,In Progress,500,True
1219,2419,8,129,2025-05-03,2025-05-09,Body Repair,Medium,Completed,127699,False
1220,1981,3,98,2024-01-10,2024-01-12,Repair,Medium,Completed,101584,True
1221,923,1,154,2024-07-07,2024-07-08,Brake Service,Medium,Completed,99481,False
1222,2318,4,38,2024-01-30,2024-02-02,Engine Repair,Medium,Completed,6462,False
1223,2403,2,28,2025-03-10,2025-03-15,Body Repair,Medium,Completed,117774,True
1224,335,14,118,2024-05-18,2024-05-19,AC Service,Low,Completed,46644,False
1225,1898,6,155,2025-04-30,2025-05-02,AC Service,Medium,Completed,65939,False
1226,510,12,170,2024-10-15,2024-10-16,AC Service,Medium,Completed,143659,False
1227,2461,8,27,2024-11-19,2024-11-20,Electrical,Critical,In Progress,92034,True
1228,2036,13,53,2024-07-20,2024-07-21,Brake Service,Medium,Completed,17994,False
1229,477,12,7,2024-07-21,2024-07-26,Engine Repair,Medium,Completed,12034,False
1230,1896,5,105,2024-12-30,2024-12-31,Periodic Service,Low,Completed,81111,False
1231,70,11,126,2025-12-31,2026-01-01,Repair,Medium,Completed,32532,True
1232,2550,6,137,2024-04-17,2024-04-18,Electrical,Low,Completed,11609,True
1233,2433,13,65,2025-11-19,2025-11-20,Repair,Medium,Completed,33341,True
1234,2436,15,177,2025-06-28,2025-06-29,Electrical,Low,Completed,147343,True
1235,1038,1,110,2024-06-02,2024-06-03,Periodic Service,Low,Completed,500,False
1236,2100,9,55,2025-11-22,2025-11-26,Repair,High,Completed,51205,True
1237,139,4,17,2024-08-20,2024-08-22,AC Service,Medium,Completed,108948,False
1238,2272,10,80,2025-03-14,2025-03-16,Brake Service,Medium,Completed,11781,False
1239,2299,4,17,2025-12-26,2025-12-27,Periodic Service,Medium,Completed,71884,False
1240,1556,8,160,2024-01-06,2024-01-07,Periodic Service,Medium,Completed,140103,False
1241,330,3,3,2025-03-04,2025-03-05,AC Service,Low,Completed,9485,False
1242,1906,13,60,2025-04-05,,Electrical,Low,Cancelled,100621,False
1243,1664,1,110,2025-08-21,2025-08-22,Brake Service,Low,Completed,89186,False
1244,1295,14,113,2024-05-09,2024-05-10,Repair,Low,Completed,26628,False
1245,1028,14,127,2024-06-28,2024-07-04,Engine Repair,Low,Completed,68024,False
1246,849,7,74,2024-07-05,2024-07-06,Brake Service,Low,Completed,142823,True
1247,1152,4,106,2024-06-30,2024-07-01,Brake Service,Medium,Completed,19383,False
1248,253,15,93,2025-07-12,2025-07-14,Repair,Low,Completed,21661,False
1249,2008,13,60,2024-09-17,2024-09-18,Periodic Service,High,Completed,147948,True
1250,1542,6,130,2024-09-06,2024-09-08,Repair,Medium,Completed,118498,True
1251,2585,8,156,2025-09-08,2025-09-10,Repair,Medium,Completed,11480,False
1252,1507,8,27,2025-06-27,2025-06-30,Brake Service,Medium,Completed,99357,False
1253,1310,2,40,2025-08-13,2025-08-14,Repair,Low,Completed,123223,False
1254,2481,14,96,2024-11-06,2024-11-08,Repair,High,Completed,8501,False
1255,700,1,86,2025-06-12,2025-06-13,Brake Service,Medium,Completed,32611,False
1256,2481,5,49,2025-05-09,2025-05-10,AC Service,Critical,Completed,500,False
1257,802,5,120,2025-07-26,2025-07-27,Periodic Service,Medium,Completed,109179,False
1258,1379,11,71,2025-07-15,2025-07-16,Electrical,Low,Completed,93366,False
1259,364,13,22,2024-11-23,2024-11-24,Periodic Service,Low,Completed,51580,False
1260,913,14,113,2025-08-28,2025-08-31,Engine Repair,Low,Completed,79680,False
1261,1612,3,163,2025-07-14,2025-07-15,AC Service,Low,Completed,48873,False
1262,2122,8,27,2025-09-06,2025-09-07,Electrical,Medium,Completed,94264,False
1263,1126,2,128,2024-10-02,2024-10-06,Engine Repair,Medium,Completed,43041,False
1264,281,1,86,2025-07-01,2025-07-02,Brake Service,Medium,Completed,45969,False
1265,440,10,73,2025-06-09,,Periodic Service,Low,Cancelled,1363,False
1266,138,6,29,2025-07-26,2025-07-27,Periodic Service,Low,Completed,11124,False
1267,1764,3,18,2024-02-22,2024-02-27,Body Repair,High,Completed,8239,False
1268,1275,7,161,2025-08-25,2025-08-26,Periodic Service,Low,Completed,40495,False
1269,1126,14,97,2024-05-09,2024-05-13,AC Service,High,Completed,49965,False
1270,1074,5,144,2024-11-19,2024-11-20,Periodic Service,Medium,In Progress,134943,False
1271,850,12,179,2024-10-20,2024-10-22,AC Service,Low,Completed,55443,False
1272,1896,9,64,2024-04-23,2024-04-27,Repair,Medium,Completed,81669,False
1273,545,6,130,2024-02-11,2024-02-12,Electrical,Medium,Completed,146393,True
1274,2551,6,155,2025-08-28,2025-08-30,AC Service,Low,Completed,104785,False
1275,1614,1,110,2025-07-21,2025-07-23,Repair,Medium,Completed,49152,False
1276,2177,13,142,2024-08-31,2024-09-04,Repair,Medium,Completed,66758,False
1277,2514,15,63,2024-02-22,2024-02-23,Periodic Service,Low,Completed,28842,True
1278,55,13,180,2024-09-24,2024-09-25,Brake Service,Low,Completed,127927,False
1279,1177,1,110,2025-12-13,2025-12-17,Engine Repair,Low,Completed,53543,True
1280,943,13,41,2024-04-21,2024-04-22,AC Service,Low,Completed,42323,False
1281,1257,6,153,2024-08-27,2024-08-30,Repair,Low,Completed,58930,False
1282,201,4,38,2024-05-31,2024-06-04,Engine Repair,Low,Completed,66601,True
1283,558,6,165,2025-09-27,2025-09-29,Repair,Low,Completed,106721,False
1284,2152,13,20,2024-11-27,2024-11-28,Brake Service,Low,Completed,97373,False
1285,2429,7,134,2024-02-15,2024-02-18,Electrical,Low,Completed,68135,True
1286,1178,10,50,2024-01-24,,Periodic Service,Low,Cancelled,29704,True
1287,2294,11,15,2025-10-23,2025-10-24,Repair,Low,Completed,96469,False
1288,479,7,76,2024-04-08,2024-04-11,Electrical,Low,Completed,55544,True
1289,1610,15,177,2024-06-14,2024-06-15,Brake Service,Medium,Completed,21574,False
1290,1746,2,89,2024-12-25,2024-12-27,Brake Service,Medium,Completed,144198,False
1291,188,5,81,2024-01-04,,Periodic Service,Medium,Cancelled,140799,False
1292,1069,5,81,2025-07-16,2025-07-18,Brake Service,Low,Completed,146934,True
1293,322,5,66,2025-07-13,2025-07-18,Engine Repair,Medium,Completed,2606,True
1294,1060,1,86,2025-09-29,2025-10-03,Engine Repair,Low,Completed,17831,True
1295,2381,14,113,2024-06-14,2024-06-15,Periodic Service,High,Completed,117652,False
1296,748,2,128,2024-03-05,2024-03-08,Repair,Low,Completed,73864,False
1297,446,8,34,2025-11-19,2025-11-21,Electrical,Low,Completed,86285,False
1298,1019,15,162,2025-11-11,2025-11-14,Body Repair,Low,Completed,57895,False
1299,233,7,76,2024-02-18,2024-02-19,Brake Service,Medium,Completed,149988,True
1300,1966,8,156,2024-10-10,2024-10-14,Engine Repair,Medium,Completed,29382,False
1301,265,11,52,2024-07-21,2024-07-22,AC Service,Low,Completed,28033,False
1302,2397,2,89,2024-12-17,2024-12-22,Body Repair,High,Completed,117629,False
1303,1593,5,120,2024-11-04,2024-11-07,Repair,Low,Completed,99166,False
1304,684,9,125,2024-03-12,2024-03-13,AC Service,Medium,Completed,128788,False
1305,1047,13,61,2024-03-28,2024-03-29,Periodic Service,Medium,Completed,96073,False
1306,2590,10,21,2025-01-16,2025-01-18,Repair,Medium,Completed,131493,True
1307,1686,11,15,2024-11-26,2024-11-28,Repair,Low,Completed,63002,False
1308,399,7,159,2025-12-16,2025-12-18,Electrical,Medium,Completed,79048,False
1309,2194,7,74,2025-06-03,2025-06-07,Body Repair,Medium,Completed,144207,True
1310,1705,8,157,2025-03-08,2025-03-09,Brake Service,Medium,Completed,9780,False
1311,2187,1,110,2025-02-27,2025-02-28,Periodic Service,Low,Completed,6839,False
1312,99,4,16,2025-11-29,2025-12-01,Repair,Medium,Completed,73356,False
1313,86,3,145,2024-12-02,2024-12-05,Periodic Service,Low,Completed,66435,False
1314,2424,13,22,2024-07-31,2024-08-07,Body Repair,Medium,Completed,51459,False
1315,1159,14,96,2024-10-23,2024-10-28,Body Repair,Medium,Completed,93160,False
1316,2248,9,55,2024-07-07,2024-07-12,Engine Repair,Medium,Completed,28625,False
1317,684,14,171,2024-03-23,2024-03-24,Brake Service,Low,Completed,123155,True
1318,1468,10,107,2025-07-23,2025-07-24,AC Service,Medium,Completed,124391,False
1319,1444,13,20,2025-04-28,2025-04-30,AC Service,Medium,Completed,12795,False
1320,2111,15,162,2025-01-20,2025-01-21,AC Service,Low,Completed,7703,False
1321,1976,14,67,2025-04-18,2025-04-19,Periodic Service,Low,Completed,41273,True
1322,1879,6,29,2024-02-26,2024-02-28,Electrical,High,Completed,32877,True
1323,2232,14,96,2025-09-25,2025-09-26,Repair,Medium,Completed,123837,False
1324,1823,8,35,2024-01-06,2024-01-09,Repair,Critical,Completed,91060,True
1325,1876,2,40,2025-06-04,2025-06-06,Repair,Medium,Completed,4765,True
1326,1665,4,43,2025-03-13,2025-03-14,Brake Service,Medium,Completed,57913,False
1327,1049,15,63,2024-04-09,,Brake Service,Medium,Cancelled,22661,True
1328,1059,11,71,2024-03-08,2024-03-11,Engine Repair,High,Completed,33339,False
1329,109,2,36,2025-02-13,2025-02-14,Brake Service,Medium,Completed,113275,False
1330,949,5,81,2025-05-12,2025-05-14,Periodic Service,Medium,Completed,111693,False
1331,1816,5,100,2024-03-16,2024-03-17,AC Service,Medium,Completed,105911,False
1332,2570,15,63,2025-09-05,2025-09-07,AC Service,Medium,Completed,2715,False
1333,321,4,106,2024-03-21,2024-03-23,Repair,Low,Completed,35470,False
1334,2389,1,2,2025-04-27,2025-05-01,Body Repair,Low,In Progress,36310,False
1335,1891,13,41,2025-08-25,2025-08-26,Periodic Service,Medium,Completed,21591,False
1336,1429,3,132,2024-01-30,2024-01-31,Brake Service,Low,Completed,20239,False
1337,284,2,8,2025-10-19,2025-10-20,Repair,High,Completed,18495,True
1338,706,9,109,2025-08-26,2025-08-29,Repair,High,Completed,101013,False
1339,596,15,116,2024-05-10,2024-05-11,Repair,High,Completed,94249,True
1340,2460,13,53,2025-03-28,2025-03-30,Repair,High,Completed,51373,True
1341,2312,14,127,2024-07-19,2024-07-20,Periodic Service,Medium,Completed,19674,True
1342,74,1,102,2024-06-15,2024-06-17,Brake Service,Medium,Completed,33181,True
1343,1364,13,180,2025-01-11,2025-01-12,Electrical,Low,Completed,55919,True
1344,41,15,93,2024-09-11,2024-09-12,Periodic Service,Low,Completed,69999,False
1345,602,11,13,2024-04-30,2024-05-04,Engine Repair,Medium,Completed,15393,False
1346,450,15,93,2024-04-29,2024-04-30,Periodic Service,Medium,Completed,18949,True
1347,1687,12,179,2024-09-21,2024-09-23,Repair,Low,Completed,149515,True
1348,2346,12,117,2024-09-28,2024-10-04,Body Repair,Low,Completed,144037,False
1349,1934,5,5,2025-09-24,2025-09-26,AC Service,Medium,Completed,111954,False
1350,197,7,134,2025-06-19,2025-06-21,AC Service,High,Completed,149611,False
1351,553,12,179,2024-12-18,2024-12-20,Periodic Service,Low,Completed,5893,True
1352,2045,3,98,2025-12-17,2025-12-18,Periodic Service,Low,Completed,126133,False
1353,1661,2,84,2025-09-30,2025-10-01,Brake Service,Low,In Progress,83125,False
1354,771,4,115,2025-04-04,2025-04-05,Periodic Service,High,Completed,141718,False
1355,120,10,12,2025-05-24,2025-05-25,Brake Service,Low,Completed,80262,False
1356,831,5,105,2024-09-15,2024-09-16,Periodic Service,Medium,Completed,125116,False
1357,2438,2,84,2024-01-02,2024-01-03,Periodic Service,Low,Completed,135588,True
1358,742,1,102,2024-05-16,2024-05-17,AC Service,High,Completed,133577,True
1359,1783,7,168,2025-03-16,2025-03-17,Periodic Service,High,Completed,37597,False
1360,1103,4,95,2024-08-19,2024-08-21,Repair,Medium,Completed,116393,False
1361,1065,5,4,2025-09-16,2025-09-19,Repair,Medium,Completed,500,False
1362,1202,2,84,2025-02-15,2025-02-16,Electrical,Medium,Completed,152422,False
1363,1963,5,100,2025-05-24,2025-05-27,Periodic Service,Low,Completed,129050,False
1364,2525,6,176,2025-07-19,2025-07-25,Engine Repair,High,Completed,91469,True
1365,1355,8,156,2024-08-29,2024-09-01,Repair,Low,Completed,57851,False
1366,2206,10,104,2024-10-27,2024-10-28,Brake Service,Low,Completed,133246,False
1367,1244,11,15,2025-08-20,2025-08-22,Repair,Low,Completed,137952,False
1368,1768,14,113,2025-08-20,2025-08-23,Repair,High,Completed,47787,True
1369,296,6,137,2024-04-13,,Periodic Service,High,Cancelled,123631,False
1370,2323,3,32,2025-05-24,2025-05-26,Repair,Low,Completed,117586,True
1371,1705,5,151,2025-03-22,2025-03-27,Body Repair,Low,Completed,5687,False
1372,2026,13,20,2024-03-03,2024-03-04,Brake Service,Medium,Completed,121900,True
1373,217,14,30,2024-04-09,2024-04-14,Engine Repair,Low,Completed,26363,False
1374,780,7,161,2025-07-29,2025-07-31,Brake Service,Low,Completed,50701,True
1375,428,14,127,2024-04-30,2024-05-01,Periodic Service,Low,Completed,110691,False
1376,525,13,91,2025-05-09,2025-05-12,Repair,Medium,Completed,2147,False
1377,2110,10,10,2024-02-15,2024-02-19,Engine Repair,High,Completed,139914,False
1378,137,3,23,2025-02-21,2025-02-22,Periodic Service,Medium,Completed,500,False
1379,1489,15,116,2025-11-08,2025-11-13,Body Repair,High,Completed,160402,False
1380,1638,9,11,2024-03-20,2024-03-23,Body Repair,Low,Completed,24534,False
1381,371,3,136,2025-10-27,2025-10-28,Repair,Low,Completed,46968,True
1382,2547,8,157,2024-08-06,2024-08-07,Repair,Medium,Completed,101235,False
1383,151,8,160,2024-05-10,2024-05-12,AC Service,Low,Completed,92011,False
1384,2102,12,172,2024-10-09,2024-10-14,Body Repair,Low,Completed,22085,True
1385,2142,10,21,2024-05-08,2024-05-11,Repair,High,Completed,124811,False
1386,812,13,180,2024-08-13,2024-08-15,Repair,Low,Completed,121051,True
1387,2467,4,140,2025-09-06,2025-09-07,Brake Service,Low,Completed,114080,True
1388,791,4,95,2025-06-01,2025-06-02,Periodic Service,High,Completed,12508,False
1389,182,15,175,2024-07-15,2024-07-17,Repair,Low,Completed,77522,True
1390,1192,14,131,2025-06-01,2025-06-02,Electrical,Low,Completed,126023,True
1391,2059,3,83,2025-07-31,,AC Service,Low,Cancelled,108582,False
1392,1047,8,34,2024-08-21,2024-08-24,AC Service,High,Completed,85459,False
1393,842,2,57,2024-09-02,2024-09-03,Brake Service,Critical,Completed,30831,False
1394,323,8,160,2025-05-01,2025-05-04,Repair,High,Completed,112536,False
1395,1424,15,93,2025-01-06,2025-01-07,Electrical,Medium,Completed,117587,False
1396,335,11,52,2025-09-29,2025-09-30,Electrical,Medium,Completed,45355,True
1397,785,12,117,2025-09-14,2025-09-15,Periodic Service,Medium,Completed,33956,False
1398,1160,15,162,2024-03-31,2024-04-06,Body Repair,Medium,Completed,32252,False
1399,127,1,85,2025-05-24,2025-05-27,Engine Repair,Low,Completed,153903,False
1400,2311,4,16,2025-03-22,2025-03-23,Periodic Service,Low,Completed,148632,False
1401,954,12,172,2024-06-28,2024-07-01,Repair,Low,Completed,9286,False
1402,854,8,156,2025-03-07,2025-03-11,Engine Repair,Low,In Progress,139023,False
1403,1467,6,153,2024-07-07,2024-07-12,Engine Repair,Low,Completed,42867,True
1404,95,10,72,2024-05-14,2024-05-16,AC Service,Medium,In Progress,144077,False
1405,103,10,104,2025-03-26,2025-03-27,Brake Service,Low,In Progress,84744,False
1406,1200,6,68,2025-06-21,2025-06-22,Electrical,Medium,Completed,46986,True
1407,911,8,157,2025-12-01,,Body Repair,Medium,Cancelled,120470,False
1408,289,2,84,2024-11-20,2024-11-22,Brake Service,Low,In Progress,86439,False
1409,1878,2,128,2024-07-28,2024-08-03,Body Repair,Critical,Completed,69553,False
1410,1971,7,19,2025-07-07,2025-07-08,Periodic Service,Critical,Completed,108798,False
1411,2287,15,63,2024-06-27,2024-06-29,Periodic Service,High,Completed,133458,True
1412,1434,1,102,2025-03-15,,Body Repair,Low,Cancelled,45193,False
1413,698,1,154,2024-04-19,2024-04-20,Brake Service,Medium,Completed,114079,True
1414,1695,11,52,2025-09-11,2025-09-12,Repair,High,Completed,65506,False
1415,2141,5,133,2025-03-12,2025-03-13,Repair,Low,Completed,500,False
1416,1461,4,16,2025-09-26,2025-09-28,Periodic Service,High,Completed,111882,False
1417,720,7,19,2024-12-01,2024-12-02,Brake Service,Medium,Completed,59993,False
1418,871,12,141,2024-09-06,2024-09-07,Repair,High,Completed,145675,True
1419,811,7,159,2024-02-02,2024-02-04,Repair,Low,Completed,37212,True
1420,1618,14,67,2024-11-04,2024-11-05,Electrical,Low,Completed,85901,False
1421,2495,3,23,2024-01-02,,Periodic Service,Medium,Cancelled,56505,False
1422,2061,2,25,2025-03-06,2025-03-07,Electrical,Low,Completed,1519,False
1423,1300,3,32,2024-09-29,2024-10-01,Brake Service,Medium,Completed,129654,False
1424,2419,4,1,2025-01-28,2025-01-31,Repair,High,Completed,127968,False
1425,2427,2,57,2025-07-26,2025-07-30,Repair,Low,Completed,1929,False
1426,640,9,64,2024-07-18,2024-07-19,Repair,Low,Completed,141826,True
1427,826,4,167,2024-07-12,2024-07-13,Periodic Service,High,Completed,109073,False
1428,2081,3,18,2024-03-23,,Repair,High,Cancelled,90630,False
1429,2116,10,33,2024-07-07,2024-07-08,Periodic Service,High,Completed,147838,False
1430,1365,9,112,2024-01-07,2024-01-08,Periodic Service,Medium,Completed,69582,True
1431,1696,4,95,2025-09-02,2025-09-05,Repair,Low,Completed,115590,False
1432,2226,9,58,2024-11-16,2024-11-19,Engine Repair,Low,Completed,63302,False
1433,1789,9,149,2024-05-05,2024-05-06,Periodic Service,Medium,Completed,53480,False
1434,2090,15,116,2025-12-26,2025-12-27,AC Service,Low,Completed,500,False
1435,2156,14,118,2024-12-31,2025-01-04,Engine Repair,Low,Completed,88766,False
1436,608,6,155,2025-10-31,2025-11-01,Periodic Service,High,Completed,20468,False
1437,360,5,144,2024-05-08,2024-05-13,Body Repair,Low,Completed,142549,False
1438,424,10,50,2025-02-13,2025-02-17,Body Repair,Low,Completed,98649,False
1439,1645,1,85,2025-08-14,2025-08-15,Brake Service,Medium,Completed,53064,False
1440,797,8,34,2025-08-03,2025-08-04,Periodic Service,Medium,Completed,140700,False
1441,2075,14,30,2025-04-07,2025-04-09,AC Service,Medium,Completed,91542,False
1442,738,8,156,2024-05-07,2024-05-10,Body Repair,Low,Completed,13675,True
1443,821,14,127,2025-04-21,2025-04-22,Periodic Service,High,Completed,72143,False
1444,1749,12,141,2024-11-06,2024-11-07,Brake Service,Medium,In Progress,76847,False
1445,2101,4,167,2025-01-30,2025-01-31,Repair,Medium,Completed,35109,True
1446,1529,13,174,2024-06-21,2024-06-22,Periodic Service,Low,Completed,37552,True
1447,853,14,79,2025-07-04,2025-07-09,Body Repair,Medium,Completed,58336,False
1448,2421,2,9,2025-11-10,2025-11-11,Periodic Service,Low,Completed,83961,False
1449,2071,1,147,2024-12-17,2024-12-18,Periodic Service,Medium,Completed,58920,True
1450,2528,3,136,2024-09-06,2024-09-08,AC Service,Critical,In Progress,126768,False
1451,712,11,143,2024-01-31,2024-02-01,Repair,Critical,Completed,500,True
1452,1213,8,146,2025-04-24,,Engine Repair,Medium,Cancelled,23044,False
1453,121,3,145,2025-10-27,2025-10-28,Repair,Low,Completed,113292,False
1454,650,14,127,2025-12-25,2025-12-29,Body Repair,Medium,Completed,130898,False
1455,20,4,148,2024-10-11,2024-10-13,Repair,Low,Completed,4605,True
1456,930,1,147,2025-04-14,2025-04-15,Repair,Low,Completed,123527,False
1457,1748,9,109,2024-08-08,2024-08-13,Engine Repair,Medium,Completed,33745,False
1458,2354,11,71,2025-10-24,2025-10-26,Electrical,Low,Completed,79806,True
1459,705,12,117,2025-10-15,2025-10-16,Periodic Service,Low,Completed,113407,True
1460,251,6,111,2025-02-22,2025-02-26,Engine Repair,Medium,Completed,151057,True
1461,620,12,94,2024-01-23,2024-01-25,Periodic Service,Medium,Completed,116723,True
1462,1552,2,28,2024-07-25,2024-07-26,Periodic Service,Low,Completed,154792,False
1463,1841,9,58,2025-03-10,2025-03-11,AC Service,Medium,Completed,134357,False
1464,192,5,133,2024-08-06,2024-08-09,Body Repair,Low,In Progress,104199,False
1465,1594,5,5,2024-06-30,2024-07-01,Electrical,Medium,Completed,63090,False
1466,68,4,167,2025-06-15,2025-06-16,Periodic Service,Medium,In Progress,44830,False
1467,2225,7,108,2024-03-02,2024-03-04,Repair,Medium,Completed,14361,False
1468,2280,5,144,2025-11-28,2025-11-29,Repair,Low,Completed,19906,False
1469,1937,9,64,2025-12-09,2025-12-10,Periodic Service,Low,Completed,89741,True
1470,2288,14,113,2024-10-21,2024-10-22,Periodic Service,Low,Completed,73310,False
1471,2063,12,169,2024-11-06,2024-11-12,Engine Repair,Medium,Completed,114642,False
1472,2333,3,136,2024-12-13,2024-12-14,AC Service,Low,Completed,92196,False
1473,156,1,154,2025-11-15,2025-11-16,Periodic Service,Low,Completed,109412,False
1474,2035,8,27,2024-02-29,2024-03-01,Repair,Medium,Completed,84399,True
1475,745,12,94,2025-02-12,2025-02-13,Periodic Service,Medium,Completed,78990,False
1476,1618,12,31,2024-03-08,2024-03-09,AC Service,Low,Completed,91050,False
1477,1680,13,152,2024-05-19,2024-05-21,Repair,Medium,Completed,150383,False
1478,1519,14,82,2024-06-23,2024-06-24,AC Service,Low,Completed,86457,False
1479,2078,14,103,2025-05-18,2025-05-19,Periodic Service,High,Completed,59644,False
1480,2149,7,77,2025-04-21,2025-04-26,Body Repair,Low,Completed,119834,False
1481,1516,15,177,2024-04-27,2024-04-28,Repair,High,Completed,35085,False
1482,1996,10,107,2024-12-27,2024-12-30,Repair,High,Completed,80203,True
1483,1059,5,44,2025-10-07,2025-10-09,Electrical,High,In Progress,36486,False
1484,2347,7,159,2024-03-30,2024-04-01,Repair,Medium,Completed,62387,False
1485,1624,13,22,2025-06-19,2025-06-20,Brake Service,Low,Completed,142799,True
1486,2468,7,124,2025-02-15,2025-02-16,AC Service,Medium,Completed,121273,False
1487,243,11,121,2024-03-14,2024-03-15,AC Service,Medium,Completed,2842,False
1488,1242,6,111,2025-10-15,2025-10-19,Engine Repair,Low,Completed,143082,True
1489,2038,2,8,2025-10-17,2025-10-18,Periodic Service,Medium,Completed,96296,False
1490,858,2,40,2024-11-30,2024-12-05,Engine Repair,Low,Completed,85538,False
1491,973,2,89,2024-01-29,2024-01-30,Brake Service,Low,Completed,10149,False
1492,126,10,104,2024-01-21,2024-01-22,Periodic Service,Low,Completed,107887,False
1493,2583,10,12,2024-05-16,2024-05-17,AC Service,Low,Completed,138159,True
1494,2173,15,175,2025-07-01,2025-07-02,Electrical,Medium,Completed,85657,False
1495,1924,10,10,2025-09-26,2025-09-28,Repair,Low,Completed,94356,False
1496,1834,8,157,2024-10-16,2024-10-18,Electrical,Medium,Completed,154330,True
1497,1445,1,86,2025-07-19,2025-07-20,Repair,Medium,Completed,24844,True
1498,991,3,98,2025-02-06,2025-02-08,AC Service,Low,Completed,26688,True
1499,2385,13,178,2025-03-30,2025-03-31,Repair,Low,Completed,20991,True
1500,1706,15,63,2024-04-26,2024-04-27,Repair,Low,Completed,37098,False
1501,27,6,29,2025-10-03,2025-10-05,Periodic Service,High,Completed,107100,False
1502,2408,11,143,2024-12-31,2025-01-01,Periodic Service,Medium,Completed,118700,False
1503,1699,15,116,2025-12-07,2025-12-08,Periodic Service,Low,Completed,120232,True
1504,2566,14,37,2024-06-05,2024-06-06,Periodic Service,Medium,Completed,133251,False
1505,2565,10,122,2024-10-24,2024-10-27,Brake Service,Low,Completed,128206,True
1506,1754,5,151,2024-09-22,2024-09-24,Brake Service,Low,Completed,39138,False
1507,2325,6,153,2025-09-12,2025-09-14,Electrical,Critical,Completed,43938,False
1508,2213,7,134,2025-02-01,2025-02-02,AC Service,Medium,Completed,122492,False
1509,1945,9,55,2024-12-13,2024-12-19,Engine Repair,Medium,Completed,25408,True
1510,1320,9,114,2024-10-16,2024-10-18,Periodic Service,Medium,Completed,140552,True
1511,1879,10,122,2025-08-22,2025-08-26,Engine Repair,Medium,Completed,25813,False
1512,702,3,83,2024-07-17,2024-07-18,Electrical,Low,Completed,119771,False
1513,1859,3,83,2024-02-19,2024-02-23,Engine Repair,Medium,Completed,23508,False
1514,2443,6,111,2024-06-18,2024-06-22,Body Repair,High,Completed,78734,False
1515,72,7,74,2024-01-08,2024-01-12,Body Repair,Medium,Completed,15178,False
1516,747,1,110,2025-05-19,2025-05-21,Repair,Medium,Completed,145763,True
1517,848,6,29,2024-07-30,2024-08-01,AC Service,Low,Completed,95823,False
1518,2242,10,33,2024-05-16,2024-05-18,Repair,Medium,In Progress,111686,False
1519,2192,8,156,2024-03-24,2024-03-26,Repair,Medium,Completed,44533,True
1520,1524,14,103,2025-09-17,2025-09-19,Electrical,Low,Completed,154123,False
1521,2572,10,12,2025-09-20,2025-09-21,Periodic Service,Low,Completed,7155,True
1522,369,14,171,2024-03-27,2024-03-28,Periodic Service,Medium,Completed,62022,True
1523,1902,6,153,2024-03-05,2024-03-06,Electrical,Low,Completed,93854,True
1524,1831,10,166,2025-08-28,2025-08-29,AC Service,High,Completed,41225,False
1525,2242,14,67,2025-01-10,2025-01-11,Repair,Medium,Completed,120705,False
1526,373,10,166,2025-07-25,2025-07-26,Periodic Service,Medium,Completed,91429,True
1527,2317,12,169,2024-04-06,2024-04-11,Engine Repair,Low,Completed,147603,False
1528,1367,13,20,2024-08-29,2024-08-30,Repair,Medium,Completed,5102,False
1529,2412,11,121,2024-07-27,2024-07-30,Repair,Low,Completed,500,True
1530,702,7,77,2024-02-15,2024-02-18,Repair,Medium,Completed,132597,True
1531,1358,2,84,2024-11-03,2024-11-06,Periodic Service,Medium,Completed,5070,True
1532,2506,5,100,2025-12-30,2026-01-01,Electrical,Low,Completed,136609,False
1533,2015,5,135,2025-02-06,2025-02-09,Periodic Service,High,Completed,113469,False
1534,1258,5,49,2024-08-05,2024-08-06,AC Service,High,Completed,140479,False
1535,1472,3,83,2025-09-27,2025-09-28,AC Service,Low,Completed,19901,True
1536,1594,13,20,2024-06-08,2024-06-09,Periodic Service,Low,Completed,74655,False
1537,2159,11,13,2025-08-07,2025-08-11,Engine Repair,Critical,Completed,86367,False
1538,648,2,36,2024-04-14,2024-04-15,Periodic Service,Medium,Completed,51484,True
1539,128,9,87,2025-01-28,2025-01-31,Body Repair,Low,Completed,150476,False
1540,9,5,105,2024-10-07,2024-10-11,Engine Repair,Low,Completed,87366,False
1541,839,9,125,2024-12-15,2024-12-16,Periodic Service,Medium,Completed,127716,False
1542,582,2,48,2024-07-08,,Periodic Service,Medium,Cancelled,7944,False
1543,1253,10,72,2024-05-21,2024-05-22,Periodic Service,Low,Completed,88733,False
1544,366,11,126,2024-07-20,2024-07-21,AC Service,Low,Completed,56595,False
1545,414,7,74,2025-12-14,2025-12-15,Periodic Service,Medium,Completed,88039,False
1546,1214,8,34,2024-01-25,,Brake Service,High,Cancelled,32613,False
1547,299,2,28,2025-11-02,2025-11-03,Periodic Service,Medium,Completed,156513,False
1548,396,8,157,2024-11-14,2024-11-15,Brake Service,Low,Completed,152325,False
1549,2051,7,74,2025-08-19,2025-08-20,Periodic Service,Medium,In Progress,26378,False
1550,2481,6,29,2025-06-12,2025-06-13,Repair,High,Completed,8473,False
1551,2311,9,55,2024-01-23,2024-01-27,Engine Repair,High,Completed,145963,True
1552,2098,9,114,2024-01-17,2024-01-20,Repair,Medium,Completed,28109,False
1553,775,13,22,2025-03-21,2025-03-24,Periodic Service,Low,Completed,28958,False
1554,2037,15,63,2024-11-14,2024-11-15,Periodic Service,Medium,Completed,68701,False
1555,2362,5,120,2025-03-23,2025-03-24,Brake Service,Medium,Completed,121315,False
1556,2405,3,163,2024-10-29,2024-11-01,Repair,Low,Completed,93553,True
1557,2091,11,15,2025-11-25,2025-11-27,Electrical,Medium,Completed,151301,False
1558,869,14,127,2024-06-03,2024-06-07,Engine Repair,Low,Completed,98849,False
1559,1745,3,59,2025-11-20,2025-11-23,Repair,Low,Completed,54863,True
1560,1385,1,85,2025-05-12,2025-05-13,Electrical,Low,Completed,111823,False
1561,2048,4,167,2024-01-27,2024-01-28,Periodic Service,Low,Completed,25226,True
1562,1826,10,33,2024-12-15,2024-12-18,Repair,Low,In Progress,106979,False
1563,2528,3,145,2025-02-03,2025-02-05,Brake Service,Medium,Completed,128472,False
1564,2100,2,128,2025-09-21,2025-09-22,Brake Service,Low,Completed,57269,False
1565,171,10,73,2024-03-23,2024-03-24,Repair,Medium,Completed,128095,True
1566,2453,12,99,2025-01-25,2025-01-26,Repair,Low,Completed,136938,True
1567,1425,3,23,2025-05-06,2025-05-09,Periodic Service,Low,Completed,62537,False
1568,1199,12,117,2025-10-15,2025-10-17,Brake Service,Low,Completed,15502,True
1569,2477,13,61,2025-02-20,2025-02-21,Repair,Medium,Completed,126988,False
1570,1848,6,111,2024-10-03,2024-10-04,Periodic Service,High,Completed,64474,False
1571,1966,15,116,2025-06-25,2025-06-27,Repair,Low,Completed,21451,False
1572,824,13,180,2024-03-05,2024-03-07,Electrical,High,Completed,49809,False
1573,520,15,63,2024-08-19,2024-08-20,Repair,Low,Completed,81213,False
1574,1714,2,25,2024-06-17,2024-06-19,Brake Service,Low,Completed,41560,False
1575,538,7,134,2024-06-28,2024-06-29,Repair,Medium,Completed,153537,True
1576,1639,1,110,2024-05-22,2024-05-25,Periodic Service,Low,Completed,35656,False
1577,233,9,109,2024-01-26,2024-01-27,Repair,High,In Progress,138379,False
1578,262,12,92,2024-07-11,2024-07-14,AC Service,Low,Completed,46428,False
1579,1480,9,109,2025-10-28,,Repair,High,Cancelled,65041,False
1580,1390,9,109,2025-12-19,2025-12-20,Periodic Service,Low,Completed,40216,False
1581,2540,12,170,2024-05-15,2024-05-21,Body Repair,Medium,Completed,88208,False
1582,710,7,124,2024-02-24,2024-02-29,Body Repair,Medium,Completed,157608,False
1583,2592,10,78,2025-07-07,2025-07-08,Periodic Service,Medium,Completed,34389,False
1584,730,5,135,2024-01-10,2024-01-11,Periodic Service,Low,Completed,41669,False
1585,120,13,22,2024-11-26,2024-11-30,Repair,Low,Completed,80150,True
1586,850,12,99,2024-11-09,2024-11-11,AC Service,Low,Completed,50937,True
1587,1067,6,101,2025-08-05,2025-08-06,Brake Service,Low,Completed,58403,True
1588,394,5,100,2025-02-10,2025-02-15,Repair,Critical,Completed,142834,False
1589,598,13,65,2025-01-27,,Repair,Medium,Cancelled,1640,False
1590,2599,1,85,2025-11-20,,Engine Repair,Critical,Cancelled,125215,False
1591,1879,2,119,2024-01-22,2024-01-24,Brake Service,Low,Completed,26054,True
1592,2535,1,85,2025-06-17,2025-06-18,Periodic Service,Low,Completed,76080,True
1593,2362,15,116,2025-01-10,2025-01-11,Repair,Low,Completed,124732,False
1594,596,1,85,2024-08-09,2024-08-12,Repair,Low,In Progress,89690,True
1595,2204,10,21,2024-09-22,2024-09-23,Periodic Service,High,Completed,21445,True
1596,1017,10,50,2025-04-06,2025-04-08,AC Service,Low,Completed,67001,False
1597,1253,3,163,2024-07-20,2024-07-22,Repair,Medium,Completed,92942,False
1598,1888,3,145,2024-03-06,2024-03-08,Repair,Medium,Completed,56478,True
1599,1892,13,90,2024-02-12,2024-02-14,Repair,High,Completed,101743,True
1600,2373,14,131,2024-07-23,2024-07-28,Body Repair,High,Completed,132497,True
1601,1050,1,110,2025-09-07,2025-09-08,Brake Service,Low,In Progress,93150,False
1602,2264,10,104,2024-05-28,2024-06-01,Repair,Medium,Completed,105960,False
1603,1634,6,46,2025-04-05,2025-04-06,Periodic Service,Low,Completed,119096,True
1604,871,12,169,2024-03-06,2024-03-08,Periodic Service,Low,Completed,132258,True
1605,2065,10,33,2024-01-19,2024-01-20,AC Service,Low,Completed,111908,False
1606,1758,1,147,2024-05-25,2024-05-28,Periodic Service,High,Completed,42684,False
1607,1568,10,10,2024-09-28,2024-09-29,Periodic Service,Low,Completed,134009,False
1608,2498,2,128,2024-06-13,2024-06-14,Electrical,Low,Completed,122660,False
1609,1338,5,66,2025-03-23,2025-03-29,Body Repair,High,Completed,29547,True
1610,1463,11,150,2025-11-16,2025-11-18,Repair,Medium,Completed,24225,False
1611,854,4,148,2024-05-04,2024-05-05,Periodic Service,Low,Completed,139630,True
1612,2537,11,121,2025-03-18,2025-03-19,Brake Service,High,Completed,131825,False
1613,2383,3,98,2025-09-07,2025-09-09,Periodic Service,Medium,Completed,97891,False
1614,1162,10,122,2025-02-19,2025-02-24,Body Repair,Low,Completed,71001,False
1615,2465,3,3,2024-07-08,2024-07-12,Engine Repair,Low,Completed,124676,False
1616,556,4,16,2024-10-21,2024-10-22,AC Service,High,Completed,51654,False
1617,1768,14,67,2024-04-13,2024-04-14,AC Service,High,Completed,56011,False
1618,2242,5,120,2024-07-22,2024-07-23,Brake Service,Low,Completed,108209,False
1619,1869,12,170,2024-04-11,,Body Repair,Medium,Cancelled,52101,True
1620,913,10,166,2025-08-17,2025-08-18,Periodic Service,Medium,Completed,85135,False
1621,1229,5,5,2025-12-02,2025-12-03,Brake Service,Low,Completed,55145,False
1622,1366,6,56,2025-04-12,2025-04-16,Body Repair,Medium,Completed,37876,False
1623,854,13,60,2025-03-23,2025-03-26,Engine Repair,Low,Completed,138177,False
1624,423,8,156,2024-02-11,2024-02-12,Brake Service,Medium,In Progress,111904,False
1625,2498,14,97,2024-02-19,2024-02-21,Electrical,Medium,Completed,134286,False
1626,8,4,106,2024-07-18,2024-07-21,Repair,Medium,Completed,500,True
1627,1027,15,175,2025-10-24,2025-10-25,Periodic Service,Medium,Completed,15568,False
1628,460,5,49,2025-07-16,2025-07-18,Repair,Critical,In Progress,111536,False
1629,1946,15,62,2024-09-06,2024-09-07,Repair,High,Completed,107127,False
1630,812,9,55,2024-04-14,2024-04-18,Engine Repair,Low,Completed,110078,False
1631,655,1,85,2024-12-10,2024-12-11,Brake Service,Low,Completed,45067,False
1632,1002,6,130,2024-08-08,2024-08-09,Periodic Service,High,Completed,13731,False
1633,506,15,62,2024-11-17,2024-11-18,Periodic Service,Low,Completed,129153,False
1634,2339,6,56,2025-09-24,2025-09-25,Electrical,Medium,Completed,3011,True
1635,2098,8,27,2025-02-19,2025-02-20,Periodic Service,High,Completed,28344,True
1636,234,14,82,2025-01-09,2025-01-10,Electrical,Low,Completed,157987,False
1637,1485,12,141,2024-03-25,2024-03-27,Repair,Low,In Progress,35767,True
1638,1571,6,130,2025-05-12,2025-05-14,Engine Repair,Low,Completed,114011,False
1639,1676,4,43,2025-07-02,2025-07-03,Electrical,High,Completed,129662,False
1640,900,11,26,2024-11-21,2024-11-23,Repair,Medium,Completed,62760,False
1641,2438,2,70,2024-09-29,2024-09-30,Brake Service,Medium,Completed,132976,True
1642,66,7,161,2025-01-25,2025-01-26,Brake Service,Medium,Completed,38248,False
1643,2569,1,85,2024-05-23,2024-05-27,Body Repair,Low,Completed,139566,False
1644,77,7,134,2024-05-08,2024-05-09,Periodic Service,Medium,Completed,58007,True
1645,127,6,165,2024-07-31,2024-08-05,Repair,High,Completed,157009,False
1646,2122,14,30,2024-03-26,2024-03-31,Body Repair,High,Completed,100800,False
1647,41,5,49,2025-09-19,2025-09-25,Body Repair,Medium,Completed,69818,False
1648,1006,7,19,2025-10-21,2025-10-23,Electrical,Medium,In Progress,151117,False
1649,2125,1,147,2025-04-23,2025-04-28,Engine Repair,Low,Completed,72466,True
1650,802,11,150,2024-08-11,2024-08-12,Periodic Service,High,Completed,108021,True
1651,1033,4,115,2024-12-27,2024-12-28,Brake Service,Medium,In Progress,59056,False
1652,902,10,10,2025-02-24,2025-02-25,Electrical,High,Completed,129580,True
1653,1630,9,114,2025-04-27,2025-04-28,Brake Service,High,Completed,56491,False
1654,1648,3,18,2024-04-19,2024-04-21,Repair,High,Completed,73890,False
1655,806,5,135,2025-03-05,2025-03-06,Periodic Service,High,Completed,125014,False
1656,339,2,40,2025-10-26,2025-10-28,Repair,Medium,Completed,155152,False
1657,1907,9,125,2024-12-10,2024-12-14,Repair,Low,Completed,134523,False
1658,2040,1,2,2025-10-16,2025-10-20,Body Repair,Low,Completed,25752,True
1659,1142,8,146,2025-01-01,2025-01-03,Repair,Low,Completed,11908,False
1660,520,5,144,2024-03-20,,Repair,High,Cancelled,93322,False
1661,1048,10,107,2025-04-28,2025-04-30,Periodic Service,Low,Completed,43220,False
1662,2063,13,142,2025-06-23,2025-06-24,Periodic Service,Low,Completed,118780,False
1663,2180,15,158,2025-11-23,2025-11-26,Engine Repair,Low,Completed,46505,False
1664,839,10,21,2025-06-06,2025-06-08,Periodic Service,Medium,Completed,127979,False
1665,1555,1,102,2024-05-07,2024-05-09,Periodic Service,Medium,Completed,76685,True
1666,1837,11,26,2025-07-29,2025-08-04,Engine Repair,Medium,Completed,86190,False
1667,194,3,163,2025-02-07,2025-02-12,Body Repair,Low,Completed,123519,False
1668,239,12,172,2025-02-05,2025-02-07,AC Service,Low,Completed,86496,True
1669,1268,13,20,2024-06-21,2024-06-25,Body Repair,Low,Completed,119865,True
1670,247,14,171,2025-03-19,2025-03-20,Brake Service,Medium,Completed,35825,True
1671,1262,6,176,2025-11-06,2025-11-07,Brake Service,Medium,Completed,73685,False
1672,1871,12,47,2025-07-18,2025-07-20,AC Service,High,Completed,141363,False
1673,1363,5,4,2025-01-04,,AC Service,Low,Cancelled,8813,False
1674,847,15,177,2024-01-16,2024-01-19,Engine Repair,Medium,Completed,138446,True
1675,1187,5,49,2024-10-30,2024-11-01,Periodic Service,Low,Completed,69147,True
1676,820,15,116,2025-07-02,2025-07-07,Body Repair,Low,Completed,48985,True
1677,1113,5,151,2025-02-03,,Repair,Medium,Cancelled,120139,True
1678,1422,6,56,2025-12-29,2025-12-30,Periodic Service,Low,Completed,33711,False
1679,2456,2,119,2024-11-17,2024-11-18,Periodic Service,Medium,Completed,113189,False
1680,2039,2,45,2025-02-26,2025-03-02,Body Repair,Low,Completed,2817,False
1681,1273,5,44,2024-05-16,2024-05-17,Periodic Service,Low,Completed,135190,False
1682,431,9,112,2024-10-06,2024-10-09,Body Repair,Medium,Completed,73558,True
1683,718,10,78,2025-07-16,2025-07-17,Repair,Low,In Progress,87910,False
1684,1150,14,127,2024-06-22,2024-06-23,Periodic Service,Low,Completed,9516,False
1685,1439,2,70,2025-09-25,2025-10-02,Body Repair,Medium,Completed,143358,False
1686,73,6,153,2024-07-16,2024-07-19,Repair,Medium,Completed,3989,False
1687,1787,8,34,2024-12-31,2025-01-05,Engine Repair,Medium,Completed,67412,False
1688,605,2,25,2025-05-31,2025-06-01,Periodic Service,Medium,Completed,5981,False
1689,2267,2,119,2025-07-11,2025-07-12,Repair,Medium,Completed,82908,False
1690,72,5,5,2025-08-09,2025-08-12,Brake Service,Low,Completed,8807,False
1691,1807,5,49,2025-10-04,2025-10-06,Periodic Service,High,Completed,107597,False
1692,2123,1,110,2025-03-10,2025-03-11,Brake Service,Low,Completed,62319,False
1693,182,1,102,2025-04-30,2025-05-02,Brake Service,Low,Completed,74881,False
1694,1610,1,102,2024-11-03,2024-11-04,Repair,Low,Completed,19333,True
1695,431,7,124,2024-05-24,2024-05-28,Repair,Low,Completed,61385,True
1696,913,6,101,2024-10-19,2024-10-23,Engine Repair,Medium,Completed,79016,False
1697,2094,4,38,2025-05-08,2025-05-09,Brake Service,Low,Completed,10199,False
1698,266,4,167,2025-03-13,2025-03-15,Repair,High,Completed,152797,False
1699,1934,12,92,2025-08-06,2025-08-07,Repair,Medium,Completed,116273,False
1700,529,4,95,2024-02-15,2024-02-16,Brake Service,High,In Progress,134215,False
1701,1851,4,38,2024-09-25,2024-09-26,Periodic Service,Medium,Completed,158992,True
1702,2102,12,117,2024-04-11,2024-04-13,Repair,Low,Completed,18691,False
1703,36,15,93,2025-01-09,2025-01-11,AC Service,Low,Completed,119105,False
1704,723,3,18,2024-10-30,2024-10-31,Periodic Service,Low,Completed,108027,False
1705,637,1,147,2025-08-11,2025-08-12,AC Service,Low,Completed,59596,False
1706,1756,7,168,2025-03-11,2025-03-12,Electrical,Medium,Completed,133870,True
1707,708,3,145,2024-11-07,2024-11-10,Repair,Medium,Completed,64724,True
1708,1896,10,104,2025-08-14,2025-08-18,Body Repair,Low,Completed,73875,False
1709,716,11,126,2024-09-25,2024-09-26,Periodic Service,Critical,Completed,154401,False
1710,192,6,176,2024-02-25,2024-02-28,Engine Repair,Low,Completed,101503,True
1711,97,7,168,2025-01-13,2025-01-14,Periodic Service,High,Completed,111809,False
1712,2464,3,3,2024-12-29,2025-01-03,Body Repair,Critical,Completed,90153,False
1713,1343,13,178,2024-07-08,2024-07-11,Brake Service,Medium,Completed,74292,False
1714,2587,8,129,2025-10-30,2025-10-31,Brake Service,Critical,Completed,100392,False
1715,1814,6,153,2024-03-22,2024-03-25,Repair,Low,Completed,2722,False
1716,801,4,167,2025-05-14,2025-05-15,Periodic Service,Medium,Completed,18140,False
1717,1271,2,45,2025-08-25,2025-08-26,Periodic Service,Low,Completed,83550,True
1718,2026,2,28,2024-08-27,2024-08-28,Periodic Service,Low,Completed,120834,False
1719,1722,1,154,2024-04-12,2024-04-13,Periodic Service,Critical,Completed,146787,True
1720,2370,7,77,2025-04-11,2025-04-12,Brake Service,Low,Completed,113854,False
1721,1495,4,16,2024-01-18,2024-01-20,Brake Service,Medium,Completed,133750,False
1722,705,1,2,2024-10-29,2024-10-31,Periodic Service,High,Completed,107503,False
1723,2104,12,123,2025-07-14,2025-07-15,Electrical,Low,Completed,92735,False
1724,2177,5,133,2025-10-18,2025-10-21,Repair,Low,Completed,60540,False
1725,191,8,146,2025-09-20,2025-09-22,Periodic Service,High,Completed,77366,False
1726,1612,9,55,2024-09-25,2024-09-27,Brake Service,High,Completed,41429,False
1727,952,11,126,2024-02-24,2024-02-25,Brake Service,Medium,Completed,95763,False
1728,572,11,121,2025-11-04,2025-11-05,Periodic Service,High,Completed,133497,False
1729,1534,8,35,2024-07-14,2024-07-15,Brake Service,Low,Completed,138931,False
1730,1238,15,158,2024-06-21,2024-06-25,Engine Repair,Medium,Completed,105606,True
1731,2065,11,54,2025-03-28,2025-03-30,Periodic Service,Low,Completed,110665,False
1732,2251,2,84,2025-12-13,2025-12-14,Electrical,Medium,Completed,52743,True
1733,1697,12,99,2024-02-08,2024-02-09,Periodic Service,Medium,Completed,112464,False
1734,1290,12,141,2024-03-26,2024-03-27,Periodic Service,Low,Completed,141355,False
1735,1334,11,121,2025-12-27,2025-12-29,Repair,Low,Completed,122666,False
1736,348,5,49,2024-06-02,2024-06-08,Body Repair,Medium,Completed,34276,True
1737,1049,14,171,2025-01-06,2025-01-07,Repair,High,In Progress,20908,False
1738,1234,3,139,2025-06-25,2025-06-26,Periodic Service,Low,In Progress,154092,True
1739,75,11,143,2025-05-06,2025-05-11,Body Repair,Low,Completed,65001,False
1740,46,10,12,2025-04-28,2025-04-29,Repair,Low,Completed,76599,False
1741,598,14,171,2025-01-31,2025-02-04,Body Repair,Medium,Completed,9861,False
1742,2023,3,32,2024-02-03,2024-02-06,AC Service,High,Completed,157845,False
1743,1278,11,26,2025-04-04,2025-04-05,Periodic Service,Low,Completed,141445,False
1744,921,7,76,2025-07-05,2025-07-06,Periodic Service,Medium,Completed,133468,True
1745,1080,7,124,2025-04-24,2025-04-25,AC Service,Medium,Completed,161872,False
1746,1072,15,93,2024-08-10,2024-08-11,Periodic Service,Medium,Completed,154559,True
1747,1233,2,8,2024-07-01,2024-07-02,Electrical,Low,Completed,109252,False
1748,658,1,154,2025-04-29,2025-04-30,Periodic Service,Low,Completed,28112,False
1749,2405,15,158,2024-02-17,2024-02-22,Body Repair,Medium,Completed,104023,False
1750,1437,2,128,2024-07-31,2024-08-01,Repair,Low,In Progress,135073,True
1751,149,9,11,2025-09-30,2025-10-01,Repair,Low,Completed,45436,False
1752,1422,12,141,2024-09-01,2024-09-06,Body Repair,Medium,Completed,32328,False
1753,99,9,125,2025-10-30,2025-10-31,Periodic Service,Low,Completed,71734,False
1754,1924,6,68,2025-02-12,2025-02-14,Repair,Medium,Completed,95334,True
1755,1173,6,51,2024-03-17,2024-03-18,AC Service,Low,Completed,100783,True
1756,1778,7,76,2025-03-23,2025-03-26,Repair,Low,Completed,116756,True
1757,365,6,130,2025-02-16,2025-02-19,Periodic Service,Medium,Completed,500,False
1758,1396,11,121,2025-02-16,2025-02-18,Brake Service,Medium,Completed,31780,True
1759,1057,10,107,2024-10-17,2024-10-18,Electrical,Low,Completed,131342,False
1760,645,15,62,2024-04-12,2024-04-17,Body Repair,Low,Completed,74077,False
1761,1904,15,162,2024-11-28,2024-12-01,Engine Repair,Medium,Completed,58594,True
1762,1405,5,4,2025-02-18,2025-02-22,Body Repair,Critical,Completed,66994,False
1763,2489,14,30,2025-04-02,2025-04-03,Periodic Service,Medium,Completed,66717,False
1764,1314,10,12,2025-11-26,2025-11-28,Body Repair,Medium,Completed,14143,True
1765,918,13,142,2024-08-08,2024-08-09,Periodic Service,Medium,Completed,63250,True
1766,2167,2,9,2025-04-14,2025-04-16,Electrical,Low,Completed,137234,False
1767,1789,5,49,2024-01-18,2024-01-19,Electrical,Critical,In Progress,52773,True
1768,644,6,46,2024-01-31,2024-02-01,Periodic Service,Medium,Completed,72918,False
1769,1240,11,71,2025-06-04,2025-06-08,Body Repair,Low,Completed,11890,False
1770,1357,5,120,2024-04-07,2024-04-10,Electrical,Medium,Completed,150517,True
1771,1070,4,140,2024-10-06,2024-10-08,Periodic Service,Medium,In Progress,70832,False
1772,1851,15,177,2025-04-24,2025-04-28,Engine Repair,Medium,Completed,158382,True
1773,107,12,172,2025-02-14,2025-02-15,Brake Service,Low,Completed,113325,False
1774,688,15,116,2025-09-29,2025-09-30,Electrical,High,Completed,36578,False
1775,2195,9,11,2025-12-15,2025-12-19,Body Repair,Low,Completed,66356,True
1776,1618,4,95,2025-03-05,2025-03-09,Engine Repair,Medium,Completed,87817,False
1777,927,3,136,2025-05-28,2025-05-31,Repair,Medium,Completed,136034,False
1778,1705,15,63,2024-02-11,2024-02-13,Periodic Service,Low,Completed,5998,False
1779,2070,3,18,2025-09-10,2025-09-13,Repair,Low,Completed,32985,True
1780,1714,12,123,2025-02-15,2025-02-17,Periodic Service,High,Completed,43490,False
1781,353,15,177,2025-12-01,2025-12-07,Body Repair,Medium,Completed,20097,False
1782,1902,12,117,2024-09-26,2024-09-28,Repair,Medium,Completed,90189,True
1783,1814,5,49,2024-12-19,2024-12-24,Body Repair,Medium,Completed,500,False
1784,1836,13,41,2024-10-20,2024-10-22,Brake Service,Low,Completed,143376,True
1785,1506,12,179,2024-06-04,2024-06-06,Periodic Service,Low,Completed,112684,False
1786,1636,15,162,2025-05-11,2025-05-18,Body Repair,Medium,Completed,45987,False
1787,1172,5,81,2025-02-09,2025-02-10,Electrical,Low,In Progress,137932,False
1788,1326,2,28,2025-04-02,2025-04-03,Periodic Service,Medium,Completed,39648,False
1789,2314,3,3,2024-02-18,2024-02-19,Repair,Medium,Completed,127527,False
1790,915,10,33,2025-11-27,2025-11-29,Brake Service,Low,Completed,144976,False
1791,1678,9,87,2025-01-07,2025-01-09,Brake Service,Medium,Completed,87382,False
1792,2002,3,59,2025-07-13,2025-07-14,Periodic Service,Low,Completed,79693,False
1793,1181,13,20,2025-01-19,2025-01-24,Body Repair,Low,In Progress,116347,False
1794,1577,8,69,2025-10-13,2025-10-14,Repair,Medium,Completed,26462,False
1795,2170,7,161,2024-03-10,2024-03-11,Brake Service,Medium,Completed,101181,False
1796,789,5,66,2025-07-30,2025-07-31,Periodic Service,Low,Completed,114503,False
1797,911,9,125,2025-10-14,2025-10-18,Body Repair,High,Completed,120654,False
1798,740,3,18,2024-10-27,2024-10-28,Brake Service,Low,Completed,500,False
1799,397,15,116,2024-06-12,2024-06-13,Brake Service,Medium,Completed,4500,False
1800,575,7,168,2025-04-22,,Periodic Service,Low,Cancelled,100268,True
1801,1983,13,41,2024-09-22,2024-09-23,Periodic Service,Low,Completed,111412,False
1802,2567,5,135,2025-12-08,2025-12-09,Periodic Service,Medium,Completed,69221,False
1803,2039,10,33,2024-05-31,2024-06-03,Engine Repair,Low,Completed,3650,False
1804,840,1,102,2025-07-06,2025-07-08,Repair,Low,Completed,109981,False
1805,712,7,77,2025-05-21,2025-05-22,Periodic Service,Low,Completed,500,False
1806,1391,4,148,2025-11-03,2025-11-05,Repair,Medium,Completed,161303,False
1807,1478,8,160,2025-06-21,2025-06-23,Engine Repair,Medium,Completed,26865,False
1808,1953,9,125,2024-09-30,2024-10-02,Brake Service,Low,Completed,105568,False
1809,2094,10,104,2025-08-22,2025-08-24,Repair,Low,Completed,7083,False
1810,2289,14,171,2024-10-11,2024-10-12,Repair,Low,Completed,154700,True
1811,1670,8,160,2025-03-19,2025-03-20,Electrical,Medium,Completed,57394,False
1812,2533,1,85,2024-06-08,2024-06-10,AC Service,Low,Completed,117749,False
1813,2437,13,60,2024-12-15,2024-12-16,Periodic Service,Medium,Completed,149231,False
1814,633,9,39,2025-10-23,2025-10-24,Periodic Service,Medium,Completed,12390,False
1815,243,6,155,2025-07-22,2025-07-24,Repair,Low,Completed,5743,False
1816,1924,2,25,2025-12-06,2025-12-08,Repair,Low,Completed,95955,False
1817,698,13,152,2024-03-16,2024-03-17,Brake Service,Low,Completed,116982,False
1818,2306,8,156,2024-09-16,2024-09-20,Engine Repair,Medium,In Progress,120789,False
1819,2329,6,155,2025-12-06,2025-12-08,Repair,High,Completed,103477,False
1820,2347,7,168,2024-12-10,2024-12-11,Brake Service,Low,Completed,64944,False
1821,1810,12,172,2025-02-23,2025-02-24,Electrical,Medium,In Progress,100556,False
1822,852,12,117,2024-10-12,,Engine Repair,Low,Cancelled,52026,False
1823,1857,4,95,2024-12-23,2024-12-26,Repair,Medium,Completed,15303,False
1824,1243,1,85,2024-04-21,2024-04-22,Brake Service,Low,Completed,23559,False
1825,1714,1,147,2025-02-25,2025-03-01,Body Repair,Medium,Completed,38738,True
1826,2066,3,136,2024-06-17,2024-06-19,Electrical,Low,Completed,21919,True
1827,2595,5,144,2025-11-16,2025-11-17,Repair,High,Completed,3076,False
1828,1690,1,85,2024-01-19,2024-01-20,Periodic Service,Low,Completed,135889,False
1829,1793,4,43,2025-07-28,2025-07-31,Periodic Service,Low,Completed,11996,False
1830,1373,8,34,2025-02-05,2025-02-06,AC Service,High,Completed,122810,False
1831,357,14,131,2024-04-04,,AC Service,Medium,Cancelled,128294,False
1832,1181,13,41,2024-08-28,2024-08-29,Periodic Service,Low,Completed,112502,False
1833,657,6,111,2024-07-12,2024-07-13,Electrical,Low,In Progress,105082,False
1834,1196,15,62,2024-06-14,2024-06-16,Repair,Medium,Completed,36534,False
1835,1842,7,159,2024-03-31,2024-04-03,Repair,Low,Completed,49656,True
1836,2348,7,134,2025-04-13,2025-04-14,AC Service,Critical,Completed,147322,False
1837,1845,2,84,2024-08-03,2024-08-06,Body Repair,Low,Completed,159878,False
1838,1830,5,4,2024-05-01,2024-05-03,Periodic Service,Medium,Completed,118374,False
1839,951,7,159,2025-05-05,2025-05-06,AC Service,Medium,Completed,144912,False
1840,199,3,83,2025-10-16,,Engine Repair,Medium,Cancelled,113070,False
1841,109,9,114,2025-01-11,2025-01-12,Periodic Service,Low,Completed,122553,True
1842,1657,15,158,2024-04-21,2024-04-22,Periodic Service,Low,Completed,4102,True
1843,1528,6,111,2025-12-01,,Periodic Service,Low,Cancelled,30279,False
1844,1313,5,105,2024-10-08,2024-10-09,AC Service,Low,In Progress,80843,False
1845,33,5,100,2024-10-07,2024-10-08,Periodic Service,Low,Completed,161037,False
1846,771,11,71,2025-08-22,2025-08-26,Engine Repair,Low,Completed,147422,True
1847,2511,9,87,2024-09-13,2024-09-19,Body Repair,Critical,Completed,127358,False
1848,949,8,69,2024-01-09,2024-01-11,Periodic Service,Medium,Completed,102761,False
1849,450,11,26,2024-02-27,2024-02-29,Repair,Medium,Completed,16806,False
1850,1162,15,93,2024-07-09,2024-07-14,Body Repair,Critical,Completed,63715,False
1851,1061,3,32,2024-07-02,2024-07-06,Body Repair,Medium,Completed,62481,True
1852,571,13,53,2025-05-07,2025-05-08,Repair,Low,Completed,29682,True
1853,1247,4,38,2025-12-16,2025-12-18,Repair,Low,In Progress,74671,True
1854,549,15,162,2025-07-14,2025-07-17,Repair,Medium,Completed,110993,False
1855,1757,1,85,2025-06-27,2025-06-28,Engine Repair,Medium,Completed,160353,True
1856,1654,6,56,2024-11-04,2024-11-08,Engine Repair,Medium,Completed,16012,False
1857,1045,5,151,2024-02-12,2024-02-15,Engine Repair,Low,Completed,116941,False
1858,1073,10,12,2024-05-21,2024-05-23,AC Service,Medium,Completed,49832,False
1859,439,13,180,2025-08-30,2025-08-31,Electrical,High,Completed,148832,True
1860,138,3,98,2024-09-20,2024-09-21,Periodic Service,Low,In Progress,10668,False
1861,1612,12,169,2024-12-27,2024-12-28,Electrical,Medium,Completed,43774,True
1862,706,4,115,2025-02-06,2025-02-11,Body Repair,Low,Completed,104021,False
1863,320,6,46,2025-10-15,2025-10-17,AC Service,Low,Completed,70723,False
1864,782,11,15,2025-04-20,2025-04-21,Repair,High,Completed,106275,True
1865,1921,14,118,2025-09-05,2025-09-06,Electrical,Medium,Completed,72907,False
1866,3,10,107,2024-06-25,2024-06-27,Repair,Medium,In Progress,152273,True
1867,971,2,89,2024-09-28,2024-09-29,Periodic Service,High,Completed,137898,False
1868,1870,1,86,2025-03-26,2025-03-27,AC Service,Low,Completed,152455,True
1869,805,14,118,2024-10-17,2024-10-18,Repair,Low,Completed,83479,False
1870,1734,9,64,2025-02-10,2025-02-13,Engine Repair,Medium,Completed,123137,False
1871,1450,5,44,2024-08-21,2024-08-25,Repair,Low,Completed,93048,True
1872,395,13,142,2024-08-23,2024-08-28,Body Repair,Medium,Completed,42089,False
1873,441,7,161,2025-12-05,2025-12-07,Electrical,Medium,Completed,123980,True
1874,138,12,141,2025-01-10,2025-01-12,Repair,Medium,Completed,9383,True
1875,2156,6,51,2025-01-06,2025-01-07,Electrical,Medium,Completed,93668,False
1876,1182,4,16,2024-12-12,2024-12-14,Repair,Low,Completed,73908,True
1877,2144,11,26,2024-03-04,2024-03-06,Periodic Service,Medium,Completed,157459,False
1878,23,4,106,2025-07-06,2025-07-07,Electrical,Medium,Completed,67291,False
1879,980,5,4,2025-02-07,2025-02-08,Repair,Medium,Completed,5940,True
1880,978,7,108,2024-07-23,2024-07-24,Periodic Service,Low,Completed,119444,False
1881,1167,1,2,2025-03-10,2025-03-11,Repair,Low,Completed,121684,False
1882,671,5,144,2025-10-03,2025-10-04,AC Service,Low,Completed,120222,False
1883,60,5,81,2025-04-26,2025-04-29,Body Repair,Medium,Completed,159025,True
1884,1151,10,21,2025-08-23,2025-08-24,Brake Service,High,Completed,75264,False
1885,2481,15,62,2025-01-10,2025-01-11,Periodic Service,Low,In Progress,652,False
1886,949,1,154,2025-12-11,2025-12-12,Electrical,High,Completed,111457,False
1887,1965,9,11,2024-02-22,2024-02-23,Repair,Medium,Completed,81684,False
1888,1147,1,85,2024-10-22,2024-10-23,Brake Service,High,Completed,114429,False
1889,572,8,146,2024-08-30,2024-08-31,Electrical,Medium,In Progress,132298,True
1890,1802,12,92,2024-03-17,2024-03-18,Brake Service,Low,Completed,67638,False
1891,7,15,162,2025-06-20,2025-06-21,Periodic Service,Low,In Progress,12965,False
1892,681,5,100,2025-12-15,2025-12-16,Electrical,High,Completed,96344,False
1893,2331,13,53,2025-02-27,2025-03-01,Periodic Service,Low,Completed,117689,False
1894,859,4,17,2024-02-14,2024-02-16,Periodic Service,Medium,Completed,1270,False
1895,721,3,18,2025-12-16,2025-12-18,Periodic Service,Low,Completed,137963,False
1896,1891,6,46,2025-12-22,2025-12-23,Periodic Service,Medium,Completed,32532,False
1897,857,7,134,2024-10-02,2024-10-03,Brake Service,Low,Completed,57643,False
1898,1020,5,44,2024-07-19,,Repair,High,Cancelled,7759,False
1899,1774,10,33,2024-11-28,2024-11-29,Brake Service,High,Completed,78393,False
1900,472,6,101,2025-05-28,2025-05-29,Periodic Service,High,Completed,117190,False
1901,955,15,158,2024-06-08,2024-06-11,Electrical,Medium,Completed,86983,True
1902,1774,1,85,2025-04-16,2025-04-17,AC Service,Low,Completed,85834,False
1903,1894,5,133,2024-09-28,2024-09-29,Periodic Service,Low,Completed,50996,False
1904,2284,3,163,2025-06-01,2025-06-05,Engine Repair,Low,Completed,62845,True
1905,461,1,2,2025-12-27,2025-12-28,Brake Service,Medium,Completed,126498,False
1906,102,12,7,2024-10-25,2024-10-26,Periodic Service,Medium,Completed,150009,False
1907,1827,4,115,2025-08-04,2025-08-05,Periodic Service,Medium,Completed,81978,False
1908,1017,6,101,2025-06-11,2025-06-12,AC Service,Low,Completed,71991,False
1909,1056,9,114,2024-02-10,2024-02-11,Brake Service,High,Completed,132009,False
1910,1356,9,55,2025-04-07,2025-04-08,Brake Service,Medium,Completed,92054,True
1911,1402,14,118,2024-07-27,2024-07-29,Repair,Low,Completed,7537,False
1912,1872,11,26,2025-11-17,2025-11-18,Periodic Service,Low,Completed,129103,True
1913,2024,5,151,2025-03-11,2025-03-12,Periodic Service,Low,Completed,67278,False
1914,2256,8,35,2024-03-25,2024-03-27,Repair,Low,Completed,95933,True
1915,1673,8,35,2024-04-18,2024-04-23,Engine Repair,High,Completed,149889,False
1916,1452,4,95,2024-04-17,2024-04-18,Periodic Service,Medium,Completed,119421,True
1917,2400,5,151,2025-12-03,2025-12-04,Periodic Service,Low,Completed,54388,False
1918,2212,10,104,2025-02-17,2025-02-20,Electrical,Medium,Completed,111681,False
1919,2018,4,1,2025-07-12,2025-07-15,Electrical,Low,Completed,107975,False
1920,274,15,162,2024-04-17,2024-04-19,Repair,High,Completed,134822,False
1921,2166,3,18,2025-08-27,2025-08-28,AC Service,High,Completed,57552,False
1922,2142,11,121,2025-01-17,2025-01-18,Repair,Medium,Completed,128843,False
1923,1209,14,82,2025-02-02,2025-02-05,Electrical,Low,Completed,132078,True
1924,1753,3,98,2025-12-07,2025-12-10,Repair,Medium,Completed,91329,True
1925,875,14,67,2024-12-09,2024-12-11,Repair,Medium,Completed,143107,True
1926,840,12,123,2025-12-26,2025-12-28,Periodic Service,Low,Completed,100264,True
1927,2426,5,49,2025-09-20,2025-09-21,Repair,High,In Progress,142835,False
1928,887,9,114,2025-01-13,2025-01-14,Periodic Service,High,Completed,21685,False
1929,1866,2,89,2024-07-26,2024-07-27,Brake Service,Medium,Completed,59327,True
1930,327,12,7,2024-11-27,2024-12-01,Body Repair,Medium,Completed,500,False
1931,1493,3,59,2024-05-28,2024-05-30,Repair,Low,Completed,88024,False
1932,1403,11,71,2024-05-09,2024-05-11,Brake Service,Medium,Completed,88028,False
1933,568,9,149,2024-08-25,2024-08-26,Repair,Low,Completed,63309,False
1934,2248,6,155,2024-02-16,2024-02-19,Repair,Low,Completed,24190,False
1935,905,15,62,2025-05-02,2025-05-04,AC Service,Medium,Completed,7790,True
1936,2153,10,72,2024-07-14,2024-07-15,Brake Service,High,Completed,96066,True
1937,375,15,177,2024-01-02,2024-01-03,Periodic Service,Medium,Completed,642,True
1938,1009,10,80,2024-06-20,2024-06-22,Brake Service,Medium,Completed,80279,False
1939,124,3,3,2025-01-28,2025-02-02,Engine Repair,Medium,Completed,14953,False
1940,299,11,143,2025-04-05,2025-04-08,Body Repair,High,Completed,151310,False
1941,323,8,34,2025-11-25,2025-11-27,Electrical,High,In Progress,111983,False
1942,1105,1,2,2025-12-25,2025-12-28,Repair,Low,Completed,3267,True
1943,1769,8,160,2024-09-13,2024-09-14,Periodic Service,Low,Completed,24265,False
1944,657,5,100,2025-02-06,2025-02-07,AC Service,Low,Completed,115273,False
1945,2439,11,126,2025-05-26,2025-05-27,Brake Service,High,Completed,11214,True
1946,2490,6,68,2025-05-21,2025-05-22,Repair,Medium,Completed,45228,False
1947,240,1,86,2024-02-02,2024-02-03,Periodic Service,Low,Completed,107117,False
1948,724,11,126,2024-09-19,2024-09-24,Engine Repair,Low,Completed,55783,True
1949,1938,7,108,2024-07-06,2024-07-07,Periodic Service,Low,Completed,95348,False
1950,1559,5,144,2025-06-25,2025-06-29,Engine Repair,Low,Completed,91695,True
1951,2176,10,166,2024-04-21,2024-04-22,Periodic Service,High,Completed,139446,False
1952,2205,2,28,2025-01-21,2025-01-23,Repair,Medium,Completed,28314,False
1953,1561,3,136,2024-10-20,2024-10-26,Body Repair,Low,Completed,134486,True
1954,563,14,67,2024-10-15,2024-10-17,AC Service,Low,Completed,41905,True
1955,38,1,147,2025-08-14,2025-08-15,Electrical,Low,Completed,142061,False
1956,414,7,19,2024-01-18,2024-01-23,Body Repair,Low,Completed,89964,False
1957,657,1,102,2024-05-31,2024-06-01,Electrical,High,Completed,115615,False
1958,675,3,136,2024-10-31,2024-11-02,Repair,Low,Completed,128074,False
1959,1559,9,125,2024-07-29,2024-07-30,Periodic Service,Low,Completed,80246,False
1960,1677,12,169,2024-02-29,2024-03-01,Periodic Service,High,Completed,81719,False
1961,1656,9,125,2025-06-13,2025-06-15,Repair,High,Completed,100180,True
1962,804,9,58,2025-04-20,2025-04-24,Body Repair,Low,Completed,145325,False
1963,1925,14,118,2025-05-04,2025-05-05,Periodic Service,Low,In Progress,45212,False
1964,338,1,147,2024-08-24,2024-08-25,Electrical,Medium,Completed,39406,True
1965,807,3,32,2024-07-18,2024-07-20,Periodic Service,Medium,In Progress,146219,False
1966,5,9,125,2025-10-14,2025-10-15,AC Service,High,Completed,136983,False
1967,341,2,84,2024-02-29,2024-03-03,Repair,Medium,Completed,133885,True
1968,2024,14,113,2024-12-24,2024-12-28,Body Repair,Low,Completed,77015,False
1969,95,5,5,2024-01-26,2024-01-27,Brake Service,Low,Completed,141377,False
1970,1778,6,176,2025-12-08,2025-12-11,Repair,Medium,Completed,118118,True
1971,2551,9,125,2025-11-13,2025-11-14,Periodic Service,Medium,Completed,106694,False
1972,114,11,126,2024-07-13,2024-07-17,Repair,Low,Completed,56541,False
1973,1486,4,43,2025-02-17,2025-02-18,AC Service,Critical,Completed,86261,False
1974,2374,9,125,2024-03-13,2024-03-14,Periodic Service,Low,Completed,29441,False
1975,1480,13,91,2025-01-26,2025-01-27,Repair,Low,Completed,64051,False
1976,1718,3,98,2025-01-12,2025-01-15,Repair,Low,Completed,143701,False
1977,2280,4,106,2024-05-19,2024-05-20,Brake Service,Medium,Completed,16289,False
1978,1664,10,33,2024-11-18,2024-11-19,Periodic Service,High,Completed,98450,True
1979,1907,1,2,2024-12-31,2025-01-01,Periodic Service,Low,Completed,128295,False
1980,1530,5,133,2024-09-23,2024-09-25,Brake Service,Medium,In Progress,22654,True
1981,2072,13,24,2024-11-06,2024-11-07,AC Service,Medium,Completed,19249,False
1982,1948,9,87,2024-03-28,2024-03-31,Engine Repair,High,Completed,104193,False
1983,1557,8,34,2024-06-11,2024-06-14,Repair,Medium,Completed,31296,False
1984,1453,14,103,2025-09-15,2025-09-16,Brake Service,Low,Completed,4595,False
1985,978,4,167,2024-12-20,2024-12-21,Periodic Service,Low,Completed,124234,False
1986,397,5,133,2024-10-07,2024-10-08,AC Service,High,Completed,500,True
1987,1473,6,176,2024-10-01,2024-10-03,Periodic Service,Critical,Completed,6326,True
1988,132,1,147,2024-05-22,2024-05-23,Periodic Service,Low,Completed,46780,False
1989,427,2,36,2024-04-09,2024-04-10,Periodic Service,Low,Completed,7694,False
1990,730,1,110,2024-06-10,2024-06-11,Repair,Medium,Completed,40346,False
1991,539,1,2,2025-04-15,2025-04-16,Periodic Service,Low,Completed,35903,False
1992,1189,12,47,2024-10-25,2024-10-27,Engine Repair,High,Completed,26925,True
1993,820,10,80,2025-05-29,2025-05-30,Periodic Service,Medium,Completed,51807,True
1994,1764,5,105,2024-12-29,2025-01-01,Periodic Service,Low,Completed,17918,True
1995,1708,2,36,2024-04-08,2024-04-11,Body Repair,Medium,Completed,15293,False
1996,854,2,45,2024-09-19,2024-09-22,Engine Repair,Medium,Completed,130985,False
1997,181,7,124,2025-04-23,2025-04-25,Brake Service,Medium,Completed,135412,False
1998,988,15,63,2025-06-09,2025-06-10,Electrical,Low,Completed,87389,True
1999,1117,11,52,2024-05-05,2024-05-06,Periodic Service,Low,Completed,26884,True
2000,1620,2,89,2024-10-13,2024-10-14,Brake Service,Low,Completed,132218,False
2001,2385,4,1,2024-12-22,2024-12-23,Periodic Service,Low,Completed,24295,False
2002,933,5,44,2024-12-31,2025-01-01,AC Service,High,Completed,15001,False
2003,1077,7,74,2025-04-08,2025-04-12,Engine Repair,Low,Completed,9747,True
2004,1021,15,162,2024-09-28,2024-09-30,Repair,High,Completed,75314,True
2005,221,3,98,2025-01-24,2025-01-26,Brake Service,Low,Completed,137788,False
2006,1527,3,59,2025-06-19,2025-06-21,Repair,Medium,Completed,68240,False
2007,271,11,54,2024-11-27,,Repair,High,Cancelled,9589,False
2008,1416,8,34,2024-09-10,2024-09-11,Repair,Low,Completed,134865,False
2009,1882,6,138,2024-06-06,2024-06-07,Periodic Service,High,Completed,115031,False
2010,2356,14,103,2024-06-16,2024-06-17,Repair,Critical,Completed,124916,True
2011,1794,7,108,2024-10-26,2024-10-27,AC Service,Low,Completed,75267,True
2012,1718,11,52,2025-09-27,2025-09-29,Periodic Service,Medium,Completed,149665,False
2013,315,9,64,2024-04-29,2024-04-30,Periodic Service,Low,Completed,63968,False
2014,2167,6,51,2025-08-23,2025-08-24,Periodic Service,Medium,Completed,137506,False
2015,2563,6,153,2024-12-03,2024-12-04,Repair,Low,Completed,29987,False
2016,2236,7,168,2024-05-01,2024-05-03,Periodic Service,High,Completed,128072,False
2017,848,14,113,2024-07-02,,Repair,Low,Cancelled,97818,False
2018,423,10,72,2024-01-29,2024-01-30,Repair,Low,Completed,101879,True
2019,342,2,9,2025-02-10,2025-02-14,Body Repair,Low,Completed,86541,True
2020,1275,11,26,2024-07-01,2024-07-03,Brake Service,High,Completed,47160,False
2021,1958,2,8,2025-11-21,2025-11-22,Brake Service,Low,Completed,38556,False
2022,1948,4,148,2024-08-11,2024-08-13,Repair,High,Completed,110717,False
2023,616,13,53,2024-02-04,2024-02-07,AC Service,Medium,Completed,103522,False
2024,2178,14,173,2024-07-08,2024-07-09,Periodic Service,Medium,Completed,98837,False
2025,1467,15,93,2025-03-09,2025-03-12,Brake Service,Medium,Completed,38158,False
2026,405,10,33,2024-08-02,2024-08-03,Repair,Low,Completed,5041,False
2027,1461,12,99,2024-09-19,2024-09-22,Engine Repair,Medium,Completed,111440,False
2028,1757,2,45,2025-04-11,2025-04-16,Engine Repair,Low,Completed,156550,True
2029,836,10,107,2025-02-20,2025-02-21,Electrical,Critical,Completed,128343,True
2030,35,8,27,2025-01-14,2025-01-16,Brake Service,Low,Completed,139041,False
2031,1163,13,65,2025-05-19,2025-05-21,Electrical,High,Completed,127845,True
2032,580,6,155,2025-11-26,2025-11-28,Repair,Low,In Progress,150124,False
2033,235,12,7,2024-08-10,2024-08-14,Engine Repair,Medium,Completed,94623,False
2034,137,8,35,2025-10-30,2025-10-31,Periodic Service,Low,Completed,500,False
2035,2168,5,5,2025-09-01,2025-09-02,Repair,Low,Completed,37037,False
2036,419,14,173,2024-04-18,2024-04-21,Engine Repair,Low,Completed,108112,False
2037,994,14,30,2025-02-08,2025-02-09,Periodic Service,Low,Completed,500,False
2038,2217,7,108,2025-10-17,2025-10-22,Body Repair,Medium,Completed,84140,False
2039,2511,4,16,2024-02-27,2024-02-28,Repair,High,Completed,134218,False
2040,2082,14,37,2024-11-17,2024-11-18,Periodic Service,High,Completed,115861,False
2041,1378,11,143,2024-05-12,2024-05-18,Body Repair,High,Completed,500,False
2042,379,14,97,2024-09-18,2024-09-19,Brake Service,Low,Completed,94839,False
2043,2482,7,168,2024-03-24,,Body Repair,Medium,Cancelled,42611,False
2044,969,4,17,2025-04-13,2025-04-14,AC Service,High,Completed,83193,False
2045,2360,10,33,2024-07-02,2024-07-03,Repair,Low,Completed,74999,True
2046,935,2,128,2025-07-02,2025-07-06,Repair,High,Completed,9476,False
2047,883,14,127,2025-07-14,2025-07-15,Brake Service,Low,Completed,31575,True
2048,2343,8,27,2024-05-28,,AC Service,Low,Cancelled,86613,False
2049,2353,3,59,2025-02-05,2025-02-07,Brake Service,Low,Completed,30531,False
2050,791,12,141,2025-05-02,2025-05-04,Periodic Service,High,Completed,19844,False
2051,445,6,176,2025-08-15,2025-08-16,Repair,Medium,Completed,134184,False
2052,2186,14,113,2024-05-09,2024-05-13,Engine Repair,High,Completed,56915,True
2053,245,6,137,2024-07-14,2024-07-15,Electrical,Critical,Completed,137546,False
2054,714,15,93,2024-12-17,2024-12-18,Electrical,Medium,Completed,57659,True
2055,914,2,128,2025-12-28,2025-12-29,Electrical,Low,Completed,149688,True
2056,2042,13,152,2025-08-15,2025-08-17,AC Service,Low,Completed,152845,True
2057,729,6,176,2025-07-17,2025-07-18,AC Service,Medium,Completed,145496,False
2058,1294,11,150,2024-03-10,2024-03-12,Repair,Medium,Completed,97673,True
2059,2304,15,162,2024-01-28,2024-01-29,Brake Service,Medium,Completed,137392,False
2060,1248,13,174,2024-04-22,2024-04-24,Engine Repair,Critical,Completed,85312,True
2061,698,9,11,2025-04-04,2025-04-06,Brake Service,Medium,Completed,115103,False
2062,532,5,151,2024-01-08,2024-01-10,Periodic Service,Medium,Completed,5824,True
2063,1185,11,150,2025-02-12,2025-02-17,Engine Repair,Medium,Completed,96539,False
2064,1665,8,157,2024-08-11,2024-08-13,AC Service,High,Completed,61029,False
2065,611,5,151,2025-06-11,2025-06-12,Electrical,Medium,Completed,15648,True
2066,845,1,2,2025-04-04,2025-04-06,Brake Service,High,Completed,28543,False
2067,2132,13,22,2024-07-27,2024-07-28,Periodic Service,Medium,Completed,112521,False
2068,1076,1,154,2024-05-03,2024-05-04,Brake Service,High,In Progress,71117,False
2069,400,3,98,2024-01-20,2024-01-24,AC Service,High,Completed,31774,False
2070,1423,8,160,2025-02-02,2025-02-05,Repair,Low,Completed,44526,False
2071,2147,9,149,2024-05-10,2024-05-11,AC Service,Medium,In Progress,98783,False
2072,1576,2,45,2025-01-18,2025-01-19,Brake Service,Medium,In Progress,147294,False
2073,750,10,50,2025-09-28,2025-09-29,Periodic Service,Low,Completed,115877,False
2074,391,6,130,2025-10-19,2025-10-20,Periodic Service,Medium,Completed,141292,False
2075,1524,5,144,2025-12-10,2025-12-12,Repair,Medium,Completed,156870,False
2076,194,15,162,2024-01-09,2024-01-10,Brake Service,Low,Completed,137005,False
2077,1316,9,114,2024-10-15,2024-10-20,Engine Repair,Low,In Progress,130148,True
2078,1586,7,74,2025-08-08,2025-08-10,Repair,Low,Completed,106530,False
2079,2592,3,18,2024-11-13,2024-11-14,Brake Service,Medium,Completed,28634,False
2080,2595,8,156,2025-06-28,2025-06-30,Repair,Medium,Completed,4898,False
2081,2377,14,30,2024-03-08,2024-03-09,Periodic Service,Medium,Completed,53927,True
2082,90,7,161,2024-03-26,2024-04-01,Body Repair,Critical,Completed,19970,False
2083,652,11,143,2025-04-18,2025-04-19,Periodic Service,Low,Completed,142761,False
2084,1336,11,150,2025-06-18,2025-06-19,AC Service,High,Completed,57318,False
2085,1263,11,121,2024-07-18,2024-07-20,Repair,Critical,Completed,151653,False
2086,985,6,155,2025-02-27,2025-03-01,AC Service,Low,Completed,162025,False
2087,1534,9,109,2025-05-28,2025-05-29,AC Service,High,Completed,138840,False
2088,1566,6,56,2025-02-14,2025-02-15,Periodic Service,Low,Completed,17383,True
2089,1866,7,108,2025-07-03,2025-07-04,AC Service,Medium,Completed,66993,False
2090,1434,7,108,2025-10-01,2025-10-02,AC Service,High,Completed,51760,False
2091,870,8,35,2024-01-28,2024-01-29,Repair,Medium,In Progress,56804,True
2092,1050,15,158,2025-07-16,2025-07-17,AC Service,Low,Completed,94044,False
2093,1471,15,93,2024-08-28,2024-08-30,Repair,Low,Completed,56360,False
2094,2095,2,70,2024-02-06,2024-02-08,AC Service,Medium,Completed,87246,False
2095,716,11,126,2024-08-12,2024-08-13,Periodic Service,Low,Completed,150493,False
2096,12,3,132,2024-09-21,2024-09-22,Brake Service,Medium,Completed,23021,False
2097,1209,12,117,2025-12-18,2025-12-21,Periodic Service,Low,Completed,123706,False
2098,1513,1,86,2025-07-03,2025-07-06,Engine Repair,Low,Completed,105266,True
2099,1229,10,104,2024-10-14,2024-10-15,Brake Service,Low,Completed,52489,False
2100,527,6,176,2024-06-27,2024-06-28,Periodic Service,Low,Completed,146461,True
2101,1312,5,49,2024-07-24,2024-07-26,Electrical,Low,Completed,8295,False
2102,2176,4,115,2025-07-20,2025-07-26,Engine Repair,Medium,Completed,130928,False
2103,2347,5,66,2024-10-09,2024-10-12,Periodic Service,Low,Completed,63343,False
2104,526,8,129,2025-04-21,2025-04-22,Brake Service,Medium,Completed,146086,False
2105,1630,11,126,2024-12-03,2024-12-04,AC Service,Low,Completed,60474,True
2106,2367,8,157,2025-01-04,2025-01-06,Repair,Low,Completed,50471,True
2107,2376,12,94,2025-02-09,2025-02-11,Repair,Low,Completed,5045,False
2108,195,10,104,2024-01-31,2024-02-02,Electrical,Low,Completed,42925,True
2109,1365,6,138,2024-04-15,2024-04-16,Periodic Service,Medium,Completed,73101,False
2110,1281,13,180,2025-03-11,2025-03-12,Periodic Service,Low,Completed,10707,False
2111,533,12,170,2024-08-18,2024-08-23,Engine Repair,Low,Completed,26759,False
2112,786,9,58,2025-10-04,2025-10-06,Repair,High,Completed,55824,False
2113,927,5,144,2025-11-28,2025-11-29,Periodic Service,Low,Completed,139198,False
2114,1706,8,156,2025-09-22,2025-09-24,Repair,High,Completed,33521,False
2115,952,10,104,2024-12-24,2024-12-28,Repair,Low,Completed,97537,False
2116,766,7,124,2024-06-27,2024-06-30,Periodic Service,Low,Completed,500,True
2117,1437,15,175,2024-04-19,2024-04-20,Periodic Service,Low,Completed,130812,False
2118,2453,2,57,2025-05-09,2025-05-13,Body Repair,Critical,Completed,131739,False
2119,1877,6,14,2025-02-10,2025-02-11,Electrical,Critical,Completed,28974,False
2120,713,8,146,2025-08-17,2025-08-18,Brake Service,Low,Completed,15159,False
2121,271,14,103,2025-11-05,,Periodic Service,Low,Cancelled,500,True
2122,604,3,145,2025-11-11,2025-11-13,Engine Repair,High,Completed,42671,False
2123,2153,11,13,2024-02-21,2024-02-23,Periodic Service,Low,Completed,100453,False
2124,314,13,174,2024-12-07,2024-12-12,Engine Repair,Critical,Completed,500,False
2125,302,8,129,2025-08-19,2025-08-20,Brake Service,Medium,Completed,3910,False
2126,2591,7,161,2025-07-18,2025-07-21,Electrical,Low,In Progress,63808,True
2127,264,15,158,2024-06-28,2024-06-29,Brake Service,High,Completed,88008,True
2128,585,10,50,2025-10-15,2025-10-18,Brake Service,Medium,Completed,141566,False
2129,2593,1,110,2024-12-13,2024-12-14,Body Repair,High,Completed,107749,False
2130,1603,6,56,2024-11-07,2024-11-11,Body Repair,Medium,Completed,75107,False
2131,130,5,49,2024-01-05,2024-01-08,Periodic Service,Low,Completed,31881,False
2132,193,8,69,2024-01-14,2024-01-18,Body Repair,Medium,Completed,72963,True
2133,1140,7,161,2025-05-08,2025-05-12,Engine Repair,High,Completed,123939,False
2134,2071,9,114,2025-12-31,2026-01-02,AC Service,Low,Completed,68806,True
2135,1675,1,86,2024-06-18,2024-06-19,Periodic Service,High,Completed,100454,True
2136,70,12,92,2025-03-11,2025-03-16,Body Repair,Low,Completed,38924,True
2137,787,7,19,2024-07-12,2024-07-18,Body Repair,Low,Completed,106108,False
2138,791,5,105,2024-07-02,2024-07-03,Electrical,High,Completed,14729,True
2139,183,12,179,2025-09-29,2025-10-01,Brake Service,Medium,Completed,1757,False
2140,1387,7,76,2024-05-15,2024-05-17,Repair,Low,Completed,55206,True
2141,2492,15,93,2024-04-16,2024-04-20,Body Repair,Low,Completed,109092,False
2142,1739,2,8,2024-07-20,2024-07-23,Repair,Low,Completed,31865,False
2143,1801,6,51,2025-10-01,2025-10-02,Periodic Service,Low,Completed,25572,False
2144,2424,10,72,2025-07-31,2025-08-01,Repair,Low,Completed,41262,True
2145,2034,9,112,2025-04-24,2025-04-25,Periodic Service,High,In Progress,8594,True
2146,2309,14,37,2025-03-31,2025-04-01,AC Service,Low,In Progress,82968,False
2147,645,11,121,2024-05-30,2024-06-01,Repair,Low,Completed,63013,True
2148,1393,11,121,2025-10-30,2025-10-31,Periodic Service,Low,Completed,97020,False
2149,977,9,109,2024-05-22,2024-05-23,AC Service,Medium,Completed,54318,False
2150,1122,12,141,2024-02-10,2024-02-13,Repair,Low,Completed,51673,False
2151,433,9,164,2024-06-28,2024-07-03,Engine Repair,Medium,Completed,40353,True
2152,1188,11,143,2025-12-02,2025-12-04,Repair,Low,Completed,146186,False
2153,775,8,157,2024-08-11,2024-08-12,Brake Service,Medium,Completed,24232,True
2154,1764,7,168,2024-01-01,2024-01-04,Engine Repair,High,In Progress,13811,False
2155,2331,12,170,2025-06-20,2025-06-22,Electrical,High,Completed,117321,False
2156,961,4,1,2025-04-03,2025-04-04,Brake Service,Medium,Completed,4033,False
2157,2128,11,121,2024-06-13,2024-06-14,Periodic Service,Low,Completed,73565,False
2158,2031,15,62,2025-04-17,2025-04-18,Electrical,Medium,Completed,130177,False
2159,374,5,120,2025-01-04,2025-01-10,Body Repair,Medium,Completed,43346,False
2160,863,6,46,2024-08-28,2024-08-30,Repair,Low,Completed,149210,True
2161,1177,10,107,2025-08-22,2025-08-23,Brake Service,Medium,Completed,55674,False
2162,6,7,124,2025-12-07,2025-12-08,Periodic Service,High,Completed,127505,False
2163,262,14,113,2025-11-20,2025-11-21,Periodic Service,High,Completed,50134,False
2164,484,1,102,2024-01-11,2024-01-13,Repair,Medium,Completed,47865,False
2165,2568,3,18,2024-11-19,2024-11-20,Periodic Service,Low,Completed,101600,False
2166,1794,3,163,2024-02-26,2024-02-29,Repair,Low,Completed,71613,True
2167,2260,3,59,2024-08-29,,AC Service,Medium,Cancelled,31005,True
2168,773,8,129,2024-07-20,2024-07-24,Engine Repair,Low,Completed,9473,True
2169,1263,14,103,2024-03-30,2024-03-31,Periodic Service,High,Completed,154671,True
2170,1544,5,49,2024-05-20,2024-05-23,Body Repair,Medium,Completed,91053,False
2171,1962,12,123,2025-07-19,2025-07-22,Repair,Medium,Completed,31416,True
2172,206,13,178,2025-11-25,2025-11-26,Periodic Service,Low,Completed,72391,False
2173,1080,7,108,2025-11-27,2025-11-28,Repair,Low,Completed,151835,False
2174,2337,9,149,2024-03-13,2024-03-17,Engine Repair,Medium,Completed,21854,True
2175,1444,13,53,2025-05-09,2025-05-11,Repair,Medium,In Progress,13788,False
2176,365,14,67,2025-10-05,2025-10-06,Periodic Service,Low,Completed,11083,False
2177,1360,7,168,2024-03-13,2024-03-14,Periodic Service,Medium,Completed,20318,False
2178,2524,4,95,2024-03-01,2024-03-02,AC Service,Medium,Completed,111877,False
2179,2092,10,21,2024-07-04,2024-07-06,Engine Repair,Medium,Completed,141923,True
2180,1819,5,81,2025-06-28,2025-06-30,Repair,Medium,Completed,67950,True
2181,179,5,49,2024-06-06,2024-06-08,Engine Repair,High,Completed,146820,False
2182,1382,14,79,2025-09-11,2025-09-13,Electrical,High,Completed,64777,False
2183,1915,3,136,2025-07-04,2025-07-05,AC Service,Medium,Completed,4923,False
2184,2353,4,38,2025-04-12,2025-04-15,AC Service,Medium,In Progress,23750,False
2185,952,3,145,2024-06-19,2024-06-20,Periodic Service,Low,Completed,99683,False
2186,1570,14,131,2024-07-17,2024-07-18,Electrical,Medium,Completed,107513,False
2187,1642,6,153,2024-03-20,2024-03-21,Periodic Service,Low,Completed,4794,False
2188,207,12,172,2025-10-19,2025-10-22,Repair,High,Completed,90227,False
2189,1841,4,148,2025-01-04,2025-01-07,Repair,Medium,Completed,128705,False
2190,979,9,39,2025-07-12,2025-07-14,Electrical,Medium,Completed,133478,False
2191,619,7,134,2024-01-19,2024-01-21,AC Service,Medium,Completed,154022,False
2192,2495,5,49,2025-10-26,2025-10-27,Periodic Service,Low,Completed,58359,False
2193,538,12,31,2025-11-24,2025-11-26,Electrical,Low,Completed,147495,False
2194,2429,15,177,2024-05-10,2024-05-11,Periodic Service,Medium,Completed,65845,False
2195,1945,5,120,2024-10-29,2024-10-30,Periodic Service,Critical,Completed,27327,False
2196,195,14,171,2024-01-21,2024-01-23,Electrical,Low,Completed,46701,True
2197,1350,12,141,2025-08-29,2025-08-30,Repair,Low,Completed,6483,False
2198,1177,5,144,2025-10-04,2025-10-05,AC Service,Low,Completed,57855,False
2199,1651,8,69,2024-09-13,,Body Repair,Low,Cancelled,19195,False
2200,2518,3,83,2025-03-07,2025-03-09,Repair,Low,Completed,56930,True
2201,2195,5,100,2024-03-08,2024-03-10,Repair,Low,Completed,56637,True
2202,1311,2,119,2025-08-03,2025-08-08,Engine Repair,High,Completed,138970,False
2203,1182,10,122,2025-04-14,2025-04-16,Periodic Service,Medium,Completed,76252,False
2204,715,1,86,2024-08-29,2024-08-30,Periodic Service,Critical,Completed,20242,True
2205,1737,3,23,2025-02-07,2025-02-10,Brake Service,Medium,Completed,109987,False
2206,2457,6,51,2025-02-02,2025-02-03,Brake Service,Low,Completed,33524,False
2207,2196,5,5,2025-08-30,2025-09-01,Repair,Low,Completed,92715,False
2208,1054,8,157,2024-01-26,2024-01-28,Repair,High,Completed,134762,True
2209,205,15,177,2025-11-15,2025-11-16,Brake Service,Low,In Progress,90443,False
2210,1600,4,16,2025-07-03,2025-07-05,Repair,High,Completed,117650,False
2211,472,6,176,2025-02-28,2025-03-06,Body Repair,Medium,Completed,113981,False
2212,2002,4,43,2025-01-19,2025-01-20,Periodic Service,Medium,Completed,89941,False
2213,516,11,54,2025-06-01,2025-06-06,Body Repair,High,Completed,56907,False
2214,252,6,153,2025-03-30,2025-03-31,Periodic Service,Medium,Completed,51485,False
2215,1983,4,115,2025-08-29,2025-09-02,Engine Repair,High,In Progress,111436,True
2216,891,3,23,2025-06-04,2025-06-05,Brake Service,Low,Completed,58671,False
2217,1913,5,49,2024-05-27,2024-05-29,Engine Repair,Medium,Completed,118536,False
2218,2380,9,125,2024-03-18,2024-03-19,Repair,Low,Completed,136223,False
2219,1287,8,129,2025-05-05,2025-05-07,Repair,Low,Completed,63854,False
2220,1193,9,109,2025-04-15,2025-04-20,Body Repair,Low,Completed,43318,True
2221,362,4,115,2025-04-14,2025-04-15,Electrical,Critical,Completed,23645,False
2222,2366,7,19,2025-10-28,2025-10-29,Electrical,Low,Completed,123644,True
2223,2498,14,103,2024-01-30,2024-01-31,Periodic Service,Medium,Completed,122387,False
2224,1965,8,156,2025-03-21,2025-03-22,AC Service,Critical,Completed,86236,False
2225,250,15,158,2024-05-31,2024-06-01,Periodic Service,Medium,Completed,64201,False
2226,2546,11,52,2025-06-07,2025-06-09,Brake Service,Low,Completed,136333,True
2227,846,10,12,2024-04-02,2024-04-05,Repair,Low,Completed,42477,False
2228,819,7,77,2025-12-18,2025-12-20,Periodic Service,Low,Completed,72167,False
2229,2504,11,26,2024-02-14,2024-02-16,Brake Service,High,Completed,7928,False
2230,206,14,127,2024-08-04,2024-08-08,Engine Repair,Low,Completed,65906,False
2231,2184,2,84,2024-07-11,2024-07-12,Periodic Service,Low,Completed,55767,True
2232,1948,10,50,2025-09-14,2025-09-15,Periodic Service,Medium,Completed,115578,False
2233,1310,7,108,2025-08-03,2025-08-04,Periodic Service,Medium,Completed,119152,False
2234,284,2,119,2024-05-22,2024-05-23,Brake Service,Low,Completed,22360,False
2235,1732,7,76,2024-03-21,2024-03-22,Periodic Service,Medium,Completed,135448,True
2236,351,7,77,2025-06-13,2025-06-17,Engine Repair,Medium,Completed,107264,False
2237,1999,15,177,2025-12-12,2025-12-13,Periodic Service,Medium,Completed,43968,False
2238,990,10,104,2025-11-25,2025-11-30,Engine Repair,Medium,Completed,150694,True
2239,366,2,9,2024-07-30,2024-08-01,Repair,High,Completed,43162,False
2240,406,4,95,2024-03-19,2024-03-20,Periodic Service,Low,Completed,90904,False
2241,795,2,9,2024-05-13,2024-05-14,Brake Service,Low,Completed,57032,True
2242,1907,5,5,2025-08-13,2025-08-14,Periodic Service,High,Completed,129770,False
2243,2300,6,46,2025-01-21,2025-01-24,Body Repair,Low,Completed,500,False
2244,714,5,144,2024-01-07,2024-01-10,Repair,Medium,In Progress,57775,True
2245,2163,15,175,2025-06-07,2025-06-08,Repair,Low,Completed,102241,True
2246,891,12,170,2025-05-04,2025-05-05,Periodic Service,Low,Completed,67925,False
2247,1485,4,43,2025-09-13,2025-09-18,Engine Repair,Medium,Completed,35918,False
2248,294,9,64,2024-02-21,2024-02-22,Repair,Medium,Completed,27325,True
2249,1483,15,175,2025-08-14,2025-08-16,Repair,Low,Completed,21316,False
2250,2423,2,119,2025-08-04,2025-08-05,Periodic Service,Medium,Completed,107148,False
2251,1643,1,86,2024-08-07,2024-08-08,Periodic Service,Medium,Completed,120141,False
2252,982,4,1,2025-04-30,2025-05-06,Body Repair,Medium,Completed,83997,False
2253,297,6,68,2025-02-07,2025-02-10,Repair,High,Completed,24605,True
2254,889,2,89,2025-01-13,2025-01-16,Repair,Medium,Completed,37457,False
2255,1828,1,86,2025-07-05,2025-07-06,Periodic Service,Medium,Completed,128765,False
2256,1732,13,61,2025-01-09,2025-01-10,Periodic Service,Low,Completed,129623,False
2257,2289,7,19,2025-01-10,2025-01-13,Body Repair,High,Completed,142217,False
2258,1955,4,95,2024-06-17,2024-06-18,Electrical,Medium,Completed,99011,False
2259,1311,15,62,2025-05-23,2025-05-24,Periodic Service,Medium,Completed,137812,False
2260,2188,8,34,2025-10-05,2025-10-08,Engine Repair,Medium,Completed,122399,False
2261,1889,1,2,2024-05-23,2024-05-28,Body Repair,Medium,Completed,53665,False
2262,1222,1,85,2025-03-21,2025-03-23,Periodic Service,Low,Completed,26548,True
2263,1942,3,83,2024-10-23,2024-10-24,AC Service,Critical,Completed,500,False
2264,545,6,155,2024-08-17,2024-08-21,Body Repair,Low,Completed,138755,False
2265,1072,8,27,2024-06-24,2024-06-25,Periodic Service,Low,Completed,159655,False
2266,1760,3,98,2024-12-05,2024-12-06,Periodic Service,Low,Completed,110998,False
2267,1018,6,111,2025-09-29,2025-10-02,Repair,High,Completed,99829,True
2268,1618,13,53,2024-11-21,2024-11-24,Body Repair,Medium,Completed,98326,False
2269,25,12,169,2025-08-16,2025-08-18,Electrical,Medium,Completed,41355,False
2270,1876,14,37,2024-10-01,2024-10-03,Repair,High,Completed,6127,True
2271,2473,1,2,2025-09-08,2025-09-10,Brake Service,High,Completed,81396,False
2272,937,5,135,2025-03-31,2025-04-01,Repair,Low,Completed,138797,False
2273,1174,9,164,2024-07-24,2024-07-26,Body Repair,Medium,Completed,112743,False
2274,1430,13,91,2024-05-31,2024-06-03,Engine Repair,Low,Completed,105051,False
2275,654,14,79,2024-03-13,2024-03-14,AC Service,Medium,Completed,58656,False
2276,1555,7,77,2025-04-09,2025-04-10,Brake Service,Low,Completed,82290,True
2277,302,12,123,2024-10-18,2024-10-22,Engine Repair,Low,Completed,4230,False
2278,99,7,134,2024-01-01,2024-01-03,AC Service,Medium,Completed,65380,False
2279,1259,10,104,2025-07-06,,Repair,Medium,Cancelled,27611,True
2280,386,12,92,2024-11-20,2024-11-21,Periodic Service,Low,Completed,68737,False
2281,2122,8,129,2025-11-15,2025-11-18,Brake Service,High,Completed,93239,False
2282,2009,11,126,2025-07-12,,Periodic Service,Low,Cancelled,95965,False
2283,886,4,43,2024-12-01,2024-12-04,Repair,Low,In Progress,67346,True
2284,800,13,178,2025-03-26,2025-03-27,Periodic Service,Low,Completed,158081,False
2285,2138,5,49,2024-04-18,2024-04-19,Periodic Service,Low,Completed,7806,False
2286,2339,6,155,2024-08-15,2024-08-17,AC Service,Medium,Completed,7300,False
2287,1044,2,84,2024-02-05,2024-02-06,Periodic Service,Medium,Completed,107265,False
2288,2028,15,63,2024-09-06,2024-09-07,Electrical,High,Completed,500,True
2289,2076,4,43,2024-01-03,2024-01-04,AC Service,High,Completed,86936,False
2290,2557,4,1,2025-06-18,2025-06-21,Repair,Low,Completed,14005,False
2291,1637,10,10,2025-09-08,2025-09-09,Periodic Service,Low,Completed,12317,False
2292,145,3,98,2025-12-09,2025-12-11,Repair,Low,Completed,77357,False
2293,1852,6,29,2024-07-24,2024-07-25,Periodic Service,High,In Progress,159449,True
2294,1080,9,125,2025-09-12,2025-09-15,Brake Service,High,Completed,157560,False
2295,2126,14,88,2025-12-12,2025-12-13,Periodic Service,Medium,Completed,57036,False
2296,193,13,90,2025-10-02,2025-10-03,Periodic Service,Low,Completed,81660,False
2297,1785,14,127,2025-02-13,2025-02-15,Repair,Medium,Completed,103342,True
2298,2379,15,177,2025-06-20,2025-06-21,Brake Service,Low,Completed,48094,False
2299,1064,6,68,2025-08-23,2025-08-24,Periodic Service,High,Completed,118855,False
2300,840,4,106,2025-04-27,2025-04-28,AC Service,Medium,Completed,100531,False
2301,984,14,118,2025-10-04,2025-10-05,Periodic Service,Low,Completed,30806,False
2302,266,8,129,2024-11-04,2024-11-06,Periodic Service,Low,Completed,152320,True
2303,1324,10,80,2025-10-25,2025-10-27,Brake Service,Medium,Completed,153505,False
2304,197,12,7,2025-11-29,2025-11-30,Brake Service,Low,Completed,159968,False
2305,380,3,139,2025-05-26,2025-05-27,Brake Service,Low,Completed,36332,False
2306,1874,6,138,2025-08-11,2025-08-15,Body Repair,Medium,In Progress,40409,False
2307,1676,6,176,2024-07-23,2024-07-24,Periodic Service,Low,Completed,132481,False
2308,2427,9,125,2024-05-31,2024-06-01,Repair,Medium,Completed,8669,True
2309,1653,7,168,2024-03-24,2024-03-26,Repair,Low,Completed,149325,False
2310,316,3,23,2025-06-30,2025-07-02,Brake Service,Medium,Completed,144399,True
2311,510,5,44,2024-07-05,2024-07-08,Brake Service,High,Completed,148745,False
2312,308,8,146,2025-12-24,2025-12-29,Body Repair,High,Completed,25706,False
2313,2260,6,68,2024-03-03,2024-03-04,Brake Service,Low,In Progress,34715,True
2314,1679,6,165,2024-02-09,2024-02-10,Engine Repair,Low,Completed,100623,True
2315,1406,13,65,2025-11-08,2025-11-11,Repair,Low,Completed,87473,False
2316,2556,1,102,2024-06-03,2024-06-06,Repair,Medium,Completed,19333,False
2317,1474,4,16,2025-06-16,2025-06-17,Periodic Service,Low,Completed,73981,False
2318,464,12,172,2025-04-04,2025-04-05,Repair,Medium,In Progress,71722,False
2319,358,4,95,2025-01-20,2025-01-23,Body Repair,Low,Completed,500,False
2320,1833,13,22,2025-05-29,2025-06-02,Body Repair,Low,Completed,46318,True
2321,74,3,59,2024-06-08,2024-06-10,Brake Service,Low,Completed,30939,False
2322,2055,7,76,2024-06-21,2024-06-23,Repair,Medium,Completed,660,False
2323,1245,6,137,2025-07-27,2025-07-31,Brake Service,Low,Completed,12273,True
2324,239,10,122,2024-07-02,2024-07-05,Body Repair,Medium,Completed,87630,False
2325,1662,9,109,2025-01-06,2025-01-08,AC Service,Medium,Completed,36415,False
2326,508,10,107,2025-03-10,2025-03-11,Periodic Service,Critical,Completed,59013,False
2327,2052,1,154,2025-05-25,2025-05-28,AC Service,High,Completed,111668,False
2328,621,8,157,2025-09-28,2025-09-30,Periodic Service,Medium,Completed,22917,False
2329,2404,14,96,2025-02-20,2025-02-21,Periodic Service,Low,Completed,6713,False
2330,1785,10,80,2024-12-18,2024-12-19,Periodic Service,Medium,Completed,111503,False
2331,1509,1,85,2025-12-04,2025-12-07,Periodic Service,Medium,Completed,99552,False
2332,554,9,39,2025-08-20,2025-08-23,Repair,High,Completed,140812,False
2333,91,13,142,2025-07-25,2025-07-26,Periodic Service,High,Completed,62593,False
2334,979,10,107,2025-11-05,2025-11-06,Repair,Low,Completed,128953,False
2335,1737,9,164,2024-04-11,2024-04-12,Brake Service,Low,In Progress,108625,True
2336,1687,12,94,2024-09-28,2024-09-29,AC Service,Medium,Completed,143166,True
2337,1666,2,8,2024-08-14,2024-08-17,Periodic Service,High,Completed,68962,False
2338,371,5,49,2024-03-27,2024-03-28,Brake Service,High,Completed,43241,False
2339,50,14,96,2025-06-17,2025-06-21,Repair,Low,Completed,122001,False
2340,1578,13,22,2024-12-29,2025-01-01,Repair,Medium,In Progress,5904,False
2341,1421,9,11,2025-12-02,2025-12-04,Brake Service,Low,Completed,24048,False
2342,878,3,132,2025-09-26,2025-09-27,Repair,Low,Completed,59349,True
2343,1754,14,171,2024-05-05,2024-05-08,Repair,Low,Completed,47592,False
2344,716,12,99,2024-01-29,2024-01-30,Periodic Service,Low,Completed,154021,False
2345,722,13,41,2025-08-22,2025-08-23,AC Service,Medium,Completed,117458,False
2346,1548,6,46,2025-11-07,2025-11-10,Repair,Medium,Completed,121283,False
2347,2513,10,80,2025-04-15,2025-04-20,Engine Repair,Low,Completed,100617,True
2348,1844,6,68,2025-03-16,2025-03-18,Repair,Low,Completed,42969,False
2349,1626,7,134,2025-12-13,2025-12-14,Electrical,Low,Completed,142696,True
2350,247,5,144,2025-02-12,2025-02-14,Brake Service,Low,Completed,33823,False
2351,1350,3,32,2025-06-12,2025-06-13,Periodic Service,Medium,Completed,13306,False
2352,482,1,86,2024-01-31,2024-02-02,Periodic Service,Medium,Completed,92504,False
2353,211,7,77,2024-05-18,2024-05-19,Periodic Service,Medium,Completed,140140,False
2354,748,8,129,2024-10-15,2024-10-16,Periodic Service,Low,Completed,72842,False
2355,2184,10,104,2024-04-02,2024-04-03,Periodic Service,Low,In Progress,54964,False
2356,2395,2,84,2025-05-18,2025-05-20,Repair,Medium,Completed,65641,True
2357,1773,6,56,2025-04-28,2025-04-30,Repair,Low,Completed,24250,False
2358,1325,1,147,2025-12-27,2025-12-29,Engine Repair,Low,Completed,111071,True
2359,1657,15,162,2025-10-14,2025-10-15,Periodic Service,High,Completed,8588,True
2360,254,13,91,2025-02-15,2025-02-16,Periodic Service,Low,Completed,93759,False
2361,352,7,161,2025-06-14,2025-06-17,Periodic Service,Medium,Completed,143203,True
2362,1330,3,98,2024-08-18,2024-08-21,Brake Service,Medium,Completed,5849,True
2363,1388,7,159,2025-12-04,2025-12-05,Repair,Low,Completed,500,False
2364,2238,7,77,2025-12-06,2025-12-09,Brake Service,Medium,Completed,30607,False
2365,2362,2,36,2024-12-29,2025-01-02,Engine Repair,High,Completed,122699,False
2366,2381,3,32,2024-07-06,2024-07-07,AC Service,Medium,Completed,108497,False
2367,297,14,88,2025-08-24,2025-08-26,Periodic Service,Medium,Completed,18600,False
2368,142,12,170,2024-07-31,2024-08-01,Periodic Service,Low,Completed,77855,False
2369,1678,1,86,2025-06-23,2025-06-24,Periodic Service,Medium,Completed,89371,False
2370,1252,1,147,2025-08-20,2025-08-22,Brake Service,Medium,Completed,91036,False
2371,476,11,121,2025-03-20,2025-03-23,Periodic Service,Critical,In Progress,49175,False
2372,831,6,56,2025-08-18,2025-08-19,Periodic Service,Medium,Completed,118491,True
2373,1788,7,134,2024-02-15,2024-02-16,Repair,Medium,Completed,43302,True
2374,1840,11,13,2025-05-07,2025-05-08,Brake Service,High,Completed,35171,True
2375,2432,10,33,2025-07-10,2025-07-12,Electrical,Low,Completed,38306,True
2376,1187,7,159,2025-10-03,2025-10-07,Engine Repair,Low,Completed,68946,False
2377,1336,1,147,2025-08-08,2025-08-09,Brake Service,High,Completed,53840,False
2378,132,6,153,2025-01-14,2025-01-15,Periodic Service,Low,Completed,44993,False
2379,1980,6,155,2025-10-26,2025-10-27,Repair,High,Completed,106691,True
2380,2479,9,11,2025-02-03,2025-02-04,Brake Service,Low,Completed,39830,False
2381,1150,10,73,2024-09-15,2024-09-18,Repair,Low,Completed,11964,False
2382,1307,12,31,2025-10-02,2025-10-04,Brake Service,Low,Completed,103589,False
2383,193,4,140,2025-10-26,2025-10-29,Body Repair,Medium,Completed,70143,False
2384,2597,7,77,2025-04-24,2025-04-25,Periodic Service,Low,Completed,78668,True
2385,964,1,102,2024-12-07,2024-12-08,Electrical,Low,Completed,17560,False
2386,383,13,178,2024-07-25,2024-07-26,Repair,Low,Completed,37455,True
2387,1197,14,67,2025-09-12,2025-09-16,Engine Repair,Medium,Completed,61680,False
2388,2246,1,2,2024-05-01,2024-05-02,Periodic Service,Critical,Completed,500,True
2389,2050,14,97,2024-12-06,2024-12-10,Engine Repair,Medium,Completed,50007,True
2390,2233,6,29,2025-07-03,2025-07-04,Engine Repair,High,Completed,48009,False
2391,2559,14,113,2024-12-24,2024-12-25,AC Service,Low,Completed,51216,False
2392,361,14,67,2024-08-15,2024-08-17,Repair,High,Completed,72264,False
2393,1279,4,106,2024-05-26,2024-05-27,Repair,High,Completed,115222,False
2394,1788,5,66,2025-09-11,2025-09-13,Periodic Service,Low,Completed,49303,False
2395,1219,1,102,2025-10-05,2025-10-06,Periodic Service,Low,Completed,27837,False
2396,1638,9,164,2024-03-25,2024-03-27,AC Service,High,Completed,29269,True
2397,1504,5,81,2025-05-31,2025-06-01,Brake Service,Medium,Completed,51107,False
2398,190,11,52,2025-05-14,2025-05-18,Body Repair,Medium,Completed,121072,False
2399,2426,3,32,2024-04-10,2024-04-12,Brake Service,Low,In Progress,141777,False
2400,159,2,84,2024-02-08,2024-02-10,Repair,High,Completed,90068,True
2401,242,10,104,2025-08-06,2025-08-08,Periodic Service,Low,Completed,56405,True
2402,489,14,96,2025-03-17,2025-03-19,Repair,Low,Completed,73712,True
2403,1643,2,40,2024-07-10,2024-07-11,Periodic Service,High,Completed,131616,True
2404,2377,9,112,2025-12-06,2025-12-08,AC Service,High,Completed,48280,False
2405,1944,6,165,2024-10-16,2024-10-17,Repair,Low,In Progress,135586,True
2406,518,2,9,2025-01-21,2025-01-23,Brake Service,Low,Completed,154856,False
2407,2119,9,125,2025-02-01,2025-02-02,Periodic Service,Medium,In Progress,65512,False
2408,57,11,150,2025-10-20,2025-10-21,AC Service,Medium,Completed,113913,False
2409,234,2,119,2024-09-03,2024-09-04,Repair,High,Completed,150026,False
2410,1848,11,121,2025-12-01,2025-12-02,Periodic Service,Medium,Completed,63492,False
2411,1806,15,63,2024-06-13,2024-06-17,Engine Repair,Medium,Completed,9325,True
2412,449,7,161,2025-08-20,2025-08-26,Body Repair,Medium,Completed,112813,False
2413,605,1,85,2025-11-09,,Engine Repair,Medium,Cancelled,5823,False
2414,2549,5,144,2025-01-17,2025-01-22,Body Repair,Low,Completed,143355,False
2415,784,2,25,2025-02-20,2025-02-21,Brake Service,Low,Completed,136215,True
2416,1804,11,13,2025-06-29,2025-07-01,AC Service,High,Completed,60893,False
2417,1068,11,143,2024-02-01,2024-02-05,Body Repair,Low,Completed,156799,True
2418,207,13,22,2025-06-03,2025-06-06,Electrical,Medium,Completed,87745,True
2419,417,9,164,2024-11-05,2024-11-06,Periodic Service,Low,Completed,30266,False
2420,2050,4,1,2024-02-08,2024-02-10,Brake Service,Medium,Completed,56449,False
2421,1095,8,156,2025-09-30,2025-10-01,AC Service,Medium,Completed,91515,False
2422,2208,6,138,2024-12-12,2024-12-13,Repair,Critical,Completed,60156,True
2423,2135,11,121,2025-06-18,2025-06-20,AC Service,High,Completed,41621,False
2424,2242,1,110,2024-01-07,2024-01-10,Repair,Low,Completed,120031,False
2425,1280,13,53,2024-03-28,2024-03-29,Periodic Service,High,Completed,500,False
2426,1109,10,50,2024-01-13,2024-01-15,Electrical,Critical,Completed,108608,True
2427,1194,5,66,2024-11-11,2024-11-12,Brake Service,Medium,Completed,140815,False
2428,795,11,52,2025-01-23,2025-01-29,Body Repair,Medium,Completed,69596,False
2429,1028,14,171,2025-04-26,2025-04-27,Brake Service,Low,Completed,66957,False
2430,1551,5,4,2025-04-08,2025-04-09,Periodic Service,Medium,Completed,40036,False
2431,597,5,120,2024-09-06,2024-09-11,Engine Repair,Low,Completed,96912,True
2432,1573,7,74,2024-05-02,2024-05-03,Periodic Service,Low,Completed,100464,False
2433,71,14,127,2024-07-27,2024-07-28,AC Service,Medium,Completed,142905,False
2434,1137,5,4,2024-12-14,2024-12-16,Electrical,Medium,Completed,39084,True
2435,1406,7,168,2024-03-03,2024-03-04,Electrical,Low,Completed,86327,False
2436,1789,9,55,2025-08-03,2025-08-05,AC Service,Low,Completed,59333,False
2437,945,15,93,2025-11-05,,Periodic Service,Low,Cancelled,69511,False
2438,2558,11,121,2024-08-05,2024-08-06,Periodic Service,Medium,Completed,87692,False
2439,113,8,69,2024-05-15,2024-05-16,Electrical,Low,Completed,148528,False
2440,2386,13,20,2024-04-01,2024-04-05,Brake Service,High,Completed,33346,True
2441,1883,5,135,2025-04-22,2025-04-23,Periodic Service,Low,Completed,21379,False
2442,2543,9,164,2025-01-11,2025-01-12,Brake Service,High,Completed,99837,True
2443,1808,12,172,2024-03-31,2024-04-01,Periodic Service,High,Completed,135970,False
2444,1479,3,145,2025-02-26,2025-03-01,Engine Repair,Medium,Completed,119878,False
2445,821,11,26,2024-11-01,2024-11-02,Electrical,Low,Completed,63498,True
2446,927,2,25,2025-12-27,2025-12-31,Engine Repair,Medium,Completed,137702,False
2447,2580,4,38,2024-11-22,2024-11-23,Brake Service,Low,Completed,21203,False
2448,115,10,80,2025-07-04,2025-07-08,Body Repair,Medium,Completed,84368,False
2449,1614,7,161,2024-05-23,2024-05-26,Repair,Low,Completed,46645,False
2450,337,9,11,2024-09-30,2024-10-02,Electrical,Critical,Completed,57384,False
2451,1388,5,4,2025-07-03,2025-07-05,Repair,Low,Completed,500,False
2452,2022,1,85,2025-10-16,2025-10-18,Repair,Medium,Completed,55490,False
2453,1494,14,131,2025-11-06,2025-11-07,Brake Service,High,Completed,117614,False
2454,119,10,80,2024-04-18,2024-04-22,Body Repair,Medium,Completed,128749,False
2455,271,12,94,2024-10-16,2024-10-17,AC Service,High,Completed,6352,True
2456,751,12,92,2025-04-03,2025-04-05,Periodic Service,High,Completed,57500,True
2457,1652,12,169,2025-10-08,2025-10-12,Engine Repair,Low,In Progress,13457,False
2458,1605,13,53,2024-10-24,2024-10-25,Periodic Service,Medium,Completed,13387,False
2459,1930,5,120,2025-09-11,2025-09-13,Repair,Low,In Progress,45536,True
2460,2086,5,66,2025-07-23,2025-07-26,Brake Service,Low,Completed,43459,True
2461,994,6,29,2025-12-18,2025-12-21,Repair,Medium,Completed,4297,True
2462,1686,7,108,2024-10-12,2024-10-15,Repair,Low,Completed,63057,True
2463,1957,14,79,2025-02-26,2025-03-03,Engine Repair,Low,Completed,134082,False
2464,21,10,50,2025-12-06,2025-12-07,Brake Service,Medium,Completed,500,False
2465,527,5,105,2025-11-08,2025-11-11,Repair,Medium,Completed,147822,False
2466,1967,1,2,2025-12-15,2025-12-16,Electrical,Low,Completed,66040,False
2467,2015,13,24,2024-11-24,2024-11-25,Brake Service,Medium,Completed,124601,False
2468,318,6,176,2024-08-26,2024-08-29,Brake Service,Medium,Completed,18389,False
2469,944,11,15,2025-10-11,2025-10-14,AC Service,Low,In Progress,24076,False
2470,510,2,28,2024-02-13,2024-02-16,Body Repair,Low,Completed,145675,False
2471,1507,6,111,2025-12-23,2025-12-24,Electrical,Low,Completed,87052,False
2472,682,9,11,2025-07-07,2025-07-12,Body Repair,Low,Completed,11210,False
2473,1387,4,43,2024-12-18,2024-12-19,Periodic Service,Medium,Completed,50843,False
2474,807,7,161,2025-01-02,2025-01-04,Periodic Service,Low,In Progress,150566,False
2475,1834,15,62,2025-10-16,2025-10-17,Repair,Medium,Completed,153415,True
2476,1230,14,37,2025-06-12,2025-06-13,Repair,High,Completed,160647,False
2477,959,12,123,2024-05-18,2024-05-19,Brake Service,Low,Completed,120955,False
2478,1045,15,162,2024-06-23,2024-06-24,Periodic Service,Low,Completed,115234,False
2479,2146,15,177,2024-06-24,2024-06-25,Periodic Service,Low,Completed,68265,True
2480,888,4,38,2025-12-21,2025-12-22,Repair,High,Completed,143800,False
2481,593,3,139,2025-01-17,2025-01-19,Periodic Service,High,Completed,72357,False
2482,466,8,34,2025-11-23,2025-11-24,Electrical,Low,Completed,70840,False
2483,434,10,33,2025-02-04,2025-02-06,Periodic Service,High,Completed,115665,False
2484,1950,1,102,2024-08-25,2024-08-26,Repair,Medium,Completed,83959,True
2485,105,5,5,2024-06-19,2024-06-20,Periodic Service,Medium,Completed,500,True
2486,1691,8,157,2025-10-28,2025-11-01,Engine Repair,Low,Completed,76920,False
2487,2584,3,3,2025-12-23,2025-12-24,Brake Service,Medium,In Progress,120488,False
2488,1781,15,116,2024-06-20,2024-06-21,Repair,Low,Completed,46472,True
2489,439,10,33,2024-05-30,2024-06-01,Periodic Service,Low,In Progress,149535,True
2490,2098,6,130,2025-06-22,2025-06-23,Periodic Service,Low,Completed,32739,True
2491,1585,8,27,2024-05-04,2024-05-08,Engine Repair,Medium,Completed,23360,False
2492,427,3,75,2024-04-29,2024-05-02,Brake Service,Medium,Completed,7490,False
2493,1542,5,44,2024-06-22,2024-06-24,Repair,High,Completed,120914,True
2494,2086,3,132,2025-09-15,2025-09-16,AC Service,Medium,Completed,50349,False
2495,1426,7,134,2024-01-21,2024-01-22,Brake Service,Medium,Completed,84428,False
2496,1079,9,58,2025-10-30,2025-11-03,Engine Repair,Low,Completed,500,True
2497,930,2,8,2025-05-30,2025-06-04,Engine Repair,Low,Completed,130624,False
2498,2307,3,83,2024-11-08,2024-11-09,Repair,Low,In Progress,86521,False
2499,1191,5,135,2025-12-16,2025-12-17,Periodic Service,Low,Completed,43630,False
2500,23,14,118,2025-06-18,2025-06-19,Periodic Service,Low,Completed,68876,False
2501,1753,1,2,2024-06-13,2024-06-14,Periodic Service,High,Completed,104944,False
2502,301,7,19,2025-12-08,2025-12-12,Repair,Low,Completed,62572,False
2503,1147,1,85,2025-12-26,2025-12-27,AC Service,Medium,Completed,107792,False
2504,1652,10,78,2025-06-30,2025-07-04,Engine Repair,Low,Completed,23097,True
2505,2427,2,36,2025-01-22,2025-01-26,Engine Repair,Medium,Completed,7926,True
2506,2141,3,145,2024-06-12,2024-06-14,Repair,Medium,Completed,3971,False
2507,447,9,112,2025-01-21,2025-01-25,Engine Repair,Low,Completed,47210,True
2508,2349,4,106,2025-06-16,2025-06-18,Engine Repair,Low,Completed,30765,False
2509,1288,14,97,2024-04-17,2024-04-20,Repair,Medium,Completed,71001,False
2510,619,3,59,2024-11-28,2024-11-29,Periodic Service,Medium,Completed,148769,False
2511,602,12,170,2024-01-28,2024-02-02,Repair,High,Completed,12985,False
2512,1615,2,25,2025-06-27,2025-06-28,Periodic Service,Low,Completed,115417,False
2513,2380,8,129,2024-07-14,2024-07-17,Repair,High,Completed,126164,False
2514,1067,4,16,2024-08-24,2024-08-25,AC Service,Low,Completed,59776,False
2515,1289,11,126,2025-03-18,2025-03-20,Repair,Low,Completed,21850,False
2516,1956,7,76,2024-04-08,2024-04-09,Electrical,Medium,Completed,100313,False
2517,376,8,27,2025-05-14,2025-05-15,Periodic Service,Critical,Completed,81504,True
2518,1033,1,110,2025-06-02,2025-06-03,Periodic Service,Medium,Completed,58596,False
2519,1575,12,170,2024-04-13,2024-04-15,Repair,Medium,Completed,59288,False
2520,2546,12,94,2024-09-07,2024-09-08,Periodic Service,Low,Completed,145973,False
2521,519,5,133,2025-02-14,2025-02-16,Repair,High,Completed,140859,True
2522,825,8,156,2025-03-08,2025-03-09,AC Service,High,Completed,46828,False
2523,1517,3,83,2024-06-25,2024-06-28,Body Repair,Low,Completed,68730,False
2524,1909,11,121,2025-04-05,2025-04-06,Brake Service,Low,Completed,59463,False
2525,957,1,147,2024-05-15,2024-05-16,Periodic Service,Low,Completed,36637,False
2526,1176,3,59,2025-08-30,2025-08-31,Periodic Service,Medium,Completed,21470,False
2527,61,9,112,2024-12-05,2024-12-06,Repair,Medium,Completed,61113,False
2528,2156,4,16,2024-05-08,2024-05-12,Body Repair,Low,In Progress,81607,False
2529,1872,9,11,2024-03-25,2024-03-26,Periodic Service,Medium,Completed,118157,True
2530,784,11,54,2024-06-25,2024-06-26,Electrical,Low,Completed,137161,True
2531,284,10,73,2025-03-30,2025-04-01,AC Service,High,Completed,20816,False
2532,744,2,119,2024-05-17,2024-05-18,Brake Service,Medium,Completed,4341,True
2533,203,3,145,2025-11-24,2025-11-28,Body Repair,Medium,Completed,88214,True
2534,977,4,148,2024-02-05,2024-02-06,Brake Service,Low,Completed,56757,False
2535,455,1,154,2024-12-30,,Body Repair,Low,Cancelled,164150,False
2536,1299,15,162,2025-02-21,2025-02-22,Periodic Service,Medium,Completed,129066,False
2537,1125,13,180,2024-06-24,,Repair,Low,Cancelled,142797,True
2538,238,10,73,2024-02-11,2024-02-12,Electrical,Medium,Completed,26426,False
2539,19,9,112,2024-04-11,2024-04-12,Repair,Low,Completed,68104,True
2540,392,6,29,2025-05-11,2025-05-13,Brake Service,Low,Completed,147689,True
2541,1842,11,126,2025-09-16,2025-09-18,Brake Service,Medium,Completed,58941,True
2542,861,10,50,2024-06-06,2024-06-09,Repair,High,Completed,10837,False
2543,2469,15,158,2025-04-12,2025-04-16,Body Repair,Low,Completed,76461,True
2544,1996,9,11,2025-02-18,2025-02-19,Brake Service,Medium,Completed,74124,False
2545,189,8,35,2025-08-19,2025-08-21,Repair,Medium,Completed,21992,False
2546,1272,3,139,2024-07-20,2024-07-21,Brake Service,Low,Completed,84785,False
2547,167,7,124,2024-07-02,2024-07-06,Body Repair,Medium,Completed,88059,False
2548,371,6,51,2024-06-04,2024-06-07,AC Service,Medium,Completed,49705,False
2549,2495,5,4,2024-04-04,,Engine Repair,Low,Cancelled,47400,True
2550,838,12,31,2025-05-31,2025-06-01,Periodic Service,High,In Progress,28565,False
2551,1220,7,108,2025-06-20,2025-06-23,Repair,High,Completed,147942,False
2552,558,6,137,2024-12-04,2024-12-06,Periodic Service,Low,Completed,104553,False
2553,484,15,93,2025-04-14,2025-04-15,Periodic Service,Low,Completed,52908,False
2554,932,15,162,2025-09-19,2025-09-20,Periodic Service,High,Completed,20720,False
2555,483,10,73,2025-12-01,2025-12-02,Periodic Service,Critical,Completed,5267,False
2556,2151,1,2,2024-01-09,2024-01-10,AC Service,Low,Completed,98281,False
2557,653,15,62,2025-10-26,2025-10-28,Periodic Service,Low,Completed,147225,False
2558,551,3,75,2025-06-21,,Repair,Low,Cancelled,5017,True
2559,1153,12,172,2024-06-22,2024-06-23,Periodic Service,Medium,Completed,140185,False
2560,2053,10,78,2024-01-24,2024-01-26,Electrical,Low,Completed,127999,False
2561,261,14,79,2024-02-13,2024-02-15,Repair,Low,Completed,500,False
2562,2547,14,103,2025-03-29,2025-03-30,Brake Service,High,Completed,102323,False
2563,678,15,116,2025-12-13,2025-12-14,Brake Service,High,Completed,68090,False
2564,1976,6,68,2024-08-03,2024-08-07,Body Repair,Low,Completed,55682,True
2565,812,6,51,2025-10-04,2025-10-05,Periodic Service,Low,Completed,112980,True
2566,2074,4,95,2024-06-03,2024-06-08,Body Repair,Medium,Completed,38906,False
2567,1041,11,150,2024-06-17,2024-06-18,AC Service,Medium,Completed,49605,False
2568,225,14,103,2024-11-08,2024-11-10,AC Service,Low,Completed,139507,False
2569,1703,15,63,2024-02-08,2024-02-10,Brake Service,Critical,Completed,21392,False
2570,1739,4,115,2025-09-12,2025-09-13,AC Service,Low,Completed,37068,False
2571,30,10,107,2024-01-09,2024-01-11,Periodic Service,Low,Completed,37038,False
2572,1616,7,77,2025-06-14,2025-06-15,Periodic Service,Medium,Completed,41195,True
2573,2478,12,179,2024-02-07,2024-02-10,Engine Repair,Medium,Completed,141471,True
2574,2047,8,34,2024-02-01,2024-02-02,Repair,Low,Completed,122104,True
2575,1523,12,92,2025-12-12,2025-12-14,Repair,Low,Completed,128060,True
2576,2328,10,78,2025-05-23,2025-05-24,Periodic Service,Low,Completed,29959,False
2577,1145,13,61,2024-01-09,2024-01-12,Repair,Low,Completed,128407,False
2578,639,12,179,2025-07-31,2025-08-02,Periodic Service,Low,Completed,135194,False
2579,161,9,55,2025-01-26,2025-01-28,Repair,Critical,Completed,7172,False
2580,1690,8,34,2025-09-11,2025-09-12,Brake Service,Medium,Completed,123561,False
2581,782,7,19,2025-12-09,2025-12-14,Body Repair,Low,Completed,103973,True
2582,2300,5,144,2024-06-20,2024-06-21,Brake Service,Medium,Completed,500,False
2583,2152,1,86,2025-01-27,2025-02-02,Body Repair,Low,Completed,102954,False
2584,148,5,120,2024-01-28,2024-02-01,Engine Repair,Low,Completed,134235,False
2585,1223,13,142,2025-09-16,2025-09-17,Periodic Service,Medium,Completed,146683,False
2586,2005,8,157,2025-06-28,2025-06-30,Periodic Service,Low,Completed,5282,True
2587,742,11,71,2025-09-13,2025-09-15,AC Service,Medium,Completed,132166,False
2588,186,10,21,2025-01-17,2025-01-22,Body Repair,Low,Completed,80746,False
2589,579,12,94,2024-08-25,2024-08-26,Electrical,Low,Completed,5928,False
2590,2000,13,60,2024-04-23,2024-04-25,Electrical,Low,Completed,109572,True
2591,1370,6,14,2025-07-14,2025-07-15,Periodic Service,High,In Progress,149711,False
2592,855,9,64,2025-07-11,2025-07-13,Periodic Service,Low,Completed,146504,False
2593,2048,4,38,2025-08-10,2025-08-11,Periodic Service,Medium,Completed,27698,True
2594,825,1,147,2025-03-21,2025-03-22,Electrical,Medium,Completed,46509,True
2595,1966,3,98,2024-09-21,2024-09-22,AC Service,High,Completed,29101,False
2596,1018,11,121,2025-12-01,,Repair,High,Cancelled,91451,True
2597,2464,1,86,2025-09-16,2025-09-17,Brake Service,High,In Progress,83553,False
2598,1501,4,95,2024-12-01,2024-12-03,Electrical,Low,Completed,23359,False
2599,2126,1,85,2024-10-27,2024-10-29,Repair,Low,Completed,58482,False
2600,469,9,58,2025-04-14,2025-04-16,Electrical,High,Completed,93351,True
2601,424,10,80,2025-11-22,2025-11-26,Body Repair,Medium,Completed,97311,False
2602,1184,7,161,2024-01-17,2024-01-22,Engine Repair,Medium,Completed,63137,False
2603,1145,8,146,2025-06-03,2025-06-04,Repair,Low,Completed,129046,False
2604,2103,6,68,2024-07-09,2024-07-10,Brake Service,Medium,Completed,67151,False
2605,2506,14,96,2025-05-10,2025-05-11,Periodic Service,Medium,Completed,144003,False
2606,1061,5,44,2025-02-14,2025-02-15,Periodic Service,Low,Completed,48509,False
2607,2276,6,56,2025-04-15,2025-04-17,Repair,High,Completed,161449,False
2608,621,4,1,2024-06-02,2024-06-07,Body Repair,Low,In Progress,18823,False
2609,432,7,124,2025-06-11,2025-06-15,Body Repair,High,Completed,85439,True
2610,1241,5,133,2024-08-16,2024-08-18,Brake Service,Low,Completed,70059,False
2611,2135,6,68,2025-11-13,2025-11-14,Periodic Service,Medium,Completed,46550,False
2612,617,15,116,2025-06-14,2025-06-15,Periodic Service,Low,Completed,13282,False
2613,962,12,94,2024-06-28,2024-07-03,Engine Repair,High,In Progress,147554,True
2614,672,10,72,2025-02-11,2025-02-13,Repair,Medium,Completed,47508,False
2615,292,14,173,2025-04-16,2025-04-17,Brake Service,Medium,Completed,63105,False
2616,2259,11,52,2025-05-28,2025-05-29,Periodic Service,Low,Completed,99876,False
2617,582,7,76,2025-06-09,2025-06-14,Engine Repair,Low,Completed,9513,True
2618,1877,9,164,2024-02-10,2024-02-11,Periodic Service,Low,Completed,19100,False
2619,1745,12,169,2025-11-06,2025-11-07,Repair,Low,In Progress,50579,True
2620,2595,7,124,2024-03-03,2024-03-07,Body Repair,Low,Completed,2132,False
2621,1342,11,26,2025-02-25,2025-02-26,Periodic Service,High,Completed,80202,False
2622,901,7,19,2024-10-13,2024-10-14,Periodic Service,High,Completed,140345,False
2623,1134,1,102,2025-10-16,2025-10-17,AC Service,Low,Completed,135081,False
2624,2193,8,34,2025-06-12,2025-06-16,Body Repair,Medium,Completed,66008,False
2625,1886,7,77,2024-11-06,2024-11-08,Repair,Low,Completed,21923,True
2626,2507,4,16,2025-09-21,2025-09-23,Repair,High,Completed,127378,True
2627,1588,1,102,2024-02-14,2024-02-17,Engine Repair,Low,Completed,149879,True
2628,1956,3,136,2024-09-01,2024-09-03,Body Repair,Low,Completed,98344,False
2629,1566,2,25,2024-05-09,2024-05-14,Engine Repair,High,Completed,22273,False
2630,780,8,157,2024-04-13,2024-04-14,Repair,Medium,Completed,51982,True
2631,47,11,13,2024-03-11,2024-03-12,Periodic Service,Low,Completed,136958,False
2632,1205,10,21,2025-10-04,2025-10-06,Repair,Low,Completed,71617,False
2633,1433,3,59,2025-05-28,2025-05-30,Brake Service,Low,Completed,15611,False
2634,2097,12,141,2025-12-18,2025-12-20,Engine Repair,High,Completed,66671,False
2635,1364,8,160,2025-02-03,2025-02-04,Brake Service,Low,Completed,52553,False
2636,159,4,115,2025-04-05,2025-04-06,Brake Service,Low,Completed,81858,False
2637,320,10,42,2025-04-11,2025-04-12,Brake Service,Medium,Completed,68904,True
2638,2330,11,52,2025-01-30,2025-01-31,Brake Service,Low,Completed,1070,False
2639,999,3,23,2024-09-28,2024-09-29,Periodic Service,Low,Completed,15483,False
2640,1546,14,88,2024-12-17,2024-12-18,Periodic Service,Medium,Completed,137592,True
2641,1324,9,87,2025-10-06,2025-10-08,Repair,Medium,Completed,163383,True
2642,196,11,52,2024-06-26,2024-06-30,Body Repair,Low,In Progress,74768,False
2643,1410,9,109,2024-03-01,2024-03-04,Repair,High,Completed,99584,False
2644,209,14,30,2025-04-13,2025-04-14,AC Service,High,Completed,119359,False
2645,827,4,43,2025-07-16,2025-07-17,Periodic Service,Medium,In Progress,32503,False
2646,824,8,129,2025-05-28,2025-05-30,AC Service,High,Completed,41030,False
2647,904,10,73,2025-02-27,2025-03-02,Repair,Medium,Completed,114373,True
2648,2577,14,118,2025-01-25,2025-01-26,Periodic Service,Medium,Completed,93409,True
2649,588,3,98,2025-05-15,2025-05-16,Periodic Service,Medium,Completed,152593,False
2650,736,1,85,2024-08-02,2024-08-04,Periodic Service,Low,Completed,2573,False
2651,955,14,82,2025-04-03,2025-04-06,AC Service,Medium,Completed,80391,False
2652,1203,9,164,2024-04-06,2024-04-07,Repair,Medium,Completed,71561,True
2653,361,5,5,2024-08-09,2024-08-10,Periodic Service,Medium,Completed,70316,False
2654,1267,14,127,2024-03-06,2024-03-07,Periodic Service,Medium,Completed,45384,False
2655,1461,6,155,2025-07-20,2025-07-24,Body Repair,Low,Completed,101774,False
2656,337,1,86,2024-03-13,2024-03-17,Repair,Low,Completed,63982,False
2657,1856,7,77,2025-12-24,2025-12-26,Repair,Low,Completed,32952,True
2658,2236,9,87,2024-03-08,2024-03-09,AC Service,Low,Completed,119927,False
2659,30,7,161,2024-08-30,2024-09-01,Periodic Service,Medium,Completed,26976,False
2660,1497,6,46,2024-03-09,2024-03-10,Periodic Service,High,Completed,35500,False
2661,1149,5,151,2024-08-31,2024-09-04,Repair,Medium,Completed,103138,True
2662,1920,6,155,2025-07-26,2025-07-27,Periodic Service,Medium,Completed,13502,True
2663,2289,9,164,2024-10-10,2024-10-12,Brake Service,Medium,Completed,156620,False
2664,1531,9,109,2025-06-25,2025-06-30,Body Repair,Medium,Completed,28706,False
2665,512,12,179,2025-01-30,2025-01-31,Periodic Service,Medium,Completed,61987,False
2666,1066,14,97,2024-06-09,2024-06-10,Electrical,Medium,Completed,61391,False
2667,251,6,101,2024-06-22,2024-06-24,AC Service,High,Completed,149721,False
2668,7,8,157,2024-10-11,2024-10-12,Periodic Service,Medium,Completed,15008,False
2669,1130,10,50,2025-12-28,2025-12-31,Body Repair,Critical,Completed,29576,False
2670,1297,8,69,2025-04-05,2025-04-06,Brake Service,Low,Completed,109626,False
2671,28,1,85,2025-04-30,2025-05-01,AC Service,Low,Completed,150046,True
2672,119,9,164,2024-06-21,2024-06-23,Repair,Low,Completed,140720,True
2673,589,9,109,2025-04-14,2025-04-15,Brake Service,Medium,In Progress,76879,True
2674,479,7,74,2024-01-31,2024-02-02,AC Service,Low,Completed,62735,True
2675,886,14,82,2025-12-14,2025-12-15,Repair,Low,Completed,81494,True
2676,617,8,35,2025-03-23,2025-03-24,Periodic Service,Medium,Completed,24007,False
2677,1354,7,161,2024-08-06,2024-08-10,Engine Repair,High,Completed,153484,True
2678,2038,1,110,2024-08-18,2024-08-21,Brake Service,Medium,Completed,94619,False
2679,2445,12,31,2025-10-15,2025-10-17,Periodic Service,High,Completed,39114,False
2680,2287,7,19,2025-12-08,2025-12-09,Repair,Medium,Completed,132645,True
2681,726,10,21,2025-04-02,2025-04-05,Body Repair,Low,Completed,86861,False
2682,101,10,33,2024-04-28,2024-04-30,AC Service,Low,Completed,155333,False
2683,1773,14,127,2025-05-12,2025-05-13,AC Service,Medium,Completed,15219,False
2684,2386,11,126,2024-06-04,2024-06-05,Periodic Service,Medium,Completed,32754,False
2685,1447,9,64,2024-10-24,2024-10-25,Periodic Service,High,Completed,63991,True
2686,202,9,64,2024-05-29,2024-06-04,Body Repair,Low,Completed,37441,False
2687,1879,6,153,2025-02-07,2025-02-10,Engine Repair,Medium,Completed,38167,False
2688,890,10,21,2024-04-24,2024-04-25,Periodic Service,Medium,Completed,139456,True
2689,1240,1,2,2024-04-22,2024-04-27,Engine Repair,Medium,Completed,9939,False
2690,601,9,114,2024-11-16,2024-11-18,Periodic Service,Low,Completed,29922,False
2691,1369,1,154,2024-07-11,2024-07-13,Repair,Low,Completed,46622,True
2692,271,15,162,2025-03-12,2025-03-13,Periodic Service,High,Completed,9087,True
2693,1359,5,44,2024-10-03,2024-10-04,Electrical,Medium,Completed,67324,False
2694,2045,6,101,2024-03-23,2024-03-25,Brake Service,Medium,Completed,131323,False
2695,1195,14,67,2024-01-26,2024-01-27,Brake Service,High,Completed,121292,False
2696,1032,6,51,2024-06-12,2024-06-13,Brake Service,Medium,Completed,17569,True
2697,307,9,58,2025-01-25,2025-01-28,Body Repair,Medium,Completed,116202,False
2698,1771,11,71,2025-10-18,2025-10-20,Brake Service,Medium,Completed,18721,False
2699,128,15,162,2025-03-14,2025-03-18,Body Repair,Medium,Completed,156887,False
2700,568,13,22,2025-12-28,2025-12-29,AC Service,Low,Completed,64406,False
2701,2092,2,89,2024-04-28,2024-04-29,Brake Service,Medium,Completed,134377,False
2702,111,13,178,2024-05-01,,AC Service,Low,Cancelled,40054,False
2703,1960,7,168,2024-12-19,2024-12-25,Body Repair,Low,Completed,147630,False
2704,1607,8,35,2025-05-07,2025-05-08,Brake Service,Low,Completed,141548,True
2705,962,5,151,2025-05-20,2025-05-21,Brake Service,Medium,Completed,143456,False
2706,1899,2,36,2025-06-01,2025-06-04,Electrical,Medium,Completed,42818,False
2707,2563,11,54,2024-07-23,2024-07-29,Body Repair,Low,Completed,39974,True
2708,1128,12,7,2024-11-24,2024-11-25,Periodic Service,Low,Completed,41582,False
2709,192,7,74,2025-03-11,2025-03-15,Body Repair,High,Completed,104531,True
2710,1442,4,43,2024-05-19,2024-05-20,Periodic Service,Low,Completed,159196,False
2711,1304,4,167,2024-12-17,2024-12-18,Periodic Service,Medium,Completed,128526,False
2712,66,9,64,2024-03-04,2024-03-08,Engine Repair,Medium,Completed,33524,True
2713,2584,13,142,2025-07-28,2025-07-29,Periodic Service,Medium,In Progress,123050,False
2714,745,11,54,2025-05-21,2025-05-22,Periodic Service,Low,Completed,81189,False
2715,2147,15,116,2024-12-10,2024-12-14,Engine Repair,Critical,In Progress,111104,False
2716,1671,15,93,2024-04-10,2024-04-11,Electrical,High,Completed,159265,True
2717,423,2,48,2025-06-27,2025-06-28,Brake Service,High,Completed,105738,False
2718,1525,10,33,2025-01-01,2025-01-02,Periodic Service,Medium,Completed,149473,False
2719,169,7,134,2024-08-17,2024-08-19,Periodic Service,Medium,Completed,38309,False
2720,86,5,4,2024-02-09,2024-02-10,Brake Service,Medium,Completed,79315,False
2721,2205,9,149,2025-08-18,2025-08-22,Repair,Medium,Completed,27767,True
2722,672,1,110,2024-07-25,2024-07-26,Periodic Service,Low,In Progress,41837,False
2723,1330,11,13,2024-02-22,2024-02-23,Periodic Service,High,In Progress,1084,False
2724,436,3,18,2024-11-29,2024-12-03,Repair,Low,Completed,127956,True
2725,2390,2,128,2024-04-10,2024-04-11,Periodic Service,Low,In Progress,110812,False
2726,1818,6,51,2025-08-09,2025-08-12,Electrical,Low,Completed,22410,False
2727,222,13,22,2025-03-03,2025-03-04,Periodic Service,Low,Completed,125057,False
2728,2432,5,4,2024-03-25,2024-03-26,Electrical,Medium,Completed,38936,True
2729,447,10,80,2024-02-26,2024-02-27,Periodic Service,Medium,Completed,44720,True
2730,773,3,18,2024-03-25,2024-03-26,Brake Service,Low,Completed,3788,False
2731,185,15,116,2025-12-07,2025-12-08,Electrical,Medium,Completed,115473,True
2732,163,3,163,2024-05-23,2024-05-26,Brake Service,High,Completed,8226,False
2733,1845,1,110,2025-12-25,2025-12-26,AC Service,Low,Completed,156447,False
2734,506,8,27,2025-03-30,2025-04-01,Periodic Service,Low,In Progress,135745,False
2735,1942,9,109,2024-11-04,2024-11-07,Engine Repair,Critical,Completed,500,False
2736,2371,9,64,2025-12-12,2025-12-15,AC Service,Medium,Completed,41680,False
2737,1200,7,77,2025-01-10,2025-01-11,Periodic Service,High,Completed,50185,False
2738,1986,15,177,2024-02-17,2024-02-18,Brake Service,Medium,Completed,147104,False
2739,492,15,62,2025-08-08,2025-08-09,Periodic Service,Medium,Completed,66623,False
2740,1184,10,78,2025-02-16,2025-02-17,Periodic Service,Medium,Completed,54686,False
2741,1749,12,170,2024-04-17,2024-04-19,Periodic Service,Low,Completed,76462,False
2742,417,3,23,2024-11-16,2024-11-17,AC Service,Low,Completed,23923,False
2743,332,14,171,2025-03-23,2025-03-27,Body Repair,Low,Completed,21869,False
2744,2598,11,150,2024-04-10,2024-04-11,Periodic Service,Medium,Completed,38790,False
2745,798,4,38,2025-12-16,2025-12-18,Periodic Service,Medium,Completed,36108,False
2746,1338,3,6,2024-08-01,2024-08-02,Periodic Service,Medium,Completed,32474,False
2747,848,11,121,2025-02-07,2025-02-09,Electrical,Medium,Completed,104476,False
2748,112,8,157,2024-09-26,2024-09-29,Repair,High,Completed,500,False
2749,2155,7,168,2024-04-29,2024-05-01,Electrical,Medium,Completed,134032,True
2750,1666,4,106,2024-03-26,2024-03-27,Periodic Service,Low,Completed,74823,False
2751,1956,1,2,2025-10-26,2025-10-27,Periodic Service,Medium,Completed,101762,False
2752,885,4,95,2024-03-01,2024-03-03,Brake Service,High,Completed,119421,False
2753,1716,15,177,2025-05-13,,Periodic Service,Medium,Cancelled,150034,False
2754,118,3,139,2024-09-07,2024-09-13,Engine Repair,Medium,Completed,122263,True
2755,1292,10,21,2024-09-18,2024-09-19,Periodic Service,Low,Completed,36072,False
2756,1107,3,163,2024-02-29,2024-03-01,Repair,Medium,Completed,8397,False
2757,951,12,141,2025-02-01,2025-02-02,Periodic Service,High,Completed,136010,False
2758,1442,9,112,2024-07-08,2024-07-09,Periodic Service,High,Completed,158365,False
2759,445,5,144,2024-10-04,2024-10-06,Repair,Low,Completed,129051,False
2760,2046,6,165,2024-12-02,2024-12-03,Periodic Service,High,Completed,151757,False
2761,900,6,68,2025-01-14,2025-01-18,Periodic Service,Medium,Completed,63054,False
2762,2364,10,122,2025-03-24,2025-03-26,AC Service,Low,Completed,16612,False
2763,50,7,124,2025-10-03,2025-10-04,Periodic Service,Medium,Completed,115697,False
2764,1236,2,25,2024-09-27,2024-09-28,Periodic Service,Low,Completed,62113,False
2765,1622,6,130,2024-02-06,2024-02-08,Electrical,High,Completed,20297,False
2766,478,11,143,2025-03-12,2025-03-14,Repair,Medium,Completed,141369,False
2767,1409,6,51,2025-01-12,2025-01-14,Repair,Low,In Progress,40327,True
2768,1398,5,44,2024-09-03,2024-09-04,Repair,Low,Completed,137808,True
2769,1078,15,162,2025-06-02,2025-06-04,Repair,Low,In Progress,147133,False
2770,1421,4,106,2025-05-13,2025-05-14,Periodic Service,Medium,Completed,29706,True
2771,817,5,151,2025-04-14,2025-04-16,AC Service,Medium,Completed,95554,False
2772,1997,13,22,2025-09-10,2025-09-11,Periodic Service,Low,Completed,153536,True
2773,485,7,76,2024-12-30,2024-12-31,Electrical,Medium,Completed,28947,False
2774,2129,4,1,2025-07-01,2025-07-02,AC Service,Medium,Completed,18582,False
2775,2290,5,144,2025-09-28,2025-09-30,Repair,Low,Completed,129579,False
2776,1955,10,104,2025-01-10,2025-01-11,Electrical,Medium,In Progress,109255,False
2777,1941,3,145,2024-02-20,2024-02-21,Brake Service,Low,Completed,92650,False
2778,993,13,142,2025-06-06,2025-06-09,Repair,Medium,Completed,51692,True
2779,1460,5,49,2024-03-01,2024-03-03,Brake Service,Medium,Completed,141884,False
2780,2250,9,55,2024-04-04,2024-04-06,Periodic Service,Medium,Completed,141344,False
2781,1687,4,43,2024-06-28,2024-07-01,Repair,High,Completed,153451,False
2782,2506,4,140,2024-01-01,2024-01-02,Periodic Service,Medium,Completed,143898,False
2783,2322,6,111,2025-01-17,2025-01-18,Repair,Low,Completed,37039,False
2784,1605,14,113,2024-01-09,2024-01-12,Brake Service,High,In Progress,6386,False
2785,2398,2,119,2025-10-26,,Repair,Medium,Cancelled,74001,False
2786,1752,15,177,2025-10-23,2025-10-25,Brake Service,Low,Completed,99308,False
2787,1275,12,123,2025-04-16,2025-04-17,Electrical,High,Completed,50341,False
2788,1180,9,112,2024-01-12,2024-01-13,Electrical,Low,Completed,34535,True
2789,615,13,53,2024-11-30,2024-12-01,AC Service,Medium,Completed,56862,False
2790,1102,11,150,2025-03-10,2025-03-15,Body Repair,Medium,Completed,138760,True
2791,23,14,131,2024-07-07,2024-07-08,AC Service,Medium,Completed,68846,False
2792,768,6,111,2024-07-20,2024-07-21,Electrical,Low,Completed,133179,False
2793,1547,14,88,2024-06-22,2024-06-23,Electrical,Low,Completed,143372,False
2794,173,13,60,2025-12-08,2025-12-09,Periodic Service,Low,Completed,70223,False
2795,1101,11,126,2024-08-09,2024-08-10,Electrical,Medium,Completed,71330,False
2796,1682,2,36,2024-11-16,2024-11-18,AC Service,High,Completed,76212,False
2797,2274,13,53,2024-09-01,2024-09-03,Periodic Service,Medium,Completed,28219,False
2798,2020,14,113,2024-12-08,2024-12-09,Repair,Low,Completed,124036,True
2799,1237,4,1,2024-03-18,2024-03-19,Periodic Service,Low,Completed,79481,False
2800,977,3,136,2024-01-21,2024-01-24,AC Service,Medium,Completed,61263,False
2801,170,5,133,2024-04-02,2024-04-03,AC Service,Low,Completed,38621,False
2802,2348,11,71,2025-12-05,2025-12-08,Electrical,Critical,Completed,147612,False
2803,980,1,154,2024-05-04,2024-05-05,Periodic Service,High,Completed,2021,False
2804,1025,14,118,2025-11-18,2025-11-19,Periodic Service,High,Completed,72833,False
2805,868,2,119,2025-04-15,2025-04-16,Periodic Service,Medium,Completed,90626,False
2806,172,14,131,2025-12-01,2025-12-05,Repair,High,Completed,77619,False
2807,2575,14,67,2024-09-14,2024-09-16,Repair,Low,Completed,148842,False
2808,2501,14,79,2024-10-30,2024-10-31,Repair,Low,Completed,147117,False
2809,1281,13,61,2025-12-07,2025-12-09,Periodic Service,Medium,Completed,16442,False
2810,1983,6,14,2025-07-03,2025-07-04,Periodic Service,High,Completed,106072,False
2811,278,15,116,2025-05-08,2025-05-10,Repair,High,Completed,124924,False
2812,1357,15,175,2025-04-18,2025-04-21,Engine Repair,Low,In Progress,148053,False
2813,793,11,15,2025-08-27,2025-08-28,Periodic Service,Medium,Completed,88677,False
2814,2422,1,147,2024-01-20,2024-01-21,AC Service,Low,In Progress,61115,False
2815,1960,14,127,2025-09-17,2025-09-18,Brake Service,Low,Completed,140950,False
2816,744,15,93,2024-05-29,2024-05-30,AC Service,Low,Completed,500,False
2817,1878,15,93,2025-10-30,2025-11-01,Repair,Medium,Completed,73947,True
2818,1383,8,146,2024-04-22,2024-04-26,Body Repair,High,Completed,157494,False
2819,1238,11,26,2025-06-29,2025-07-01,Body Repair,Low,Completed,116402,False
2820,281,3,75,2025-06-03,2025-06-04,Brake Service,Medium,Completed,44295,False
2821,1061,13,178,2024-04-26,2024-04-30,Body Repair,Medium,Completed,58752,True
2822,1101,10,166,2025-03-15,2025-03-17,AC Service,High,In Progress,69434,False
2823,2123,15,158,2025-12-06,,Periodic Service,Medium,Cancelled,58353,False
2824,2258,4,148,2025-09-29,2025-09-30,Repair,High,Completed,73856,False
2825,1618,8,27,2024-12-23,2024-12-25,AC Service,Medium,Completed,85716,False
2826,646,5,49,2024-12-04,2024-12-05,Periodic Service,Low,Completed,12888,False
2827,2467,6,51,2025-01-06,2025-01-07,Brake Service,Low,Completed,107620,False
2828,932,5,44,2025-09-23,2025-09-25,AC Service,Low,Completed,12901,False
2829,339,14,96,2024-08-09,2024-08-11,Repair,High,Completed,147613,True
2830,1270,14,88,2024-03-21,2024-03-27,Body Repair,Low,Completed,5490,True
2831,1139,10,33,2025-12-18,2025-12-22,Body Repair,Low,Completed,57555,False
2832,1641,2,119,2024-08-04,2024-08-07,Repair,Low,Completed,50232,False
2833,138,5,49,2024-03-16,2024-03-18,Repair,Medium,Completed,13622,True
2834,254,8,129,2024-07-26,2024-07-27,Periodic Service,Medium,Completed,87801,False
2835,2195,6,46,2024-04-13,2024-04-14,Periodic Service,Medium,Completed,53619,True
2836,2507,13,152,2025-12-07,2025-12-08,Periodic Service,Medium,Completed,118037,False
2837,1116,4,115,2025-02-24,2025-02-28,Body Repair,Medium,Completed,60364,False
2838,2418,9,114,2025-11-18,2025-11-19,Periodic Service,Medium,Completed,31598,False
2839,624,1,86,2024-10-21,2024-10-23,Repair,Critical,In Progress,148272,True
2840,2395,14,118,2025-04-19,2025-04-23,Body Repair,Medium,Completed,64775,False
2841,454,1,110,2024-01-22,2024-01-23,AC Service,Medium,Completed,9830,True
2842,1860,3,75,2024-09-01,2024-09-03,Repair,High,Completed,110764,False
2843,1293,1,2,2025-09-13,2025-09-15,Electrical,Medium,Completed,27241,False
2844,696,5,105,2024-12-25,2024-12-30,Engine Repair,Low,Completed,69226,False
2845,2191,6,46,2024-09-24,2024-09-29,Body Repair,Medium,Completed,115259,False
2846,591,12,92,2024-05-28,2024-05-29,AC Service,Low,Completed,34716,True
2847,1053,11,150,2024-07-14,2024-07-15,Repair,Medium,Completed,135473,True
2848,1147,6,68,2025-05-04,2025-05-06,Electrical,Low,Completed,116053,False
2849,2474,4,1,2024-12-25,2024-12-26,Repair,Medium,Completed,72239,False
2850,1536,13,174,2024-09-21,2024-09-22,Periodic Service,High,Completed,11969,False
2851,2518,4,16,2024-03-25,2024-03-27,Periodic Service,Medium,Completed,64126,True
2852,2490,6,29,2025-10-02,2025-10-03,Repair,High,Completed,52419,False
2853,2425,14,173,2024-12-02,2024-12-04,Brake Service,Low,Completed,66697,True
2854,2549,5,135,2025-04-21,2025-04-22,Periodic Service,Medium,In Progress,147611,False
2855,1894,4,148,2024-11-07,2024-11-11,Repair,High,Completed,58954,True
2856,501,7,77,2025-11-21,2025-11-22,Periodic Service,Low,Completed,500,False
2857,17,12,169,2025-10-07,2025-10-08,AC Service,Medium,Completed,110100,False
2858,143,6,51,2025-02-09,2025-02-11,Repair,Low,Completed,80622,False
2859,1885,12,179,2024-12-25,2024-12-26,Periodic Service,High,Completed,131425,False
2860,1978,10,72,2024-07-13,2024-07-15,Periodic Service,Low,Completed,128162,False
2861,1455,4,106,2025-05-08,2025-05-09,Repair,Low,Completed,10960,False
2862,382,15,63,2025-11-25,2025-11-29,Body Repair,Critical,In Progress,24811,False
2863,186,2,40,2024-01-23,2024-01-24,Periodic Service,Medium,Completed,75015,False
2864,244,13,174,2024-04-28,2024-05-02,Body Repair,Medium,In Progress,41194,False
2865,180,12,7,2025-08-10,2025-08-11,Periodic Service,Medium,Completed,108221,False
2866,416,13,178,2025-07-15,2025-07-18,Repair,Low,Completed,500,True
2867,1574,8,157,2024-01-27,2024-01-28,Repair,Medium,Completed,65701,True
2868,2174,3,163,2025-04-24,2025-04-25,Periodic Service,Medium,Completed,148803,True
2869,1015,4,1,2025-11-21,2025-11-26,Repair,Low,In Progress,97718,False
2870,1217,9,109,2024-12-10,2024-12-12,Periodic Service,Medium,Completed,49502,False
2871,2475,6,155,2024-02-08,2024-02-11,Brake Service,Critical,Completed,23316,False
2872,319,9,87,2024-04-27,2024-04-28,Brake Service,Medium,Completed,103844,False
2873,2478,10,50,2025-03-31,2025-04-02,Periodic Service,Medium,Completed,150106,False
2874,2192,15,116,2024-03-11,2024-03-12,Brake Service,Medium,In Progress,37791,False
2875,644,9,112,2025-07-17,2025-07-18,Periodic Service,Medium,Completed,85773,False
2876,722,9,149,2025-03-19,2025-03-21,AC Service,Medium,Completed,111950,False
2877,444,6,68,2025-01-28,2025-01-29,Electrical,Low,Completed,14335,False
2878,695,2,40,2024-11-09,2024-11-10,Repair,Low,Completed,110406,False
2879,1282,15,175,2025-05-18,2025-05-19,Periodic Service,High,Completed,136138,False
2880,362,7,77,2024-08-10,2024-08-11,Periodic Service,Low,Completed,33971,True
2881,712,1,85,2024-08-04,2024-08-07,Repair,Low,Completed,500,False
2882,712,10,73,2025-07-15,2025-07-16,Periodic Service,High,Completed,6161,False
2883,2018,8,160,2024-03-06,2024-03-09,Repair,Low,Completed,120141,False
2884,943,1,147,2024-07-15,2024-07-16,Periodic Service,Medium,In Progress,50115,False
2885,859,7,168,2025-12-10,2025-12-12,AC Service,High,Completed,4508,True
2886,431,8,157,2024-09-19,2024-09-24,Body Repair,High,Completed,73909,True
2887,1889,3,83,2024-10-16,2024-10-17,Repair,High,Completed,64329,True
2888,1293,1,2,2024-02-23,2024-02-25,Electrical,High,Completed,17865,True
2889,1141,8,27,2024-05-02,2024-05-06,Body Repair,Medium,In Progress,11765,False
2890,2096,12,7,2025-09-18,2025-09-19,Brake Service,Low,In Progress,114713,False
2891,1345,8,129,2024-03-19,2024-03-21,Electrical,High,Completed,86522,True
2892,1215,8,146,2024-12-18,2024-12-19,Brake Service,Medium,Completed,136859,False
2893,183,9,39,2025-08-19,2025-08-20,AC Service,Low,Completed,500,False
2894,690,1,2,2025-01-03,2025-01-04,Electrical,Low,Completed,114911,False
2895,778,2,128,2024-04-20,2024-04-23,Repair,Medium,Completed,92217,True
2896,2215,6,138,2025-09-11,2025-09-13,Repair,High,Completed,87969,False
2897,757,12,169,2025-11-12,2025-11-14,Repair,Medium,Completed,5606,True
2898,1101,10,42,2024-04-21,2024-04-26,Body Repair,Medium,Completed,68731,False
2899,1775,13,24,2025-06-05,2025-06-06,Brake Service,Medium,Completed,89049,True
2900,419,5,151,2024-08-08,2024-08-10,Electrical,Medium,In Progress,116708,True
2901,999,13,90,2025-10-29,2025-10-30,AC Service,High,Completed,24951,True
2902,1705,12,47,2024-02-15,2024-02-16,Periodic Service,Medium,Completed,9927,False
2903,163,1,2,2024-03-08,2024-03-09,Electrical,Low,Completed,6015,True
2904,644,13,91,2024-01-10,2024-01-11,Periodic Service,Low,Completed,84059,True
2905,1395,9,125,2025-03-16,2025-03-20,Engine Repair,Low,In Progress,12760,True
2906,718,6,176,2025-07-05,2025-07-06,Electrical,High,Completed,77820,True
2907,394,5,133,2024-10-22,2024-10-23,Periodic Service,Low,Completed,134623,False
2908,3,11,150,2024-04-20,2024-04-22,AC Service,Medium,Completed,146422,False
2909,2470,10,21,2025-02-14,2025-02-15,AC Service,Low,Completed,38069,True
2910,2285,13,65,2024-02-18,2024-02-19,Periodic Service,Medium,Completed,101624,False
2911,1828,14,113,2025-11-20,2025-11-22,Repair,Low,Completed,118919,True
2912,420,7,168,2025-03-08,2025-03-11,Body Repair,Medium,Completed,72181,True
2913,88,10,80,2024-08-16,2024-08-23,Body Repair,Low,Completed,8838,False
2914,2294,8,27,2025-06-19,2025-06-24,Engine Repair,Low,Completed,97801,True
2915,651,7,76,2025-11-29,2025-12-01,Electrical,Low,Completed,120941,False
2916,1277,5,81,2025-12-02,2025-12-04,Periodic Service,Low,Completed,45502,False
2917,787,3,59,2025-05-17,2025-05-21,Engine Repair,Low,Completed,105681,False
2918,2227,13,90,2025-10-20,2025-10-21,Periodic Service,Low,Completed,91337,False
2919,33,7,124,2025-03-18,2025-03-21,Electrical,High,Completed,155173,True
2920,204,10,72,2024-01-30,2024-02-03,Engine Repair,High,Completed,92626,False
2921,2534,9,125,2024-03-12,2024-03-13,Periodic Service,Low,In Progress,35805,False
2922,906,6,138,2024-12-11,2024-12-13,AC Service,Low,In Progress,142881,False
2923,2353,3,59,2024-11-22,2024-11-28,Body Repair,Low,Completed,23396,False
2924,2467,9,58,2025-04-26,2025-04-29,Periodic Service,Low,In Progress,113535,False
2925,2341,5,135,2025-01-18,2025-01-22,Body Repair,Medium,Completed,99361,False
2926,1016,11,143,2024-07-27,2024-07-28,Periodic Service,Low,Completed,70448,False
2927,2356,9,39,2024-09-11,2024-09-15,Repair,Low,Completed,120777,True
2928,760,3,23,2024-02-23,2024-02-27,Engine Repair,Medium,Completed,150489,False
2929,389,1,85,2025-09-09,2025-09-10,Brake Service,High,Completed,10677,False
2930,813,5,120,2025-01-14,2025-01-17,AC Service,Medium,Completed,103695,False
2931,1490,8,160,2025-07-17,,Periodic Service,Low,Cancelled,79236,False
2932,2573,6,101,2025-08-14,2025-08-15,Brake Service,Critical,Completed,68506,False
2933,429,13,41,2024-06-12,2024-06-18,Engine Repair,High,Completed,38308,False
2934,809,6,111,2025-07-22,2025-07-24,Repair,Low,Completed,19252,True
2935,2385,4,1,2024-10-14,2024-10-15,Repair,Medium,Completed,18866,False
2936,465,4,115,2024-04-29,2024-04-30,Periodic Service,Medium,Completed,87005,False
2937,1041,1,2,2024-08-24,2024-08-25,Periodic Service,High,Completed,49549,True
2938,1200,9,164,2025-11-22,2025-11-23,Periodic Service,Low,Completed,53069,False
2939,369,12,172,2025-04-10,2025-04-11,AC Service,Low,Completed,52199,True
2940,2068,10,21,2025-09-13,2025-09-14,Brake Service,Low,Completed,75067,False
2941,1716,11,150,2024-04-14,2024-04-15,AC Service,Low,Completed,138905,False
2942,448,14,88,2025-10-10,2025-10-11,Periodic Service,Low,Completed,117721,False
2943,2328,6,111,2025-12-28,2026-01-02,Engine Repair,High,Completed,29456,False
2944,9,3,6,2024-02-08,2024-02-09,Periodic Service,Medium,Completed,88069,False
2945,536,14,88,2025-04-24,2025-04-27,Body Repair,High,Completed,110262,False
2946,2525,6,29,2024-03-17,2024-03-22,Body Repair,High,Completed,92861,False
2947,2234,11,71,2025-01-19,2025-01-20,Brake Service,Low,Completed,126043,False
2948,489,14,82,2025-12-19,2025-12-24,Engine Repair,Medium,Completed,71623,True
2949,1327,9,87,2024-01-13,2024-01-18,Engine Repair,Medium,In Progress,41894,True
2950,2452,6,130,2025-10-05,2025-10-11,Body Repair,Medium,Completed,58737,False
2951,355,8,35,2024-04-16,2024-04-19,Brake Service,Medium,Completed,58535,False
2952,2174,13,174,2024-10-23,2024-10-24,Brake Service,Low,Completed,150042,False
2953,645,10,166,2025-08-23,2025-08-26,Repair,Medium,Completed,60445,False
2954,320,15,162,2024-05-02,2024-05-03,Periodic Service,Medium,Completed,70337,False
2955,1176,3,59,2024-04-18,2024-04-19,Brake Service,Low,Completed,17622,True
2956,1025,15,177,2024-09-17,2024-09-18,Electrical,Low,Completed,76863,False
2957,503,5,135,2024-04-27,2024-04-29,Electrical,Low,Completed,120438,False
2958,1101,14,173,2025-02-07,2025-02-08,Brake Service,Low,Completed,71118,False
2959,872,13,60,2024-11-09,2024-11-10,Periodic Service,Low,Completed,129232,False
2960,2535,14,37,2024-05-10,2024-05-14,Engine Repair,Medium,Completed,71610,True
2961,2370,3,98,2024-11-03,2024-11-06,Body Repair,Low,Completed,115303,True
2962,75,3,132,2024-10-17,2024-10-21,Engine Repair,Medium,Completed,63630,False
2963,360,2,84,2024-12-07,2024-12-10,Repair,Medium,Completed,139261,True
2964,1627,2,84,2024-05-11,2024-05-12,Electrical,High,Completed,148749,True
2965,1448,3,59,2025-08-23,2025-08-26,Brake Service,Low,Completed,14081,False
2966,36,4,115,2024-05-11,2024-05-12,AC Service,Medium,Completed,114671,False
2967,1896,11,121,2024-04-12,,Periodic Service,Low,Cancelled,79635,False
2968,1601,8,146,2024-05-14,2024-05-16,Repair,Low,Completed,40287,False
2969,2543,15,175,2024-07-19,2024-07-21,Brake Service,Low,Completed,100871,True
2970,951,14,96,2025-06-26,2025-07-01,Body Repair,Low,Completed,145212,True
2971,1027,6,155,2024-10-06,2024-10-07,Brake Service,High,Completed,16008,False
2972,364,7,124,2024-11-05,2024-11-09,Body Repair,Medium,Completed,59452,False
2973,940,11,71,2024-05-08,2024-05-09,Brake Service,Low,Completed,37114,False
2974,1649,9,55,2025-11-29,,Electrical,Low,Cancelled,72833,False
2975,218,11,13,2025-09-15,2025-09-18,Repair,Low,Completed,56887,False
2976,2034,1,102,2025-06-13,2025-06-14,Periodic Service,Low,Completed,14734,False
2977,762,12,170,2024-06-12,2024-06-13,AC Service,High,Completed,11440,True
2978,569,4,115,2024-03-22,2024-03-23,AC Service,High,Completed,142123,False
2979,1112,14,113,2025-09-24,2025-09-25,AC Service,High,In Progress,86010,False
2980,1182,3,3,2025-06-18,2025-06-19,Periodic Service,High,Completed,65237,True
2981,1678,9,11,2025-11-14,2025-11-16,Periodic Service,High,Completed,90813,False
2982,489,2,45,2025-07-25,2025-07-26,Electrical,Low,Completed,70927,True
2983,687,10,10,2024-10-23,2024-10-24,Repair,Medium,Completed,4920,False
2984,946,12,7,2024-08-14,2024-08-20,Body Repair,High,Completed,112341,False
2985,868,2,119,2024-09-09,2024-09-12,Periodic Service,Medium,Completed,85971,False
2986,1527,3,59,2025-10-20,2025-10-25,Body Repair,Medium,Completed,60991,False
2987,298,13,178,2025-09-01,2025-09-02,Repair,Low,Completed,24747,False
2988,1274,8,27,2024-08-14,2024-08-19,Engine Repair,Medium,Completed,132905,False
2989,1594,8,35,2025-12-23,2025-12-24,Electrical,Medium,Completed,62139,False
2990,1079,15,158,2024-07-05,2024-07-06,Brake Service,Critical,Completed,7229,False
2991,2168,3,132,2024-06-11,,Engine Repair,Low,Cancelled,30963,True
2992,890,8,129,2024-03-04,2024-03-05,Periodic Service,Low,Completed,139390,False
2993,457,15,116,2025-09-22,2025-09-26,Engine Repair,Medium,Completed,71711,False
2994,2293,9,39,2024-04-28,2024-04-29,AC Service,Low,In Progress,88935,False
2995,989,15,116,2025-02-24,2025-02-25,Repair,Medium,Completed,157373,False
2996,140,8,69,2024-09-25,2024-09-26,Periodic Service,Low,Completed,47490,False
2997,2122,9,39,2025-09-12,2025-09-14,Electrical,Low,Completed,95517,False
2998,2082,15,63,2024-01-14,2024-01-15,Periodic Service,Medium,Completed,113342,False
2999,422,8,146,2024-09-01,2024-09-02,AC Service,Low,Completed,41184,False
3000,1679,15,93,2024-10-15,2024-10-16,Periodic Service,Medium,Completed,94707,False
3001,1999,9,149,2024-10-12,2024-10-14,Repair,Low,Completed,33390,False
3002,2065,8,34,2024-07-08,2024-07-11,Body Repair,Medium,Completed,107500,False
3003,1448,5,151,2025-07-31,2025-08-02,AC Service,Medium,Completed,11637,False
3004,753,11,71,2025-10-25,2025-10-26,Periodic Service,Low,Completed,71839,True
3005,2175,15,116,2024-06-14,2024-06-15,Periodic Service,Medium,In Progress,16320,False
3006,296,4,95,2025-10-28,2025-10-29,Repair,Low,Completed,118045,False
3007,1491,15,175,2024-09-08,2024-09-10,Repair,Medium,Completed,34810,False
3008,1563,14,88,2024-04-15,2024-04-16,Brake Service,Medium,Completed,43230,False
3009,556,4,16,2025-12-03,,Periodic Service,Low,Cancelled,57050,False
3010,874,9,149,2025-01-25,2025-01-26,Brake Service,Medium,Completed,40031,False
3011,195,2,45,2024-02-16,2024-02-17,Periodic Service,Medium,Completed,54486,True
3012,1631,4,16,2024-02-21,2024-02-22,Repair,Medium,Completed,131356,True
3013,2238,11,71,2025-03-15,2025-03-16,Periodic Service,Medium,Completed,32243,False
3014,497,14,127,2025-11-13,2025-11-14,Repair,Low,Completed,23453,True
3015,1984,5,5,2025-07-02,2025-07-04,Periodic Service,Low,Completed,28168,False
3016,67,7,159,2024-04-06,2024-04-12,Body Repair,Low,Completed,74996,False
3017,632,10,166,2024-06-04,2024-06-05,Electrical,Medium,Completed,128768,False
3018,491,8,129,2025-11-04,2025-11-05,Periodic Service,Low,Completed,146711,False
3019,751,13,174,2025-03-17,2025-03-20,Engine Repair,Low,Completed,63377,True
3020,2243,9,125,2024-08-09,2024-08-10,Repair,Medium,Completed,128199,True
3021,2041,9,11,2024-07-03,2024-07-08,Body Repair,High,Completed,118535,False
3022,198,2,119,2024-10-25,2024-10-27,Repair,Low,Completed,134543,True
3023,2543,3,139,2024-08-07,2024-08-08,Periodic Service,Low,Completed,108155,False
3024,256,11,15,2025-06-10,2025-06-11,Electrical,Medium,Completed,145672,True
3025,532,6,101,2024-11-10,2024-11-12,Electrical,Medium,Completed,9228,False
3026,854,2,84,2025-06-18,2025-06-19,Periodic Service,Medium,Completed,128673,False
3027,813,11,52,2024-01-05,2024-01-08,Engine Repair,Low,Completed,102938,True
3028,707,14,113,2025-10-12,2025-10-15,Repair,High,Completed,141529,True
3029,2076,10,50,2024-04-20,2024-04-23,Repair,Low,Completed,76700,False
3030,784,10,72,2025-09-26,2025-09-27,AC Service,Medium,Completed,141439,False
3031,1954,14,96,2024-10-16,2024-10-22,Body Repair,Low,Completed,143862,True
3032,2207,14,131,2025-12-01,2025-12-04,Repair,Medium,Completed,45826,False
3033,826,2,28,2025-07-07,2025-07-10,Brake Service,Medium,Completed,99071,False
3034,1619,1,147,2024-11-05,2024-11-06,Periodic Service,Low,Completed,67983,False
3035,161,4,43,2024-01-11,2024-01-12,Periodic Service,Low,Completed,2936,False
3036,1121,11,15,2025-09-30,2025-10-03,AC Service,Medium,Completed,144045,False
3037,1911,1,102,2024-01-05,2024-01-09,Engine Repair,High,Completed,143691,False
3038,607,14,113,2025-12-23,2025-12-28,Engine Repair,High,Completed,39391,False
3039,1147,6,14,2024-03-23,2024-03-29,Body Repair,Medium,Completed,105593,False
3040,497,3,145,2024-01-01,2024-01-02,Brake Service,Medium,Completed,11577,False
3041,662,11,143,2024-09-25,2024-09-28,Repair,Low,Completed,72043,False
3042,876,6,68,2024-12-01,2024-12-03,AC Service,Low,Completed,33923,False
3043,2210,11,54,2024-02-22,2024-02-25,Electrical,High,In Progress,31658,True
3044,1291,2,9,2024-08-16,2024-08-17,Periodic Service,Critical,Completed,500,False
3045,742,15,175,2024-03-16,2024-03-17,Electrical,Low,Completed,140619,True
3046,2434,9,64,2024-06-27,2024-06-29,Electrical,Low,In Progress,138821,False
3047,1351,13,178,2025-05-14,2025-05-15,Brake Service,Medium,Completed,30223,False
3048,2201,6,176,2024-10-03,2024-10-06,AC Service,Medium,Completed,117118,False
3049,277,5,81,2025-08-14,2025-08-18,Body Repair,Low,Completed,7508,False
3050,970,2,40,2024-01-08,2024-01-10,Repair,Low,Completed,147475,False
3051,56,12,117,2024-01-01,2024-01-03,Periodic Service,Low,Completed,5810,False
3052,1526,3,23,2025-08-30,2025-08-31,Electrical,Low,Completed,66386,False
3053,22,11,150,2025-12-17,2025-12-21,Engine Repair,Medium,Completed,13717,True
3054,2560,10,122,2025-10-29,2025-10-31,Brake Service,High,Completed,144834,False
3055,45,9,58,2024-05-29,2024-05-30,AC Service,Medium,In Progress,61306,True
3056,2231,12,92,2024-02-13,2024-02-15,Brake Service,Low,Completed,58983,False
3057,2414,13,41,2025-01-27,2025-01-29,AC Service,Medium,Completed,59612,False
3058,1218,10,21,2024-11-11,2024-11-13,Repair,Medium,Completed,79819,True
3059,568,1,147,2024-07-21,2024-07-25,Body Repair,Medium,Completed,55629,False
3060,1584,7,161,2024-06-13,2024-06-14,Periodic Service,Medium,Completed,500,False
3061,1241,4,38,2025-09-23,2025-09-25,Brake Service,Medium,Completed,73982,False
3062,2100,1,102,2025-06-15,2025-06-16,Periodic Service,High,Completed,52577,False
3063,423,10,73,2025-11-24,2025-11-25,Repair,Medium,Completed,100980,True
3064,1152,10,33,2025-11-12,2025-11-13,Electrical,High,Completed,33882,False
3065,62,9,55,2024-10-02,2024-10-05,Repair,Low,Completed,19156,True
3066,829,11,126,2025-03-15,2025-03-16,Brake Service,Low,Completed,137830,True
3067,253,1,86,2025-10-07,2025-10-09,Repair,Medium,Completed,24394,True
3068,1728,6,130,2024-02-12,2024-02-13,Periodic Service,High,Completed,107182,False
3069,2362,14,30,2025-10-21,2025-10-24,Engine Repair,Low,Completed,132686,True
3070,776,3,6,2024-04-13,2024-04-15,Periodic Service,Medium,Completed,25990,False
3071,640,13,174,2024-06-20,2024-06-21,Electrical,High,Completed,148244,True
3072,597,7,124,2025-03-10,2025-03-11,Periodic Service,Low,Completed,96416,False
3073,715,3,23,2024-12-09,2024-12-14,Engine Repair,Low,Completed,15852,False
3074,806,5,133,2025-12-06,2025-12-07,AC Service,Low,Completed,130366,False
3075,1056,2,48,2024-02-12,2024-02-14,Repair,Medium,Completed,133172,False
3076,83,9,64,2025-04-07,2025-04-08,Periodic Service,Low,Completed,26243,True
3077,236,14,30,2024-07-28,2024-07-29,Periodic Service,High,Completed,77712,True
3078,1035,8,69,2025-11-25,2025-11-26,Repair,Low,Completed,92030,False
3079,1450,11,71,2024-05-05,2024-05-07,Repair,High,Completed,90189,False
3080,1224,12,170,2025-10-13,2025-10-15,AC Service,Low,Completed,132592,True
3081,1207,1,102,2024-11-14,2024-11-15,Electrical,Medium,Completed,84359,True
3082,267,7,124,2024-03-15,2024-03-19,Engine Repair,Low,Completed,11960,True
3083,1416,4,16,2024-01-08,2024-01-09,Periodic Service,Low,Completed,134538,False
3084,2330,10,73,2025-07-18,2025-07-21,Repair,High,In Progress,500,False
3085,842,5,105,2025-01-25,2025-01-26,Periodic Service,Medium,Completed,30421,False
3086,858,1,102,2025-07-31,2025-08-01,Periodic Service,High,Completed,79188,False
3087,405,10,72,2025-03-09,,Repair,Low,Cancelled,13751,True
3088,486,8,69,2025-03-20,2025-03-23,Repair,Low,Completed,31458,True
3089,186,10,12,2024-06-12,2024-06-13,Periodic Service,Medium,Completed,84991,False
3090,857,1,147,2025-05-21,2025-05-25,Body Repair,Medium,In Progress,54242,False
3091,238,14,79,2024-07-25,2024-07-29,Engine Repair,Medium,Completed,13746,False
3092,759,14,173,2024-07-22,2024-07-23,AC Service,Low,Completed,92236,False
3093,2068,7,19,2025-05-01,2025-05-03,Repair,High,Completed,74482,True
3094,87,14,96,2024-08-20,2024-08-21,Periodic Service,Low,Completed,64753,False
3095,1300,13,152,2024-08-07,2024-08-09,Repair,Medium,Completed,127399,False
3096,106,2,25,2024-05-26,2024-05-27,AC Service,Low,Completed,106419,False
3097,782,13,60,2025-11-27,2025-11-29,Periodic Service,High,Completed,94106,True
3098,137,10,104,2024-12-29,2025-01-02,Engine Repair,Medium,Completed,500,True
3099,2417,14,88,2024-02-04,2024-02-05,AC Service,Medium,Completed,500,False
3100,875,14,118,2024-04-30,2024-05-05,Repair,Medium,Completed,145514,False
3101,1358,14,88,2024-08-08,2024-08-11,Body Repair,Low,In Progress,11767,True
3102,1036,3,23,2025-12-22,2025-12-24,Electrical,High,Completed,65240,False
3103,244,6,29,2025-09-21,2025-09-25,Body Repair,Medium,Completed,48169,False
3104,1789,11,121,2024-07-16,2024-07-18,Repair,High,Completed,52639,True
3105,485,9,64,2025-04-09,2025-04-10,Periodic Service,High,Completed,19743,False
3106,1231,1,86,2025-06-24,2025-06-27,Body Repair,Low,Completed,88031,False
3107,2335,3,83,2025-02-02,2025-02-03,Brake Service,Low,Completed,74994,True
3108,1275,9,112,2025-05-12,2025-05-13,Periodic Service,Medium,Completed,48417,False
3109,1800,14,88,2024-08-12,2024-08-13,Periodic Service,Medium,Completed,122591,False
3110,338,13,152,2025-07-06,2025-07-08,Repair,Medium,Completed,34575,True
3111,1729,10,72,2025-03-14,2025-03-17,Periodic Service,Low,Completed,500,False
3112,2227,1,85,2024-10-25,2024-10-26,Periodic Service,High,Completed,100199,False
3113,1057,12,179,2025-03-19,2025-03-22,Repair,Medium,Completed,128206,False
3114,825,3,136,2025-09-05,2025-09-06,Periodic Service,Medium,Completed,52785,False
3115,371,1,110,2025-08-03,2025-08-04,Periodic Service,Medium,Completed,43508,True
3116,1113,7,76,2025-12-14,2025-12-16,Repair,Low,Completed,117457,True
3117,1486,11,15,2024-11-27,2024-11-28,Repair,Low,Completed,95007,False
3118,835,10,33,2024-08-27,2024-08-28,Periodic Service,High,Completed,78267,False
3119,78,6,56,2024-05-01,2024-05-02,Periodic Service,Critical,Completed,153921,False
3120,411,10,42,2025-05-15,2025-05-16,Brake Service,Medium,Completed,121304,False
3121,1092,12,123,2024-07-22,2024-07-24,AC Service,Medium,Completed,15183,False
3122,1977,10,122,2024-07-14,2024-07-19,Engine Repair,Low,Completed,134829,False
3123,1778,10,80,2024-10-13,2024-10-16,Electrical,Medium,Completed,118680,True
3124,125,3,145,2025-12-04,2025-12-06,Periodic Service,Low,Completed,114816,False
3125,2401,5,135,2025-09-09,2025-09-11,Engine Repair,Low,Completed,11618,False
3126,993,2,48,2024-04-10,2024-04-11,AC Service,Medium,Completed,48549,False
3127,2542,12,99,2024-05-26,2024-05-27,Periodic Service,Low,Completed,118135,True
3128,1742,15,175,2024-01-06,2024-01-11,Body Repair,Medium,Completed,146914,False
3129,370,7,74,2024-09-25,2024-09-27,AC Service,Low,Completed,83490,True
3130,1544,3,18,2024-01-30,2024-01-31,Brake Service,Low,Completed,88306,False
3131,1881,8,35,2024-10-16,2024-10-19,Repair,Medium,Completed,70017,True
3132,1549,6,68,2024-05-07,2024-05-08,Periodic Service,High,Completed,5891,False
3133,1490,11,15,2025-10-02,2025-10-03,Brake Service,High,Completed,77237,False
3134,910,1,154,2024-09-12,2024-09-16,Engine Repair,High,In Progress,58970,False
3135,2300,10,10,2025-04-11,2025-04-12,Periodic Service,Medium,Completed,7904,True
3136,1004,2,48,2025-02-07,2025-02-08,Brake Service,Low,Completed,153307,False
3137,1740,11,13,2024-09-15,2024-09-19,Engine Repair,Medium,Completed,140510,False
3138,2503,6,56,2025-03-02,2025-03-03,Repair,Low,Completed,117474,False
3139,817,15,63,2025-05-07,2025-05-08,Brake Service,Low,Completed,85541,False
3140,1884,2,9,2024-11-05,2024-11-08,Repair,Medium,Completed,78113,False
3141,2059,11,15,2025-10-18,2025-10-19,AC Service,Medium,Completed,104468,False
3142,2439,14,37,2024-02-29,2024-03-01,Repair,Critical,Completed,21041,False
3143,113,10,166,2024-11-11,2024-11-12,Repair,Medium,Completed,149907,True
3144,2007,13,152,2025-04-23,2025-04-24,Repair,High,Completed,46562,False
3145,1340,5,5,2024-05-15,2024-05-17,Electrical,Medium,Completed,156796,False
3146,1835,10,12,2024-12-28,2024-12-30,Repair,Medium,Completed,7817,True
3147,774,2,8,2024-11-23,2024-11-24,Brake Service,Medium,Completed,143258,True
3148,1630,8,129,2024-10-23,2024-10-24,Periodic Service,Medium,Completed,57797,False
3149,1957,10,122,2024-04-13,,Periodic Service,Medium,Cancelled,135209,False
3150,479,5,5,2024-01-24,2024-01-25,Brake Service,Medium,Completed,62285,True
3151,408,8,156,2025-11-07,2025-11-10,Periodic Service,Medium,Completed,24959,True
3152,1586,3,83,2024-12-29,2025-01-01,Periodic Service,High,Completed,111796,False
3153,2050,10,21,2024-07-06,2024-07-10,AC Service,Low,Completed,52504,False
3154,994,2,70,2025-02-08,2025-02-10,Repair,Medium,Completed,500,True
3155,2106,2,89,2025-07-27,2025-07-28,Repair,Low,Completed,157138,True
3156,1448,8,146,2025-10-02,2025-10-03,AC Service,Low,Completed,15002,False
3157,1623,13,90,2025-06-13,2025-06-18,Body Repair,High,Completed,93522,False
3158,1653,13,65,2025-11-17,2025-11-18,Repair,Medium,Completed,159297,False
3159,954,4,38,2024-06-05,2024-06-08,Engine Repair,High,Completed,14996,False
3160,865,9,11,2025-09-23,2025-09-25,Repair,Medium,Completed,9350,True
3161,1625,8,34,2025-03-18,2025-03-19,Brake Service,Medium,Completed,154660,False
3162,1117,4,43,2024-09-08,2024-09-10,Repair,Medium,Completed,33929,True
3163,2466,3,3,2024-03-10,2024-03-11,Brake Service,High,Completed,26678,False
3164,2585,7,77,2025-06-12,2025-06-13,Brake Service,Medium,Completed,13085,False
3165,980,15,63,2025-02-18,2025-02-19,Repair,Medium,In Progress,500,True
3166,196,1,86,2024-02-03,2024-02-04,Repair,High,Completed,70233,True
3167,1624,14,79,2024-04-12,2024-04-13,AC Service,Low,Completed,152654,False
3168,1263,2,9,2025-02-02,2025-02-03,AC Service,Medium,Completed,148823,False
3169,1584,12,47,2025-02-24,2025-02-28,Engine Repair,Low,Completed,500,True
3170,2373,5,133,2024-06-08,2024-06-10,Periodic Service,Medium,Completed,123510,False
3171,236,14,79,2024-08-22,2024-08-26,Body Repair,Medium,In Progress,80638,False
3172,49,8,129,2025-08-30,2025-09-01,Brake Service,Medium,Completed,10663,False
3173,1146,8,27,2025-08-08,2025-08-14,Body Repair,Low,Completed,25772,False
3174,1903,15,177,2025-12-24,2025-12-25,Periodic Service,Low,Completed,27507,False
3175,1536,11,121,2024-06-05,2024-06-06,Repair,High,Completed,9906,True
3176,1252,7,168,2025-07-22,2025-07-23,AC Service,High,Completed,97182,False
3177,2352,10,10,2025-03-15,2025-03-16,Repair,Low,Completed,69076,True
3178,956,10,42,2024-10-28,2024-10-29,Periodic Service,Low,Completed,126707,False
3179,1382,7,19,2025-09-12,2025-09-13,Electrical,Medium,Completed,76771,False
3180,938,8,146,2024-07-12,2024-07-13,Periodic Service,Low,Completed,46453,False
3181,371,13,60,2025-11-11,2025-11-12,Brake Service,Medium,Completed,56224,False
3182,1926,14,113,2025-05-15,2025-05-16,Brake Service,Low,Completed,16924,True
3183,1591,14,103,2024-01-08,2024-01-09,AC Service,Low,Completed,5296,False
3184,423,9,112,2025-01-16,2025-01-17,Repair,Low,Completed,111628,False
3185,1672,2,40,2024-04-04,2024-04-06,Periodic Service,Critical,Completed,132975,False
3186,155,7,159,2024-07-26,2024-07-27,AC Service,Low,Completed,34261,False
3187,1282,6,111,2025-08-02,2025-08-03,Periodic Service,Critical,Completed,139450,False
3188,855,9,149,2025-09-18,2025-09-19,Brake Service,High,Completed,151948,True
3189,152,9,55,2024-03-16,2024-03-21,Body Repair,Medium,Completed,118192,False
3190,2107,11,52,2024-10-18,2024-10-19,Repair,Critical,Completed,126151,False
3191,1047,9,39,2024-10-10,,Body Repair,Critical,Cancelled,84948,True
3192,735,2,89,2025-02-28,2025-03-01,Electrical,Medium,Completed,19703,False
3193,34,2,9,2024-08-09,2024-08-10,Periodic Service,Medium,Completed,152845,False
3194,61,4,148,2025-12-28,2026-01-02,Engine Repair,Medium,Completed,61935,False
3195,701,1,147,2024-10-25,2024-10-26,Periodic Service,High,Completed,128061,False
3196,3,4,167,2025-02-22,2025-02-23,Periodic Service,Medium,Completed,151379,False
3197,320,3,23,2025-11-28,2025-11-29,Periodic Service,Medium,Completed,69039,False
3198,1720,11,52,2025-06-11,2025-06-12,Periodic Service,Medium,Completed,7510,False
3199,1331,13,142,2024-12-02,2024-12-03,Electrical,Low,Completed,10018,True
3200,37,9,55,2025-02-24,2025-02-26,Repair,Low,Completed,31597,True
3201,1100,7,124,2024-11-06,2024-11-08,Repair,Low,Completed,92616,True
3202,672,6,46,2025-07-18,,Electrical,Critical,Cancelled,48384,False
3203,1466,14,30,2024-08-02,2024-08-05,Repair,Medium,Completed,97804,False
3204,1251,10,21,2024-09-30,2024-10-02,Repair,Medium,Completed,52814,True
3205,1095,3,6,2025-02-25,2025-03-01,Repair,Medium,Completed,86216,False
3206,2153,15,93,2025-04-18,2025-04-21,Repair,Low,Completed,94378,True
3207,796,12,123,2024-09-17,2024-09-19,Periodic Service,Low,Completed,114495,False
3208,224,5,144,2025-04-28,2025-04-30,Repair,Low,Completed,18315,False
3209,1178,6,68,2024-12-07,2024-12-09,Periodic Service,Critical,Completed,32578,False
3210,1909,13,24,2024-01-13,2024-01-15,Periodic Service,High,Completed,57483,True
3211,1199,10,21,2025-01-18,2025-01-19,AC Service,Medium,Completed,7073,False
3212,928,15,93,2024-09-04,2024-09-07,Body Repair,Medium,Completed,106985,False
3213,62,9,149,2025-06-09,2025-06-10,Repair,Medium,Completed,9001,True
3214,630,3,18,2024-05-22,2024-05-23,Periodic Service,Low,Completed,57128,False
3215,1815,6,29,2024-08-06,2024-08-07,AC Service,High,Completed,111177,False
3216,383,3,3,2025-01-26,2025-01-27,Periodic Service,Low,Completed,36102,False
3217,986,7,168,2025-10-27,2025-10-29,Brake Service,Low,Completed,144706,True
3218,1766,10,72,2024-06-23,2024-06-24,Periodic Service,Medium,Completed,67923,True
3219,514,4,38,2024-11-10,2024-11-11,Repair,Low,Completed,29421,False
3220,1298,10,42,2025-01-01,2025-01-02,Brake Service,Low,Completed,49575,True
3221,1023,9,164,2024-12-01,2024-12-04,Engine Repair,Medium,Completed,4370,True
3222,758,5,120,2024-10-20,2024-10-21,Repair,Low,Completed,82855,True
3223,2148,4,140,2025-08-25,2025-08-26,Periodic Service,Medium,Completed,130865,True
3224,465,7,108,2024-10-24,2024-10-25,Periodic Service,Critical,In Progress,84677,False
3225,258,13,142,2024-02-03,2024-02-04,Electrical,Low,Completed,49752,True
3226,1532,1,110,2025-12-27,2025-12-31,AC Service,Low,Completed,14071,False
3227,14,8,129,2025-09-05,2025-09-07,Periodic Service,High,Completed,500,False
3228,1304,1,110,2024-11-17,2024-11-18,AC Service,Medium,Completed,128698,False
3229,1057,9,109,2025-02-17,2025-02-19,Periodic Service,Medium,Completed,130487,False
3230,1501,3,3,2025-02-10,2025-02-11,Repair,Low,Completed,21373,False
3231,1599,1,86,2025-11-07,2025-11-10,Body Repair,Medium,Completed,144836,False
3232,1026,6,56,2024-12-13,2024-12-14,Brake Service,Medium,Completed,96000,False
3233,1464,9,125,2025-12-21,2025-12-23,Periodic Service,High,Completed,124922,True
3234,1708,14,79,2025-06-04,2025-06-05,Electrical,Medium,Completed,18314,True
3235,762,8,129,2025-11-28,2025-12-01,Repair,High,Completed,18278,False
3236,719,4,38,2025-02-27,2025-03-05,Body Repair,Low,Completed,134212,True
3237,514,6,138,2024-01-05,2024-01-09,Repair,Medium,Completed,23896,True
3238,307,15,63,2025-07-13,2025-07-16,Repair,High,Completed,110057,False
3239,260,15,175,2024-09-28,2024-09-29,Periodic Service,Medium,Completed,68308,False
3240,1883,6,29,2024-01-02,2024-01-04,Electrical,High,Completed,24352,False
3241,1667,3,3,2024-07-02,2024-07-03,Brake Service,Medium,Completed,13845,True
3242,2382,11,54,2024-06-11,2024-06-13,Periodic Service,Medium,Completed,6378,False
3243,1,2,9,2024-01-25,2024-01-26,AC Service,Low,Completed,18580,False
3244,1714,8,129,2024-05-30,2024-05-31,Repair,Low,Completed,49638,True
3245,2444,3,32,2025-05-29,2025-05-30,Repair,Low,Completed,143282,True
3246,1892,11,15,2025-09-28,2025-10-04,Engine Repair,Medium,Completed,104328,False
3247,2209,4,140,2025-11-19,2025-11-21,AC Service,Medium,Completed,18096,False
3248,2190,9,109,2024-01-04,2024-01-06,Periodic Service,Medium,Completed,106962,False
3249,28,8,27,2025-02-24,2025-02-25,Brake Service,Medium,Completed,145363,False
3250,1060,14,113,2024-08-18,2024-08-19,Periodic Service,Medium,Completed,19475,False
3251,2172,5,5,2025-10-30,2025-10-31,AC Service,Medium,Completed,99914,False
3252,651,1,102,2024-07-22,,AC Service,Low,Cancelled,124297,False
3253,895,10,166,2025-03-08,2025-03-11,Repair,Low,Completed,19051,False
3254,2231,10,42,2024-08-28,2024-08-29,Brake Service,Low,Completed,64421,False
3255,656,13,53,2025-05-05,2025-05-06,Brake Service,Low,Completed,126711,True
3256,330,13,41,2024-12-07,2024-12-08,Electrical,Low,Completed,10583,True
3257,326,8,35,2025-04-25,2025-04-26,AC Service,Medium,Completed,35363,False
3258,1827,13,60,2024-02-13,2024-02-14,Periodic Service,Low,Completed,91980,True
3259,1117,4,106,2025-10-15,2025-10-19,Body Repair,High,Completed,38322,True
3260,625,15,93,2024-05-23,2024-05-28,Engine Repair,High,Completed,55320,False
3261,1533,13,22,2025-05-04,2025-05-05,Electrical,High,Completed,80461,False
3262,413,6,56,2025-05-24,2025-05-27,Periodic Service,Medium,Completed,118020,False
3263,451,14,30,2025-03-25,2025-03-27,Repair,Low,Completed,31709,True
3264,576,13,142,2024-04-27,2024-04-28,Electrical,High,Completed,97061,True
3265,2132,7,159,2025-10-06,2025-10-07,Repair,Medium,Completed,110200,True
3266,514,11,126,2025-11-21,2025-11-22,Repair,Medium,Completed,30342,True
3267,669,3,136,2025-02-18,2025-02-19,AC Service,Medium,Completed,15664,False
3268,1955,13,60,2024-05-20,2024-05-26,Body Repair,Low,In Progress,102462,False
3269,1872,2,84,2024-09-14,2024-09-17,Brake Service,Medium,Completed,127558,False
3270,1989,10,72,2025-10-03,2025-10-08,Engine Repair,Low,Completed,126795,True
3271,2206,7,74,2025-05-26,2025-05-29,Brake Service,Medium,Completed,129693,True
3272,1938,12,47,2025-05-02,2025-05-05,Repair,Low,Completed,96538,False
3273,209,5,120,2025-01-21,2025-01-22,Periodic Service,Low,Completed,121905,False
3274,1985,9,109,2024-11-15,2024-11-20,Body Repair,Low,Completed,9859,False
3275,1576,10,42,2025-06-22,2025-06-28,Body Repair,Medium,Completed,152195,False
3276,1720,3,18,2025-01-25,,Repair,Low,Cancelled,8844,False
3277,1235,4,17,2024-11-05,2024-11-07,Electrical,Low,Completed,139051,True
3278,1713,10,21,2024-12-25,2024-12-26,Electrical,High,Completed,30281,False
3279,2430,15,63,2025-09-15,2025-09-16,Periodic Service,Low,Completed,149710,False
3280,2441,3,163,2025-09-01,2025-09-02,Periodic Service,Low,Completed,53732,False
3281,2163,3,98,2024-10-04,2024-10-06,AC Service,Low,Completed,94568,True
3282,237,13,61,2024-04-04,2024-04-05,Periodic Service,High,Completed,133581,False
3283,741,6,138,2024-11-04,2024-11-05,Periodic Service,Medium,Completed,154769,False
3284,1956,7,134,2025-07-30,2025-08-02,Engine Repair,Low,Completed,89955,False
3285,2454,3,132,2025-08-09,2025-08-10,Repair,Low,Completed,500,False
3286,731,12,92,2024-03-27,2024-03-28,Brake Service,Low,Completed,97105,False
3287,976,10,107,2025-01-16,2025-01-17,AC Service,Medium,Completed,45991,False
3288,809,14,79,2025-07-12,2025-07-13,Repair,Low,Completed,24620,True
3289,2366,9,64,2025-08-05,2025-08-08,Repair,Low,Completed,122051,False
3290,32,6,51,2024-08-21,2024-08-22,Periodic Service,Medium,Completed,67626,False
3291,507,12,94,2025-11-23,2025-11-27,Body Repair,High,Completed,48787,False
3292,706,7,161,2025-06-24,2025-06-28,Repair,Medium,Completed,112323,False
3293,2337,3,18,2025-12-27,,Repair,Medium,Cancelled,21895,True
3294,1818,5,66,2024-09-07,2024-09-09,AC Service,High,Completed,15142,False
3295,1146,11,143,2025-07-07,2025-07-12,Engine Repair,Medium,Completed,24532,True
3296,1022,6,155,2024-10-02,2024-10-06,Engine Repair,Low,Completed,157467,False
3297,28,4,16,2024-07-31,2024-08-02,Periodic Service,Medium,Completed,147716,False
3298,1992,4,148,2025-05-12,2025-05-14,AC Service,Low,Completed,108192,True
3299,945,9,125,2025-07-28,2025-07-31,Repair,Low,Completed,68951,False
3300,1814,2,45,2024-11-26,2024-11-27,Periodic Service,Medium,Completed,1004,False
3301,707,3,83,2024-08-26,2024-08-28,Repair,Medium,Completed,137004,False
3302,246,15,116,2025-09-08,2025-09-10,Repair,Medium,Completed,128026,False
3303,2489,14,37,2024-11-24,2024-11-25,Brake Service,Medium,Completed,70012,False
3304,876,12,92,2025-08-15,2025-08-16,Periodic Service,Low,Completed,26657,True
3305,1315,12,7,2024-10-31,2024-11-01,Electrical,Low,Completed,121586,True
3306,595,8,157,2025-02-14,2025-02-15,Brake Service,High,In Progress,45768,False
3307,787,7,124,2024-11-16,2024-11-17,Brake Service,High,Completed,101142,True
3308,750,5,135,2025-07-05,2025-07-06,Periodic Service,Low,Completed,106884,False
3309,478,2,28,2025-05-07,2025-05-08,Brake Service,High,Completed,144731,False
3310,674,10,12,2024-09-18,2024-09-19,Periodic Service,Low,Completed,500,False
3311,1397,15,62,2024-01-29,2024-02-03,Engine Repair,Low,Completed,48690,False
3312,990,7,108,2025-04-29,2025-05-01,Repair,Low,Completed,147404,True
3313,1617,7,168,2025-07-06,2025-07-10,Body Repair,Low,In Progress,135482,False
3314,2460,2,36,2024-10-14,2024-10-16,AC Service,Low,Completed,58581,False
3315,1926,10,21,2024-09-28,2024-09-29,Repair,Critical,Completed,11181,False
3316,1228,13,90,2024-09-03,2024-09-04,Periodic Service,Low,Completed,83036,False
3317,481,13,178,2024-07-23,2024-07-27,Body Repair,Low,In Progress,76532,False
3318,1767,14,131,2024-12-24,2024-12-30,Body Repair,Low,In Progress,21827,False
3319,31,13,91,2024-09-18,2024-09-19,Brake Service,Medium,Completed,18932,False
3320,260,8,35,2025-10-13,2025-10-14,Periodic Service,Critical,Completed,71960,False
3321,579,12,123,2025-08-17,2025-08-22,Engine Repair,Medium,Completed,5642,False
3322,299,4,38,2024-11-25,2024-11-26,Electrical,Medium,Completed,156749,False
3323,679,2,128,2025-04-22,2025-04-23,Brake Service,Medium,Completed,102494,True
3324,1031,13,180,2025-12-25,2025-12-27,Electrical,Low,Completed,82663,False
3325,2324,10,107,2024-04-27,2024-04-28,Periodic Service,Low,Completed,121596,False
3326,154,9,55,2024-03-17,2024-03-18,Periodic Service,Medium,Completed,15732,True
3327,2037,7,77,2024-03-14,2024-03-17,Periodic Service,Medium,Completed,65770,True
3328,2268,3,23,2025-12-19,2025-12-20,Periodic Service,Medium,Completed,23417,False
3329,614,4,38,2024-04-17,2024-04-19,AC Service,Medium,Completed,54632,False
3330,465,4,167,2025-10-03,2025-10-08,Body Repair,Medium,Completed,80771,False
3331,246,3,136,2025-03-31,2025-04-01,Repair,Low,Completed,139785,False
3332,790,11,71,2025-05-17,2025-05-18,Brake Service,Medium,In Progress,79778,False
3333,1815,5,4,2024-06-07,2024-06-08,Brake Service,High,Completed,108665,False
3334,1831,15,162,2025-12-12,2025-12-15,Body Repair,Medium,Completed,36969,False
3335,1983,8,157,2024-12-16,2024-12-17,Periodic Service,Medium,Completed,111113,True
3336,978,2,8,2024-07-23,2024-07-25,Engine Repair,High,Completed,123418,False
3337,1331,10,73,2025-05-04,2025-05-07,Brake Service,Medium,Completed,7010,False
3338,149,4,17,2024-07-30,2024-08-04,Engine Repair,Low,Completed,32733,True
3339,1338,8,35,2025-08-27,2025-08-30,Brake Service,Low,In Progress,35175,False
3340,1453,9,58,2025-10-15,2025-10-16,Periodic Service,Medium,In Progress,500,False
3341,155,5,4,2024-10-02,2024-10-03,Periodic Service,Medium,Completed,40530,False
3342,977,2,28,2024-06-18,2024-06-19,Periodic Service,Low,Completed,57166,False
3343,1659,11,15,2024-08-26,2024-08-27,Periodic Service,Low,Completed,500,False
3344,2058,14,127,2025-09-02,,Periodic Service,Low,Cancelled,153381,True
3345,2097,3,23,2025-09-06,2025-09-07,Repair,Low,Completed,67043,False
3346,669,10,50,2024-07-12,2024-07-13,AC Service,Low,Completed,16170,True
3347,1310,11,13,2025-10-25,2025-10-26,Periodic Service,High,Completed,118183,False
3348,2176,2,25,2025-03-18,2025-03-21,Body Repair,Low,Completed,140917,False
3349,2422,15,93,2025-03-24,2025-03-26,Repair,High,Completed,61319,False
3350,1876,3,23,2024-06-24,2024-06-25,Brake Service,High,Completed,13228,True
3351,2285,4,106,2024-10-10,2024-10-11,AC Service,Medium,Completed,92543,False
3352,1449,15,175,2024-09-10,2024-09-11,Engine Repair,High,Completed,4990,True
3353,898,12,117,2025-10-18,2025-10-19,Periodic Service,Medium,Completed,49873,False
3354,1280,5,135,2025-04-05,2025-04-06,Periodic Service,Low,Completed,6381,False
3355,1083,3,136,2024-09-23,2024-09-24,Periodic Service,Medium,Completed,103741,False
3356,134,3,3,2024-12-10,2024-12-11,AC Service,Low,Completed,62106,False
3357,1176,8,27,2024-05-19,2024-05-20,Brake Service,High,Completed,30794,True
3358,1568,4,43,2025-05-09,2025-05-15,Body Repair,High,Completed,135184,False
3359,1669,4,115,2024-09-22,2024-09-27,Body Repair,Low,Completed,16353,False
3360,353,8,34,2025-04-23,2025-04-24,Repair,Medium,In Progress,19802,False
3361,552,4,43,2025-08-19,2025-08-20,Electrical,Medium,Completed,112863,False
3362,1006,1,147,2024-04-25,2024-04-26,Periodic Service,High,Completed,144552,True
3363,1760,10,50,2025-06-22,2025-06-25,AC Service,Medium,Completed,116639,False
3364,654,12,99,2025-08-30,2025-08-31,Periodic Service,Low,Completed,70037,False
3365,444,12,31,2024-07-01,,Body Repair,Low,Cancelled,16039,False
3366,1532,7,74,2024-04-02,2024-04-06,Body Repair,Low,Completed,3768,False
3367,1301,7,74,2025-12-08,2025-12-09,Brake Service,Low,Completed,118448,False
3368,1599,5,4,2025-07-14,2025-07-15,Periodic Service,Low,Completed,152488,False
3369,1575,6,165,2025-12-20,2025-12-24,Engine Repair,Medium,Completed,60175,False
3370,2512,13,178,2025-04-11,2025-04-12,Electrical,Medium,Completed,84775,True
3371,714,8,157,2025-10-24,2025-10-25,Electrical,Medium,Completed,60371,True
3372,434,8,129,2025-04-16,2025-04-17,Brake Service,Medium,In Progress,126043,False
3373,847,10,73,2024-12-19,2024-12-22,Brake Service,Medium,Completed,132776,True
3374,1427,10,21,2025-04-19,,Repair,Medium,Cancelled,19236,False
3375,2458,1,86,2024-09-23,2024-09-24,Electrical,Low,Completed,117031,False
3376,1068,4,140,2025-12-10,2025-12-11,Periodic Service,Low,Completed,153186,True
3377,369,12,47,2024-01-07,2024-01-08,Periodic Service,Low,Completed,54375,False
3378,1708,3,98,2025-06-05,2025-06-07,Repair,Low,Completed,11470,False
3379,283,6,153,2024-05-19,2024-05-20,Brake Service,Medium,Completed,152807,False
3380,1646,5,66,2025-07-11,2025-07-12,Periodic Service,Low,Completed,53044,False
3381,2245,8,27,2025-05-18,2025-05-20,Brake Service,Medium,Completed,63357,False
3382,622,10,21,2024-08-27,2024-08-29,Electrical,High,Completed,128687,True
3383,1621,15,62,2025-01-04,2025-01-06,Periodic Service,High,Completed,105653,False
3384,41,8,34,2025-12-17,2025-12-20,Repair,Low,Completed,76086,False
3385,1807,2,48,2024-12-01,2024-12-02,Brake Service,Medium,Completed,101598,True
3386,1036,2,25,2024-10-20,2024-10-22,Repair,High,Completed,67638,False
3387,1869,12,123,2024-05-13,2024-05-17,Engine Repair,High,Completed,66215,True
3388,1778,8,129,2025-06-28,2025-06-30,Repair,Critical,Completed,114779,True
3389,2438,6,56,2024-09-07,2024-09-09,AC Service,Medium,Completed,127987,False
3390,204,4,95,2025-03-08,2025-03-13,Body Repair,Low,In Progress,87705,False
3391,1571,11,15,2024-04-06,2024-04-08,Brake Service,Low,Completed,117565,False
3392,1435,13,41,2024-12-04,2024-12-05,Periodic Service,Medium,Completed,54346,False
3393,2128,12,92,2024-10-19,2024-10-21,Repair,Low,Completed,75399,True
3394,1012,9,109,2024-05-04,2024-05-05,Electrical,Medium,Completed,31073,True
3395,2210,4,167,2025-07-28,2025-07-29,Brake Service,Low,Completed,34454,False
3396,2094,1,86,2024-05-19,2024-05-22,Repair,Low,In Progress,8543,True
3397,1405,2,28,2025-12-11,2025-12-14,Brake Service,Medium,Completed,74047,False
3398,1823,12,170,2024-11-24,2024-11-25,Brake Service,Low,Completed,88194,True
3399,483,4,148,2025-08-29,2025-08-30,Repair,Medium,Completed,500,False
3400,1387,2,119,2025-12-05,2025-12-06,Periodic Service,Medium,Completed,56014,False
3401,991,5,100,2024-12-30,2024-12-31,Electrical,High,Completed,25615,True
3402,1520,4,16,2024-03-10,2024-03-11,AC Service,Critical,Completed,4422,False
3403,1590,5,120,2024-06-22,2024-06-23,Periodic Service,High,Completed,92796,False
3404,1590,15,175,2025-12-04,2025-12-05,Periodic Service,Critical,Completed,93955,True
3405,1912,8,156,2024-03-19,2024-03-20,Periodic Service,High,Completed,60190,False
3406,237,13,24,2025-01-23,2025-01-27,Body Repair,Low,Completed,145670,False
3407,1530,1,147,2025-11-29,2025-12-03,Body Repair,Low,Completed,23517,True
3408,329,14,37,2024-01-03,2024-01-08,Engine Repair,Low,Completed,60644,False
3409,1247,11,54,2025-05-27,2025-05-28,AC Service,Medium,Completed,84669,False
3410,1231,10,78,2025-05-09,2025-05-11,Repair,Medium,In Progress,89645,True
3411,658,4,167,2024-09-10,2024-09-13,Periodic Service,Medium,Completed,25803,False
3412,792,8,156,2025-02-13,2025-02-14,Periodic Service,Medium,Completed,151907,False
3413,1161,1,2,2025-12-20,2025-12-22,Electrical,Medium,Completed,116280,True
3414,2033,6,56,2025-08-03,2025-08-04,Periodic Service,Low,In Progress,17095,False
3415,645,13,53,2024-12-06,2024-12-07,Periodic Service,Low,Completed,71724,False
3416,2317,14,37,2024-09-30,2024-10-01,Brake Service,Low,Completed,146511,False
3417,1064,14,131,2024-11-21,2024-11-24,Body Repair,High,Completed,118978,True
3418,1610,9,11,2024-07-31,2024-08-03,Periodic Service,Low,Completed,9542,False
3419,1877,3,83,2024-05-22,2024-05-23,Periodic Service,Low,Completed,21900,False
3420,2290,14,88,2025-02-02,2025-02-05,Repair,Low,In Progress,124654,False
3421,2035,7,77,2024-10-20,2024-10-25,Body Repair,High,Completed,91039,False
3422,2101,1,86,2024-09-01,2024-09-06,Body Repair,Medium,Completed,39436,True
3423,1326,3,132,2025-04-06,2025-04-07,Brake Service,Medium,Completed,41317,True
3424,169,14,127,2024-08-04,2024-08-05,Repair,Low,Completed,40394,False
3425,915,7,161,2024-11-13,2024-11-17,Engine Repair,Medium,Completed,146854,False
3426,2360,4,140,2024-10-04,2024-10-06,Repair,Medium,Completed,71337,True
3427,1826,1,147,2024-07-18,2024-07-20,Periodic Service,High,Completed,100696,False
3428,1976,15,62,2024-09-18,2024-09-20,Brake Service,High,Completed,44223,False
3429,2098,3,75,2024-12-18,2024-12-19,AC Service,Medium,Completed,28032,False
3430,870,11,71,2025-10-19,2025-10-20,Repair,Medium,Completed,45686,False
3431,1175,1,2,2024-10-13,2024-10-14,Periodic Service,Medium,Completed,112541,False
3432,833,2,40,2024-10-27,2024-10-28,Periodic Service,Medium,Completed,36613,False
3433,2130,14,96,2024-09-27,2024-09-29,Repair,Low,Completed,74277,True
3434,1742,9,164,2025-04-10,2025-04-12,Brake Service,Medium,Completed,143608,False
3435,126,15,63,2025-04-11,2025-04-13,Body Repair,Critical,In Progress,117516,False
3436,1268,9,11,2024-04-11,2024-04-13,Repair,Low,Completed,111801,True
3437,856,11,26,2025-05-08,2025-05-11,Repair,Medium,Completed,26951,True
3438,2402,4,140,2024-01-19,2024-01-20,Periodic Service,Low,Completed,103605,False
3439,537,3,136,2024-06-28,2024-06-30,Electrical,Medium,Completed,92339,True
3440,1354,11,52,2024-03-12,2024-03-13,Electrical,High,Completed,147452,True
3441,71,8,160,2025-10-26,2025-10-27,Periodic Service,Low,Completed,136351,False
3442,132,8,27,2025-10-03,2025-10-05,Periodic Service,Medium,Completed,51030,False
3443,125,12,47,2024-05-18,2024-05-20,Brake Service,Low,Completed,118694,False
3444,1066,14,96,2025-09-24,2025-09-25,Periodic Service,Critical,Completed,68552,False
3445,1636,4,17,2025-11-30,2025-12-01,Periodic Service,Low,Completed,40928,False
3446,670,10,104,2025-07-04,2025-07-06,Electrical,Medium,Completed,118999,False
3447,723,9,149,2025-12-24,2025-12-26,Brake Service,Low,Completed,110400,False
3448,1066,3,75,2024-01-11,2024-01-13,Periodic Service,Medium,Completed,65628,False
3449,2412,8,157,2024-08-28,2024-08-30,Repair,Low,Completed,500,True
3450,1773,9,39,2024-03-14,2024-03-19,Engine Repair,Medium,In Progress,11248,False
3451,27,14,103,2024-05-27,2024-05-28,AC Service,Low,Completed,109731,False
3452,171,9,112,2024-01-06,2024-01-08,AC Service,Low,Completed,132782,False
3453,259,1,102,2025-09-14,2025-09-18,Body Repair,Low,Completed,33666,False
3454,1627,5,120,2025-02-05,2025-02-07,Periodic Service,Medium,Completed,161265,True
3455,896,14,113,2025-07-02,2025-07-03,Brake Service,Medium,Completed,144739,False
3456,680,5,66,2024-09-04,2024-09-09,Body Repair,Low,Completed,2896,True
3457,2134,2,28,2024-03-25,2024-03-26,Repair,Low,Completed,156745,True
3458,430,7,134,2024-06-25,2024-06-26,AC Service,High,Completed,124716,False
3459,1558,7,134,2025-01-31,2025-02-01,Brake Service,Medium,Completed,99160,True
3460,1733,7,159,2025-09-26,2025-09-27,Electrical,Low,Completed,17693,False
3461,1408,10,107,2025-11-21,2025-11-22,Brake Service,Medium,Completed,97339,True
3462,215,12,123,2024-08-04,2024-08-05,Periodic Service,Low,Completed,81181,False
3463,707,7,161,2025-09-08,2025-09-09,Periodic Service,Medium,Completed,144697,True
3464,1984,9,125,2024-10-24,2024-10-25,Periodic Service,Low,Completed,21447,False
3465,1558,9,58,2024-06-17,2024-06-19,Brake Service,Medium,Completed,101076,False
3466,2083,2,25,2024-03-10,2024-03-11,AC Service,Medium,Completed,116294,False
3467,1018,9,11,2024-07-08,2024-07-09,Brake Service,High,Completed,87217,False
3468,693,12,94,2024-06-26,2024-06-30,Engine Repair,Low,Completed,115832,False
3469,645,2,25,2025-11-01,2025-11-02,Periodic Service,Low,Completed,67363,False
3470,884,5,120,2024-02-21,2024-02-23,Periodic Service,Low,Completed,41134,True
3471,765,12,99,2025-08-08,2025-08-09,Periodic Service,Medium,Completed,102620,True
3472,265,11,121,2025-10-06,2025-10-08,Periodic Service,Low,Completed,29617,False
3473,1416,11,54,2025-11-29,2025-12-01,Repair,Low,Completed,138314,False
3474,2305,6,101,2024-12-10,2024-12-11,Periodic Service,Medium,Completed,90202,False
3475,1361,11,52,2024-04-13,2024-04-14,Periodic Service,Medium,Completed,46374,True
3476,1801,6,51,2024-07-10,2024-07-13,Repair,Medium,Completed,22928,False
3477,1774,4,106,2025-04-18,2025-04-22,Body Repair,Low,Completed,79816,False
3478,569,4,16,2025-10-17,2025-10-19,Periodic Service,High,Completed,139257,False
3479,766,7,134,2025-11-27,2025-11-28,AC Service,Low,Completed,500,False
3480,439,4,43,2024-04-10,2024-04-14,Engine Repair,Medium,Completed,142813,True
3481,898,15,177,2024-12-21,2024-12-22,Periodic Service,Low,Completed,52319,False
3482,1237,12,92,2025-02-11,2025-02-13,Brake Service,Low,Completed,68878,False
3483,841,12,7,2024-01-21,2024-01-24,Repair,Medium,Completed,162212,True
3484,1994,8,35,2024-02-27,2024-03-01,Repair,High,Completed,40629,False
3485,219,12,179,2024-07-19,2024-07-21,Electrical,Medium,Completed,149255,True
3486,1140,12,99,2024-11-08,2024-11-10,Brake Service,Low,Completed,131485,False
3487,1893,2,36,2024-12-21,2024-12-27,Body Repair,Low,Completed,22228,True
3488,1999,11,71,2024-05-19,2024-05-21,AC Service,High,Completed,44960,False
3489,591,3,139,2025-10-19,2025-10-20,Periodic Service,Low,Completed,33930,False
3490,1954,11,54,2025-10-09,2025-10-10,Brake Service,Low,Completed,145210,True
3491,2219,1,147,2025-01-25,2025-01-27,Periodic Service,High,Completed,500,False
3492,2389,3,18,2024-06-25,2024-06-27,Repair,Low,Completed,41406,True
3493,1544,6,14,2024-03-24,2024-03-29,Body Repair,High,Completed,97613,False
3494,1514,3,6,2025-11-11,2025-11-13,Brake Service,Low,Completed,90000,False
3495,1217,4,148,2025-07-02,2025-07-03,AC Service,Medium,Completed,41529,False
3496,1308,10,10,2024-02-07,2024-02-08,AC Service,Critical,Completed,90079,False
3497,434,8,157,2025-02-04,2025-02-05,Periodic Service,Low,Completed,118023,False
3498,1762,6,176,2025-03-28,2025-04-01,Body Repair,Medium,Completed,121019,False
3499,174,6,137,2025-06-01,2025-06-02,AC Service,Low,Completed,19870,False
3500,490,2,36,2025-08-11,2025-08-12,Periodic Service,Medium,Completed,109516,False
3501,2523,7,77,2024-07-14,2024-07-15,Periodic Service,Medium,Completed,76052,True
3502,1047,14,67,2024-05-30,2024-06-05,Body Repair,Medium,Completed,93895,False
3503,835,6,165,2025-09-03,2025-09-05,Electrical,Low,Completed,74079,False
3504,384,5,151,2024-01-15,2024-01-16,Repair,Low,Completed,69688,True
3505,427,6,51,2024-08-24,2024-08-29,Body Repair,Low,In Progress,8107,False
3506,1656,7,77,2024-08-27,,Periodic Service,Medium,Cancelled,104920,False
3507,1353,6,56,2024-08-13,2024-08-14,Periodic Service,Medium,Completed,138025,False
3508,540,9,114,2024-08-29,2024-08-31,Periodic Service,High,Completed,100478,False
3509,2422,1,110,2024-10-25,2024-10-27,Electrical,Low,Completed,75343,True
3510,1319,7,77,2024-03-05,2024-03-06,AC Service,Medium,Completed,135146,True
3511,2275,12,92,2025-07-24,2025-07-25,Periodic Service,Low,Completed,44802,True
3512,1467,6,153,2025-01-23,,Periodic Service,Low,Cancelled,43391,False
3513,1366,10,122,2024-01-04,2024-01-05,Brake Service,Low,Completed,42207,False
3514,1331,6,153,2024-11-24,2024-11-27,Body Repair,Medium,Completed,7985,False
3515,1802,15,162,2025-04-07,2025-04-08,Periodic Service,Low,Completed,58265,False
3516,453,9,55,2025-02-04,2025-02-05,Brake Service,Low,Completed,112222,False
3517,2377,11,143,2024-09-28,2024-09-29,AC Service,Medium,Completed,46004,False
3518,1288,4,95,2024-09-13,2024-09-14,Electrical,Medium,Completed,61051,False
3519,3,9,109,2024-11-19,2024-11-20,AC Service,Medium,Completed,150247,False
3520,2376,1,85,2024-03-30,2024-04-01,Brake Service,Medium,Completed,500,False
3521,882,1,110,2024-07-23,2024-07-25,Repair,Medium,Completed,5919,False
3522,2121,11,52,2024-02-09,2024-02-12,Repair,Low,Completed,147832,False
3523,1248,5,44,2025-03-31,2025-04-03,Body Repair,Medium,Completed,78805,True
3524,840,9,164,2025-11-24,2025-11-26,AC Service,Low,Completed,102431,True
3525,2420,15,62,2024-11-20,2024-11-21,Periodic Service,Low,Completed,24025,True
3526,1778,10,72,2025-01-20,2025-01-24,Engine Repair,Medium,Completed,109439,True
3527,577,5,151,2024-10-09,2024-10-11,Brake Service,Low,Completed,147756,False
3528,306,11,26,2024-08-02,2024-08-04,Electrical,Medium,Completed,27381,True
3529,769,1,2,2024-10-02,2024-10-03,Brake Service,High,Completed,96258,False
3530,1588,5,133,2025-03-27,2025-03-29,Periodic Service,Medium,Completed,149216,True
3531,2164,11,143,2025-04-10,2025-04-11,Repair,Medium,Completed,12707,False
3532,1236,10,80,2025-12-08,2025-12-10,Repair,Medium,Completed,60578,False
3533,1635,14,173,2024-01-29,2024-01-30,Repair,Low,Completed,95662,False
3534,773,14,113,2025-11-07,2025-11-08,Repair,High,Completed,4358,False
3535,1750,7,76,2024-05-13,2024-05-14,Brake Service,Low,Completed,147804,False
3536,2507,9,55,2024-04-11,2024-04-12,Electrical,High,Completed,126940,True
3537,1542,3,83,2025-08-28,2025-08-29,Periodic Service,High,Completed,110492,False
3538,1510,9,109,2024-08-03,2024-08-07,Engine Repair,Medium,Completed,36582,False
3539,1669,11,54,2025-05-27,2025-05-29,Periodic Service,Low,Completed,21956,False
3540,1934,15,177,2024-05-04,2024-05-06,Brake Service,Low,Completed,117780,False
3541,1982,4,1,2025-09-25,2025-09-26,Brake Service,Low,Completed,500,True
3542,975,13,91,2025-11-22,2025-11-24,Periodic Service,Low,Completed,28474,False
3543,2415,5,44,2025-02-05,2025-02-07,Repair,Medium,Completed,61250,True
3544,432,6,46,2024-05-03,2024-05-04,Periodic Service,Low,Completed,88112,False
3545,2480,1,85,2024-02-16,2024-02-18,Periodic Service,Medium,Completed,17693,False
3546,1637,4,140,2024-07-15,2024-07-17,Repair,Low,Completed,20791,True
3547,351,9,64,2025-04-25,2025-04-26,Periodic Service,Low,Completed,110152,False
3548,1443,7,124,2024-11-22,2024-11-28,Body Repair,Medium,Completed,73930,False
3549,1597,10,10,2025-08-29,2025-09-03,Body Repair,Low,Completed,141735,True
3550,636,12,47,2024-07-16,2024-07-17,Electrical,High,Completed,33924,True
3551,1752,15,62,2025-02-11,2025-02-14,Repair,Medium,Completed,105760,True
3552,306,8,69,2024-12-08,2024-12-11,Repair,Medium,Completed,23120,True
3553,2079,11,143,2024-12-14,2024-12-15,Electrical,Low,Completed,122143,False
3554,65,7,76,2025-01-27,2025-02-01,Body Repair,Low,Completed,58574,False
3555,2155,9,58,2024-03-14,2024-03-16,Periodic Service,Medium,Completed,139067,False
3556,2043,13,90,2024-12-24,2024-12-25,Electrical,High,In Progress,120251,True
3557,1945,13,20,2024-05-22,2024-05-23,Repair,High,Completed,33048,True
3558,2017,5,4,2025-04-02,2025-04-05,Body Repair,Low,Completed,68923,False
3559,1370,11,126,2025-05-11,2025-05-12,AC Service,Medium,Completed,142444,False
3560,492,13,152,2025-07-21,2025-07-22,Repair,High,Completed,74251,False
3561,458,9,112,2025-12-10,,Periodic Service,High,Cancelled,71110,False
3562,2552,8,156,2025-07-04,2025-07-06,AC Service,Medium,Completed,113734,False
3563,807,11,121,2025-11-19,,Repair,Medium,Cancelled,158944,False
3564,2392,12,31,2025-02-04,2025-02-05,Periodic Service,Medium,Completed,30798,True
3565,2005,10,78,2025-03-10,2025-03-11,Periodic Service,Medium,Completed,11621,False
3566,2431,15,116,2024-07-11,2024-07-13,Brake Service,Medium,Completed,21621,False
3567,2539,14,103,2025-02-18,2025-02-22,Repair,Medium,Completed,32897,True
3568,2085,4,95,2024-03-02,2024-03-03,Repair,Medium,Completed,119514,False
3569,696,2,45,2025-01-28,2025-01-31,Electrical,Low,Completed,65381,False
3570,1792,13,22,2024-11-16,2024-11-17,Repair,Low,Completed,123288,False
3571,1886,10,10,2024-11-16,2024-11-17,Periodic Service,High,Completed,25124,False
3572,1134,12,47,2024-09-27,2024-09-28,Periodic Service,Low,Completed,149404,True
3573,1375,15,116,2024-05-20,2024-05-21,Periodic Service,Medium,Completed,129794,False
3574,2567,8,156,2025-06-27,2025-06-29,Repair,High,Completed,68891,False
3575,1977,14,118,2024-01-13,2024-01-17,Body Repair,Critical,Completed,124609,False
3576,265,5,49,2024-09-17,2024-09-23,Body Repair,High,Completed,39223,True
3577,1697,7,108,2025-08-18,2025-08-19,Brake Service,Low,Completed,116209,False
3578,504,10,72,2024-09-29,2024-10-01,Brake Service,High,In Progress,79723,True
3579,1197,3,132,2024-09-05,2024-09-06,Periodic Service,Low,Completed,69987,False
3580,890,9,64,2024-03-02,2024-03-03,AC Service,Medium,Completed,138797,True
3581,1665,8,156,2025-11-14,2025-11-15,Electrical,Medium,Completed,48615,False
3582,2599,2,40,2024-05-29,2024-05-30,Brake Service,Medium,Completed,122362,False
3583,2470,3,145,2025-02-28,2025-03-01,Periodic Service,Medium,Completed,30477,False
3584,977,9,58,2025-11-25,2025-11-29,Engine Repair,Medium,Completed,67773,False
3585,2324,5,151,2025-09-04,2025-09-05,AC Service,Medium,Completed,123626,False
3586,1506,15,63,2025-12-25,2025-12-27,Periodic Service,Medium,Completed,118632,False
3587,2436,1,154,2024-11-24,2024-11-28,Body Repair,High,Completed,147196,False
3588,1904,7,77,2024-12-25,2024-12-30,Body Repair,Medium,Completed,61442,False
3589,2140,7,124,2024-02-29,,Repair,Medium,Cancelled,78302,False
3590,1528,10,104,2025-02-09,2025-02-11,Repair,Low,Completed,39208,False
3591,679,8,27,2025-12-29,2025-12-31,Repair,Low,In Progress,92815,False
3592,1988,8,160,2024-06-22,2024-06-24,AC Service,Medium,Completed,105533,True
3593,105,9,39,2025-09-26,2025-09-28,Periodic Service,Low,Completed,879,False
3594,1846,12,123,2024-11-26,2024-11-27,Repair,High,Completed,10815,False
3595,1592,9,64,2024-07-18,2024-07-23,Body Repair,Medium,Completed,75010,False
3596,843,12,117,2024-04-24,2024-04-25,Periodic Service,High,Completed,79744,True
3597,2276,15,175,2024-06-03,2024-06-05,Brake Service,Critical,Completed,158868,False
3598,1315,3,6,2025-02-15,2025-02-17,Repair,Low,Completed,117504,True
3599,1980,8,160,2024-03-01,2024-03-03,Repair,High,Completed,115126,True
3600,887,12,117,2025-10-24,2025-10-28,Body Repair,Medium,Completed,17817,False
3601,1087,11,126,2024-08-21,2024-08-22,Periodic Service,High,Completed,43740,True
3602,791,11,26,2024-12-08,2024-12-09,Periodic Service,Low,Completed,15168,False
3603,69,9,149,2025-08-29,2025-08-31,Repair,Medium,Completed,45227,False
3604,164,5,144,2024-08-24,2024-08-26,Repair,Medium,Completed,47127,False
3605,1481,4,167,2025-04-19,2025-04-21,Repair,Medium,Completed,102698,False
3606,2414,7,168,2024-04-19,2024-04-20,Periodic Service,Low,Completed,61227,False
3607,638,3,132,2024-11-14,2024-11-19,Engine Repair,High,Completed,98938,False
3608,1451,11,126,2024-09-17,2024-09-20,Body Repair,Low,Completed,41653,False
3609,494,14,103,2025-11-18,2025-11-20,AC Service,Low,Completed,118592,False
3610,1094,14,30,2025-01-23,2025-01-24,Periodic Service,Medium,Completed,129568,False
3611,1460,6,153,2025-05-18,2025-05-21,Body Repair,Low,Completed,151621,False
3612,1547,15,116,2025-06-25,2025-06-27,Periodic Service,Low,Completed,145472,False
3613,412,7,161,2024-04-19,2024-04-24,Body Repair,High,Completed,94842,False
3614,1408,10,10,2025-04-16,2025-04-18,Repair,Medium,Completed,98759,True
3615,1631,1,85,2025-02-27,2025-03-04,Body Repair,Medium,Completed,134637,True
3616,805,10,166,2024-07-05,2024-07-06,AC Service,Low,Completed,82255,False
3617,2307,8,157,2025-09-13,2025-09-14,Repair,High,Completed,80709,True
3618,2063,3,75,2025-07-17,2025-07-18,Periodic Service,Low,In Progress,110015,False
3619,2381,13,152,2025-11-24,2025-11-25,Periodic Service,High,Completed,114900,False
3620,2581,15,93,2024-12-18,2024-12-19,Periodic Service,Medium,Completed,63425,False
3621,885,4,43,2024-12-28,2024-12-30,Repair,Low,In Progress,116071,True
3622,2427,11,54,2025-02-25,2025-03-01,Body Repair,High,Completed,7798,False
3623,1951,2,84,2025-04-01,2025-04-03,Brake Service,High,Completed,157953,True
3624,1708,13,60,2024-09-09,2024-09-11,Periodic Service,Low,Completed,9257,True
3625,1584,7,124,2024-09-22,2024-09-27,Body Repair,Low,In Progress,2602,False
3626,1322,14,97,2025-06-23,2025-06-24,Periodic Service,Medium,Completed,146174,False
3627,2342,4,38,2024-02-25,2024-02-26,Brake Service,Low,Completed,34160,False
3628,1879,2,119,2025-12-05,2025-12-08,Body Repair,Low,Completed,32545,False
3629,1067,12,169,2025-07-16,2025-07-17,Repair,Low,Completed,48011,True
3630,887,13,142,2025-10-28,2025-10-29,AC Service,High,Completed,17519,False
3631,543,13,180,2025-04-12,2025-04-17,Engine Repair,Low,Completed,152292,True
3632,664,1,154,2024-08-19,2024-08-20,Electrical,Low,In Progress,78707,False
3633,630,15,162,2025-11-09,2025-11-11,Repair,Medium,Completed,69556,True
3634,989,10,21,2025-09-12,2025-09-14,Brake Service,High,Completed,148661,False
3635,329,7,76,2024-05-27,2024-05-29,Periodic Service,Medium,Completed,60755,False
3636,1182,14,30,2024-04-15,2024-04-17,Repair,High,In Progress,74718,True
3637,1232,13,24,2025-07-06,2025-07-09,Repair,High,Completed,73921,False
3638,337,7,159,2024-12-31,2025-01-01,Periodic Service,Medium,Completed,69861,False
3639,423,6,68,2024-11-29,2024-12-01,AC Service,Low,Completed,108193,False
3640,2593,3,32,2025-08-31,2025-09-01,AC Service,Medium,Completed,118661,True
3641,460,8,146,2025-12-23,2025-12-27,Engine Repair,Low,Completed,109609,False
3642,946,11,150,2025-06-26,2025-06-27,Repair,Medium,Completed,113128,False
3643,2424,1,110,2025-03-31,2025-04-03,Repair,Medium,In Progress,54536,True
3644,2577,5,49,2025-05-02,2025-05-05,Repair,Medium,Completed,96531,True
3645,1054,8,157,2025-07-11,2025-07-12,Electrical,Medium,Completed,136747,True
3646,1286,11,143,2024-09-28,2024-09-29,AC Service,Low,Completed,109183,True
3647,18,3,145,2024-03-21,2024-03-22,Repair,Critical,Completed,80935,True
3648,2439,2,57,2025-02-12,2025-02-17,Body Repair,High,In Progress,9501,False
3649,50,4,148,2024-06-19,2024-06-20,AC Service,Medium,Completed,114118,False
3650,2085,15,158,2025-08-07,2025-08-08,AC Service,Medium,Completed,118680,False
3651,709,6,155,2025-08-02,2025-08-05,Body Repair,High,Completed,75105,False
3652,860,8,157,2025-11-12,2025-11-13,Periodic Service,Low,Completed,68465,False
3653,85,12,170,2025-07-01,2025-07-02,Periodic Service,High,Completed,94250,False
3654,1652,15,62,2024-01-22,2024-01-24,Repair,Low,Completed,14451,True
3655,1836,8,35,2025-06-18,2025-06-19,Brake Service,High,Completed,139731,True
3656,423,12,47,2024-05-29,2024-06-01,Periodic Service,High,Completed,108352,True
3657,2199,11,121,2025-07-30,2025-08-02,AC Service,Medium,Completed,99610,False
3658,1399,13,41,2025-04-21,2025-04-22,Periodic Service,Low,Completed,105555,False
3659,445,7,159,2024-05-25,,Repair,High,Cancelled,140805,False
3660,2573,14,79,2025-05-29,2025-05-30,Brake Service,Medium,In Progress,58647,False
3661,1577,1,154,2024-09-13,2024-09-17,Body Repair,Medium,Completed,18793,False
3662,1838,2,119,2025-11-02,,Repair,Low,Cancelled,106837,False
3663,2597,3,139,2025-10-21,2025-10-26,Engine Repair,Low,Completed,75705,True
3664,2216,15,116,2025-09-21,2025-09-22,Periodic Service,Medium,Completed,121445,False
3665,1527,11,13,2025-01-22,2025-01-24,Body Repair,High,Completed,63253,False
3666,2250,4,38,2025-09-02,2025-09-05,Repair,Medium,Completed,153964,False
3667,2012,4,38,2024-04-05,2024-04-10,Body Repair,Low,Completed,89657,False
3668,1758,14,96,2025-03-15,2025-03-16,Periodic Service,Low,In Progress,46678,False
3669,2506,13,22,2024-02-02,2024-02-03,Brake Service,Medium,Completed,143648,False
3670,1934,6,137,2024-07-15,2024-07-17,Periodic Service,High,Completed,114396,False
3671,1754,5,100,2025-05-25,2025-05-28,Body Repair,Medium,Completed,43847,False
3672,263,2,70,2025-07-18,2025-07-19,Periodic Service,Low,Completed,51080,False
3673,644,8,156,2024-06-02,2024-06-03,Brake Service,Low,Completed,80789,False
3674,2541,3,59,2025-01-17,2025-01-20,Repair,Low,Completed,125983,True
3675,2146,11,150,2024-07-30,2024-08-02,Engine Repair,Low,Completed,65897,False
3676,856,12,92,2024-12-11,2024-12-12,Repair,Medium,Completed,29557,True
3677,2170,15,63,2025-08-03,2025-08-04,Periodic Service,Low,Completed,108560,True
3678,841,15,175,2024-10-24,2024-10-27,Repair,Low,Completed,161189,False
3679,2345,4,140,2025-07-25,,Engine Repair,Low,Cancelled,27918,True
3680,1642,12,31,2025-11-02,2025-11-03,Periodic Service,Low,Completed,5870,False
3681,2382,5,135,2024-04-22,2024-04-28,Body Repair,Low,Completed,5431,True
3682,1054,11,26,2024-05-04,,Brake Service,Low,Cancelled,147037,True
3683,1644,4,167,2024-11-08,2024-11-13,Engine Repair,Low,Completed,95568,True
3684,1772,4,1,2024-01-28,2024-01-29,Periodic Service,Medium,Completed,24951,False
3685,897,6,51,2024-07-30,2024-08-05,Engine Repair,Low,Completed,141766,False
3686,1661,13,142,2025-10-03,2025-10-04,Brake Service,Low,Completed,89678,False
3687,261,6,165,2025-04-22,2025-04-25,Repair,Medium,In Progress,500,False
3688,828,13,178,2024-01-18,2024-01-20,Brake Service,Low,Completed,45488,False
3689,1167,5,44,2025-05-09,2025-05-11,Periodic Service,Low,Completed,125817,False
3690,755,4,38,2024-10-17,2024-10-18,Repair,Medium,Completed,22296,False
3691,1226,7,77,2025-06-24,2025-06-25,Repair,Low,In Progress,80236,True
3692,1208,6,165,2024-10-19,2024-10-20,Periodic Service,Low,Completed,103309,False
3693,1098,12,170,2024-03-29,2024-03-30,Repair,Low,Completed,14137,True
3694,305,12,31,2025-12-13,2025-12-14,Repair,Low,Completed,87769,False
3695,2011,1,85,2025-10-17,2025-10-18,Periodic Service,High,Completed,87988,False
3696,1956,3,3,2024-03-04,2024-03-08,Engine Repair,Low,Completed,88170,False
3697,81,15,62,2024-10-29,2024-10-30,AC Service,Low,Completed,30605,False
3698,2384,12,170,2025-10-09,2025-10-10,Electrical,Low,In Progress,23679,True
3699,522,9,39,2024-09-16,2024-09-19,Repair,High,Completed,153456,False
3700,793,9,125,2024-05-29,2024-05-30,Electrical,Low,Completed,91152,False
3701,1753,6,153,2025-04-23,2025-04-24,Repair,Low,Completed,96523,True
3702,95,2,40,2024-12-15,2024-12-16,AC Service,Medium,Completed,133021,False
3703,1479,10,80,2024-11-06,2024-11-08,Electrical,Low,Completed,120393,True
3704,2342,5,133,2024-02-06,2024-02-08,Repair,Medium,Completed,30047,True
3705,1785,3,75,2025-06-12,2025-06-13,Repair,Low,Completed,103172,True
3706,2394,10,73,2025-07-27,2025-07-29,Periodic Service,Low,Completed,78679,True
3707,588,8,146,2025-06-28,2025-06-29,Periodic Service,Medium,Completed,142021,False
3708,2422,7,168,2025-07-27,2025-07-29,Repair,Medium,Completed,62249,False
3709,1838,5,44,2025-01-11,2025-01-14,Brake Service,Medium,Completed,101455,False
3710,1744,5,135,2025-11-18,2025-11-20,Repair,Low,Completed,25476,False
3711,783,15,162,2025-10-22,2025-10-23,Electrical,Medium,Completed,70229,False
3712,2096,11,26,2025-07-03,2025-07-06,AC Service,Critical,Completed,122574,False
3713,336,15,116,2024-04-24,2024-04-25,Periodic Service,Low,Completed,82708,False
3714,767,2,36,2025-04-27,2025-04-28,Periodic Service,Low,Completed,146515,False
3715,688,11,150,2025-03-26,2025-03-27,Periodic Service,Medium,Completed,44396,False
3716,519,12,7,2024-09-01,2024-09-03,AC Service,Medium,Completed,151749,True
3717,1719,3,59,2024-03-28,2024-04-01,Body Repair,Critical,Completed,16135,False
3718,771,13,53,2024-02-15,2024-02-18,Repair,Medium,Completed,140321,False
3719,1543,8,156,2024-01-23,2024-01-24,Periodic Service,High,Completed,107269,False
3720,2202,5,100,2025-02-08,2025-02-09,Periodic Service,Medium,Completed,136058,False
3721,551,2,57,2025-04-30,2025-05-03,Body Repair,Medium,Completed,500,True
3722,1934,7,159,2025-03-08,2025-03-13,Engine Repair,Medium,Completed,118216,False
3723,2341,2,8,2024-03-10,2024-03-12,Repair,Low,Completed,97266,False
3724,685,4,38,2025-05-01,2025-05-02,Electrical,Low,Completed,138122,False
3725,2267,1,110,2024-09-09,2024-09-15,Body Repair,Low,Completed,81897,False
3726,491,14,131,2025-01-15,2025-01-16,Brake Service,Medium,Completed,152304,True
3727,1690,10,107,2025-07-23,2025-07-25,Repair,Low,Completed,124919,False
3728,1698,13,41,2024-05-23,2024-05-24,Periodic Service,Low,Completed,500,False
3729,2316,4,115,2025-09-03,2025-09-06,Repair,Low,Completed,97365,True
3730,1458,5,120,2025-03-19,2025-03-20,Periodic Service,Low,Completed,36795,False
3731,517,6,101,2024-03-05,2024-03-06,Repair,High,Completed,81538,False
3732,1371,3,59,2025-10-06,2025-10-08,AC Service,Medium,Completed,48439,False
3733,1621,1,102,2025-02-17,2025-02-19,Brake Service,Medium,Completed,106809,False
3734,2581,5,100,2024-03-05,2024-03-08,Brake Service,Medium,Completed,70309,False
3735,2242,4,106,2024-11-03,2024-11-04,Electrical,Low,Completed,116732,False
3736,584,5,5,2024-07-04,2024-07-08,Engine Repair,Low,Completed,83723,False
3737,2499,14,113,2024-05-31,2024-06-01,Periodic Service,Low,Completed,67230,False
3738,1023,11,121,2025-10-01,2025-10-02,AC Service,Low,Completed,3554,False
3739,1606,9,125,2025-09-21,2025-09-22,Repair,Medium,Completed,114416,True
3740,545,4,1,2025-04-28,2025-04-29,Periodic Service,Medium,Completed,137042,False
3741,1204,4,95,2025-04-03,2025-04-04,Periodic Service,Medium,Completed,102729,False
3742,698,1,2,2024-01-09,2024-01-12,Periodic Service,Medium,Completed,122618,False
3743,2195,5,4,2024-07-17,2024-07-18,Periodic Service,Medium,Completed,56260,True
3744,2404,15,162,2024-11-01,2024-11-03,Brake Service,Medium,Completed,13166,False
3745,1767,12,170,2024-11-29,2024-12-01,Electrical,Medium,Completed,24827,False
3746,447,10,73,2025-06-07,2025-06-09,Brake Service,Medium,Completed,50781,False
3747,1763,14,113,2024-04-22,2024-04-23,Electrical,Low,Completed,113102,False
3748,1720,10,122,2024-06-01,2024-06-02,Periodic Service,Low,Completed,9372,False
3749,928,7,159,2025-04-01,2025-04-02,Repair,Low,In Progress,111338,False
3750,1134,2,9,2025-08-25,2025-08-27,Periodic Service,Medium,Completed,138014,False
3751,405,15,162,2025-10-24,2025-10-26,Periodic Service,Low,Completed,11793,False
3752,545,15,63,2024-06-04,2024-06-05,AC Service,Critical,Completed,144101,True
3753,2500,11,121,2025-04-16,2025-04-18,Periodic Service,High,Completed,9636,False
3754,835,7,124,2025-05-11,2025-05-14,Engine Repair,Medium,Completed,68445,False
3755,1812,15,116,2024-05-20,2024-05-25,Body Repair,Low,Completed,107785,True
3756,2322,9,39,2025-12-21,,Periodic Service,Low,Cancelled,41516,False
3757,2600,15,175,2024-08-18,2024-08-21,Repair,Medium,Completed,500,True
3758,2092,5,66,2025-09-06,2025-09-07,Periodic Service,Low,Completed,136729,True
3759,689,11,26,2024-11-30,2024-12-01,Periodic Service,Medium,Completed,39511,False
3760,940,3,132,2025-01-02,2025-01-05,AC Service,Low,Completed,43241,False
3761,1487,11,71,2025-12-13,2025-12-19,Body Repair,Low,Completed,67519,False
3762,1257,11,150,2025-02-13,2025-02-14,AC Service,Low,Completed,72083,False
3763,1613,13,65,2024-01-29,2024-01-30,Periodic Service,High,Completed,62171,False
3764,1532,14,30,2025-06-29,2025-07-02,Electrical,Low,Completed,2679,False
3765,351,10,50,2024-06-28,2024-06-30,Periodic Service,Medium,Completed,115510,False
3766,1326,14,171,2025-12-03,2025-12-04,Brake Service,Medium,Completed,36622,False
3767,726,10,80,2024-11-07,2024-11-08,AC Service,Low,Completed,85484,False
3768,1245,2,36,2025-02-19,2025-02-20,Periodic Service,High,Completed,15090,False
3769,2283,14,118,2024-03-23,2024-03-24,Periodic Service,Medium,Completed,6781,False
3770,1931,6,29,2024-04-06,2024-04-10,Body Repair,Low,Completed,7481,False
3771,1847,15,93,2025-07-07,2025-07-11,Repair,Low,Completed,147704,False
3772,416,14,88,2024-08-03,2024-08-07,Body Repair,Low,Completed,500,False
3773,137,15,162,2025-07-11,2025-07-12,Periodic Service,High,In Progress,6647,False
3774,1169,1,2,2024-03-31,2024-04-01,Electrical,Medium,Completed,130766,True
3775,2115,8,157,2025-07-28,2025-07-29,Repair,Medium,Completed,16188,False
3776,258,5,5,2025-11-14,2025-11-18,Engine Repair,Medium,Completed,42215,False
3777,862,8,34,2025-11-08,2025-11-09,Brake Service,Low,Completed,100864,False
3778,1290,10,80,2024-09-06,2024-09-09,Electrical,Medium,Completed,146357,False
3779,1023,6,176,2025-09-25,2025-09-27,AC Service,Low,Completed,7438,False
3780,2178,9,39,2024-08-05,2024-08-07,AC Service,Medium,Completed,98354,True
3781,2017,10,12,2025-12-21,2025-12-22,Periodic Service,Medium,Completed,75099,False
3782,793,6,130,2025-10-16,2025-10-17,Periodic Service,Low,Completed,91702,False
3783,79,7,74,2024-03-26,2024-03-27,Periodic Service,Medium,Completed,44659,False
3784,2288,10,21,2025-09-17,2025-09-18,AC Service,Low,Completed,71916,False
3785,1473,14,37,2024-01-10,2024-01-11,Repair,Medium,Completed,5779,True
3786,2479,1,110,2025-10-24,2025-10-25,Periodic Service,Medium,Completed,36495,False
3787,1411,11,26,2025-09-09,2025-09-11,Repair,Medium,Completed,120117,False
3788,346,10,166,2025-04-10,2025-04-11,Periodic Service,Low,Completed,128483,False
3789,750,14,127,2024-08-03,2024-08-04,Repair,Low,Completed,113156,False
3790,1503,13,91,2025-04-06,2025-04-10,Repair,Medium,Completed,159565,True
3791,1790,1,147,2024-10-21,2024-10-22,AC Service,Medium,Completed,119848,False
3792,1998,11,143,2025-09-18,2025-09-19,AC Service,Medium,Completed,128909,False
3793,251,7,168,2025-11-16,2025-11-17,Brake Service,Low,Completed,156277,False
3794,2046,1,86,2024-11-28,2024-11-29,Periodic Service,Medium,Completed,153276,True
3795,619,8,34,2025-02-19,2025-02-20,AC Service,Low,Completed,142389,False
3796,504,6,14,2025-02-03,2025-02-04,Periodic Service,Low,Completed,89678,False
3797,458,11,71,2024-04-08,2024-04-09,Electrical,Medium,Completed,71490,False
3798,1874,10,80,2024-07-29,2024-07-30,Periodic Service,High,Completed,37234,False
3799,1541,6,153,2024-07-31,2024-08-03,Brake Service,Low,Completed,106986,False
3800,345,2,9,2025-12-19,2025-12-22,Periodic Service,Critical,Completed,20154,True
3801,143,12,170,2025-03-03,2025-03-04,Repair,Medium,Completed,92550,False
3802,2271,15,162,2025-12-10,2025-12-11,Repair,Medium,Completed,126995,False
3803,2122,7,77,2024-08-14,2024-08-15,Periodic Service,Medium,Completed,96969,True
3804,1651,9,64,2025-11-16,2025-11-17,Electrical,Medium,In Progress,18222,True
3805,468,5,81,2024-10-06,2024-10-09,Body Repair,High,Completed,31838,False
3806,1336,1,85,2024-01-08,2024-01-09,Periodic Service,Low,Completed,55302,False
3807,644,7,168,2025-03-31,2025-04-01,Repair,High,Completed,82376,True
3808,1506,6,29,2024-05-14,2024-05-16,Repair,Medium,Completed,114474,True
3809,2287,10,42,2025-10-15,2025-10-16,Repair,High,In Progress,135627,True
3810,1591,9,64,2024-10-19,2024-10-21,Engine Repair,Low,Completed,5689,False
3811,1212,14,79,2024-02-17,2024-02-20,Body Repair,Low,Completed,38673,True
3812,311,7,76,2024-12-17,2024-12-18,Periodic Service,Low,Completed,14644,False
3813,702,3,139,2025-10-24,2025-10-25,Brake Service,Low,Completed,132551,False
3814,2239,11,54,2025-04-28,2025-05-01,AC Service,Medium,Completed,159783,False
3815,2242,11,121,2024-09-29,2024-10-04,Engine Repair,Low,Completed,117716,False
3816,1367,10,107,2024-02-01,2024-02-02,Periodic Service,Low,Completed,6215,False
3817,1692,5,133,2025-12-13,2025-12-14,Periodic Service,Low,Completed,107602,False
3818,2249,2,57,2025-07-22,2025-07-23,AC Service,Medium,Completed,48425,False
3819,2,9,109,2025-09-20,2025-09-21,Periodic Service,High,Completed,18287,False
3820,1166,14,96,2024-02-19,2024-02-20,Brake Service,Low,Completed,117163,False
3821,156,8,129,2025-07-24,2025-07-25,Brake Service,Medium,Completed,105605,True
3822,2436,7,74,2025-08-17,2025-08-19,Repair,Low,Completed,140321,False
3823,1071,15,158,2025-04-25,,Brake Service,Medium,Cancelled,96507,False
3824,1896,9,64,2025-08-23,2025-08-24,Repair,High,Completed,73942,False
3825,1486,13,20,2024-04-11,2024-04-16,Engine Repair,Low,In Progress,98212,True
3826,1246,6,14,2024-11-24,2024-11-26,Body Repair,Medium,Completed,56583,False
3827,1254,5,133,2024-08-20,2024-08-23,Repair,High,Completed,2318,True
3828,953,1,86,2024-11-14,2024-11-15,Electrical,Low,Completed,85546,True
3829,2099,14,82,2025-12-07,2025-12-08,Repair,Medium,Completed,105127,True
3830,1271,14,173,2025-04-27,2025-05-02,Body Repair,Medium,Completed,80073,False
3831,574,8,35,2024-05-20,2024-05-21,Periodic Service,Medium,Completed,124659,False
3832,1334,12,31,2025-09-27,2025-10-01,Body Repair,Low,Completed,126951,False
3833,1862,4,38,2024-04-04,2024-04-05,Periodic Service,Medium,Completed,11166,False
3834,2054,8,34,2025-02-15,2025-02-17,Repair,Medium,Completed,61660,True
3835,1371,5,135,2024-11-08,2024-11-12,Engine Repair,Medium,Completed,41332,True
3836,834,13,24,2025-06-28,2025-06-29,Repair,Low,Completed,23978,True
3837,78,6,155,2024-09-15,2024-09-17,Repair,Medium,Completed,143648,False
3838,276,4,167,2024-11-24,2024-11-25,Periodic Service,High,Completed,95706,False
3839,1404,5,135,2024-12-14,2024-12-15,AC Service,Medium,Completed,148188,False
3840,2230,9,58,2025-04-06,2025-04-08,Electrical,Low,Completed,48622,False
3841,388,15,63,2024-05-18,2024-05-20,Electrical,Medium,Completed,8803,True
3842,839,7,76,2024-12-14,,Brake Service,Medium,Cancelled,137922,False
3843,759,5,120,2025-03-13,2025-03-15,Repair,Medium,Completed,93844,True
3844,1149,5,49,2024-11-30,2024-12-01,Brake Service,Medium,Completed,99969,False
3845,1898,14,37,2024-03-24,2024-03-25,Periodic Service,High,In Progress,70656,False
3846,366,3,32,2025-05-29,2025-06-02,AC Service,Low,Completed,52475,False
3847,604,12,141,2025-11-14,2025-11-15,Periodic Service,High,Completed,46201,False
3848,1259,9,149,2025-01-29,2025-01-31,Repair,Medium,Completed,18655,True
3849,612,2,57,2024-06-04,2024-06-06,AC Service,Medium,In Progress,142491,False
3850,2164,6,29,2025-12-20,2025-12-21,Electrical,Low,Completed,12501,False
3851,239,3,3,2025-05-05,2025-05-06,AC Service,Low,Completed,95701,False
3852,192,14,118,2024-08-05,2024-08-06,Brake Service,High,Completed,108249,True
3853,406,3,6,2024-08-27,,Periodic Service,High,Cancelled,98992,True
3854,2354,5,105,2025-10-08,2025-10-09,Periodic Service,High,Completed,74258,False
3855,602,9,125,2025-04-29,2025-05-03,Engine Repair,Medium,Completed,10342,False
3856,1292,4,43,2025-10-26,2025-10-28,Repair,Low,Completed,36443,False
3857,635,5,135,2025-07-06,2025-07-11,Engine Repair,Medium,Completed,101656,True
3858,2259,2,8,2024-02-26,2024-02-28,Repair,Medium,Completed,88125,True
3859,878,10,42,2025-09-29,2025-09-30,Brake Service,Low,Completed,55904,True
3860,1767,14,30,2025-12-01,2025-12-02,Periodic Service,Low,Completed,15761,False
3861,1120,2,36,2024-08-20,2024-08-23,Brake Service,Low,Completed,11011,False
3862,1679,1,154,2024-12-20,2024-12-25,Body Repair,Low,Completed,103736,False
3863,2173,10,42,2024-12-02,2024-12-04,Electrical,Medium,In Progress,75317,False
3864,156,14,97,2025-05-18,2025-05-19,Repair,Medium,Completed,104190,False
3865,832,3,139,2024-05-18,2024-05-19,Periodic Service,Low,Completed,13845,False
3866,1700,12,172,2025-05-09,2025-05-10,Periodic Service,Low,Completed,61504,False
3867,2407,14,82,2025-03-02,2025-03-03,Periodic Service,Low,Completed,101861,False
3868,1073,4,95,2025-05-01,,Periodic Service,Low,Cancelled,62319,False
3869,1473,2,128,2025-10-04,2025-10-10,Body Repair,Low,Completed,13689,True
3870,360,7,124,2024-11-10,2024-11-11,Periodic Service,High,Completed,131033,False
3871,799,3,32,2024-12-21,2024-12-22,Brake Service,High,Completed,122620,False
3872,968,5,133,2024-12-05,2024-12-06,Periodic Service,Low,Completed,50201,False
3873,2190,11,143,2024-08-18,2024-08-19,AC Service,Critical,Completed,98364,False
3874,1586,13,24,2025-02-11,,Repair,Low,Cancelled,104583,False
3875,177,1,85,2025-02-08,2025-02-09,AC Service,Low,Completed,39431,True
3876,2273,12,99,2024-06-01,2024-06-02,Periodic Service,Medium,Completed,30681,True
3877,2570,15,63,2025-12-11,2025-12-12,Periodic Service,Medium,Completed,8350,False
3878,266,14,37,2024-02-03,2024-02-07,Body Repair,Low,Completed,157971,True
3879,1361,8,129,2025-01-28,2025-02-01,Engine Repair,High,Completed,41668,True
3880,740,15,62,2024-02-16,2024-02-17,Periodic Service,Low,Completed,2234,False
3881,518,13,178,2025-04-14,2025-04-15,Repair,Low,Completed,147072,False
3882,2104,4,167,2024-04-10,2024-04-11,Repair,Low,Completed,87297,True
3883,1622,12,172,2024-02-14,2024-02-20,Body Repair,High,Completed,27742,False
3884,1492,13,53,2024-12-08,2024-12-09,Periodic Service,Medium,Completed,124604,False
3885,731,5,105,2025-06-27,2025-06-29,Repair,Low,Completed,103954,True
3886,1055,13,65,2024-10-08,2024-10-11,Repair,Low,Completed,60923,False
3887,1356,14,173,2025-11-07,2025-11-12,Engine Repair,Medium,Completed,98366,True
3888,2539,11,13,2025-08-15,2025-08-16,Brake Service,Medium,Completed,40870,True
3889,2068,12,123,2025-11-20,2025-11-21,Repair,Low,In Progress,82233,True
3890,618,4,115,2025-08-02,2025-08-04,Periodic Service,Medium,Completed,82948,False
3891,626,14,131,2024-07-19,2024-07-20,Periodic Service,Medium,Completed,101156,False
3892,1674,12,92,2024-12-30,2025-01-01,Electrical,High,Completed,500,False
3893,2308,7,134,2025-02-19,2025-02-20,Periodic Service,Low,Completed,5577,False
3894,2046,3,23,2025-12-08,2025-12-10,Periodic Service,Low,Completed,155360,False
3895,1199,9,114,2024-01-22,2024-01-23,Repair,Low,Completed,4868,True
3896,875,2,48,2025-04-08,2025-04-09,Repair,Low,Completed,151481,True
3897,1776,14,131,2025-07-12,2025-07-16,Body Repair,Medium,Completed,63095,False
3898,943,4,115,2025-07-26,2025-07-28,Repair,Low,Completed,44348,False
3899,2445,15,177,2025-12-23,2025-12-24,Electrical,Medium,Completed,33781,False
3900,1311,3,145,2025-12-22,2025-12-26,Engine Repair,Low,Completed,149334,False
3901,221,1,147,2024-08-14,2024-08-19,Body Repair,Low,Completed,135572,False
3902,2130,4,167,2024-06-14,2024-06-20,Engine Repair,Low,Completed,68851,True
3903,403,2,57,2024-12-08,2024-12-10,Brake Service,Low,Completed,18370,False
3904,973,5,66,2024-07-21,2024-07-26,Body Repair,Critical,Completed,1209,False
3905,127,3,132,2025-10-13,2025-10-16,Repair,Low,Completed,160117,False
3906,2003,3,136,2024-11-03,2024-11-07,Engine Repair,Critical,Completed,59005,False
3907,1091,3,145,2025-10-27,2025-10-29,Periodic Service,High,Completed,115748,False
3908,45,12,141,2024-11-21,2024-11-22,Periodic Service,Medium,Completed,62231,True
3909,435,13,22,2025-07-22,2025-07-25,Repair,Medium,Completed,145898,False
3910,2585,3,139,2025-11-29,2025-12-02,Repair,High,Completed,16001,False
3911,2226,4,95,2025-04-18,2025-04-19,Periodic Service,Medium,Completed,54132,False
3912,1355,14,79,2025-03-17,2025-03-18,AC Service,High,Completed,55702,False
3913,205,9,149,2024-07-11,2024-07-13,Repair,Medium,Completed,91205,False
3914,277,3,136,2025-01-22,2025-01-23,AC Service,Low,Completed,4454,False
3915,310,3,163,2025-05-26,2025-05-29,Brake Service,Medium,Completed,147052,False
3916,1544,10,107,2024-03-25,2024-03-28,Repair,High,Completed,89084,False
3917,1885,13,24,2025-08-18,2025-08-20,Periodic Service,High,Completed,140906,False
3918,1498,4,38,2025-07-12,2025-07-13,AC Service,Critical,Completed,79383,False
3919,69,6,130,2025-06-27,2025-06-28,Periodic Service,High,Completed,46668,False
3920,2528,5,133,2025-01-15,,Brake Service,Low,Cancelled,134023,False
3921,1584,13,41,2024-10-26,2024-10-27,Periodic Service,Medium,Completed,500,False
3922,1226,6,165,2025-06-30,2025-07-01,Periodic Service,Low,In Progress,71743,True
3923,1745,15,63,2025-05-26,2025-05-27,AC Service,Medium,Completed,49680,False
3924,1096,5,81,2025-11-08,2025-11-09,Periodic Service,Medium,Completed,77292,False
3925,2427,3,23,2024-10-16,2024-10-20,Body Repair,Medium,Completed,500,False
3926,336,6,56,2025-04-06,2025-04-09,Body Repair,Medium,Completed,84190,True
3927,1386,12,170,2025-05-28,2025-05-29,Brake Service,Low,Completed,61662,False
3928,1660,13,178,2024-03-15,2024-03-18,Repair,Low,Completed,87623,False
3929,1844,2,84,2024-10-06,2024-10-08,AC Service,Low,Completed,40636,False
3930,38,7,108,2025-03-21,2025-03-22,Brake Service,Medium,Completed,140080,False
3931,2599,14,67,2025-09-25,2025-09-28,Engine Repair,Medium,Completed,121588,False
3932,245,15,93,2025-09-11,2025-09-13,Repair,Medium,Completed,138225,True
3933,1345,4,148,2024-09-28,2024-09-30,Brake Service,Medium,Completed,89424,False
3934,305,4,16,2025-07-14,2025-07-16,Periodic Service,Low,Completed,90303,False
3935,120,8,156,2025-11-07,2025-11-09,Electrical,Medium,Completed,77576,True
3936,111,3,23,2025-10-26,2025-10-27,AC Service,Medium,Completed,33081,True
3937,1002,8,157,2024-08-16,2024-08-18,Periodic Service,High,Completed,22685,False
3938,2369,2,128,2025-03-04,2025-03-06,Periodic Service,Low,Completed,124459,False
3939,1834,4,17,2024-12-23,2024-12-24,Electrical,High,Completed,158784,True
3940,1849,7,19,2024-10-22,2024-10-24,Brake Service,Medium,Completed,115339,False
3941,89,7,108,2025-01-14,2025-01-18,Body Repair,Medium,Completed,90716,False
3942,225,9,64,2025-09-30,2025-10-02,Periodic Service,High,Completed,146226,False
3943,2432,8,35,2024-08-24,2024-08-25,Periodic Service,High,Completed,35625,True
3944,57,1,102,2024-10-25,2024-10-26,Periodic Service,High,Completed,112927,False
3945,17,10,73,2024-11-27,2024-12-02,Body Repair,Medium,Completed,117402,False
3946,720,2,89,2025-08-31,2025-09-02,Repair,Low,Completed,62411,False
3947,243,15,62,2024-12-27,2025-01-01,Body Repair,Critical,Completed,6911,False
3948,1006,7,108,2025-03-30,2025-04-04,Body Repair,Low,Completed,150158,False
3949,2475,10,72,2024-09-01,2024-09-02,Periodic Service,High,Completed,26975,False
3950,2465,2,25,2024-02-27,2024-03-02,Body Repair,Low,Completed,116599,False
3951,1618,4,95,2025-08-02,2025-08-04,Repair,Low,Completed,91549,False
3952,1303,4,38,2025-08-28,2025-08-30,Brake Service,Medium,Completed,1136,False
3953,1602,12,99,2025-10-27,2025-10-31,Engine Repair,Low,Completed,38729,True
3954,2293,9,55,2024-10-24,2024-10-26,Periodic Service,Low,Completed,94192,False
3955,1206,14,37,2025-04-10,2025-04-12,Periodic Service,Low,Completed,102725,False
3956,598,13,174,2025-02-23,2025-02-25,Repair,Low,Completed,10691,False
3957,1056,10,73,2025-07-17,2025-07-18,Periodic Service,Medium,Completed,134928,False
3958,1939,14,103,2025-12-24,2025-12-25,Electrical,Medium,In Progress,153686,True
3959,1114,15,175,2025-09-28,2025-09-30,Engine Repair,Medium,Completed,112478,False
3960,1712,15,116,2025-04-04,2025-04-08,Repair,Low,Completed,124403,True
3961,1584,5,135,2025-12-12,2025-12-16,Engine Repair,Medium,Completed,2905,False
3962,1027,7,159,2025-08-01,2025-08-03,Brake Service,High,Completed,14392,False
3963,2019,14,127,2024-05-01,2024-05-03,Repair,Medium,Completed,100300,True
3964,2153,15,162,2025-06-27,2025-06-29,Periodic Service,Low,In Progress,97767,False
3965,711,15,162,2024-03-15,2024-03-19,Body Repair,High,Completed,53655,False
3966,2472,2,84,2025-10-23,2025-10-24,Electrical,Medium,In Progress,89990,False
3967,1044,8,146,2024-12-23,2024-12-27,Engine Repair,Medium,Completed,112221,True
3968,430,8,160,2025-05-27,2025-05-29,Electrical,High,Completed,133465,True
3969,460,13,174,2025-07-15,2025-07-16,AC Service,Low,Completed,123103,False
3970,925,14,30,2025-12-18,2025-12-19,Repair,High,Completed,136849,False
3971,2170,2,36,2024-12-15,2024-12-20,Body Repair,Low,Completed,96174,True
3972,2505,15,116,2025-12-25,,Periodic Service,Medium,Cancelled,128435,False
3973,1732,1,110,2024-05-16,2024-05-17,Periodic Service,Low,Completed,129752,False
3974,320,6,165,2025-04-12,2025-04-14,Brake Service,High,Completed,64530,False
3975,941,1,86,2025-08-12,2025-08-15,Periodic Service,Low,Completed,37808,False
3976,1755,10,80,2025-07-04,2025-07-08,Engine Repair,Low,Completed,103472,False
3977,1598,15,116,2025-10-12,2025-10-15,Repair,High,Completed,73920,False
3978,804,4,16,2024-02-19,2024-02-20,Periodic Service,Medium,Completed,140465,False
3979,500,4,16,2024-02-08,2024-02-09,Periodic Service,Low,Completed,93881,False
3980,1273,4,38,2024-08-27,,Periodic Service,Medium,Cancelled,135108,False
3981,769,7,168,2025-06-02,,Engine Repair,High,Cancelled,87783,True
3982,293,2,8,2024-03-29,2024-03-30,Repair,Medium,Completed,107356,True
3983,1393,4,167,2024-05-14,2024-05-16,Periodic Service,Medium,Completed,110171,False
3984,995,5,81,2024-04-04,2024-04-05,Electrical,Critical,Completed,153278,False
3985,2149,11,54,2024-10-26,2024-10-28,Repair,Low,In Progress,127502,False
3986,1720,11,13,2024-11-21,2024-11-22,Brake Service,Low,Completed,16529,False
3987,294,1,2,2025-08-05,2025-08-06,Brake Service,Medium,Completed,18505,False
3988,2579,9,149,2024-06-10,2024-06-12,Repair,Low,Completed,67290,False
3989,2255,9,64,2024-02-13,2024-02-16,Engine Repair,Low,Completed,108888,True
3990,1178,7,74,2025-06-20,2025-06-23,Body Repair,Medium,Completed,32330,False
3991,579,15,93,2025-09-25,2025-09-27,Repair,Low,Completed,6128,False
3992,790,14,82,2025-06-18,2025-06-19,Periodic Service,Low,Completed,68662,True
3993,1918,6,138,2025-11-24,2025-11-25,Repair,Medium,Completed,70352,False
3994,1051,5,4,2024-01-28,2024-01-31,Engine Repair,Medium,Completed,122791,True
3995,1803,4,167,2025-03-26,,Periodic Service,Medium,Cancelled,15514,False
3996,1303,14,171,2024-11-20,2024-11-23,Repair,Medium,Completed,2492,False
3997,1784,1,102,2025-08-12,2025-08-13,Electrical,Low,Completed,107321,False
3998,428,1,102,2024-08-17,2024-08-18,Periodic Service,Medium,Completed,104575,False
3999,1718,13,152,2025-11-05,2025-11-06,Brake Service,Medium,Completed,151395,False
4000,118,8,157,2025-04-12,2025-04-14,Repair,Low,Completed,122218,True
4001,37,4,95,2024-06-07,2024-06-08,Periodic Service,Low,Completed,28459,False
4002,1539,12,94,2024-07-01,2024-07-03,Repair,Medium,Completed,85367,False
4003,1319,7,19,2024-05-18,2024-05-23,Engine Repair,Low,Completed,144977,False
4004,2099,5,66,2025-09-20,2025-09-27,Engine Repair,Medium,Completed,100858,False
4005,1443,15,158,2025-07-23,2025-07-28,Body Repair,Low,Completed,60013,True
4006,2404,6,111,2025-06-08,2025-06-09,Repair,Low,Completed,9906,False
4007,2065,10,166,2024-07-07,2024-07-11,Body Repair,Medium,Completed,110807,False
4008,99,8,27,2024-10-15,2024-10-19,Engine Repair,Medium,Completed,67224,False
4009,2448,4,115,2024-10-29,2024-10-30,Periodic Service,Medium,In Progress,117685,False
4010,2299,1,85,2024-03-10,2024-03-11,Periodic Service,Low,In Progress,68306,False
4011,615,1,2,2025-07-18,2025-07-19,Repair,High,Completed,59932,False
4012,475,1,85,2025-05-19,2025-05-20,Periodic Service,Low,Completed,35082,False
4013,2188,15,116,2024-12-23,2024-12-24,Repair,Low,Completed,130518,False
4014,2543,2,9,2025-01-13,2025-01-14,Periodic Service,Low,Completed,106209,False
4015,1782,1,147,2025-12-17,2025-12-18,AC Service,Low,In Progress,30882,False
4016,638,12,7,2024-12-28,2024-12-29,Periodic Service,Medium,Completed,94018,False
4017,2003,8,160,2025-02-25,2025-02-27,Periodic Service,Low,Completed,57658,False
4018,1874,5,5,2024-02-09,2024-02-15,Body Repair,Medium,In Progress,32792,False
4019,2481,15,162,2025-08-06,2025-08-08,Electrical,Critical,Completed,9041,False
4020,1780,8,146,2025-04-03,2025-04-04,Brake Service,High,Completed,77936,False
4021,410,2,84,2025-10-09,2025-10-10,Periodic Service,Medium,In Progress,32714,False
4022,1143,6,101,2024-03-09,2024-03-11,Brake Service,Low,Completed,94876,False
4023,650,2,57,2024-10-02,2024-10-03,Repair,Medium,Completed,135399,False
4024,864,1,86,2024-07-05,2024-07-06,Repair,High,Completed,54566,True
4025,1074,2,70,2025-12-24,2025-12-25,Repair,Medium,Completed,148301,True
4026,569,11,26,2025-02-27,2025-03-01,Repair,Medium,Completed,144879,False
4027,94,3,18,2024-11-13,2024-11-17,Engine Repair,Low,Completed,61206,True
4028,1950,12,170,2025-06-28,2025-07-04,Engine Repair,Medium,In Progress,81521,False
4029,1042,11,15,2024-02-03,2024-02-04,AC Service,High,Completed,77740,False
4030,418,11,26,2025-08-12,2025-08-15,Engine Repair,Low,Completed,3118,True
4031,470,13,90,2025-08-14,2025-08-16,Periodic Service,Medium,Completed,82331,False
4032,133,14,96,2024-11-17,2024-11-20,Repair,Medium,Completed,8844,True
4033,2189,11,15,2024-12-29,2025-01-01,Body Repair,Low,Completed,79507,False
4034,2528,9,112,2025-07-04,2025-07-05,Periodic Service,High,Completed,128230,False
4035,2077,2,36,2024-11-25,2024-11-27,Brake Service,Low,Completed,18897,False
4036,2335,15,162,2024-11-10,2024-11-12,Electrical,High,Completed,73953,True
4037,647,15,158,2024-02-15,2024-02-21,Body Repair,Medium,Completed,17191,True
4038,2035,12,94,2025-09-21,,Body Repair,Medium,Cancelled,87322,False
4039,1745,13,60,2025-12-22,2025-12-23,Periodic Service,Low,Completed,43211,True
4040,2375,1,110,2024-08-30,2024-09-01,Electrical,High,Completed,23580,True
4041,274,4,1,2025-12-13,2025-12-14,Brake Service,Low,Completed,128733,False
4042,934,14,97,2024-07-10,2024-07-11,Electrical,Medium,Completed,144701,True
4043,807,14,96,2025-12-10,2025-12-12,Brake Service,Medium,In Progress,155703,False
4044,1261,4,115,2024-03-18,2024-03-21,Body Repair,Medium,Completed,82993,False
4045,1641,12,31,2024-09-05,2024-09-06,Periodic Service,Medium,Completed,46508,False
4046,1740,7,19,2024-12-16,2024-12-20,Engine Repair,Low,Completed,149796,False
4047,168,1,147,2024-10-07,2024-10-08,Repair,Low,Completed,126827,False
4048,2407,10,72,2024-09-27,2024-09-28,Periodic Service,Medium,Completed,103691,True
4049,2340,14,103,2025-11-13,2025-11-14,AC Service,Medium,Completed,143595,False
4050,766,6,137,2025-08-06,2025-08-09,Repair,Medium,Completed,5126,True
4051,450,6,29,2024-06-26,2024-06-29,Engine Repair,Low,Completed,29612,False
4052,856,14,79,2024-04-18,2024-04-20,Repair,Medium,Completed,26154,False
4053,2590,15,93,2024-06-17,2024-06-21,Repair,Medium,Completed,135100,False
4054,2131,11,13,2025-09-13,2025-09-15,Periodic Service,High,Completed,500,True
4055,2315,9,149,2025-06-04,2025-06-05,Brake Service,Low,Completed,21580,False
4056,2600,2,28,2024-05-12,2024-05-14,AC Service,High,In Progress,8137,True
4057,1176,8,27,2025-08-29,2025-09-01,AC Service,Low,Completed,29262,False
4058,2349,12,141,2024-09-08,2024-09-09,Periodic Service,Medium,Completed,39754,False
4059,1985,3,83,2025-09-12,2025-09-13,Periodic Service,Low,Completed,8434,False
4060,139,1,110,2025-06-01,2025-06-05,Body Repair,Medium,Completed,101415,False
4061,2154,6,153,2024-02-26,2024-02-28,Periodic Service,Medium,Completed,8954,False
4062,1244,10,21,2025-07-26,2025-07-27,Periodic Service,Medium,Completed,132569,False
4063,1493,7,124,2025-06-24,2025-06-27,Repair,Medium,Completed,98133,False
4064,2387,5,144,2024-01-28,2024-01-29,Periodic Service,Medium,Completed,122022,False
4065,2363,11,143,2025-06-12,2025-06-14,AC Service,Medium,Completed,24616,False
4066,1069,1,86,2025-08-03,2025-08-04,Periodic Service,High,Completed,154532,True
4067,1271,5,5,2024-08-28,2024-08-29,Periodic Service,Medium,Completed,83947,False
4068,1063,12,141,2025-03-28,2025-03-29,AC Service,Low,Completed,61440,False
4069,1991,9,87,2025-10-27,2025-10-28,Periodic Service,Low,Completed,81404,False
4070,575,7,76,2024-11-08,2024-11-11,Periodic Service,Medium,Completed,101346,False
4071,790,6,51,2024-01-17,2024-01-18,Periodic Service,Low,Completed,74530,False
4072,1355,12,47,2025-07-23,2025-07-26,Repair,Low,Completed,54037,False
4073,531,9,125,2024-04-22,2024-04-27,Body Repair,Low,Completed,10235,False
4074,2393,11,26,2024-04-29,2024-05-01,Electrical,Medium,Completed,21751,True
4075,727,5,5,2025-06-15,,Periodic Service,Critical,Cancelled,92664,False
4076,1472,5,44,2025-03-21,2025-03-23,Repair,Medium,Completed,21377,True
4077,1179,8,69,2024-08-20,2024-08-24,Engine Repair,Medium,Completed,70097,True
4078,805,11,15,2025-08-16,2025-08-18,Periodic Service,Medium,Completed,92817,False
4079,1269,4,43,2024-08-24,2024-08-25,Electrical,Low,Completed,56032,False
4080,2323,2,128,2024-07-03,2024-07-04,Repair,Medium,Completed,121721,False
4081,1850,6,14,2025-12-29,2025-12-31,Repair,Medium,Completed,88516,False
4082,782,3,136,2025-12-17,2025-12-18,Brake Service,Medium,Completed,95826,True
4083,1747,3,23,2025-09-16,2025-09-17,Repair,High,Completed,67080,False
4084,1287,10,42,2025-03-05,2025-03-10,Body Repair,Medium,Completed,63258,False
4085,586,2,9,2025-10-03,2025-10-04,Brake Service,Medium,Completed,50563,False
4086,2587,7,74,2025-04-22,2025-04-27,Engine Repair,High,Completed,112419,True
4087,1985,4,38,2025-11-20,2025-11-22,Repair,Low,Completed,15170,False
4088,929,2,40,2025-02-02,2025-02-07,Body Repair,Medium,Completed,66600,False
4089,913,3,59,2024-08-27,2024-08-28,Periodic Service,High,Completed,79794,False
4090,95,2,70,2025-02-18,2025-02-19,Periodic Service,Low,Completed,134853,False
4091,25,6,153,2025-10-22,2025-10-23,Periodic Service,Medium,Completed,41021,False
4092,575,8,27,2025-07-18,2025-07-20,Brake Service,Low,Completed,98779,False
4093,2384,4,17,2025-05-25,2025-05-27,AC Service,High,In Progress,21748,False
4094,1573,7,77,2024-04-15,2024-04-16,Periodic Service,Medium,Completed,100986,False
4095,301,13,180,2025-01-04,2025-01-07,Periodic Service,Low,Completed,68220,False
4096,1081,12,31,2025-12-22,2025-12-27,Body Repair,Medium,Completed,66583,False
4097,541,14,118,2024-03-30,2024-03-31,Electrical,Low,Completed,94555,False
4098,1654,10,42,2025-07-31,2025-08-01,Brake Service,Medium,Completed,19119,False
4099,1494,8,156,2025-10-27,2025-10-29,Periodic Service,Critical,Completed,113424,False
4100,1525,9,11,2024-09-30,2024-10-01,Periodic Service,High,Completed,159490,False
4101,139,6,29,2025-08-04,2025-08-05,Periodic Service,High,Completed,105264,False
4102,1883,8,27,2025-07-27,2025-07-31,Body Repair,Medium,Completed,13187,False
4103,494,15,175,2024-12-25,2024-12-26,Repair,Low,Completed,119261,True
4104,1610,11,26,2025-01-20,2025-01-21,Periodic Service,Low,Completed,12435,False
4105,924,10,104,2025-04-06,2025-04-11,Body Repair,Medium,Completed,29540,False
4106,53,9,64,2024-09-08,2024-09-10,Repair,Critical,Completed,73836,False
4107,1810,9,58,2025-11-23,2025-11-28,Engine Repair,High,Completed,103504,False
4108,973,6,29,2024-10-05,2024-10-06,Periodic Service,High,Completed,12972,False
4109,331,8,157,2024-05-27,2024-05-28,Periodic Service,Low,Completed,98480,True
4110,2235,7,77,2025-03-20,2025-03-21,Electrical,Critical,Completed,89496,True
4111,993,6,56,2024-04-11,2024-04-15,Body Repair,High,Completed,58921,False
4112,290,8,35,2024-08-19,2024-08-20,Periodic Service,Low,Completed,151889,False
4113,435,13,60,2024-02-09,2024-02-11,Brake Service,Medium,Completed,134189,False
4114,189,2,40,2025-03-28,2025-03-29,Periodic Service,High,Completed,28953,False
4115,1108,8,156,2024-02-17,2024-02-19,AC Service,Medium,Completed,49394,True
4116,2544,11,26,2024-04-16,2024-04-18,Periodic Service,High,Completed,86090,False
4117,1612,14,79,2025-04-25,2025-04-27,Repair,High,Completed,54164,True
4118,2379,7,108,2025-03-21,2025-03-23,Electrical,Medium,Completed,52340,False
4119,561,5,135,2025-09-18,2025-09-19,AC Service,Low,Completed,141363,False
4120,172,7,76,2025-09-18,2025-09-19,Brake Service,Medium,Completed,77489,False
4121,1508,7,19,2024-10-07,2024-10-08,Periodic Service,Medium,Completed,114245,True
4122,616,9,39,2025-05-24,2025-05-25,Repair,Low,Completed,102259,False
4123,2442,15,177,2025-07-22,2025-07-23,Repair,Low,Completed,98874,True
4124,1212,6,56,2024-02-21,2024-02-22,Electrical,Medium,Completed,42947,True
4125,1433,13,174,2024-06-03,2024-06-08,Body Repair,Low,Completed,15619,True
4126,1747,10,122,2025-10-25,2025-10-26,Repair,High,Completed,67546,False
4127,1471,3,145,2024-10-15,2024-10-16,Periodic Service,Medium,Completed,57719,False
4128,1875,10,104,2024-10-06,2024-10-07,Brake Service,High,Completed,89220,True
4129,2089,4,115,2025-07-09,2025-07-10,Electrical,Medium,Completed,109050,False
4130,2546,15,93,2025-02-25,2025-02-26,Repair,Critical,Completed,149054,True
4131,968,14,96,2024-12-07,2024-12-09,AC Service,High,Completed,50975,False
4132,1605,15,162,2024-05-20,2024-05-22,Repair,High,Completed,9066,True
4133,1274,1,2,2024-08-03,2024-08-04,Brake Service,Low,Completed,138033,False
4134,1270,2,36,2024-02-19,2024-02-22,Repair,Medium,Completed,16010,True
4135,2454,3,6,2025-10-22,2025-10-25,Repair,Low,Completed,4730,False
4136,897,7,161,2025-10-06,2025-10-08,Electrical,Medium,Completed,145481,False
4137,359,6,68,2024-08-16,2024-08-17,Periodic Service,Low,Completed,65393,True
4138,1734,11,13,2024-05-04,2024-05-05,Periodic Service,Medium,Completed,111671,False
4139,2486,10,10,2025-02-12,2025-02-15,Repair,Medium,Completed,86612,False
4140,1229,8,69,2025-03-23,2025-03-24,Periodic Service,Low,Completed,59232,False
4141,115,8,129,2024-10-27,2024-10-31,Engine Repair,Low,Completed,87546,False
4142,627,2,57,2024-05-14,2024-05-15,Periodic Service,Low,Completed,20390,False
4143,2307,14,131,2024-07-16,2024-07-17,Periodic Service,Medium,Completed,83229,True
4144,973,10,10,2025-08-13,2025-08-14,Periodic Service,Low,Completed,10116,False
4145,1720,11,71,2024-09-21,2024-09-24,Repair,Medium,Completed,14877,False
4146,1933,14,79,2024-11-09,2024-11-10,AC Service,High,Completed,7954,False
4147,1688,15,158,2024-10-04,2024-10-10,Engine Repair,Critical,Completed,65626,True
4148,726,2,48,2025-06-15,2025-06-17,AC Service,Low,Completed,83988,False
4149,1156,13,142,2025-05-11,2025-05-12,AC Service,Low,Completed,127659,False
4150,1472,15,158,2024-11-25,2024-11-26,AC Service,Low,Completed,11103,False
4151,115,5,5,2024-09-26,2024-09-27,Periodic Service,Low,In Progress,82220,False
4152,1342,13,142,2024-05-15,2024-05-18,Body Repair,High,Completed,79562,False
4153,1781,3,32,2025-04-24,2025-04-29,Body Repair,Low,Completed,41095,True
4154,1188,2,8,2024-09-06,2024-09-10,Engine Repair,Low,Completed,142295,False
4155,1949,9,149,2025-01-19,2025-01-21,Electrical,Low,Completed,42977,False
4156,670,3,59,2025-11-28,2025-11-30,Periodic Service,Medium,Completed,124056,False
4157,1584,12,47,2025-06-24,2025-06-25,Repair,Medium,Completed,2188,False
4158,1023,6,101,2024-10-22,2024-10-25,Brake Service,Medium,In Progress,4281,True
4159,1820,12,123,2024-05-27,2024-05-28,Brake Service,Medium,Completed,90198,False
4160,710,8,160,2024-06-18,2024-06-19,AC Service,Low,Completed,152855,False
4161,945,13,60,2025-04-12,2025-04-13,Periodic Service,High,Completed,76787,False
4162,2239,9,114,2025-08-11,2025-08-12,Electrical,Low,Completed,146179,True
4163,2219,3,163,2024-12-17,2024-12-18,Periodic Service,Medium,In Progress,500,False
4164,2478,6,51,2025-11-15,2025-11-17,Brake Service,Low,Completed,144666,False
4165,1974,14,131,2025-05-24,2025-05-25,Periodic Service,Medium,Completed,29929,True
4166,1536,2,119,2024-02-09,2024-02-11,AC Service,Medium,Completed,20084,True
4167,1359,10,122,2024-01-14,2024-01-15,Repair,Medium,Completed,65529,False
4168,188,4,115,2025-10-10,2025-10-15,Body Repair,Medium,Completed,141984,False
4169,1227,1,154,2024-11-15,2024-11-16,Repair,Low,Completed,85023,False
4170,1256,11,126,2025-02-04,2025-02-05,Brake Service,High,Completed,146663,False
4171,1172,4,1,2025-01-15,2025-01-16,Electrical,Low,Completed,137955,False
4172,2449,4,95,2025-01-30,2025-01-31,Repair,Medium,Completed,39264,False
4173,1867,5,4,2025-04-09,2025-04-10,Periodic Service,Low,Completed,155398,False
4174,100,11,54,2024-08-03,2024-08-05,Repair,Low,Completed,150395,False
4175,879,9,58,2024-09-01,2024-09-02,Brake Service,Low,Completed,76220,True
4176,1527,14,127,2025-07-17,2025-07-18,Brake Service,Medium,Completed,62105,False
4177,1098,10,122,2024-12-28,2024-12-29,Repair,Low,Completed,16460,True
4178,1196,1,86,2024-10-20,2024-10-21,Periodic Service,Low,Completed,39210,False
4179,1364,2,119,2025-07-14,2025-07-16,Repair,Medium,Completed,48908,True
4180,344,8,27,2025-10-11,2025-10-15,Repair,Medium,Completed,9631,False
4181,122,6,153,2025-08-26,2025-08-27,Repair,Low,Completed,6881,False
4182,672,4,167,2024-07-17,2024-07-19,AC Service,Medium,Completed,38728,False
4183,311,5,100,2024-10-09,2024-10-10,Periodic Service,Medium,In Progress,21411,True
4184,1562,4,140,2025-09-19,2025-09-20,Periodic Service,Medium,Completed,140549,True
4185,1704,12,31,2025-12-07,2025-12-10,Repair,Medium,Completed,127338,False
4186,2129,10,10,2024-10-28,2024-10-29,Periodic Service,Low,Completed,23089,False
4187,2059,13,41,2025-01-24,2025-01-27,Periodic Service,High,In Progress,103158,False
4188,881,2,8,2025-04-06,2025-04-08,Repair,Medium,Completed,28143,True
4189,987,6,176,2025-11-22,2025-11-23,Periodic Service,Medium,Completed,11001,True
4190,2332,13,174,2024-12-28,2024-12-31,Repair,Low,Completed,153980,False
4191,2235,1,110,2024-10-20,2024-10-23,Periodic Service,Medium,Completed,81938,False
4192,479,6,165,2025-09-20,2025-09-21,Periodic Service,Low,Completed,58851,False
4193,1757,7,108,2024-10-21,2024-10-24,Brake Service,Medium,In Progress,145682,False
4194,1164,14,131,2024-03-31,2024-04-01,Electrical,Medium,Completed,118749,False
4195,282,2,119,2025-01-13,2025-01-15,Periodic Service,Low,Completed,15386,False
4196,2511,4,148,2024-03-25,2024-03-26,Periodic Service,Low,Completed,131575,False
4197,2254,4,1,2024-07-21,2024-07-22,Electrical,Medium,Completed,33732,False
4198,1874,9,112,2025-01-18,2025-01-21,Periodic Service,Critical,Completed,38082,False
4199,1538,3,136,2025-06-12,2025-06-15,Repair,Low,Completed,143037,False
4200,571,6,51,2024-04-02,2024-04-03,Periodic Service,Medium,Completed,33720,False
4201,479,3,145,2024-06-16,2024-06-20,Engine Repair,Medium,Completed,48842,False
4202,166,15,158,2025-03-03,2025-03-04,Brake Service,Medium,Completed,66712,False
4203,738,10,78,2024-10-23,2024-10-24,Electrical,Medium,Completed,19273,True
4204,2270,1,2,2024-06-07,2024-06-08,Periodic Service,Medium,Completed,59871,False
4205,761,9,58,2025-06-09,2025-06-10,Periodic Service,Low,Completed,90457,True
4206,1204,8,34,2025-02-09,2025-02-11,Repair,High,Completed,98130,False
4207,1890,4,95,2024-11-04,2024-11-06,Engine Repair,Low,In Progress,14741,False
4208,2348,15,116,2025-06-25,2025-06-30,Body Repair,Medium,Completed,145984,False
4209,722,3,75,2025-04-12,2025-04-14,Repair,Low,Completed,115975,False
4210,1462,3,163,2024-12-12,2024-12-13,Periodic Service,High,Completed,18104,False
4211,1026,10,33,2024-01-28,2024-01-29,Periodic Service,Medium,Completed,84361,False
4212,520,15,177,2025-08-29,2025-08-30,Electrical,Low,Completed,91297,False
4213,2234,8,156,2025-08-02,2025-08-03,Periodic Service,Low,Completed,127157,False
4214,554,6,14,2024-04-01,2024-04-05,Body Repair,Critical,Completed,150977,False
4215,322,7,168,2025-10-13,2025-10-14,Periodic Service,Low,Completed,4505,True
4216,534,10,73,2024-10-21,2024-10-22,Repair,Medium,Completed,10871,False
4217,157,3,136,2024-11-30,2024-12-01,Brake Service,Medium,Completed,102933,True
4218,791,2,28,2024-12-24,2024-12-25,Repair,High,In Progress,8030,False
4219,2509,10,78,2025-05-24,2025-05-26,Repair,Medium,Completed,94896,True
4220,1577,8,160,2025-03-18,2025-03-21,Repair,High,Completed,16569,True
4221,162,3,136,2025-07-02,2025-07-03,Periodic Service,High,Completed,55874,True
4222,1160,11,126,2024-09-28,2024-10-05,Body Repair,Medium,Completed,34531,False
4223,1709,15,158,2025-10-18,2025-10-19,Electrical,Medium,Completed,30158,False
4224,1798,3,132,2025-01-08,2025-01-09,Repair,Low,Completed,87827,False
4225,1232,7,134,2025-08-05,2025-08-07,Brake Service,High,Completed,68693,False
4226,258,10,107,2024-07-02,2024-07-04,Repair,Low,Completed,42035,True
4227,2354,13,22,2025-10-24,2025-10-25,AC Service,Low,Completed,75691,False
4228,1749,10,50,2024-04-28,2024-04-30,Periodic Service,Low,Completed,84552,False
4229,330,10,80,2024-11-01,2024-11-06,Engine Repair,Low,Completed,500,True
4230,1122,10,21,2024-04-25,2024-04-27,Brake Service,High,Completed,58943,False
4231,154,8,156,2025-01-02,2025-01-03,Periodic Service,High,Completed,4843,False
4232,1195,4,1,2025-07-26,2025-07-28,Repair,Low,Completed,123798,True
4233,2011,2,8,2025-06-14,2025-06-18,Engine Repair,Medium,Completed,99461,True
4234,796,8,146,2024-03-23,2024-03-26,Body Repair,Medium,Completed,115176,False
4235,256,2,89,2025-08-08,2025-08-09,AC Service,Low,Completed,149071,False
4236,2459,4,115,2024-07-06,2024-07-09,Periodic Service,Medium,Completed,131032,False
4237,649,11,121,2025-08-05,2025-08-06,AC Service,Medium,In Progress,29402,False
4238,1553,6,101,2025-06-24,2025-06-25,Periodic Service,Low,In Progress,81025,False
4239,1322,5,120,2025-11-21,2025-11-23,Repair,Low,In Progress,145211,False
4240,1022,3,23,2025-03-18,2025-03-19,Brake Service,Low,Completed,153766,False
4241,435,9,125,2024-12-31,2025-01-01,Periodic Service,Low,Completed,139234,False
4242,1772,12,31,2024-03-08,2024-03-11,Repair,Low,Completed,24167,False
4243,2331,7,74,2024-06-05,2024-06-06,Electrical,High,Completed,115697,False
4244,112,14,88,2025-04-16,2025-04-17,Electrical,Medium,In Progress,4461,False
4245,1832,7,108,2024-07-21,2024-07-23,Periodic Service,Low,Completed,16864,False
4246,1068,3,32,2024-09-04,2024-09-06,Electrical,Medium,Completed,146160,True
4247,448,3,75,2025-04-29,2025-04-30,AC Service,Low,Completed,116684,False
4248,1694,7,74,2025-04-02,2025-04-05,Engine Repair,High,Completed,3310,False
4249,179,11,54,2025-08-09,2025-08-12,Periodic Service,Low,Completed,141107,False
4250,355,10,78,2024-07-18,2024-07-20,Repair,High,Completed,56828,True
4251,1202,15,116,2025-10-11,2025-10-13,Periodic Service,Medium,Completed,163411,True
4252,2250,11,126,2024-12-27,2024-12-29,Electrical,Critical,In Progress,142384,False
4253,2104,3,132,2024-04-29,2024-04-30,Brake Service,High,In Progress,84925,False
4254,351,1,154,2025-05-28,2025-05-31,Engine Repair,Low,Completed,108784,True
4255,1575,14,127,2024-07-03,2024-07-05,AC Service,Medium,Completed,63188,False
4256,1112,10,78,2025-08-25,2025-08-26,Periodic Service,Low,Completed,81931,False
4257,551,8,146,2025-03-13,2025-03-14,AC Service,Low,Completed,4552,True
4258,610,8,34,2024-05-17,2024-05-20,Body Repair,Medium,Completed,151963,True
4259,998,12,31,2025-06-05,2025-06-07,Periodic Service,Low,Completed,96537,False
4260,624,14,103,2024-07-13,2024-07-14,Electrical,Low,Completed,148576,False
4261,547,5,151,2025-03-14,2025-03-18,Body Repair,Medium,Completed,20188,False
4262,2066,9,87,2024-10-17,2024-10-18,Periodic Service,Low,In Progress,24312,False
4263,1685,8,146,2025-01-31,2025-02-01,Periodic Service,Low,Completed,47548,False
4264,276,2,40,2025-02-05,2025-02-07,Brake Service,Medium,Completed,101944,False
4265,1074,14,131,2025-03-09,2025-03-10,Brake Service,Low,Completed,145505,False
4266,1328,10,33,2024-09-25,2024-09-26,Brake Service,High,Completed,97090,False
4267,1792,10,78,2024-04-18,2024-04-22,Body Repair,Medium,Completed,128831,False
4268,1531,8,34,2024-05-02,2024-05-07,Body Repair,Medium,Completed,28718,False
4269,1891,14,88,2025-11-19,2025-11-20,Periodic Service,Low,Completed,25945,False
4270,2004,5,100,2024-11-02,2024-11-04,Repair,Low,Completed,160727,False
4271,205,4,38,2024-03-07,2024-03-09,AC Service,Medium,Completed,77006,True
4272,1477,15,162,2024-07-29,2024-08-04,Body Repair,Medium,Completed,85908,False
4273,2411,4,95,2025-12-21,2025-12-23,Periodic Service,Critical,Completed,125851,False
4274,123,4,167,2025-04-01,2025-04-02,AC Service,Low,Completed,33214,False
4275,1874,6,111,2024-10-14,2024-10-16,Repair,Medium,Completed,35733,False
4276,808,15,162,2025-06-19,2025-06-20,Periodic Service,Low,Completed,147943,False
4277,746,12,92,2024-01-04,2024-01-08,Body Repair,High,Completed,106584,False
4278,1660,6,130,2025-12-22,2025-12-26,Engine Repair,Low,In Progress,85208,True
4279,2244,10,73,2024-12-14,2024-12-15,Periodic Service,Critical,Completed,21519,False
4280,2375,7,134,2024-06-20,2024-06-22,Electrical,Medium,Completed,17710,False
4281,1982,7,108,2025-07-05,2025-07-07,Body Repair,Medium,Completed,500,False
4282,351,2,36,2025-12-29,2025-12-31,AC Service,High,In Progress,111844,False
4283,658,7,124,2024-12-20,2024-12-21,Periodic Service,Low,Completed,24430,False
4284,488,7,74,2024-03-27,2024-03-29,Electrical,High,Completed,79955,False
4285,413,15,177,2024-06-27,2024-06-29,Repair,High,Completed,122340,False
4286,2202,3,6,2024-03-10,,AC Service,Medium,Cancelled,141086,False
4287,1924,10,78,2025-03-29,2025-04-01,Repair,Low,Completed,97225,True
4288,2450,13,142,2025-05-04,2025-05-07,Repair,Medium,Completed,21776,True
4289,517,6,111,2024-04-02,2024-04-03,Repair,Medium,Completed,84910,False
4290,2569,8,146,2025-05-04,2025-05-07,AC Service,Low,Completed,139515,True
4291,2499,6,101,2024-06-28,2024-07-01,Repair,Medium,Completed,57647,False
4292,235,8,156,2025-04-11,2025-04-12,Repair,Low,Completed,96541,False
4293,2302,5,105,2024-08-02,2024-08-06,Engine Repair,High,Completed,42642,False
4294,1704,10,104,2024-08-19,2024-08-20,AC Service,Low,Completed,128508,True
4295,1728,1,110,2025-02-04,2025-02-06,AC Service,Medium,Completed,108341,False
4296,119,8,129,2024-08-10,2024-08-14,Body Repair,Low,Completed,132484,False
4297,1176,12,92,2024-03-02,2024-03-03,Repair,High,Completed,30711,False
4298,1269,12,170,2024-05-11,2024-05-12,Brake Service,High,Completed,44152,True
4299,178,5,105,2025-02-11,2025-02-15,Engine Repair,Low,Completed,123528,False
4300,1939,9,109,2024-07-16,2024-07-18,Periodic Service,Medium,Completed,158306,True
4301,568,6,138,2024-02-16,2024-02-19,Repair,High,Completed,65269,False
4302,1818,12,92,2024-12-29,,Body Repair,Medium,Cancelled,24126,False
4303,844,8,156,2025-04-02,2025-04-03,Periodic Service,Medium,Completed,15851,False
4304,548,6,165,2025-06-22,2025-06-23,Periodic Service,Low,Completed,137144,False
4305,1327,3,75,2024-03-26,2024-03-27,Periodic Service,Low,Completed,40608,False
4306,2059,9,114,2025-03-07,2025-03-09,Periodic Service,Medium,Completed,104959,False
4307,1046,4,38,2025-08-07,2025-08-08,Periodic Service,Critical,Completed,2067,False
4308,1191,1,85,2024-04-08,2024-04-10,Periodic Service,High,Completed,41941,False
4309,434,3,83,2025-04-03,2025-04-05,Repair,Low,Completed,121566,False
4310,2302,14,97,2025-01-19,2025-01-22,Repair,High,Completed,48325,True
4311,197,12,123,2025-12-02,2025-12-04,Repair,Medium,Completed,148089,False
4312,603,3,6,2025-01-24,2025-01-25,Brake Service,Low,Completed,130952,False
4313,2098,5,4,2025-01-29,2025-01-30,Repair,Medium,Completed,36399,True
4314,1581,2,36,2025-04-03,2025-04-04,Periodic Service,High,Completed,110044,False
4315,731,4,106,2025-08-09,,Periodic Service,Medium,Cancelled,92860,False
4316,1430,6,56,2024-10-16,2024-10-17,Periodic Service,High,Completed,102410,False
4317,855,15,162,2024-09-02,2024-09-03,Periodic Service,Low,Completed,143962,False
4318,892,10,33,2025-04-23,2025-04-25,AC Service,Critical,Completed,140092,True
4319,386,4,1,2025-11-26,2025-11-27,Repair,High,Completed,73693,False
4320,1371,13,61,2025-08-30,2025-08-31,Periodic Service,Medium,Completed,40879,True
4321,2336,14,79,2024-03-17,2024-03-18,Repair,Medium,Completed,108672,False
4322,1862,13,91,2025-08-21,2025-08-22,AC Service,Low,In Progress,14188,True
4323,1764,15,162,2024-07-31,2024-08-02,Repair,Low,In Progress,5079,False
4324,1930,15,116,2024-01-12,2024-01-14,Periodic Service,High,Completed,39546,False
4325,458,11,143,2024-07-06,2024-07-07,Repair,Medium,In Progress,61597,False
4326,1796,5,66,2024-06-12,,Repair,High,Cancelled,76641,False
4327,1388,8,157,2025-02-05,2025-02-06,Brake Service,Low,Completed,500,False
4328,655,14,67,2024-05-25,2024-05-30,Engine Repair,Low,Completed,53750,False
4329,1333,8,34,2025-10-05,2025-10-07,Engine Repair,Medium,In Progress,8374,False
4330,341,3,139,2025-08-01,2025-08-02,Electrical,Medium,Completed,125775,True
4331,459,7,77,2024-03-07,2024-03-09,Periodic Service,Low,Completed,95090,False
4332,2067,12,7,2024-11-11,2024-11-12,Periodic Service,High,Completed,95409,True
4333,2412,3,83,2025-08-14,2025-08-15,Periodic Service,Low,Completed,1223,False
4334,1325,2,119,2024-02-04,2024-02-06,Brake Service,Low,In Progress,109810,False
4335,1961,4,95,2024-05-30,2024-05-31,Repair,Medium,Completed,101038,False
4336,1851,1,2,2024-08-20,2024-08-23,Engine Repair,Low,Completed,158780,True
4337,2330,3,3,2025-06-19,2025-06-20,Repair,High,Completed,500,True
4338,1047,1,86,2024-08-02,2024-08-08,Body Repair,Low,Completed,84070,False
4339,532,7,124,2024-10-18,2024-10-21,Brake Service,High,Completed,17608,False
4340,326,14,82,2025-12-23,2025-12-26,Repair,Low,In Progress,42983,False
4341,2458,6,46,2024-06-05,2024-06-08,Repair,Medium,Completed,103809,False
4342,2393,1,110,2024-03-20,2024-03-21,AC Service,Low,Completed,18303,False
4343,1541,10,21,2024-10-01,2024-10-02,Periodic Service,Low,Completed,117837,False
4344,1225,5,133,2025-12-05,2025-12-06,Periodic Service,Low,Completed,150611,False
4345,891,6,137,2024-07-04,2024-07-05,Periodic Service,Medium,Completed,68399,True
4346,457,10,10,2025-05-03,2025-05-04,Electrical,Medium,Completed,62102,True
4347,1311,6,56,2025-12-16,2025-12-17,Periodic Service,Medium,Completed,142572,False
4348,1498,7,19,2024-12-14,2024-12-15,Periodic Service,Low,Completed,88056,False
4349,1700,9,39,2024-06-04,2024-06-05,Periodic Service,High,In Progress,61321,True
4350,806,9,114,2024-04-23,2024-04-24,Periodic Service,High,Completed,132976,False
4351,2489,8,160,2024-01-11,2024-01-12,Electrical,Low,Completed,64380,False
4352,596,15,63,2024-11-12,2024-11-15,Body Repair,Low,Completed,84435,False
4353,836,6,51,2025-06-27,2025-06-28,AC Service,High,Completed,123830,False
4354,1872,8,160,2025-07-12,2025-07-16,Engine Repair,Medium,Completed,128035,False
4355,2005,5,5,2025-11-05,2025-11-06,Periodic Service,High,Completed,7885,False
4356,1220,15,162,2024-01-17,,Periodic Service,Low,Cancelled,155473,False
4357,1786,15,175,2024-07-12,2024-07-13,Periodic Service,High,Completed,500,False
4358,1807,14,37,2024-04-29,2024-05-05,Body Repair,Medium,Completed,97220,False
4359,2531,13,61,2024-11-27,2024-11-28,Periodic Service,Low,Completed,68061,False
4360,651,4,115,2025-06-30,2025-07-03,Repair,Critical,Completed,121118,True
4361,2284,9,114,2024-08-23,2024-08-24,Brake Service,Critical,Completed,58895,False
4362,1058,1,86,2024-09-10,2024-09-11,Brake Service,Low,Completed,124917,False
4363,1600,11,143,2025-01-30,2025-01-31,Periodic Service,Medium,Completed,107135,True
4364,2011,3,6,2025-09-14,2025-09-18,Body Repair,Low,Completed,92155,False
4365,2020,6,130,2024-07-14,2024-07-17,Repair,Medium,Completed,115125,True
4366,847,1,154,2024-04-28,2024-05-02,Repair,Low,Completed,135573,True
4367,1808,3,83,2024-08-14,2024-08-15,Electrical,Medium,Completed,131259,False
4368,176,14,79,2025-09-26,2025-09-27,Brake Service,Low,Completed,68242,True
4369,125,14,88,2025-07-02,2025-07-04,Periodic Service,Medium,Completed,123205,False
4370,1821,9,125,2024-02-16,2024-02-18,Repair,Medium,Completed,121825,False
4371,1940,14,97,2025-11-02,2025-11-04,Periodic Service,Low,Completed,14649,False
4372,44,4,148,2024-10-21,2024-10-25,Engine Repair,Low,Completed,129372,True
4373,2082,1,110,2024-07-21,2024-07-23,Electrical,Low,Completed,125097,False
4374,1222,13,20,2025-11-30,2025-12-02,Repair,Medium,Completed,20336,False
4375,110,9,39,2024-12-28,2024-12-29,Periodic Service,Low,Completed,155683,False
4376,1757,10,33,2024-08-21,2024-08-22,AC Service,High,Completed,151463,False
4377,210,15,162,2024-01-25,2024-01-27,Periodic Service,Medium,Completed,124261,True
4378,409,14,103,2024-11-28,2024-11-30,Repair,Medium,Completed,54791,True
4379,454,6,29,2025-12-25,2025-12-26,Periodic Service,Low,Completed,1569,False
4380,2058,10,122,2024-12-14,2024-12-16,Periodic Service,Medium,Completed,152516,False
4381,2550,13,90,2025-06-25,2025-06-29,Body Repair,High,Completed,13203,False
4382,2578,1,102,2024-08-03,2024-08-05,Repair,Medium,Completed,113151,False
4383,312,5,144,2024-05-11,2024-05-12,Brake Service,Medium,Completed,24605,False
4384,2170,7,159,2025-01-13,2025-01-14,Periodic Service,High,Completed,99447,False
4385,227,11,126,2024-04-05,2024-04-07,Periodic Service,High,In Progress,3986,False
4386,1840,10,104,2025-09-19,2025-09-20,Periodic Service,Medium,Completed,43635,True
4387,1790,9,164,2025-01-12,2025-01-14,Periodic Service,High,Completed,122878,False
4388,309,7,124,2024-08-28,2024-08-29,Periodic Service,Low,Completed,141037,False
4389,1717,6,137,2025-06-30,2025-07-03,Engine Repair,High,Completed,136774,False
4390,1938,14,30,2025-11-04,2025-11-06,AC Service,Medium,Completed,92360,False
4391,978,3,3,2024-08-01,2024-08-02,Periodic Service,High,Completed,117231,False
4392,420,5,66,2025-06-05,2025-06-06,Electrical,High,Completed,78928,True
4393,1738,8,157,2024-11-05,2024-11-09,Body Repair,Low,Completed,102067,False
4394,1273,14,97,2025-06-18,2025-06-19,Repair,Medium,Completed,130490,True
4395,2265,6,153,2024-08-01,2024-08-04,Repair,Medium,Completed,115111,True
4396,472,5,105,2025-09-24,2025-09-27,Body Repair,Low,In Progress,119557,False
4397,1284,2,57,2025-08-09,2025-08-11,AC Service,Medium,Completed,13953,False
4398,2187,5,120,2024-05-13,,Brake Service,Medium,Cancelled,12705,False
4399,1506,5,135,2024-12-27,2024-12-28,AC Service,Medium,Completed,117300,False
4400,390,13,60,2025-02-10,2025-02-11,Electrical,High,Completed,148559,True
4401,398,12,31,2024-09-09,2024-09-10,AC Service,Medium,Completed,143206,False
4402,410,6,46,2024-11-03,2024-11-04,Electrical,High,Completed,25610,False
4403,349,2,25,2024-04-08,,Body Repair,Medium,Cancelled,12543,False
4404,2427,4,95,2024-06-06,2024-06-12,Body Repair,Low,Completed,500,False
4405,1287,11,150,2025-03-22,2025-03-26,Body Repair,Medium,Completed,60786,False
4406,1414,10,80,2025-01-08,2025-01-11,Repair,Low,Completed,79376,True
4407,2349,1,86,2024-01-01,2024-01-02,Electrical,High,Completed,38023,True
4408,1941,13,41,2025-09-15,2025-09-17,Brake Service,Critical,Completed,94434,False
4409,702,13,152,2024-10-11,2024-10-12,AC Service,Medium,Completed,122954,False
4410,1353,7,74,2025-12-15,2025-12-16,Periodic Service,Low,Completed,140678,False
4411,2417,12,123,2024-02-02,2024-02-04,Periodic Service,Low,Completed,500,False
4412,1132,4,95,2024-01-14,2024-01-18,Engine Repair,Low,In Progress,96577,True
4413,2008,14,88,2024-09-24,2024-09-25,Periodic Service,Low,Completed,154864,True
4414,1050,3,83,2025-09-05,2025-09-10,Engine Repair,Low,Completed,87693,True
4415,2126,2,70,2024-03-12,2024-03-13,Periodic Service,Low,Completed,62413,False
4416,503,5,49,2024-05-06,2024-05-07,Periodic Service,High,Completed,121892,False
4417,484,3,132,2024-11-25,2024-11-28,Repair,High,Completed,58041,True
4418,1844,10,12,2024-03-10,2024-03-13,Repair,High,Completed,46972,True
4419,1152,13,142,2025-03-09,2025-03-12,Engine Repair,Low,Completed,28134,False
4420,525,5,105,2024-03-24,2024-03-30,Body Repair,Low,Completed,2390,False
4421,1097,1,2,2024-01-31,2024-02-01,Periodic Service,Low,Completed,75395,False
4422,1124,8,157,2025-04-20,2025-04-21,AC Service,Medium,Completed,120178,False
4423,1270,12,169,2025-08-08,2025-08-09,AC Service,Low,Completed,4970,False
4424,1932,10,166,2024-05-16,2024-05-18,Repair,Low,Completed,70915,False
4425,1915,14,79,2024-12-23,2024-12-24,Periodic Service,Low,Completed,500,False
4426,281,6,155,2025-04-10,2025-04-14,Body Repair,Low,Completed,40617,False
4427,1979,1,86,2024-03-14,2024-03-15,Periodic Service,Low,Completed,10692,False
4428,1264,5,105,2025-11-26,2025-11-27,Brake Service,Medium,Completed,12697,False
4429,43,4,95,2025-07-16,2025-07-20,Body Repair,Low,Completed,13013,False
4430,727,5,5,2024-07-15,2024-07-20,Engine Repair,High,Completed,93030,False
4431,366,9,125,2024-10-20,2024-10-23,Repair,Medium,Completed,45939,False
4432,27,8,35,2025-09-30,2025-10-03,Repair,Low,Completed,110205,False
4433,18,2,8,2025-10-29,2025-10-31,AC Service,Low,Completed,71216,False
4434,1507,7,161,2025-11-17,2025-11-18,AC Service,Low,Completed,92111,False
4435,1683,7,77,2024-01-08,2024-01-09,AC Service,High,Completed,124716,False
4436,1811,4,17,2024-04-20,2024-04-21,Brake Service,Medium,Completed,143192,False
4437,1037,13,53,2024-10-11,2024-10-13,Repair,Medium,Completed,127154,True
4438,848,1,154,2024-11-06,2024-11-07,AC Service,Low,Completed,100886,False
4439,134,4,148,2024-07-13,2024-07-14,Repair,High,Completed,57206,True
4440,1839,6,101,2024-07-20,2024-07-23,Repair,High,Completed,122625,True
4441,2288,8,69,2025-02-09,2025-02-12,Periodic Service,Medium,Completed,62812,False
4442,449,2,48,2024-04-13,2024-04-15,Brake Service,Low,Completed,114057,False
4443,2077,15,62,2025-02-11,2025-02-12,Brake Service,Medium,Completed,9921,False
4444,956,9,164,2025-01-16,2025-01-17,Periodic Service,Low,Completed,120767,False
4445,150,8,160,2024-10-02,2024-10-03,Repair,High,Completed,73587,False
4446,743,6,101,2024-05-10,,Repair,Medium,Cancelled,126959,True
4447,2237,12,123,2025-02-16,2025-02-17,Repair,Low,Completed,58371,False
4448,2545,11,15,2025-06-30,2025-07-01,Brake Service,High,Completed,140767,False
4449,684,12,92,2025-09-22,2025-09-24,AC Service,Medium,Completed,127058,False
4450,2444,2,45,2025-02-12,2025-02-14,Brake Service,Low,Completed,130820,False
4451,1405,3,132,2024-08-16,2024-08-20,Engine Repair,Medium,In Progress,62152,False
4452,1967,5,44,2025-12-05,2025-12-06,AC Service,Low,In Progress,53932,False
4453,593,4,16,2025-04-20,2025-04-21,AC Service,Low,Completed,72916,True
4454,675,11,71,2024-09-13,2024-09-14,AC Service,Medium,Completed,122286,False
4455,2531,11,15,2025-12-07,2025-12-08,Brake Service,Low,Completed,63217,False
4456,2600,10,73,2025-12-28,2026-01-01,Engine Repair,Low,Completed,500,True
4457,1944,3,163,2024-05-10,2024-05-13,Engine Repair,High,Completed,130525,True
4458,276,15,175,2025-10-29,2025-10-30,Electrical,Medium,Completed,96236,False
4459,737,4,17,2024-06-27,2024-07-02,Body Repair,Medium,Completed,44642,True
4460,2223,15,62,2025-11-09,2025-11-10,Brake Service,Medium,Completed,72684,False
4461,446,11,126,2024-11-23,2024-11-27,Engine Repair,High,Completed,98326,False
4462,772,13,178,2024-12-01,2024-12-03,Repair,Critical,Completed,25536,True
4463,2533,5,120,2024-10-02,2024-10-03,Brake Service,Medium,Completed,111660,False
4464,560,5,151,2025-11-21,2025-11-22,Periodic Service,High,Completed,109540,False
4465,1008,7,77,2024-12-14,2024-12-18,Repair,Medium,Completed,103944,False
4466,2090,4,16,2024-11-25,2024-11-29,Body Repair,Low,Completed,5370,True
4467,2081,9,55,2025-10-29,2025-10-30,Periodic Service,Low,Completed,96837,False
4468,448,2,48,2025-04-26,2025-04-30,Repair,Medium,Completed,121688,False
4469,51,4,95,2025-10-28,2025-10-31,Repair,Low,Completed,115733,False
4470,1514,13,65,2025-05-31,,Repair,Low,Cancelled,83877,False
4471,1235,1,86,2025-11-06,2025-11-07,Periodic Service,Low,Completed,137067,False
4472,1421,14,173,2025-07-29,2025-07-30,Periodic Service,Critical,Completed,23126,False
4473,442,13,178,2025-02-11,2025-02-12,Repair,Low,Completed,99662,False
4474,755,8,34,2025-08-15,2025-08-16,Periodic Service,Low,Completed,18803,False
4475,2449,5,105,2024-12-31,2025-01-04,Body Repair,Low,Completed,30823,False
4476,926,6,138,2024-11-20,2024-11-26,Body Repair,Low,In Progress,14517,False
4477,1680,13,142,2025-06-15,2025-06-16,Periodic Service,Medium,Completed,153413,True
4478,649,8,146,2024-10-15,2024-10-17,Repair,Medium,Completed,28967,False
4479,1269,4,38,2024-09-29,2024-09-30,Periodic Service,Medium,Completed,48431,False
4480,1286,14,103,2024-10-07,2024-10-08,AC Service,High,Completed,105348,False
4481,1283,7,19,2024-12-10,2024-12-12,Repair,Medium,Completed,103659,False
4482,1219,10,107,2024-12-30,2025-01-02,Repair,High,Completed,32158,True
4483,2403,8,69,2025-07-06,2025-07-08,Periodic Service,Medium,Completed,113240,False
4484,942,5,120,2024-06-02,2024-06-03,Periodic Service,Medium,Completed,126825,False
4485,950,4,106,2025-04-09,2025-04-10,Electrical,Low,Completed,81437,False
4486,623,14,127,2025-11-09,2025-11-10,Repair,Low,Completed,39638,False
4487,535,4,167,2025-01-27,2025-01-28,Brake Service,Medium,Completed,74110,False
4488,2512,14,37,2024-08-30,2024-08-31,AC Service,High,Completed,92850,True
4489,2205,7,159,2024-08-10,2024-08-12,Electrical,High,Completed,32990,True
4490,1196,1,147,2024-07-18,2024-07-22,Engine Repair,Low,In Progress,32035,False
4491,584,15,62,2025-09-05,2025-09-06,Periodic Service,Critical,Completed,71137,False
4492,960,6,46,2024-07-03,2024-07-04,Periodic Service,Low,Completed,120501,False
4493,2405,9,125,2024-04-15,2024-04-16,Periodic Service,Low,Completed,94896,True
4494,2030,3,83,2025-05-13,2025-05-14,Periodic Service,Medium,Completed,135515,True
4495,207,8,157,2025-02-15,2025-02-16,Periodic Service,Low,In Progress,85581,False
4496,2171,1,110,2024-03-15,2024-03-16,Brake Service,Critical,Completed,142295,False
4497,657,13,60,2025-09-21,2025-09-22,AC Service,Low,Completed,105347,False
4498,2089,5,120,2024-07-09,2024-07-10,Electrical,High,Completed,114347,True
4499,1293,8,129,2024-08-18,2024-08-22,Engine Repair,High,Completed,24158,False
4500,353,14,118,2025-11-05,2025-11-06,AC Service,Low,Completed,23401,False
4501,152,3,83,2024-08-03,2024-08-04,AC Service,Medium,In Progress,118836,False
4502,1090,4,1,2024-12-24,2024-12-26,Periodic Service,Low,Completed,110879,False
4503,1156,10,42,2024-05-13,2024-05-16,Periodic Service,Low,Completed,133555,False
4504,41,4,17,2025-12-23,2025-12-25,Repair,Medium,Completed,69989,True
4505,2445,8,156,2024-04-30,2024-05-03,Repair,Medium,Completed,35757,True
4506,1829,3,145,2025-04-28,2025-05-01,Body Repair,Critical,Completed,102136,False
4507,1815,15,158,2025-12-21,2025-12-22,Periodic Service,Medium,Completed,117351,False
4508,483,11,126,2025-10-18,2025-10-24,Body Repair,High,Completed,7457,False
4509,2075,13,20,2025-03-14,2025-03-16,Repair,Medium,Completed,82189,False
4510,2286,12,31,2024-08-31,2024-09-01,Repair,Low,In Progress,49175,False
4511,638,13,60,2024-06-11,2024-06-13,Repair,Medium,Completed,105294,False
4512,2303,12,179,2024-01-13,2024-01-15,Repair,Low,Completed,500,False
4513,580,2,8,2025-09-06,2025-09-09,Electrical,High,Completed,142624,False
4514,1282,6,46,2025-08-20,2025-08-21,Repair,Low,Completed,149347,False
4515,694,1,86,2024-01-29,2024-01-30,Periodic Service,Critical,Completed,145918,True
4516,1105,12,170,2025-11-09,2025-11-10,Brake Service,Medium,Completed,5174,False
4517,2450,12,117,2024-10-15,2024-10-16,AC Service,High,Completed,25531,False
4518,479,6,176,2024-08-31,2024-09-01,Electrical,Low,In Progress,53326,True
4519,336,14,103,2025-10-01,,Periodic Service,Low,Cancelled,85183,False
4520,1845,5,135,2025-12-18,2025-12-19,Periodic Service,Medium,Completed,154247,False
4521,1786,3,23,2025-02-01,2025-02-04,Repair,High,Completed,3340,True
4522,1918,8,129,2025-05-27,2025-05-29,Electrical,Low,Completed,78476,False
4523,1804,1,102,2025-12-11,2025-12-18,Engine Repair,Low,Completed,57427,True
4524,1880,12,170,2025-09-20,2025-09-21,Periodic Service,Medium,Completed,78193,True
4525,1160,12,117,2024-08-03,2024-08-06,Repair,Medium,Completed,28917,False
4526,603,5,4,2024-05-17,2024-05-24,Engine Repair,High,Completed,135933,True
4527,2491,15,175,2025-10-14,2025-10-17,Repair,Medium,Completed,43957,False
4528,442,12,172,2025-07-31,2025-08-01,AC Service,Medium,Completed,99220,False
4529,1006,12,179,2025-03-18,2025-03-20,Brake Service,Low,Completed,146216,False
4530,2576,1,110,2024-07-06,2024-07-07,Periodic Service,Medium,Completed,21494,False
4531,1915,6,51,2025-11-08,2025-11-10,Periodic Service,Low,In Progress,500,False
4532,2558,10,21,2025-06-03,2025-06-07,Body Repair,Low,Completed,84737,False
4533,1747,12,169,2024-04-13,2024-04-15,Electrical,High,In Progress,70460,False
4534,1299,11,150,2025-12-17,2025-12-18,Periodic Service,Medium,Completed,128836,True
4535,2052,14,113,2025-03-21,2025-03-23,Periodic Service,Medium,Completed,118168,False
4536,166,1,154,2025-11-22,2025-11-23,Electrical,Medium,Completed,74612,False
4537,2231,2,119,2024-06-26,2024-06-27,Electrical,Low,Completed,66371,False
4538,31,13,180,2025-03-22,2025-03-28,Body Repair,Low,Completed,19620,False
4539,1538,1,154,2024-11-04,2024-11-05,AC Service,Low,Completed,141469,True
4540,2205,11,26,2024-10-30,2024-11-01,Periodic Service,Low,Completed,29213,False
4541,246,4,140,2024-04-20,2024-04-21,AC Service,Medium,Completed,131328,False
4542,1257,7,168,2024-09-09,2024-09-13,Body Repair,Medium,Completed,62996,False
4543,3,1,86,2025-03-28,2025-04-01,Repair,Medium,Completed,152905,False
4544,229,9,87,2024-05-28,2024-05-31,Engine Repair,High,Completed,96701,True
4545,2061,11,71,2024-07-01,2024-07-03,Periodic Service,Low,Completed,500,False
4546,533,8,69,2025-01-10,2025-01-11,Periodic Service,Low,In Progress,23460,False
4547,1449,7,161,2025-11-09,2025-11-10,Periodic Service,Medium,Completed,500,False
4548,600,15,62,2024-09-19,2024-09-20,Repair,Medium,Completed,128940,False
4549,967,14,127,2024-11-01,2024-11-03,Repair,Medium,Completed,106714,False
4550,1954,7,124,2025-09-02,2025-09-07,Body Repair,Medium,Completed,133027,False
4551,1143,8,34,2024-03-23,2024-03-24,Repair,Low,Completed,86860,True
4552,1096,10,72,2024-03-19,2024-03-21,Repair,Medium,Completed,89741,True
4553,2040,6,111,2025-03-15,2025-03-16,Electrical,Low,Completed,27646,True
4554,1788,1,147,2025-10-21,2025-10-25,Repair,Medium,In Progress,48280,False
4555,189,15,93,2025-05-18,2025-05-22,Engine Repair,Medium,Completed,26944,True
4556,1460,13,22,2025-12-07,2025-12-08,Periodic Service,High,Completed,155173,False
4557,335,4,16,2024-06-17,2024-06-19,Periodic Service,Medium,Completed,47465,True
4558,879,1,86,2025-01-09,2025-01-11,Brake Service,Low,Completed,80263,True
4559,1526,4,115,2025-04-26,2025-04-28,Periodic Service,Medium,Completed,57203,False
4560,1369,4,148,2024-02-28,2024-03-03,Body Repair,Low,Completed,56736,False
4561,134,14,171,2024-02-20,2024-02-21,AC Service,Low,Completed,57742,False
4562,2498,14,171,2024-02-06,2024-02-07,Periodic Service,Low,Completed,127714,False
4563,1708,14,113,2025-06-27,2025-06-28,Brake Service,Low,Completed,4142,False
4564,742,14,79,2024-03-31,2024-04-04,Body Repair,Low,Completed,135341,True
4565,876,13,152,2025-05-16,2025-05-17,Periodic Service,Medium,Completed,37743,False
4566,1448,4,38,2025-12-09,2025-12-10,Periodic Service,Critical,Completed,10504,False
4567,1635,7,134,2025-08-02,2025-08-05,Electrical,Low,Completed,101661,False
4568,775,9,149,2024-04-29,2024-04-30,Periodic Service,Medium,Completed,21187,False
4569,1509,5,81,2024-12-14,2024-12-16,AC Service,High,Completed,103517,False
4570,1850,14,30,2024-06-29,2024-06-30,Repair,Low,Completed,83089,True
4571,695,6,68,2025-11-01,2025-11-02,Periodic Service,Medium,In Progress,104701,False
4572,2142,12,123,2024-03-31,2024-04-02,Electrical,Low,Completed,131650,False
4573,2305,7,76,2025-12-15,2025-12-17,AC Service,Medium,Completed,82735,False
4574,1915,14,127,2024-04-27,2024-04-30,Repair,Critical,Completed,500,True
4575,46,11,121,2025-08-19,2025-08-20,Electrical,Medium,Completed,77331,True
4576,1436,7,76,2024-10-21,2024-10-22,AC Service,High,Completed,117548,False
4577,419,5,66,2025-08-23,2025-08-24,Periodic Service,Medium,Completed,118194,False
4578,1676,4,16,2025-05-06,2025-05-11,Body Repair,Medium,Completed,119601,False
4579,2562,7,159,2024-03-20,2024-03-21,Brake Service,Medium,In Progress,11752,False
4580,1686,4,1,2024-06-23,2024-06-28,Body Repair,Critical,Completed,73038,False
4581,1588,3,163,2024-04-12,,Repair,Medium,Cancelled,156029,False
4582,528,1,147,2024-07-15,2024-07-16,Periodic Service,Medium,Completed,98868,False
4583,563,11,54,2024-02-12,2024-02-13,Periodic Service,Low,Completed,36582,True
4584,291,9,55,2024-02-04,,Repair,Low,Cancelled,142656,True
4585,1931,10,122,2025-07-10,2025-07-14,Engine Repair,Medium,Completed,5157,True
4586,2587,2,89,2025-12-12,2025-12-15,Engine Repair,High,Completed,106528,True
4587,2001,4,43,2025-11-02,2025-11-03,Electrical,Low,Completed,145482,False
4588,1566,3,75,2025-05-26,2025-05-29,Engine Repair,Low,In Progress,29893,True
4589,1094,5,135,2024-11-22,2024-11-23,AC Service,Low,Completed,135183,False
4590,30,2,70,2025-07-14,2025-07-16,Periodic Service,Medium,Completed,30664,False
4591,944,2,28,2025-05-12,2025-05-13,Electrical,Medium,Completed,34477,True
4592,2350,2,84,2024-02-20,2024-02-23,Periodic Service,High,Completed,49013,False
4593,2331,5,105,2024-01-14,2024-01-15,Periodic Service,Medium,Completed,119762,False
4594,1189,4,95,2024-05-11,2024-05-14,Repair,Medium,In Progress,19570,True
4595,2325,8,160,2024-03-14,2024-03-15,AC Service,Low,Completed,41565,False
4596,1112,15,162,2024-11-28,2024-11-30,AC Service,Medium,Completed,79083,False
4597,959,11,13,2025-06-10,2025-06-11,Periodic Service,Medium,Completed,114700,False
4598,1409,3,23,2024-07-14,2024-07-16,Repair,Low,Completed,28534,True
4599,778,10,10,2024-11-20,2024-11-21,Periodic Service,Medium,Completed,93840,False
4600,1258,15,62,2025-04-07,2025-04-08,Periodic Service,High,In Progress,148035,False
4601,559,2,28,2024-12-09,2024-12-10,Repair,High,Completed,4715,False
4602,1744,2,36,2024-06-15,2024-06-18,Repair,Medium,Completed,28903,False
4603,2544,3,98,2025-01-23,2025-01-25,Repair,High,Completed,94251,True
4604,2208,14,113,2025-02-06,2025-02-10,Body Repair,Medium,Completed,50432,False
4605,360,9,114,2025-04-22,2025-04-23,Periodic Service,Medium,Completed,134952,False
4606,1902,1,110,2025-05-01,2025-05-03,Periodic Service,Medium,Completed,94153,False
4607,526,13,152,2025-07-08,2025-07-09,Repair,Low,Completed,139091,False
4608,612,11,54,2024-01-10,2024-01-15,Engine Repair,Low,Completed,134372,False
4609,1987,13,60,2024-12-26,2024-12-28,Brake Service,High,Completed,60371,False
4610,731,13,53,2024-06-16,,Repair,Medium,Cancelled,105413,True
4611,627,2,48,2024-09-02,2024-09-04,Repair,Medium,Completed,27355,False
4612,585,13,22,2024-04-22,2024-04-23,Periodic Service,Medium,Completed,145846,False
4613,175,6,130,2025-11-07,2025-11-10,Repair,Medium,Completed,63129,False
4614,2464,9,55,2025-02-12,2025-02-13,Electrical,Medium,Completed,89162,False
4615,952,14,173,2025-05-21,2025-05-22,Periodic Service,Medium,Completed,94642,False
4616,2359,15,93,2024-09-28,2024-10-01,AC Service,Medium,Completed,41146,True
4617,243,15,175,2024-06-12,2024-06-17,Body Repair,Medium,Completed,11591,True
4618,1647,4,17,2025-10-03,2025-10-04,Brake Service,Medium,Completed,160191,True
4619,472,5,144,2024-03-17,2024-03-22,Body Repair,Medium,Completed,115847,True
4620,1192,3,32,2025-04-19,2025-04-21,Repair,Low,Completed,133983,True
4621,1999,8,156,2024-04-11,2024-04-13,Periodic Service,Medium,Completed,39319,False
4622,2391,12,179,2024-04-05,2024-04-08,Body Repair,Medium,Completed,8118,False
4623,418,1,2,2024-05-06,2024-05-11,Body Repair,Critical,Completed,11109,True
4624,1761,6,130,2025-03-01,2025-03-02,Electrical,Medium,Completed,135776,False
4625,549,9,87,2025-04-05,2025-04-06,Electrical,High,Completed,114265,False
4626,116,7,124,2024-11-08,2024-11-09,Periodic Service,Low,Completed,111152,False
4627,2540,3,23,2024-04-14,2024-04-15,Periodic Service,Medium,Completed,95979,False
4628,2045,8,156,2024-08-15,2024-08-20,Engine Repair,High,Completed,124628,False
4629,1231,15,175,2025-09-26,2025-09-30,Repair,Medium,Completed,95808,True
4630,1799,8,69,2025-09-22,2025-09-23,Brake Service,Low,Completed,101327,False
4631,1942,15,158,2025-12-23,2025-12-24,Brake Service,Medium,Completed,500,False
4632,1868,14,113,2024-08-09,2024-08-10,Brake Service,Low,Completed,144946,False
4633,2584,14,171,2025-12-02,2025-12-03,Periodic Service,Medium,Completed,125139,False
4634,376,3,3,2025-03-27,2025-03-30,Electrical,Medium,Completed,81158,True
4635,1465,5,100,2024-10-28,2024-10-29,Periodic Service,Medium,Completed,93038,False
4636,2148,12,31,2024-08-05,2024-08-07,Repair,Medium,Completed,126971,True
4637,813,6,130,2025-04-12,2025-04-14,Periodic Service,Low,Completed,96393,False
4638,2300,8,27,2024-02-08,2024-02-09,Periodic Service,Medium,Completed,6201,False
4639,402,2,84,2025-08-13,2025-08-15,Periodic Service,Medium,Completed,135499,True
4640,2377,12,47,2024-04-05,2024-04-07,Brake Service,Low,Completed,57780,True
4641,1115,2,48,2024-04-05,2024-04-07,Periodic Service,Low,Completed,26119,False
4642,866,10,122,2024-03-12,2024-03-15,Repair,Medium,Completed,85217,False
4643,1063,15,162,2024-12-04,2024-12-05,Periodic Service,Low,Completed,65828,False
4644,2287,3,18,2025-07-13,2025-07-14,Brake Service,Low,Completed,136857,False
4645,555,7,76,2025-05-09,2025-05-10,Periodic Service,Medium,Completed,113391,False
4646,2066,15,62,2025-11-26,2025-11-27,Periodic Service,Low,Completed,19307,True
4647,692,9,112,2024-10-07,2024-10-10,AC Service,Medium,Completed,149517,False
4648,389,8,129,2024-02-20,2024-02-23,AC Service,Medium,Completed,2194,False
4649,2364,8,146,2024-04-15,2024-04-16,Brake Service,Low,Completed,7545,False
4650,1300,13,91,2024-07-21,2024-07-23,Electrical,Medium,Completed,130645,False
4651,92,14,171,2024-11-01,2024-11-04,Repair,Low,Completed,33066,True
4652,752,15,116,2025-04-08,2025-04-10,Repair,Low,Completed,49976,False
4653,1558,2,8,2025-12-04,,Repair,Low,Cancelled,101897,True
4654,656,8,129,2024-09-24,2024-09-25,Periodic Service,Medium,Completed,128945,True
4655,151,8,146,2024-06-01,2024-06-04,Body Repair,Critical,In Progress,93454,True
4656,837,14,118,2025-10-26,2025-11-01,Body Repair,Critical,Completed,53368,True
4657,888,8,146,2025-06-15,2025-06-16,Periodic Service,Low,Completed,149398,False
4658,999,14,82,2025-01-19,2025-01-20,Repair,Low,Completed,15388,True
4659,1090,1,86,2025-05-30,2025-05-31,AC Service,Medium,Completed,114922,True
4660,2302,15,158,2024-07-18,2024-07-21,Repair,Medium,Completed,39780,True
4661,16,10,12,2024-11-25,2024-11-30,Body Repair,Low,In Progress,21754,False
4662,1980,14,173,2025-08-15,2025-08-16,Brake Service,Medium,Completed,113707,False
4663,2170,12,99,2025-10-05,2025-10-07,Periodic Service,Critical,Completed,103140,False
4664,975,8,34,2024-11-07,2024-11-12,Engine Repair,Low,Completed,14026,True
4665,688,5,66,2025-06-09,2025-06-10,Brake Service,Low,Completed,42930,False
4666,1050,3,32,2025-07-25,2025-07-27,Periodic Service,Low,Completed,82919,True
4667,1798,4,148,2025-04-02,2025-04-04,Repair,Low,Completed,79493,True
4668,812,11,54,2024-03-07,2024-03-08,Periodic Service,Low,Completed,123128,False
4669,755,4,1,2025-12-09,2025-12-12,Engine Repair,High,Completed,19609,False
4670,1903,3,163,2025-08-21,2025-08-22,Brake Service,Low,Completed,22779,False
4671,1139,7,108,2024-09-13,2024-09-14,Brake Service,Low,Completed,59713,False
4672,990,14,118,2025-08-27,2025-09-01,Engine Repair,Low,Completed,145919,True
4673,1537,1,110,2025-06-03,2025-06-04,Periodic Service,Medium,Completed,65581,False
4674,262,3,83,2025-10-26,2025-10-28,Repair,Medium,Completed,43793,False
4675,1311,13,90,2025-06-19,2025-06-22,Engine Repair,Medium,Completed,146995,False
4676,1866,12,94,2025-06-10,2025-06-12,Repair,Low,Completed,60968,False
4677,2353,2,84,2025-10-24,2025-10-29,Repair,Low,Completed,31853,False
4678,860,2,9,2024-09-02,2024-09-04,Brake Service,Medium,Completed,66057,False
4679,123,14,171,2025-08-05,2025-08-06,Repair,Medium,Completed,33399,False
4680,253,2,36,2025-12-28,2025-12-30,Repair,Medium,Completed,25278,True
4681,1378,4,43,2024-04-27,2024-04-30,Repair,Low,Completed,500,False
4682,2466,5,151,2025-10-03,2025-10-08,Engine Repair,Medium,Completed,28073,True
4683,1458,14,131,2025-12-31,2026-01-04,Engine Repair,Medium,Completed,39911,False
4684,1754,11,143,2024-04-26,2024-04-27,AC Service,Medium,Completed,44482,False
4685,2468,4,167,2024-08-30,2024-09-05,Body Repair,Low,Completed,119044,False
4686,1805,10,166,2024-09-16,2024-09-17,Repair,High,Completed,29131,False
4687,802,2,57,2025-06-22,2025-06-24,Periodic Service,Medium,Completed,105182,False
4688,597,5,5,2024-10-23,2024-10-24,Periodic Service,High,Completed,93748,False
4689,1676,7,19,2024-12-19,2024-12-23,Engine Repair,Medium,Completed,132491,False
4690,388,5,133,2024-08-01,2024-08-02,Periodic Service,Medium,Completed,3940,False
4691,1129,9,149,2025-07-07,2025-07-10,Periodic Service,Medium,Completed,86482,False
4692,2495,9,114,2024-02-18,2024-02-20,Repair,Low,Completed,56019,True
4693,2302,9,164,2025-01-24,2025-01-25,Repair,Medium,Completed,45113,True
4694,2521,10,10,2025-01-11,2025-01-12,Repair,Medium,Completed,123718,True
4695,2165,5,44,2024-08-09,2024-08-11,Electrical,Low,Completed,104698,False
4696,56,6,138,2025-06-27,2025-06-28,Brake Service,Medium,Completed,2761,True
4697,147,8,34,2024-07-21,2024-07-24,Repair,Medium,Completed,44434,True
4698,1600,11,13,2024-01-29,2024-01-30,Brake Service,Medium,Completed,110983,False
4699,269,3,139,2024-11-13,2024-11-15,Brake Service,Low,Completed,86988,False
4700,2227,10,10,2025-06-15,2025-06-16,Electrical,Low,Completed,96797,True
4701,339,7,168,2024-08-28,2024-08-29,AC Service,High,Completed,160598,False
4702,242,10,33,2025-06-10,2025-06-14,Repair,Medium,Completed,49942,False
4703,2254,13,22,2024-10-25,2024-10-26,Repair,Medium,Completed,27789,False
4704,2473,12,179,2024-01-25,2024-01-28,Repair,Low,Completed,71205,False
4705,2142,8,156,2025-09-17,2025-09-21,Repair,Low,Completed,125745,False
4706,2534,12,179,2024-09-08,2024-09-12,Engine Repair,Medium,Completed,37171,False
4707,2585,2,9,2025-08-19,2025-08-20,Brake Service,Low,Completed,2219,False
4708,60,2,9,2024-10-06,2024-10-07,Engine Repair,Medium,Completed,155757,True
4709,359,5,5,2025-04-07,2025-04-08,Brake Service,Medium,Completed,67155,False
4710,840,12,94,2024-04-30,2024-05-01,Periodic Service,Low,Completed,109676,True
4711,2304,11,13,2024-09-23,2024-09-27,Engine Repair,Medium,Completed,136035,False
4712,1479,13,41,2024-03-29,2024-03-30,AC Service,Medium,Completed,121698,False
4713,2072,14,127,2024-12-10,2024-12-11,Electrical,Low,Completed,18352,True
4714,342,2,9,2024-10-24,2024-10-25,Repair,Medium,Completed,93254,False
4715,2471,3,139,2025-06-15,2025-06-18,Body Repair,High,Completed,150187,False
4716,496,1,110,2024-04-24,2024-04-26,Repair,Low,Completed,134395,True
4717,137,5,5,2024-06-25,,Repair,Medium,Cancelled,2060,True
4718,1635,8,27,2025-10-14,2025-10-18,Body Repair,Low,Completed,92468,False
4719,2290,3,32,2025-11-06,2025-11-07,Brake Service,Medium,Completed,117380,False
4720,1359,2,45,2024-01-26,,Repair,Low,Cancelled,56221,False
4721,2122,3,59,2024-11-12,2024-11-15,Repair,High,Completed,98355,True
4722,226,1,2,2024-11-18,2024-11-19,Brake Service,Low,Completed,155304,True
4723,339,3,6,2024-06-16,2024-06-18,Periodic Service,Medium,Completed,161221,True
4724,2393,5,135,2024-03-03,2024-03-06,Repair,High,Completed,18040,True
4725,2322,6,56,2024-11-11,2024-11-12,Periodic Service,Medium,Completed,32517,False
4726,699,1,102,2025-06-26,2025-06-27,Periodic Service,Low,Completed,99044,False
4727,639,12,123,2025-01-26,2025-01-28,AC Service,Low,Completed,126483,False
4728,2175,10,42,2024-04-14,2024-04-16,Brake Service,Medium,Completed,14899,False
4729,1465,2,40,2024-08-13,2024-08-14,Periodic Service,Low,Completed,89916,False
4730,1620,3,59,2024-06-12,2024-06-14,Repair,Low,In Progress,135840,False
4731,1512,15,116,2025-05-06,2025-05-07,Periodic Service,Low,Completed,118843,True
4732,2359,2,57,2025-03-21,2025-03-22,Periodic Service,Medium,Completed,28883,True
4733,1818,12,117,2024-07-12,2024-07-15,Periodic Service,Medium,Completed,10501,False
4734,1818,2,36,2024-11-12,2024-11-13,Periodic Service,Medium,Completed,10216,False
4735,1323,14,88,2025-09-10,2025-09-14,Engine Repair,Low,Completed,59930,True
4736,453,5,105,2024-10-07,2024-10-08,Brake Service,Low,Completed,116647,False
4737,2216,9,109,2024-07-07,2024-07-08,Periodic Service,Critical,Completed,127006,False
4738,35,14,113,2025-05-13,2025-05-14,Brake Service,Low,Completed,130418,False
4739,560,13,53,2025-04-30,2025-05-01,Periodic Service,Medium,Completed,111499,False
4740,1941,1,102,2025-03-27,2025-03-30,Repair,Low,In Progress,95209,False
4741,28,7,161,2025-10-31,2025-11-01,Periodic Service,High,Completed,142821,True
4742,596,14,97,2025-10-28,2025-11-01,Body Repair,Low,Completed,98167,True
4743,220,15,177,2024-07-14,,Repair,High,Cancelled,31217,False
4744,1820,11,143,2024-05-19,2024-05-20,AC Service,High,Completed,97739,False
4745,580,15,62,2025-12-22,2025-12-24,Periodic Service,Low,Completed,148287,False
4746,492,2,40,2025-03-12,2025-03-13,Repair,Medium,Completed,70141,False
4747,2364,1,2,2024-04-10,2024-04-12,AC Service,Low,Completed,18359,False
4748,1118,6,14,2025-12-02,2025-12-04,Periodic Service,Medium,Completed,500,False
4749,910,15,116,2024-01-27,2024-01-28,Repair,Medium,Completed,59774,False
4750,595,8,35,2024-01-26,2024-01-27,Electrical,Medium,Completed,57601,False
4751,716,15,175,2025-08-09,2025-08-11,Brake Service,Low,Completed,152285,False
4752,967,12,123,2025-04-28,2025-04-29,Brake Service,Medium,Completed,101677,False
4753,1751,5,120,2025-03-13,2025-03-14,Periodic Service,Low,Completed,137971,False
4754,2316,3,98,2024-01-08,2024-01-09,Periodic Service,Medium,Completed,97330,False
4755,1718,14,118,2024-11-03,2024-11-06,Repair,Low,Completed,140592,False
4756,299,8,146,2025-09-13,2025-09-15,Repair,Medium,Completed,146211,False
4757,2440,1,147,2025-10-18,2025-10-19,Periodic Service,Low,Completed,70295,False
4758,327,13,24,2025-08-18,2025-08-19,Periodic Service,Medium,Completed,2133,False
4759,1608,3,59,2025-08-26,2025-08-29,Repair,High,Completed,138128,False
4760,470,9,125,2024-06-03,2024-06-04,AC Service,Medium,Completed,82419,False
4761,922,4,17,2024-10-21,2024-10-22,Periodic Service,Low,Completed,144864,False
4762,344,1,154,2024-07-16,2024-07-18,Brake Service,Medium,Completed,10460,False
4763,1200,2,45,2025-06-11,2025-06-12,Periodic Service,Medium,Completed,58383,True
4764,72,1,2,2025-01-12,2025-01-18,Body Repair,High,Completed,14468,False
4765,1621,2,89,2025-10-17,2025-10-19,Engine Repair,Low,Completed,105615,True
4766,2230,10,42,2024-01-28,2024-01-30,Brake Service,Medium,Completed,45978,False
4767,1385,15,93,2024-09-12,2024-09-13,AC Service,Low,Completed,100332,True
4768,1480,5,133,2025-07-21,2025-07-22,Brake Service,Low,Completed,66832,False
4769,783,14,82,2025-11-13,2025-11-14,Brake Service,Low,Completed,75696,False
4770,1633,6,46,2024-12-11,2024-12-13,Brake Service,High,Completed,23852,False
4771,1531,13,178,2024-04-25,2024-04-26,Brake Service,Low,Completed,33341,False
4772,2297,13,152,2025-04-04,,Repair,Medium,Cancelled,38676,True
4773,280,8,156,2025-08-03,2025-08-04,Periodic Service,Low,Completed,111773,False
4774,2546,8,129,2024-04-05,2024-04-07,AC Service,Medium,Completed,140019,False
4775,324,8,146,2024-03-17,2024-03-21,Body Repair,Medium,Completed,109296,True
4776,2455,7,74,2025-11-16,2025-11-20,Body Repair,Low,Completed,87516,False
4777,2584,15,175,2024-04-14,2024-04-16,Brake Service,Medium,Completed,121731,True
4778,1856,12,179,2025-07-22,2025-07-24,Periodic Service,Medium,In Progress,37688,False
4779,2116,10,10,2025-10-18,2025-10-20,Repair,Medium,Completed,148926,False
4780,1658,7,19,2025-01-23,2025-01-24,Repair,Medium,Completed,115917,False
4781,238,14,97,2024-08-27,2024-08-28,Repair,Critical,Completed,14552,False
4782,1670,9,164,2024-03-05,,Engine Repair,Low,Cancelled,48657,True
4783,1470,14,96,2024-10-27,2024-10-28,Periodic Service,Medium,Completed,109110,False
4784,1116,6,29,2025-09-08,2025-09-11,Periodic Service,Low,In Progress,68096,False
4785,2281,11,71,2025-10-14,2025-10-17,Body Repair,Low,Completed,500,True
4786,112,10,104,2024-01-08,2024-01-09,Brake Service,Medium,Completed,500,False
4787,2428,7,76,2025-06-18,2025-06-21,Repair,Medium,Completed,9719,False
4788,2187,1,110,2024-03-19,2024-03-22,Repair,Critical,Completed,21156,False
4789,261,1,102,2024-10-26,2024-10-30,Body Repair,Low,Completed,500,False
4790,2329,3,75,2025-07-23,2025-07-28,Engine Repair,Medium,In Progress,98176,False
4791,1559,11,126,2024-09-04,2024-09-06,Repair,Low,Completed,83355,False
4792,398,5,44,2024-06-24,2024-06-29,Body Repair,Medium,Completed,144995,False
4793,734,9,109,2025-09-16,2025-09-18,Periodic Service,Low,Completed,145293,False
4794,1035,9,109,2025-09-15,2025-09-19,Body Repair,Medium,Completed,88820,False
4795,853,14,113,2024-05-18,2024-05-20,Repair,High,In Progress,61346,True
4796,2356,15,62,2025-07-28,2025-07-29,Periodic Service,Medium,Completed,131575,True
4797,898,10,21,2025-10-26,2025-10-27,Repair,Medium,Completed,60431,True
4798,675,1,147,2025-11-26,2025-11-27,Electrical,Medium,In Progress,133015,False
4799,42,7,134,2025-09-14,2025-09-16,Repair,Low,Completed,98149,False
4800,1903,6,138,2024-04-07,2024-04-11,Engine Repair,Medium,Completed,26508,False
4801,555,15,116,2024-04-22,2024-04-23,Repair,Medium,Completed,114371,True
4802,439,13,91,2025-04-24,2025-04-25,Periodic Service,High,Completed,146201,False
4803,489,10,73,2024-05-08,2024-05-10,Repair,Medium,Completed,73739,True
4804,895,12,169,2025-12-14,2025-12-15,Electrical,Medium,Completed,24562,False
4805,1682,11,52,2024-07-30,2024-08-02,Repair,High,Completed,74081,True
4806,148,15,158,2024-10-16,2024-10-19,Body Repair,Low,Completed,131756,True
4807,2002,15,158,2024-06-22,2024-06-24,Repair,Medium,Completed,88815,True
4808,903,10,166,2024-01-06,,AC Service,Medium,Cancelled,120391,False
4809,1914,6,153,2024-08-08,2024-08-13,Body Repair,Critical,Completed,152805,False
4810,1862,13,65,2025-12-23,2025-12-26,Engine Repair,Low,Completed,13884,True
4811,386,14,118,2025-08-15,2025-08-18,Repair,Medium,Completed,78003,False
4812,459,9,149,2024-08-13,2024-08-14,Repair,Medium,Completed,100844,True
4813,2050,14,113,2024-07-07,2024-07-10,Body Repair,Low,Completed,50016,False
4814,2211,4,16,2025-03-19,2025-03-25,Engine Repair,Medium,Completed,120343,True
4815,1705,13,91,2025-03-25,2025-03-28,Body Repair,Low,Completed,13422,False
4816,781,15,93,2025-01-17,2025-01-18,Periodic Service,Low,Completed,139855,False
4817,2126,15,162,2025-09-06,2025-09-09,Repair,Medium,Completed,54999,False
4818,2584,7,108,2025-01-27,2025-01-29,Periodic Service,Low,Completed,117492,False
4819,1947,2,89,2025-01-30,2025-01-31,Brake Service,High,In Progress,103139,False
4820,2496,15,116,2025-08-11,2025-08-14,AC Service,Medium,Completed,8590,True
4821,2375,14,127,2024-11-08,2024-11-09,Electrical,Low,Completed,24226,False
4822,833,6,138,2025-01-14,2025-01-16,Brake Service,Medium,Completed,35859,False
4823,1650,14,97,2024-07-25,2024-07-26,Repair,Medium,Completed,102933,False
4824,287,9,39,2025-04-10,2025-04-13,Engine Repair,Low,Completed,37065,False
4825,792,7,161,2025-02-15,2025-02-16,Electrical,High,Completed,154006,False
4826,1624,8,129,2024-03-03,2024-03-07,Body Repair,High,Completed,150500,False
4827,2167,7,77,2024-11-18,2024-11-23,Body Repair,High,Completed,137038,False
4828,1848,9,39,2025-07-16,2025-07-18,Periodic Service,Low,Completed,60455,False
4829,438,7,134,2024-03-24,2024-03-25,Repair,High,Completed,120941,True
4830,2060,12,47,2024-03-12,2024-03-17,Body Repair,Low,Completed,55619,False
4831,639,6,101,2024-11-14,2024-11-16,Repair,Low,Completed,125767,False
4832,1727,14,88,2024-03-23,2024-03-25,Electrical,Low,Completed,136613,False
4833,1799,3,136,2024-03-09,2024-03-10,Repair,Low,Completed,101473,False
4834,1246,11,54,2025-06-27,2025-06-30,Engine Repair,Medium,Completed,44507,True
4835,1922,8,34,2025-03-12,2025-03-13,Periodic Service,Low,Completed,147384,False
4836,1170,13,20,2025-01-04,2025-01-05,Periodic Service,Medium,Completed,127897,True
4837,2096,7,19,2024-08-04,2024-08-06,AC Service,Medium,Completed,126746,False
4838,553,11,71,2025-12-19,2025-12-21,Repair,High,Completed,6229,True
4839,713,12,47,2024-03-02,2024-03-04,Repair,Low,Completed,8282,False
4840,1614,15,116,2024-01-07,2024-01-08,Repair,Medium,Completed,46903,False
4841,2256,1,2,2024-09-24,2024-09-29,Engine Repair,Medium,Completed,104072,False
4842,857,12,179,2024-08-20,2024-08-21,AC Service,Low,Completed,63535,False
4843,868,12,141,2024-11-23,2024-11-27,Engine Repair,Low,Completed,92017,False
4844,2236,13,174,2025-05-13,2025-05-16,Repair,Critical,Completed,124001,False
4845,2338,2,45,2025-10-03,2025-10-04,AC Service,Low,Completed,150952,False
4846,1682,9,87,2024-04-20,2024-04-24,Body Repair,Medium,Completed,77790,True
4847,2008,15,63,2025-06-05,2025-06-07,Repair,Low,Completed,150793,False
4848,742,13,53,2024-11-06,2024-11-07,Repair,Medium,Completed,133148,True
4849,511,14,82,2025-11-13,2025-11-14,Electrical,Low,Completed,5882,False
4850,2394,7,108,2024-01-30,2024-01-31,Periodic Service,Medium,Completed,76549,False
4851,2554,7,108,2025-12-17,2025-12-18,Periodic Service,Medium,Completed,90853,False
4852,1745,2,40,2025-06-10,2025-06-11,AC Service,Critical,Completed,47440,False
4853,1501,15,63,2025-07-25,,Electrical,Medium,Cancelled,23022,False
4854,1743,15,158,2025-07-16,2025-07-17,Brake Service,Low,Completed,33072,False
4855,441,4,115,2024-02-05,2024-02-06,Periodic Service,High,Completed,112345,False
4856,1782,13,60,2025-04-27,2025-04-28,Repair,High,Completed,30182,False
4857,2339,6,51,2024-01-10,2024-01-16,Body Repair,Medium,Completed,500,False
4858,1677,8,156,2024-10-24,,Repair,Low,Cancelled,82565,False
4859,1238,10,50,2025-05-07,2025-05-08,Brake Service,Medium,Completed,106909,True
4860,1513,4,16,2025-04-11,2025-04-12,Periodic Service,Medium,Completed,114291,False
4861,2226,8,146,2025-08-14,2025-08-16,Repair,High,Completed,60210,False
4862,2434,3,59,2024-10-05,2024-10-06,AC Service,High,Completed,136319,False
4863,1198,1,2,2025-12-01,2025-12-03,Periodic Service,Low,Completed,66902,False
4864,1520,12,169,2025-01-25,2025-01-26,Repair,Low,Completed,2269,False
4865,305,15,62,2024-09-18,2024-09-20,Repair,Low,Completed,95680,False
4866,797,8,146,2025-02-10,2025-02-11,Brake Service,Low,Completed,148082,False
4867,1677,10,10,2025-12-21,2025-12-22,Periodic Service,Low,Completed,80799,True
4868,184,9,39,2024-01-25,2024-01-27,Electrical,High,Completed,140173,True
4869,1789,12,92,2024-05-28,2024-05-29,Brake Service,Medium,Completed,51411,False
4870,630,10,42,2024-01-19,2024-01-20,Electrical,Low,Completed,57870,False
4871,1697,12,169,2025-01-16,2025-01-18,Periodic Service,High,Completed,112131,False
4872,1198,10,21,2025-06-01,2025-06-02,Electrical,Low,Completed,72886,True
4873,1500,2,70,2025-08-21,2025-08-22,Brake Service,Medium,Completed,82487,False
4874,1586,9,87,2025-08-25,2025-08-27,Repair,Medium,In Progress,108898,False
4875,1835,9,125,2024-12-18,2024-12-19,AC Service,High,Completed,2150,False
4876,987,7,76,2025-12-23,2025-12-24,Periodic Service,Low,Completed,15296,False
4877,2206,4,115,2025-11-04,2025-11-05,Periodic Service,Critical,In Progress,135312,False
4878,1622,1,154,2025-01-07,2025-01-09,Periodic Service,Low,Completed,20795,False
4879,942,1,85,2024-04-14,2024-04-16,Repair,Critical,Completed,122212,False
4880,1623,9,114,2025-02-11,2025-02-12,Repair,Low,Completed,81862,False
4881,1941,2,36,2024-12-12,2024-12-17,Body Repair,Low,Completed,92048,False
4882,526,1,2,2025-07-30,2025-07-31,Periodic Service,High,Completed,145875,False
4883,972,12,169,2024-12-29,2024-12-30,Electrical,Low,Completed,16135,True
4884,1857,13,53,2024-11-30,2024-12-01,AC Service,Medium,Completed,9314,False
4885,2232,7,19,2024-11-28,2024-11-29,Periodic Service,Low,Completed,122553,False
4886,2064,5,135,2024-03-21,2024-03-22,AC Service,Medium,In Progress,10350,False
4887,993,6,14,2024-09-15,2024-09-16,Repair,High,Completed,56596,True
4888,1123,8,34,2025-11-01,2025-11-02,Periodic Service,Medium,Completed,99079,False
4889,2110,9,39,2025-10-18,2025-10-23,Engine Repair,High,Completed,144024,False
4890,1921,14,103,2025-06-08,2025-06-10,Periodic Service,Low,Completed,77173,False
4891,1219,4,115,2024-12-14,2024-12-16,Periodic Service,Medium,Completed,20895,True
4892,1458,13,65,2024-05-02,2024-05-03,Brake Service,Low,In Progress,34208,True
4893,2323,5,120,2024-03-27,,Repair,Low,Cancelled,115032,False
4894,2232,8,34,2025-05-21,2025-05-22,Repair,High,Completed,122635,False
4895,440,6,111,2024-08-29,,Repair,Medium,Cancelled,3695,False
4896,1094,4,38,2025-04-04,2025-04-07,Periodic Service,High,Completed,132200,False
4897,522,12,141,2024-05-17,2024-05-18,Periodic Service,Low,Completed,152508,False
4898,1010,1,154,2024-11-08,2024-11-09,Repair,Low,Completed,68831,True
4899,1187,2,25,2025-09-06,2025-09-09,Body Repair,Low,Completed,61215,True
4900,1575,13,142,2025-11-30,2025-12-05,Engine Repair,Low,Completed,64145,False
4901,1161,1,86,2024-10-04,2024-10-09,Engine Repair,Medium,Completed,118700,True
4902,2024,11,15,2024-07-05,2024-07-06,Brake Service,Medium,Completed,79140,False
4903,1497,7,161,2024-10-22,2024-10-23,Periodic Service,Medium,Completed,34085,True
4904,1801,14,131,2025-07-12,2025-07-13,Periodic Service,Critical,Completed,26170,False
4905,1471,15,162,2025-08-17,2025-08-19,AC Service,Low,In Progress,54335,False
4906,592,1,102,2025-05-27,2025-05-28,Periodic Service,Low,Completed,100078,False
4907,1178,6,68,2024-04-25,2024-04-27,Repair,High,Completed,20110,True
4908,2581,4,17,2025-12-09,2025-12-14,Engine Repair,Medium,Completed,70298,False
4909,1327,13,174,2024-06-17,2024-06-18,Periodic Service,Medium,Completed,28247,False
4910,922,11,143,2025-01-14,2025-01-16,AC Service,Low,Completed,145886,False
4911,2349,6,111,2025-05-30,2025-06-01,Periodic Service,Low,Completed,40521,False
4912,1608,6,46,2024-06-01,2024-06-07,Body Repair,Medium,Completed,138562,False
4913,104,11,15,2025-07-07,2025-07-08,Periodic Service,Critical,Completed,137840,False
4914,1195,14,103,2025-02-15,,Electrical,Low,Cancelled,125757,True
4915,99,7,77,2024-11-22,2024-11-23,Periodic Service,Medium,Completed,66070,False
4916,1,6,137,2025-06-12,2025-06-13,Periodic Service,Low,Completed,23221,False
4917,1828,3,75,2025-06-25,2025-06-27,Brake Service,High,Completed,132218,False
4918,1335,15,116,2025-12-15,2025-12-16,Brake Service,High,Completed,15145,False
4919,802,5,133,2024-10-05,2024-10-06,Periodic Service,Medium,Completed,100122,False
4920,2171,5,81,2024-11-30,2024-12-01,Brake Service,Medium,Completed,145940,False
4921,2440,14,131,2024-03-16,2024-03-19,Repair,Low,Completed,58382,False
4922,1003,2,57,2024-07-16,2024-07-20,Body Repair,Low,Completed,142513,False
4923,277,13,41,2024-11-10,2024-11-11,Periodic Service,Low,Completed,1656,False
4924,1087,3,145,2025-07-08,2025-07-09,Periodic Service,Low,Completed,49348,False
4925,1863,12,117,2024-11-08,2024-11-13,Body Repair,High,Completed,145059,False
4926,679,1,154,2025-08-17,2025-08-20,Repair,Low,Completed,104830,True
4927,2501,10,12,2024-05-23,2024-05-24,Brake Service,Critical,Completed,154929,False
4928,984,12,47,2024-06-09,2024-06-10,Periodic Service,High,Completed,31566,False
4929,219,14,173,2025-03-05,,Repair,Medium,Cancelled,144857,False
4930,927,14,103,2025-03-27,2025-03-28,AC Service,Medium,Completed,130173,False
4931,2175,15,63,2024-11-02,2024-11-03,Periodic Service,Medium,Completed,10993,False
4932,668,5,81,2024-12-20,2024-12-21,Periodic Service,Low,Completed,73373,False
4933,1688,2,8,2024-11-11,2024-11-12,Periodic Service,Low,Completed,63652,True
4934,348,14,103,2024-04-18,2024-04-19,Periodic Service,Medium,Completed,36692,True
4935,2053,8,156,2024-12-04,2024-12-05,Periodic Service,Medium,Completed,129435,False
4936,1045,12,170,2024-12-22,,Periodic Service,Low,Cancelled,117597,False
4937,1718,15,116,2025-04-12,2025-04-17,Body Repair,Low,Completed,137573,False
4938,2066,13,180,2024-07-28,2024-07-29,Repair,High,Completed,16119,True
4939,652,7,159,2024-09-05,2024-09-06,Periodic Service,Medium,Completed,146899,False
4940,1551,1,86,2024-10-02,2024-10-04,Repair,Low,Completed,47703,True
4941,494,4,106,2025-12-23,2025-12-27,Repair,Low,Completed,113716,False
4942,491,4,1,2024-08-10,2024-08-12,Brake Service,Medium,Completed,149004,True
4943,2385,11,71,2025-11-29,2025-12-01,AC Service,Low,Completed,16883,False
4944,507,11,126,2025-01-22,2025-01-23,Periodic Service,Medium,In Progress,54073,False
4945,2578,7,134,2024-11-28,2024-11-29,Brake Service,Low,Completed,116014,False
4946,895,12,47,2025-11-23,2025-11-24,Brake Service,Medium,In Progress,19714,False
4947,1385,12,141,2025-03-04,2025-03-05,AC Service,Low,Completed,102187,False
4948,2146,2,84,2024-11-11,2024-11-17,Body Repair,High,Completed,69632,False
4949,2420,4,1,2025-03-16,2025-03-20,Engine Repair,High,Completed,29281,True
4950,671,2,70,2025-06-04,2025-06-06,Repair,Medium,Completed,121815,False
4951,2475,11,126,2025-05-22,2025-05-23,Periodic Service,Medium,Completed,24047,True
4952,1234,7,124,2025-02-27,2025-02-28,Repair,High,Completed,144383,True
4953,2324,8,35,2024-05-05,2024-05-09,Body Repair,Medium,Completed,132394,False
4954,115,12,7,2024-11-21,2024-11-22,Periodic Service,High,Completed,90240,False
4955,2353,10,12,2025-08-23,2025-08-26,Repair,High,Completed,28472,False
4956,367,3,132,2024-02-22,2024-02-24,Repair,Low,Completed,34797,True
4957,1684,2,70,2025-07-29,2025-08-02,Engine Repair,Medium,Completed,99121,True
4958,1745,8,27,2025-08-15,2025-08-20,Engine Repair,Low,Completed,54426,True
4959,2098,2,128,2024-10-12,2024-10-13,Periodic Service,Low,Completed,25847,True
4960,1002,6,137,2025-04-18,2025-04-19,AC Service,Medium,Completed,16912,False
4961,1530,9,112,2025-06-08,2025-06-10,Electrical,Medium,Completed,33293,False
4962,990,5,144,2024-11-12,2024-11-13,Periodic Service,Medium,Completed,149847,True
4963,1989,3,83,2025-06-13,2025-06-14,Brake Service,Low,Completed,123122,False
4964,394,8,156,2024-06-29,2024-06-30,Electrical,High,Completed,141440,False
4965,1130,5,4,2025-08-03,2025-08-04,Periodic Service,Medium,Completed,23602,False
4966,226,13,90,2025-06-01,2025-06-02,Periodic Service,Medium,Completed,152216,True
4967,1873,8,27,2025-11-24,2025-11-26,AC Service,Medium,Completed,86505,False
4968,48,2,28,2024-02-15,2024-02-17,Repair,Medium,Completed,60012,True
4969,234,8,146,2024-10-19,2024-10-20,Periodic Service,High,Completed,155321,False
4970,248,4,16,2024-10-24,2024-10-28,Body Repair,Medium,Completed,69959,False
4971,1827,10,166,2025-11-18,2025-11-19,Periodic Service,Low,Completed,80869,False
4972,2246,13,91,2025-10-26,2025-10-27,Periodic Service,Low,In Progress,500,False
4973,2493,7,134,2025-11-19,,Brake Service,Medium,Cancelled,74860,False
4974,2471,7,134,2024-02-04,2024-02-06,Repair,Medium,Completed,147076,False
4975,1043,1,110,2025-12-08,2025-12-09,Brake Service,Low,Completed,115255,False
4976,2168,1,85,2024-02-16,2024-02-21,Engine Repair,Medium,Completed,31263,True
4977,2517,13,24,2025-01-03,2025-01-04,Brake Service,Medium,Completed,115325,False
4978,1435,5,105,2025-06-18,2025-06-19,Periodic Service,Medium,Completed,57877,True
4979,2067,7,159,2025-12-27,2026-01-02,Body Repair,Critical,Completed,96990,False
4980,2454,13,60,2024-05-03,2024-05-04,Brake Service,Low,Completed,2314,False
4981,2128,11,71,2024-10-23,2024-10-26,Periodic Service,Medium,Completed,67120,False
4982,406,13,90,2025-11-09,2025-11-12,Brake Service,High,Completed,91013,False
4983,142,3,145,2025-11-02,2025-11-03,Brake Service,High,In Progress,81804,False
4984,510,2,9,2025-07-09,,Repair,Low,Cancelled,147488,False
4985,2312,8,34,2024-11-08,2024-11-10,Repair,Medium,Completed,11417,False
4986,132,10,12,2024-03-29,2024-04-01,Repair,Medium,Completed,46683,False
4987,1422,8,34,2024-05-03,2024-05-04,Brake Service,Medium,Completed,43218,False
4988,2265,6,165,2024-05-27,2024-05-29,Electrical,Low,Completed,112726,False
4989,2114,9,39,2024-03-23,2024-03-24,Electrical,Low,Completed,7493,False
4990,388,15,62,2025-12-26,2025-12-28,Brake Service,Low,Completed,4319,False
4991,1233,14,67,2024-05-22,2024-05-23,AC Service,Critical,Completed,102091,False
4992,2174,12,94,2024-05-01,2024-05-02,Repair,High,Completed,147554,True
4993,2119,10,21,2024-06-02,2024-06-07,Body Repair,Low,Completed,58266,False
4994,2264,3,75,2025-09-16,2025-09-17,Brake Service,Medium,Completed,115184,False
4995,1915,11,52,2024-06-08,2024-06-11,Repair,Critical,Completed,1521,True
4996,942,7,168,2024-12-28,2024-12-29,Brake Service,Medium,Completed,125171,False
4997,1463,7,19,2025-03-22,2025-03-27,Body Repair,High,Completed,22731,False
4998,1960,1,102,2025-12-13,2025-12-14,Periodic Service,High,Completed,144654,False
4999,1365,15,177,2025-09-15,2025-09-17,Repair,Medium,Completed,72088,False
5000,1994,15,93,2024-06-17,2024-06-18,Repair,High,Completed,42925,False
5001,2252,6,68,2024-06-22,2024-06-23,Brake Service,Medium,Completed,89909,False
5002,283,8,146,2024-12-26,2024-12-28,Repair,Low,Completed,144804,True
5003,352,2,25,2024-06-01,2024-06-02,Periodic Service,Medium,Completed,134378,False
5004,1010,15,175,2024-06-24,2024-06-25,Brake Service,Low,Completed,61778,False
5005,1366,11,71,2024-03-26,2024-03-27,Periodic Service,Medium,Completed,33037,False
5006,1588,12,141,2024-12-03,2024-12-06,Electrical,Low,Completed,144383,True
5007,1666,8,69,2025-08-12,2025-08-13,Brake Service,High,Completed,66940,False
5008,1771,10,12,2025-09-09,2025-09-10,Electrical,Medium,Completed,21483,False
5009,2208,4,95,2025-04-23,2025-04-25,Periodic Service,Medium,Completed,63117,True
5010,2511,10,21,2024-05-09,2024-05-10,Brake Service,Medium,Completed,129992,False
5011,315,3,145,2024-06-30,2024-07-03,AC Service,Low,Completed,62423,False
5012,453,8,35,2025-09-26,2025-10-01,Engine Repair,Low,Completed,112603,False
5013,1421,5,133,2024-07-21,2024-07-26,Body Repair,Medium,Completed,22104,False
5014,817,1,85,2024-09-18,2024-09-21,Repair,Low,In Progress,90093,True
5015,272,9,39,2025-08-21,2025-08-22,Repair,Medium,Completed,52326,True
5016,864,13,180,2024-10-05,,Periodic Service,High,Cancelled,54593,False
5017,876,13,91,2025-10-21,2025-10-23,Periodic Service,Medium,In Progress,28078,False
5018,278,9,55,2025-11-28,2025-12-01,Periodic Service,High,In Progress,120586,True
5019,1160,15,63,2024-08-13,2024-08-14,Electrical,High,Completed,29032,False
5020,2192,5,105,2024-10-25,2024-10-26,AC Service,Low,Completed,45723,False
5021,99,11,126,2024-02-20,2024-02-23,Repair,Medium,Completed,63700,False
5022,1208,15,177,2024-02-26,2024-03-01,Engine Repair,Low,Completed,103559,True
5023,565,7,168,2025-03-15,2025-03-17,Periodic Service,High,Completed,130070,True
5024,1542,2,48,2024-04-02,2024-04-04,Periodic Service,Low,Completed,110765,False
5025,875,8,157,2025-07-26,2025-07-27,Periodic Service,Low,Completed,145710,False
5026,1479,4,115,2024-05-24,2024-05-25,Periodic Service,Low,In Progress,123974,True
5027,438,1,154,2024-08-10,2024-08-14,Body Repair,Medium,Completed,119546,False
5028,1794,5,81,2025-08-09,2025-08-12,Repair,High,Completed,69298,False
5029,2033,6,155,2025-03-30,2025-03-31,Brake Service,Medium,Completed,8612,False
5030,520,1,154,2025-12-16,2025-12-17,Electrical,Low,Completed,86472,False
5031,2169,10,166,2024-07-17,2024-07-21,Engine Repair,Low,Completed,147405,True
5032,667,1,86,2024-09-12,2024-09-13,Periodic Service,High,Completed,113643,False
5033,1436,1,102,2024-11-17,2024-11-20,Repair,Low,Completed,121624,False
5034,2255,5,120,2024-12-26,2024-12-27,Periodic Service,Medium,In Progress,114907,False
5035,865,4,95,2025-05-26,2025-05-27,AC Service,Low,Completed,2564,False
5036,1299,11,15,2024-10-07,2024-10-08,Periodic Service,High,Completed,132647,True
5037,1457,2,84,2024-04-13,2024-04-17,Engine Repair,Medium,Completed,1005,True
5038,1173,10,33,2025-07-22,2025-07-23,Brake Service,Low,Completed,94177,False
5039,2131,14,97,2024-03-30,2024-03-31,Periodic Service,High,In Progress,500,True
5040,1686,2,9,2025-06-12,2025-06-16,Engine Repair,Medium,Completed,61289,True
5041,2210,6,111,2024-07-06,2024-07-08,Repair,Medium,Completed,28995,True
5042,630,4,1,2025-01-09,2025-01-10,Electrical,Low,Completed,66101,True
5043,1585,8,69,2024-04-25,2024-04-26,Periodic Service,Medium,Completed,28770,True
5044,7,2,36,2024-10-09,,Repair,Medium,Cancelled,26507,False
5045,877,13,152,2025-06-14,2025-06-19,Engine Repair,Low,Completed,51559,False
5046,1200,14,37,2024-11-13,2024-11-15,Periodic Service,Low,Completed,51759,True
5047,2431,11,54,2024-06-28,2024-06-29,AC Service,Medium,Completed,20579,False
5048,1364,8,157,2024-03-06,2024-03-07,Periodic Service,Medium,Completed,43037,True
5049,1556,5,120,2024-03-27,2024-03-29,AC Service,Medium,Completed,131002,True
5050,2103,13,65,2024-03-10,2024-03-12,Periodic Service,Low,Completed,74128,False
5051,2492,10,50,2025-05-09,2025-05-10,Brake Service,Low,In Progress,117215,True
5052,2024,1,85,2025-06-06,2025-06-07,Brake Service,Low,Completed,79219,False
5053,1236,6,176,2025-06-22,2025-06-23,Brake Service,Low,Completed,58312,False
5054,1730,10,73,2025-05-05,2025-05-08,Repair,Medium,Completed,19058,False
5055,1004,11,26,2024-09-07,2024-09-09,Periodic Service,Low,Completed,142478,False
5056,683,1,2,2025-03-02,2025-03-03,Periodic Service,Medium,Completed,68444,False
5057,727,8,146,2024-06-01,2024-06-02,Repair,Low,Completed,96396,False
5058,2575,9,164,2025-05-17,2025-05-18,Electrical,Medium,Completed,143540,False
5059,1045,12,99,2024-02-18,2024-02-19,Periodic Service,Medium,Completed,117129,False
5060,98,7,74,2024-11-22,2024-11-23,Periodic Service,Low,Completed,6345,False
5061,2004,13,61,2025-07-12,2025-07-13,Repair,Critical,Completed,157859,False
5062,57,3,18,2025-09-16,2025-09-17,Brake Service,Medium,Completed,109730,False
5063,1826,12,117,2025-08-10,2025-08-13,AC Service,High,Completed,99513,False
5064,230,10,33,2024-12-02,2024-12-03,Periodic Service,Low,Completed,64319,True
5065,560,3,75,2024-11-23,2024-11-24,Periodic Service,Medium,Completed,106547,False
5066,2011,7,161,2024-06-08,,Engine Repair,Low,Cancelled,99217,False
5067,1952,2,25,2025-01-24,2025-01-25,AC Service,High,Completed,76649,False
5068,1966,3,136,2024-08-23,2024-08-24,Periodic Service,Low,Completed,20798,True
5069,80,8,69,2024-02-12,2024-02-14,Periodic Service,Low,In Progress,87721,False
5070,1042,4,167,2025-01-14,2025-01-15,Periodic Service,Low,Completed,73532,False
5071,546,12,31,2025-11-12,2025-11-14,AC Service,High,Completed,136446,False
5072,1024,14,88,2025-05-10,2025-05-12,AC Service,Low,Completed,34200,False
5073,68,2,45,2025-02-16,2025-02-17,Periodic Service,Low,Completed,50622,False
5074,159,8,156,2024-04-01,2024-04-02,Periodic Service,Medium,In Progress,79739,False
5075,2425,9,64,2025-06-22,2025-06-25,Repair,High,Completed,61316,True
5076,1206,10,166,2024-10-12,2024-10-13,Brake Service,Low,Completed,98842,False
5077,1340,12,7,2024-09-15,2024-09-17,Repair,Medium,Completed,155465,True
5078,1121,8,27,2025-04-06,,Periodic Service,High,Cancelled,147756,False
5079,2354,6,138,2024-03-16,2024-03-17,Periodic Service,High,Completed,79687,False
5080,1941,6,14,2025-08-29,2025-09-03,Body Repair,Critical,Completed,97163,False
5081,638,13,142,2024-04-11,2024-04-13,Periodic Service,High,Completed,106387,True
5082,191,7,134,2025-03-15,2025-03-19,Engine Repair,Low,Completed,70371,False
5083,248,9,39,2025-02-03,2025-02-04,Periodic Service,High,Completed,73377,False
5084,554,8,156,2025-09-20,2025-09-23,Body Repair,Medium,Completed,142317,False
5085,1920,13,91,2024-11-01,2024-11-06,Engine Repair,Medium,Completed,5898,False
5086,655,11,52,2024-11-30,2024-12-01,Repair,Low,Completed,52206,False
5087,104,14,79,2024-04-23,2024-04-24,Periodic Service,Medium,Completed,130860,False
5088,976,10,107,2025-05-21,2025-05-22,Electrical,Low,Completed,48739,True
5089,1369,8,35,2025-10-27,2025-10-28,Periodic Service,Low,Completed,42635,False
5090,1636,13,91,2025-10-14,2025-10-16,Repair,High,Completed,44390,False
5091,1177,11,15,2025-01-08,2025-01-10,AC Service,Critical,Completed,56533,False
5092,1080,6,46,2024-12-15,,Electrical,Low,Cancelled,153171,False
5093,331,9,109,2025-05-20,2025-05-26,Body Repair,High,Completed,96499,True
5094,1110,6,138,2025-09-10,2025-09-11,Electrical,Low,Completed,11674,False
5095,1457,15,63,2024-08-09,,Periodic Service,High,Cancelled,500,True
5096,622,9,125,2025-06-01,2025-06-02,AC Service,Critical,Completed,121983,True
5097,2287,6,165,2025-07-07,2025-07-08,Electrical,Low,Completed,141824,True
5098,2369,8,27,2025-07-08,2025-07-09,Repair,Medium,Completed,135012,False
5099,1995,7,19,2025-09-17,2025-09-19,AC Service,Medium,Completed,118973,False
5100,2113,6,56,2025-11-27,2025-11-28,Brake Service,Low,Completed,105979,True
5101,787,14,67,2025-05-01,2025-05-07,Engine Repair,High,Completed,106362,False
5102,2000,7,108,2024-12-27,2024-12-28,Repair,High,Completed,111254,True
5103,966,8,146,2024-07-11,2024-07-13,Repair,Low,Completed,84285,False
5104,2473,10,107,2025-09-04,2025-09-07,Periodic Service,High,Completed,75101,False
5105,1940,5,4,2025-08-27,,Periodic Service,Low,Cancelled,16124,True
5106,1131,4,167,2024-04-24,2024-04-25,Periodic Service,High,Completed,91144,False
5107,1551,7,19,2025-07-15,2025-07-16,AC Service,Low,Completed,37258,False
5108,488,2,48,2024-02-13,2024-02-15,Brake Service,Medium,Completed,77042,False
5109,2565,6,56,2024-03-28,2024-03-29,AC Service,Low,Completed,132348,False
5110,2547,3,98,2024-07-08,2024-07-09,Periodic Service,Critical,In Progress,103858,False
5111,1423,13,60,2024-01-19,,Periodic Service,Medium,Cancelled,37294,False
5112,1865,3,75,2025-02-05,2025-02-06,Brake Service,Low,Completed,33293,False
5113,153,13,61,2025-09-21,2025-09-23,Brake Service,Critical,Completed,89316,False
5114,363,5,81,2025-02-28,2025-03-01,Periodic Service,Medium,Completed,133448,False
5115,2117,12,170,2025-02-09,2025-02-10,Periodic Service,Medium,Completed,9082,False
5116,2320,4,115,2025-09-15,2025-09-16,AC Service,Low,Completed,12077,True
5117,32,3,6,2024-11-14,2024-11-17,Repair,Low,Completed,67022,True
5118,2434,11,71,2025-11-17,2025-11-18,Repair,Medium,Completed,130754,False
5119,837,15,62,2025-08-22,2025-08-23,AC Service,Medium,Completed,57544,True
5120,680,15,62,2025-10-10,2025-10-11,Brake Service,Medium,Completed,11214,True
5121,1987,11,121,2024-06-23,2024-06-26,Body Repair,Medium,Completed,48876,False
5122,1542,7,76,2024-06-20,2024-06-21,Periodic Service,Low,Completed,116440,False
5123,610,14,131,2025-12-07,2025-12-10,Repair,Low,Completed,152541,False
5124,2072,4,38,2024-07-30,2024-07-31,Repair,Critical,Completed,6725,True
5125,1548,7,77,2024-04-07,2024-04-08,Brake Service,High,Completed,129122,False
5126,687,5,105,2025-02-07,2025-02-08,Brake Service,Medium,Completed,4336,False
5127,1751,5,144,2024-11-18,2024-11-23,Body Repair,Low,Completed,139142,False
5128,138,12,47,2024-11-29,2024-11-30,Brake Service,Medium,Completed,3018,False
5129,49,13,60,2024-05-16,2024-05-19,Body Repair,Low,Completed,4672,True
5130,2143,8,69,2024-12-18,2024-12-19,Periodic Service,Medium,Completed,21710,False
5131,1464,12,92,2024-12-16,2024-12-17,Periodic Service,Low,In Progress,127185,True
5132,1644,12,141,2024-11-15,2024-11-17,Electrical,Medium,Completed,104011,False
5133,2242,14,127,2024-03-18,2024-03-19,Periodic Service,High,Completed,108660,False
5134,1609,7,77,2025-12-04,2025-12-07,Brake Service,Medium,Completed,149306,False
5135,261,8,157,2024-11-18,2024-11-19,Brake Service,Medium,Completed,500,False
5136,394,5,151,2024-08-15,2024-08-18,AC Service,Low,Completed,144125,False
5137,507,9,39,2025-09-03,2025-09-08,Body Repair,Low,Completed,49551,False
5138,1845,14,88,2025-09-05,2025-09-10,Body Repair,Medium,Completed,150332,False
5139,1770,13,142,2024-04-11,2024-04-12,AC Service,Medium,Completed,33595,True
5140,1369,15,63,2024-02-14,2024-02-15,Periodic Service,Low,Completed,53807,False
5141,2184,7,134,2025-02-23,2025-02-28,Body Repair,Low,Completed,53005,False
5142,1443,3,32,2025-08-11,2025-08-12,Periodic Service,Low,Completed,62344,False
5143,2136,14,67,2025-09-29,2025-10-01,Repair,Low,Completed,110645,False
5144,1129,13,65,2025-03-19,2025-03-22,Engine Repair,Medium,Completed,74899,False
5145,1427,5,49,2024-09-07,2024-09-09,Brake Service,Low,Completed,22557,False
5146,1508,4,17,2024-06-21,2024-06-26,Body Repair,Critical,Completed,117497,False
5147,265,1,110,2024-04-07,2024-04-08,Periodic Service,Low,Completed,41041,False
5148,1616,11,13,2024-10-04,2024-10-07,Repair,Low,Completed,34233,True
5149,2537,4,16,2024-03-07,2024-03-11,Engine Repair,Medium,Completed,142580,False
5150,2076,6,14,2024-08-09,,Engine Repair,Low,Cancelled,85529,False
5151,486,5,133,2025-01-07,2025-01-08,Brake Service,High,Completed,18929,True
5152,1662,15,62,2024-03-18,2024-03-20,Repair,High,Completed,42554,False
5153,954,13,65,2025-07-03,2025-07-08,Body Repair,Low,Completed,14370,False
5154,498,6,51,2025-07-15,2025-07-16,Periodic Service,Medium,Completed,82120,False
5155,2529,8,35,2024-07-11,2024-07-12,AC Service,Critical,Completed,93177,False
5156,734,3,136,2025-08-15,2025-08-16,Repair,Low,In Progress,139355,True
5157,2061,8,27,2025-05-23,2025-05-27,Engine Repair,Low,Completed,7828,False
5158,930,8,129,2025-08-04,2025-08-07,Engine Repair,High,Completed,128211,False
5159,1964,5,120,2024-02-10,2024-02-11,Periodic Service,Low,Completed,88370,False
5160,793,3,18,2025-07-17,2025-07-20,Repair,Medium,Completed,82084,False
5161,101,8,157,2025-08-28,2025-08-29,Periodic Service,Medium,In Progress,154628,True
5162,294,3,145,2025-07-23,2025-07-24,Periodic Service,Medium,Completed,15778,False
5163,2567,9,114,2025-02-06,2025-02-07,Brake Service,Low,In Progress,59751,False
5164,1341,11,71,2024-10-01,2024-10-02,Periodic Service,Critical,Completed,160632,True
5165,227,2,9,2024-07-14,2024-07-16,AC Service,High,Completed,2225,True
5166,289,14,171,2025-01-10,2025-01-12,Repair,Critical,Completed,75284,True
5167,542,8,27,2025-07-27,2025-07-28,AC Service,High,Completed,17762,False
5168,2313,1,147,2025-02-12,2025-02-13,Periodic Service,Medium,Completed,146395,False
5169,497,5,151,2024-04-11,2024-04-13,Brake Service,High,Completed,24441,False
5170,1989,5,81,2024-08-12,2024-08-17,Body Repair,Low,Completed,124694,False
5171,2069,1,2,2024-07-21,2024-07-24,Repair,Low,Completed,62046,False
5172,246,3,23,2025-09-18,2025-09-19,Brake Service,Medium,Completed,128144,False
5173,906,14,171,2025-05-28,2025-05-31,Electrical,Medium,Completed,137039,True
5174,1216,4,115,2025-10-07,2025-10-08,Periodic Service,Low,Completed,120827,False
5175,832,12,170,2024-04-03,2024-04-04,Repair,Low,Completed,8593,True
5176,1084,5,44,2024-04-29,2024-05-05,Body Repair,Low,In Progress,1196,False
5177,732,9,114,2024-09-18,2024-09-20,Repair,Medium,Completed,23418,True
5178,299,1,102,2025-06-06,2025-06-09,Repair,Low,In Progress,146421,False
5179,1065,6,101,2024-07-21,2024-07-24,Repair,Low,Completed,500,True
5180,1862,7,159,2024-05-08,2024-05-09,Repair,Low,Completed,11264,True
5181,1831,7,159,2024-08-19,2024-08-20,Repair,Low,Completed,40526,True
5182,666,13,90,2025-05-31,2025-06-02,AC Service,Low,Completed,31845,False
5183,1194,14,171,2024-03-13,2024-03-17,Body Repair,Medium,Completed,138886,True
5184,250,14,88,2025-12-28,2025-12-29,Electrical,Low,Completed,65920,False
5185,1286,5,120,2025-12-03,2025-12-04,Electrical,Medium,Completed,102501,False
5186,894,3,98,2025-04-20,2025-04-21,Periodic Service,Medium,Completed,155756,False
5187,1019,14,82,2025-09-05,2025-09-09,Body Repair,Medium,Completed,62208,False
5188,1803,15,175,2025-03-04,2025-03-06,Periodic Service,High,Completed,19828,False
5189,97,13,152,2025-01-20,2025-01-22,Repair,Medium,Completed,112705,False
5190,2365,15,63,2025-11-13,2025-11-14,Periodic Service,Low,Completed,42478,False
5191,1726,8,156,2025-04-12,2025-04-15,Engine Repair,Low,Completed,134345,False
5192,480,12,172,2025-04-08,2025-04-13,Body Repair,Medium,Completed,22894,False
5193,2472,14,173,2025-09-13,2025-09-16,AC Service,High,Completed,91254,False
5194,1054,15,62,2024-08-31,2024-09-02,AC Service,Medium,Completed,136838,False
5195,1904,12,179,2024-09-05,2024-09-07,Periodic Service,Low,Completed,57524,False
5196,298,2,48,2025-01-26,2025-01-27,Periodic Service,Low,Completed,30039,False
5197,2231,4,16,2025-11-10,2025-11-11,Electrical,Low,In Progress,56900,False
5198,1842,14,79,2025-02-21,2025-02-22,Periodic Service,Low,Completed,49652,False
5199,2586,1,86,2024-06-04,2024-06-06,Periodic Service,Low,Completed,161064,False
5200,1468,7,19,2024-01-14,2024-01-15,Periodic Service,Medium,Completed,124369,False
