work_order_part_id,work_order_id,part_id,quantity,unit_price
1,1,8,1,7680.71
2,2,14,2,10188.0
3,2,16,1,11752.98
4,3,4,1,6553.27
5,3,17,1,1295.91
6,4,25,1,16289.79
7,4,15,1,3758.19
8,5,2,1,975.61
9,5,18,1,708.74
10,5,23,1,10801.72
11,6,7,2,2579.25
12,6,14,1,8430.23
13,6,8,2,8704.37
14,7,7,1,2438.73
15,7,21,1,5518.43
16,8,3,1,4092.46
17,8,25,1,13710.67
18,8,18,2,636.51
19,9,3,1,3261.52
20,9,4,1,7005.26
21,10,6,1,28080.69
22,10,22,1,1486.22
23,11,11,3,18243.51
24,11,2,2,844.33
25,12,15,1,4092.96
26,12,25,1,14272.45
27,12,1,1,532.05
28,13,22,3,1687.19
29,13,6,1,24061.84
30,13,5,1,675.91
31,13,19,1,2021.76
32,14,24,3,5499.94
33,14,21,1,5172.46
34,14,7,2,2520.32
35,15,20,1,1086.49
36,15,23,1,10076.58
37,15,21,1,5970.43
38,16,15,2,4597.83
39,16,23,2,8349.1
40,17,3,1,3931.11
41,17,23,1,9666.06
42,18,21,1,6440.48
43,18,2,2,884.01
44,19,10,1,15759.32
45,19,13,2,11346.89
46,19,24,3,4745.3
47,20,8,1,7710.66
48,20,15,3,3769.44
49,22,7,1,2070.63
50,23,17,1,1301.15
51,24,7,2,2568.21
52,24,20,2,1252.9
53,25,24,1,4405.58
54,26,8,1,8960.25
55,26,2,1,850.39
56,26,13,1,10219.8
57,27,12,1,14495.48
58,27,16,1,10873.28
59,27,3,2,3782.45
60,28,10,1,15589.2
61,29,10,1,14736.93
62,29,20,1,1194.17
63,29,3,1,3676.52
64,29,23,1,8975.28
65,30,24,1,5571.56
66,31,17,1,1302.06
67,33,8,1,7234.66
68,34,7,1,2094.78
69,34,22,3,1654.93
70,35,10,1,14406.11
71,35,6,1,26806.41
72,35,13,1,9421.79
73,35,9,1,10829.72
74,36,7,1,2640.35
75,37,5,1,659.62
76,38,8,1,8000.23
77,38,25,1,16183.4
78,38,15,1,4702.58
79,38,6,1,26991.36
80,39,21,1,5538.15
81,39,3,1,3926.18
82,39,7,1,2697.86
83,40,10,1,14929.2
84,40,21,1,6359.49
85,40,23,1,10636.19
86,40,17,2,1169.17
87,41,3,1,3707.34
88,41,22,2,1489.32
89,42,8,1,8520.12
90,43,25,1,13894.44
91,43,18,1,677.07
92,44,14,2,9740.37
93,45,24,2,5045.13
94,45,2,1,936.75
95,45,23,1,8962.91
96,46,17,1,1263.06
97,46,8,1,8149.56
98,47,17,1,1271.06
99,48,6,1,26783.05
100,48,14,1,9013.96
101,48,23,1,8931.23
102,49,13,1,8862.42
103,50,17,1,1348.74
104,51,3,2,3778.29
105,51,12,1,11862.97
106,51,25,1,16191.14
107,52,16,2,10279.65
108,52,3,1,3716.04
109,53,1,3,443.86
110,53,2,1,842.88
111,54,19,1,1950.43
112,54,4,1,7347.93
113,55,23,1,9856.02
114,56,14,1,8487.53
115,57,15,1,4799.13
116,57,24,3,5480.2
117,58,23,1,9258.6
118,59,18,1,662.03
119,60,6,1,27354.31
120,61,12,1,12427.2
121,61,22,1,1371.58
122,62,7,1,2605.44
123,62,8,1,7896.92
124,63,10,2,14110.83
125,64,19,1,1769.56
126,64,23,1,9303.42
127,65,16,2,12177.08
128,66,17,1,1088.11
129,68,8,2,8617.48
130,68,23,2,9840.4
131,68,19,1,2065.41
132,68,21,1,6381.78
133,69,2,1,937.51
134,69,21,1,6475.23
135,69,20,1,1161.4
136,70,24,2,4219.8
137,70,20,1,1194.47
138,71,23,2,8522.89
139,72,13,1,10875.53
140,72,12,1,14978.06
141,72,9,1,11256.53
142,73,21,1,6365.25
143,73,3,2,3520.29
144,74,1,2,516.41
145,75,25,1,15414.59
146,75,20,1,1040.68
147,75,14,1,8951.93
148,76,9,1,11657.8
149,76,21,1,5056.04
150,77,4,1,7721.24
151,77,10,1,17947.51
152,78,11,1,22341.67
153,79,21,1,5314.68
154,79,19,1,1898.94
155,80,5,1,636.13
156,80,17,1,1362.62
157,80,21,1,5315.57
158,81,17,1,1232.23
159,81,25,1,13757.97
160,82,13,1,10930.73
161,82,11,1,18296.1
162,82,21,1,5073.43
163,82,15,2,4883.29
164,83,24,1,5047.71
165,84,22,1,1513.23
166,85,4,1,6686.0
167,86,10,2,14748.51
168,87,24,1,4566.51
169,88,15,2,4416.24
170,88,3,1,4271.68
171,89,2,2,929.97
172,89,16,1,13701.61
173,90,5,1,570.56
174,91,17,2,1097.74
175,92,20,1,1010.31
176,92,12,1,14595.35
177,92,23,1,8993.55
178,93,2,2,833.72
179,93,9,1,14197.85
180,93,14,2,7999.03
181,94,25,1,13289.53
182,95,17,1,1068.55
183,95,5,2,569.49
184,95,4,1,6756.92
185,95,15,1,3785.69
186,96,3,1,3787.26
187,96,24,1,4510.51
188,96,6,1,21628.76
189,96,17,1,1083.89
190,98,3,1,4008.7
191,98,24,1,4242.09
192,98,4,1,6100.46
193,99,2,2,981.01
194,99,21,2,5791.11
195,100,12,1,13663.68
196,100,2,1,935.36
197,100,21,2,6236.21
198,100,15,2,4463.26
199,101,21,1,5411.52
200,101,18,1,651.38
201,102,24,1,4814.79
202,102,3,1,4295.78
203,103,15,1,4663.17
204,103,22,1,1339.51
205,103,2,1,986.53
206,104,12,2,15053.61
207,104,6,2,28504.72
208,105,17,1,1037.71
209,105,2,1,816.35
210,106,20,3,1096.92
211,106,24,1,5199.66
212,107,21,1,5661.5
213,107,25,1,13761.65
214,108,18,1,808.38
215,109,13,1,9966.39
216,109,14,1,8404.4
217,109,5,1,591.83
218,110,6,1,24536.03
219,110,22,1,1547.82
220,111,13,1,9772.28
221,111,7,1,2106.88
222,111,5,1,622.23
223,112,4,1,7468.63
224,112,13,1,10431.19
225,113,4,1,6129.25
226,113,23,2,9647.89
227,113,8,1,9436.32
228,114,11,1,20498.2
229,114,5,1,550.76
230,114,23,1,10153.67
231,115,14,1,10225.0
232,116,21,1,5329.3
233,116,9,2,13931.7
234,116,22,1,1673.24
235,117,22,1,1449.34
236,117,5,1,608.52
237,118,7,1,2584.03
238,119,20,3,1207.66
239,119,12,1,11875.02
240,119,6,1,26370.47
241,120,5,2,610.05
242,120,2,1,941.07
243,120,19,1,2024.58
244,121,18,1,636.41
245,121,14,2,9766.68
246,122,9,3,10768.89
247,122,11,1,17931.67
248,123,18,1,783.17
249,123,1,1,406.78
250,125,14,1,9796.89
251,125,4,1,7244.34
252,126,15,1,4022.93
253,126,7,1,2700.5
254,126,4,2,7766.5
255,127,6,1,25204.41
256,127,22,1,1481.01
257,128,3,1,3457.32
258,129,20,2,991.85
259,129,8,2,8196.34
260,129,16,2,12200.83
261,129,7,1,2236.23
262,130,9,1,10862.43
263,130,3,1,4195.55
264,131,2,1,979.46
265,131,19,1,1913.57
266,131,25,1,17551.38
267,132,20,1,1170.19
268,133,17,2,1305.95
269,133,5,1,589.39
270,133,13,1,10699.92
271,134,3,1,3775.64
272,134,15,1,4919.45
273,134,12,1,13976.35
274,135,24,1,4625.99
275,135,13,1,10261.87
276,136,7,3,2547.96
277,138,15,2,3799.76
278,138,16,1,10540.62
279,138,18,1,694.49
280,139,3,1,3287.59
281,140,16,1,12018.84
282,140,5,1,624.44
283,140,17,2,1212.07
284,141,20,1,1228.59
285,141,18,1,634.5
286,142,15,1,4113.34
287,142,12,1,15053.92
288,142,1,1,480.16
289,143,6,1,22593.63
290,143,9,1,13437.59
291,143,3,1,3285.62
292,144,1,1,404.74
293,145,17,1,1301.97
294,145,10,2,16053.12
295,146,17,1,1124.47
296,146,11,1,20243.7
297,146,4,1,7936.8
298,148,7,3,2551.33
299,148,10,1,14927.7
300,149,15,1,3731.39
301,150,11,3,20487.8
302,150,4,1,7870.37
303,150,6,1,22159.48
304,151,17,1,1049.71
305,151,24,3,5005.88
306,152,12,2,11787.9
307,152,8,1,8930.01
308,152,19,1,1840.32
309,153,13,1,9078.14
310,153,3,3,3566.44
311,154,25,2,15930.16
312,155,14,1,10240.65
313,155,9,1,12099.97
314,156,16,1,10415.34
315,156,24,2,4276.07
316,157,7,3,2543.44
317,160,3,1,4190.33
318,160,8,2,9057.29
319,161,23,1,10079.06
320,163,23,1,10286.18
321,163,17,1,1144.58
322,164,7,1,2241.79
323,164,9,1,12662.68
324,165,4,1,7875.98
325,165,9,1,11838.31
326,165,15,1,4584.16
327,166,1,1,447.98
328,167,4,1,6055.09
329,169,4,1,6141.33
330,169,16,1,11401.42
331,170,3,1,3682.6
332,170,6,1,27067.49
333,171,6,1,22750.0
334,171,16,1,10599.25
335,171,7,1,2325.67
336,172,4,1,6217.4
337,172,10,1,14097.89
338,173,25,1,13945.65
339,173,16,1,10342.09
340,174,8,1,9594.04
341,174,1,1,427.84
342,175,19,1,1814.1
343,175,14,1,9319.84
344,177,24,1,5476.8
345,178,12,2,11354.44
346,178,21,1,4838.18
347,179,8,1,7318.18
348,180,15,2,4202.8
349,180,8,1,8056.31
350,180,24,1,4748.95
351,180,20,1,991.02
352,181,20,1,1133.36
353,181,18,1,646.91
354,181,7,1,2479.79
355,182,10,1,14392.86
356,183,6,1,25465.03
357,183,21,1,6261.56
358,183,12,1,14617.18
359,184,19,1,2082.35
360,184,25,1,16592.28
361,185,14,1,10000.52
362,187,25,1,14786.48
363,187,6,1,24519.77
364,188,9,1,13165.25
365,189,25,1,13744.98
366,190,14,1,8753.7
367,190,10,1,14846.29
368,191,4,1,6021.2
369,191,24,3,5543.24
370,192,20,1,1235.72
371,193,14,1,9871.99
372,193,19,2,1858.72
373,194,4,1,7544.38
374,194,1,1,494.94
375,194,18,1,753.39
376,194,12,1,13577.6
377,195,20,2,1144.21
378,195,18,2,836.35
379,196,24,1,4277.53
380,198,17,1,1301.97
381,198,8,1,8544.75
382,198,20,2,1166.33
383,198,14,1,9716.23
384,199,6,1,23011.27
385,200,19,3,1676.51
386,200,9,1,11847.8
387,200,6,1,26850.99
388,201,6,1,24714.29
389,201,14,1,9248.44
390,202,21,1,5601.19
391,202,13,1,10243.13
392,203,24,1,4453.89
393,204,6,1,24802.61
394,204,14,3,9408.66
395,205,19,1,2019.16
396,206,12,2,14959.34
397,207,9,2,13230.18
398,207,13,1,10147.96
399,207,10,2,17129.1
400,208,4,2,6387.16
401,208,10,3,14531.91
402,208,1,2,521.73
403,209,7,2,2341.12
404,210,14,1,8611.03
405,210,3,3,3272.92
406,210,6,1,26945.76
407,212,2,1,837.44
408,213,19,1,1942.36
409,213,21,1,4911.26
410,213,6,1,26714.87
411,214,24,1,4861.66
412,214,10,1,14991.46
413,214,11,2,17250.9
414,215,19,2,2007.04
415,216,20,1,1032.64
416,217,14,1,10373.87
417,218,7,1,2354.31
418,219,11,2,21368.18
419,219,24,1,5382.12
420,219,17,1,1277.25
421,220,12,1,11742.14
422,220,13,1,11718.68
423,221,25,1,15040.5
424,221,20,1,1169.86
425,221,12,1,12216.76
426,221,4,1,7724.53
427,222,19,1,1796.21
428,222,7,1,2524.56
429,223,9,1,12771.27
430,223,10,1,16036.8
431,223,1,3,455.75
432,223,21,1,5132.15
433,224,3,1,3267.46
434,224,13,1,9588.59
435,224,24,2,4836.97
436,227,7,1,2641.14
437,227,18,1,659.3
438,228,11,1,20854.12
439,229,5,1,583.31
440,229,12,2,11889.98
441,230,7,1,2614.63
442,230,24,3,4680.26
443,230,23,2,9568.61
444,231,25,1,16702.9
445,231,11,2,18885.83
446,232,3,1,4137.58
447,232,2,2,888.81
448,233,8,1,9119.31
449,233,13,1,8794.18
450,234,12,1,11283.25
451,234,20,1,1222.32
452,234,14,1,10225.14
453,234,17,1,1091.19
454,235,8,1,9227.67
455,235,18,1,661.31
456,235,24,1,5203.76
457,235,25,1,15680.87
458,236,16,1,12560.57
459,236,22,2,1596.96
460,237,24,1,4586.43
461,237,16,1,13793.69
462,238,17,1,1257.61
463,238,1,1,506.52
464,238,7,1,2354.0
465,239,17,1,1149.14
466,239,23,2,8280.94
467,239,24,1,4516.06
468,240,17,1,1253.38
469,240,23,2,10155.35
470,240,5,2,695.46
471,242,8,1,7278.75
472,242,13,1,10621.27
473,243,23,1,9560.79
474,243,16,1,11018.17
475,243,6,2,27055.05
476,243,17,2,1267.81
477,244,12,2,13109.47
478,244,17,1,1217.47
479,245,24,1,4309.64
480,245,10,1,18190.59
481,246,19,1,1724.49
482,246,16,2,13784.38
483,247,16,1,12764.96
484,248,18,1,825.59
485,248,11,1,21652.73
486,248,8,1,8730.08
487,248,24,2,5329.53
488,249,22,3,1579.05
489,249,19,1,1984.12
490,249,13,1,9751.23
491,250,9,1,11157.26
492,250,15,1,4952.83
493,250,14,3,10201.69
494,251,7,1,2360.47
495,252,17,2,1307.86
496,254,3,1,3546.72
497,254,20,1,1276.36
498,254,22,1,1640.71
499,255,6,2,27526.81
500,255,9,1,13222.39
501,256,22,2,1363.63
502,256,17,1,1127.57
503,256,4,3,7399.04
504,257,1,1,511.87
505,258,8,1,8625.1
506,258,1,1,513.47
507,258,10,1,14073.0
508,259,2,1,989.88
509,259,21,1,6230.53
510,259,14,1,9638.98
511,259,8,1,8691.37
512,260,9,1,11772.15
513,260,13,1,11315.32
514,261,17,1,1162.22
515,261,3,1,4155.22
516,261,19,1,2237.12
517,263,19,1,1972.16
518,263,17,1,1052.17
519,264,2,1,834.37
520,264,6,1,22771.61
521,265,17,1,1373.3
522,266,16,1,10331.54
523,266,3,1,3752.33
524,266,21,2,5818.31
525,266,14,1,10412.08
526,267,16,1,11071.91
527,267,5,1,532.97
528,267,21,1,4891.0
529,268,15,1,4659.86
530,269,21,1,6357.96
531,269,4,2,6279.14
532,270,5,1,669.45
533,270,9,1,13334.54
534,270,25,1,14177.51
535,271,7,1,2207.91
536,271,15,1,3778.64
537,271,3,1,3395.23
538,272,16,1,13408.44
539,273,11,1,19807.36
540,273,24,1,4800.71
541,273,18,1,706.45
542,275,7,1,2349.41
543,276,17,1,1221.42
544,276,18,1,787.46
545,276,9,1,13361.55
546,276,4,1,7696.16
547,277,25,1,17034.72
548,277,7,1,2642.99
549,278,14,1,7846.52
550,278,6,2,26689.33
551,278,17,1,1292.98
552,278,19,1,2042.78
553,279,24,1,4958.2
554,279,2,1,882.19
555,280,19,1,1775.84
556,280,18,1,730.08
557,280,15,1,3712.41
558,281,18,1,665.96
559,281,12,2,14791.02
560,282,5,3,575.47
561,282,19,1,1829.42
562,283,20,1,1139.67
563,283,11,2,18954.06
564,283,14,1,10002.75
565,284,15,1,3861.63
566,284,17,1,1051.32
567,284,3,1,3938.51
568,285,10,1,15984.28
569,285,20,1,1007.51
570,285,21,1,5919.34
571,285,5,1,678.46
572,286,15,3,4508.97
573,286,18,1,832.41
574,286,23,1,9308.56
575,286,8,1,9078.6
576,287,18,1,830.3
577,287,1,1,426.62
578,287,25,1,15815.88
579,287,2,1,843.64
580,288,11,1,17081.61
581,289,18,2,781.32
582,289,20,1,1178.13
583,290,24,1,5144.21
584,291,5,1,612.23
585,291,9,1,13543.69
586,291,22,2,1631.58
587,291,19,1,2073.67
588,292,14,1,7856.31
589,293,14,3,8836.43
590,293,1,1,411.7
591,294,2,1,911.75
592,294,5,1,579.45
593,294,17,1,1152.78
594,296,9,1,12929.34
595,297,17,1,1312.0
596,298,13,1,10034.09
597,298,15,1,4607.75
598,299,15,1,4803.28
599,300,25,1,13460.17
600,300,19,2,2136.37
601,302,12,1,14260.99
602,303,21,1,4970.93
603,303,12,2,11711.94
604,303,4,1,6702.66
605,304,1,2,511.5
606,304,19,1,1733.0
607,304,24,1,4760.29
608,305,16,1,11367.44
609,305,10,1,17281.26
610,306,24,1,4477.4
611,306,2,1,855.33
612,306,12,1,12383.83
613,306,3,1,3270.46
614,307,13,1,10060.91
615,308,9,2,12773.38
616,308,2,1,814.42
617,309,3,1,3607.05
618,310,13,1,10376.06
619,311,15,1,4562.55
620,312,15,1,4917.86
621,313,12,1,12366.18
622,314,20,2,1066.47
623,315,9,2,10601.58
624,315,23,3,10054.24
625,315,17,1,1341.28
626,315,22,1,1663.04
627,316,22,1,1447.26
628,316,5,1,562.16
629,317,23,1,10506.32
630,320,1,1,413.28
631,321,3,1,3290.86
632,321,2,1,936.74
633,322,9,1,13458.42
634,322,12,1,15118.06
635,322,6,1,24383.71
636,322,4,1,6640.71
637,323,25,1,17708.38
638,323,4,1,7552.08
639,324,16,3,11204.65
640,325,14,1,8818.84
641,326,16,1,11317.98
642,327,12,1,12271.8
643,328,20,2,1302.24
644,329,24,1,4480.87
645,329,23,1,10072.69
646,329,12,1,13942.62
647,330,22,2,1308.54
648,330,18,2,843.18
649,330,23,1,8661.46
650,331,15,1,4588.3
651,331,3,1,4179.16
652,332,8,1,8476.81
653,332,24,2,4831.26
654,333,9,1,11337.02
655,333,10,2,17990.71
656,333,12,1,13929.41
657,334,3,2,3670.65
658,336,15,1,4849.33
659,336,7,1,2244.24
660,336,9,1,13288.94
661,336,24,1,5214.59
662,337,2,2,931.94
663,338,25,1,13631.7
664,339,7,1,2407.84
665,339,12,1,12383.75
666,340,1,1,436.38
667,340,6,1,26352.16
668,340,15,2,3683.19
669,341,2,1,851.19
670,341,16,1,10973.01
671,341,9,1,14245.35
672,342,10,1,13836.17
673,343,25,1,14380.12
674,344,16,1,10516.29
675,345,17,1,1378.12
676,346,17,1,1368.64
677,346,5,2,613.93
678,347,15,1,4827.43
679,347,13,1,11089.64
680,348,20,1,1115.1
681,348,2,2,804.99
682,349,21,1,6260.83
683,349,24,1,4424.24
684,350,20,1,1144.83
685,350,16,1,12618.72
686,350,2,1,784.26
687,351,12,1,12105.89
688,351,20,1,1263.88
689,352,7,1,2386.89
690,352,17,2,1303.52
691,352,13,1,8809.97
692,354,19,1,1993.01
693,355,1,1,452.05
694,355,11,1,17439.72
695,356,18,2,648.39
696,356,10,2,16400.99
697,356,3,1,4082.64
698,357,9,2,12288.84
699,358,11,1,20452.79
700,359,13,1,10099.53
701,359,15,1,3688.1
702,360,8,2,8077.04
703,361,23,1,10174.78
704,361,7,1,2271.05
705,362,17,1,1385.45
706,362,2,3,957.95
707,363,17,1,1193.63
708,364,15,1,4687.84
709,365,5,2,519.18
710,365,13,1,10640.79
711,365,14,2,9287.57
712,366,2,1,751.69
713,366,15,1,4432.93
714,367,25,1,16113.46
715,367,3,1,3807.63
716,368,10,1,14296.01
717,368,19,1,1950.16
718,369,11,1,22192.8
719,370,15,1,4714.03
720,370,11,1,19164.33
721,371,12,1,12743.64
722,371,19,1,1768.64
723,372,18,1,844.39
724,372,14,1,10368.36
725,373,19,1,1672.98
726,373,8,1,8278.55
727,373,4,1,7075.03
728,374,22,1,1597.86
729,374,11,1,22374.31
730,375,10,2,16369.88
731,376,13,1,9981.21
732,377,2,1,990.75
733,378,21,1,4982.23
734,378,24,1,5088.61
735,380,17,2,1152.24
736,381,24,3,4455.43
737,381,1,1,415.12
738,382,16,2,10266.5
739,383,7,1,2272.88
740,383,1,1,487.99
741,383,18,1,701.72
742,383,25,1,16699.46
743,384,3,1,3748.56
744,384,11,1,21532.59
745,384,19,1,1790.75
746,385,17,1,1099.43
747,385,10,1,13779.76
748,385,19,1,1733.35
749,386,16,1,10398.87
750,387,5,1,598.55
751,387,21,1,6101.66
752,389,17,1,1227.64
753,390,7,1,2092.76
754,390,3,1,3382.29
755,390,14,2,10403.81
756,391,5,1,555.15
757,392,4,1,7249.43
758,392,5,1,522.52
759,393,4,2,7075.25
760,393,22,1,1680.34
761,393,15,3,4526.05
762,394,20,1,1073.36
763,394,22,2,1668.08
764,395,3,1,4006.08
765,395,18,1,731.52
766,396,15,1,3984.46
767,396,8,1,8201.16
768,396,23,1,9700.02
769,397,13,2,9341.53
770,398,2,1,876.97
771,398,17,1,1199.44
772,399,6,1,22613.94
773,399,18,1,656.43
774,400,12,1,11596.35
775,401,23,1,8622.72
776,402,10,2,13633.62
777,402,1,1,501.76
778,402,23,1,8547.23
779,403,1,1,488.06
780,403,4,2,6087.1
781,404,24,2,5423.11
782,405,5,1,531.43
783,405,11,1,19499.44
784,406,9,1,14174.81
785,406,19,1,1918.12
786,406,4,1,6337.91
787,407,16,2,13736.8
788,408,6,1,25771.67
789,409,17,3,1106.51
790,409,23,1,9818.88
791,410,6,1,27861.3
792,410,13,1,9739.26
793,410,2,1,971.81
794,411,9,1,10656.12
795,411,3,1,4043.5
796,412,17,1,1099.35
797,412,8,1,8734.26
798,412,7,2,2677.93
799,413,13,1,9538.3
800,413,15,2,4543.72
801,415,12,1,12754.86
802,415,4,1,7003.56
803,415,19,1,1992.87
804,416,3,1,4115.08
805,416,25,1,17707.63
806,417,24,2,5105.72
807,417,20,2,1194.19
808,418,8,1,9311.43
809,419,8,1,7951.83
810,419,4,1,6208.74
811,419,11,1,19689.07
812,419,7,2,2182.3
813,420,5,1,636.34
814,421,19,1,2061.46
815,421,5,1,561.41
816,422,9,1,13936.6
817,422,3,1,3973.25
818,423,21,2,5549.23
819,423,19,1,2103.31
820,423,23,1,10204.63
821,424,7,3,2642.74
822,425,8,1,9216.66
823,426,2,1,847.03
824,427,19,1,1802.87
825,428,22,1,1552.31
826,429,1,2,533.12
827,429,13,1,10230.99
828,429,2,2,789.17
829,430,11,1,21517.38
830,430,15,1,4875.61
831,430,17,1,1290.8
832,430,9,2,13259.8
833,431,9,1,12941.86
834,431,7,1,2190.28
835,432,7,1,2682.14
836,432,11,1,21296.35
837,433,13,1,11768.75
838,434,6,1,27938.12
839,435,13,1,11577.03
840,435,5,1,648.44
841,436,1,1,538.75
842,436,24,1,5515.87
843,437,25,1,13288.91
844,437,6,1,25757.56
845,437,24,1,5413.18
846,438,10,1,16900.55
847,439,21,1,6240.76
848,440,10,1,15122.18
849,441,6,1,23008.2
850,441,19,1,1920.82
851,441,24,1,5355.56
852,442,22,1,1697.81
853,443,2,1,1001.51
854,443,7,1,2190.89
855,443,14,2,10110.06
856,445,9,1,11767.92
857,445,23,2,9549.97
858,445,18,1,644.09
859,445,25,1,15377.6
860,446,18,1,779.87
861,446,21,1,5435.21
862,446,7,1,2168.85
863,447,18,1,706.33
864,447,7,1,2411.08
865,448,4,1,6886.5
866,448,6,1,21765.97
867,449,24,1,5549.87
868,449,7,2,2131.76
869,449,10,1,17350.11
870,449,3,1,3838.63
871,450,22,2,1274.39
872,450,3,1,4175.41
873,450,16,2,11004.83
874,450,25,1,14350.94
875,451,12,1,13958.95
876,451,25,1,17000.27
877,453,15,1,4054.61
878,453,10,1,15229.08
879,453,1,1,516.59
880,454,22,1,1416.02
881,454,3,1,3402.18
882,454,17,2,1338.85
883,454,15,1,4712.71
884,455,17,1,1282.26
885,455,4,1,6068.41
886,455,18,1,637.03
887,456,16,1,10436.41
888,456,14,2,10097.79
889,456,9,1,12420.93
890,456,13,1,8832.11
891,457,17,1,1146.34
892,458,25,1,16056.74
893,458,2,1,859.78
894,458,17,1,1121.15
895,458,20,1,1161.47
896,459,18,1,677.83
897,459,22,1,1542.26
898,460,15,2,4839.88
899,460,5,2,573.14
900,461,16,1,12393.81
901,461,12,1,13163.91
902,461,22,1,1614.95
903,461,6,2,25934.44
904,462,19,1,1863.21
905,462,2,1,862.9
906,462,6,1,26675.78
907,462,16,2,12660.55
908,463,17,1,1223.61
909,463,16,1,11662.21
910,463,12,2,13973.42
911,463,10,1,13634.98
912,464,20,1,1099.1
913,466,12,2,14128.53
914,466,6,1,26896.5
915,467,21,1,5315.92
916,467,2,1,883.06
917,467,16,1,10932.41
918,468,21,2,5268.32
919,468,25,2,14522.28
920,468,13,1,11095.29
921,469,16,1,11440.13
922,469,25,2,14645.81
923,469,23,3,10994.23
924,470,1,1,533.03
925,471,13,1,10423.77
926,472,21,1,5671.91
927,472,9,1,11047.55
928,473,21,2,6280.37
929,473,1,1,442.07
930,474,21,1,4991.89
931,475,5,1,583.34
932,475,21,2,5423.98
933,476,3,2,3776.4
934,476,2,1,963.45
935,477,1,2,489.95
936,478,19,1,1758.5
937,479,22,1,1657.99
938,479,24,2,4739.02
939,480,11,1,21418.52
940,481,2,1,762.6
941,481,19,1,1952.33
942,482,19,1,1960.54
943,483,12,1,13722.46
944,483,11,1,19087.9
945,483,4,2,7720.01
946,484,10,3,13858.93
947,484,1,1,422.69
948,484,8,1,7928.45
949,484,19,1,1795.0
950,485,25,1,16087.51
951,486,13,2,9750.93
952,487,1,1,484.38
953,487,21,1,6213.68
954,488,8,2,7282.17
955,489,2,1,831.29
956,490,23,1,10416.4
957,491,25,1,14798.38
958,492,24,1,5512.46
959,493,5,1,615.8
960,494,22,2,1411.93
961,494,6,1,25461.77
962,494,11,1,18392.97
963,495,18,1,832.49
964,496,2,1,763.81
965,496,10,1,16575.98
966,497,18,1,713.37
967,498,15,1,4010.19
968,499,22,1,1683.65
969,499,25,1,16444.72
970,499,23,2,10286.77
971,500,24,1,5534.4
972,500,9,1,13874.0
973,501,24,1,5463.03
974,501,12,1,12096.16
975,501,18,1,780.49
976,502,2,1,833.28
977,502,19,1,2085.69
978,503,3,1,4210.75
979,503,6,2,25494.35
980,504,1,1,442.03
981,504,7,1,2261.58
982,505,16,1,10358.31
983,506,25,1,14720.83
984,507,16,1,13555.97
985,508,22,1,1603.64
986,509,11,1,20073.85
987,509,3,1,4243.32
988,510,1,2,492.93
989,510,13,2,10036.57
990,511,17,1,1231.76
991,511,10,2,13720.86
992,511,14,1,9041.74
993,512,25,1,16259.52
994,513,12,1,11739.83
995,514,18,1,699.47
996,515,14,1,10156.47
997,515,22,1,1311.03
998,516,14,1,8276.52
999,516,18,1,661.17
1000,517,16,2,13785.48
1001,517,10,1,13684.67
1002,518,18,1,693.1
1003,519,4,2,7045.52
1004,519,11,1,18171.61
1005,519,9,2,12720.94
1006,520,21,1,6088.41
1007,520,12,1,12584.37
1008,520,10,1,17972.18
1009,521,21,2,5467.63
1010,521,18,1,669.68
1011,522,10,1,14264.39
1012,522,25,1,15758.85
1013,522,14,1,10247.29
1014,522,2,1,935.49
1015,523,7,3,2160.58
1016,523,3,1,3516.23
1017,525,10,1,14846.81
1018,526,9,1,11805.68
1019,527,12,1,13617.46
1020,528,17,1,1332.83
1021,528,4,3,7755.97
1022,528,25,1,17421.41
1023,528,2,2,837.9
1024,529,14,1,9037.37
1025,529,13,1,10307.12
1026,529,17,1,1172.1
1027,529,8,3,9353.3
1028,530,23,1,10893.57
1029,530,14,1,10072.79
1030,531,7,2,2226.78
1031,532,24,1,5256.33
1032,533,1,1,536.41
1033,534,25,1,14716.12
1034,534,5,1,547.32
1035,534,13,1,11441.78
1036,535,25,3,14941.78
1037,536,18,1,775.7
1038,537,1,1,524.35
1039,538,13,1,9676.03
1040,538,23,1,9265.05
1041,538,19,2,2050.55
1042,539,6,1,22392.65
1043,539,9,1,11531.58
1044,540,10,2,18080.94
1045,540,24,1,5518.76
1046,540,14,1,10094.79
1047,541,23,1,9634.54
1048,541,21,1,6327.97
1049,541,2,1,758.15
1050,544,21,1,5246.16
1051,544,12,1,14941.77
1052,544,22,1,1378.5
1053,545,15,1,4221.19
1054,546,16,1,13466.65
1055,546,18,1,674.17
1056,546,9,1,13880.49
1057,547,18,1,659.48
1058,547,12,1,12278.78
1059,547,9,1,11967.5
1060,548,25,1,16175.37
1061,548,12,2,12126.96
1062,548,17,1,1104.45
1063,549,9,1,13467.67
1064,549,7,2,2199.18
1065,550,1,1,484.66
1066,550,9,1,13929.13
1067,551,16,2,12940.3
1068,551,25,1,15681.59
1069,551,1,1,421.42
1070,552,8,2,7353.97
1071,552,5,1,690.23
1072,552,1,1,407.29
1073,553,1,2,470.58
1074,553,19,1,1881.71
1075,553,24,1,4666.43
1076,553,12,1,13809.9
1077,555,25,1,17300.68
1078,556,22,1,1299.41
1079,556,19,1,1887.09
1080,557,13,1,9641.8
1081,557,16,1,11238.01
1082,558,9,1,13073.38
1083,558,5,2,543.48
1084,559,7,1,2100.57
1085,560,6,1,22986.13
1086,560,13,1,9595.71
1087,560,17,1,1348.58
1088,561,13,1,9350.89
1089,561,22,2,1624.04
1090,562,12,2,14317.61
1091,562,21,2,5198.06
1092,562,23,1,9199.84
1093,562,22,1,1646.6
1094,563,4,1,7799.82
1095,563,7,1,2281.64
1096,563,2,1,791.06
1097,564,8,1,9319.16
1098,565,8,1,9427.36
1099,566,7,1,2172.39
1100,566,20,1,1100.99
1101,567,16,1,12157.31
1102,568,9,1,11617.08
1103,569,12,3,11294.16
1104,569,20,1,1251.52
1105,570,19,1,1745.95
1106,570,18,1,745.12
1107,571,19,1,2221.1
1108,571,3,3,3647.75
1109,572,24,1,5377.41
1110,573,14,1,9960.84
1111,574,12,1,14202.6
1112,576,7,1,2406.13
1113,576,22,2,1429.88
1114,576,24,1,4791.82
1115,576,13,1,10862.79
1116,577,3,1,3476.07
1117,578,17,2,1106.31
1118,578,9,2,14056.3
1119,579,5,1,628.3
1120,579,7,2,2741.75
1121,579,23,2,10388.25
1122,580,15,1,4038.68
1123,581,7,2,2504.72
1124,582,10,2,18046.97
1125,583,2,2,889.28
1126,584,7,1,2673.89
1127,585,8,2,8347.73
1128,585,5,1,615.28
1129,586,19,1,2202.57
1130,586,24,1,4690.14
1131,587,19,2,1962.29
1132,587,12,1,12019.76
1133,588,25,1,15207.87
1134,588,23,1,9213.58
1135,589,9,1,10992.87
1136,590,10,1,14421.35
1137,591,15,1,4001.13
1138,592,2,1,885.4
1139,592,15,1,4320.9
1140,593,24,1,4588.79
1141,593,13,1,11523.7
1142,594,23,1,9333.09
1143,594,11,1,21523.57
1144,595,1,1,509.59
1145,595,3,1,3798.52
1146,596,10,1,13654.91
1147,597,19,1,1916.36
1148,597,8,1,7712.19
1149,598,10,3,13716.55
1150,599,19,1,2099.36
1151,599,23,1,10185.28
1152,600,2,1,951.44
1153,600,4,2,6458.03
1154,601,12,1,12896.1
1155,601,10,2,14339.79
1156,601,17,1,1141.67
1157,602,12,1,12394.71
1158,602,1,2,468.12
1159,603,15,1,4593.7
1160,603,2,1,787.96
1161,603,17,2,1079.26
1162,604,16,1,13494.64
1163,604,2,2,754.64
1164,605,5,1,688.86
1165,606,11,1,19096.76
1166,606,5,3,537.68
1167,607,2,1,852.83
1168,607,20,2,1248.43
1169,609,13,1,10888.69
1170,609,3,1,4110.19
1171,610,24,1,4437.26
1172,611,23,1,10868.03
1173,611,7,1,2213.71
1174,611,18,1,787.18
1175,611,4,1,7031.26
1176,612,1,3,425.17
1177,612,3,1,3880.04
1178,613,21,1,5457.94
1179,613,10,2,15546.33
1180,613,3,1,3665.1
1181,613,17,1,1297.5
1182,614,23,1,8654.56
1183,614,14,3,8695.04
1184,615,20,3,1001.27
1185,615,19,2,2078.46
1186,616,16,1,12212.18
1187,616,25,1,17235.93
1188,617,14,1,8630.01
1189,617,6,2,22946.37
1190,618,22,1,1363.81
1191,618,8,1,7142.45
1192,618,18,1,683.56
1193,618,3,1,3411.12
1194,619,24,1,5129.18
1195,621,23,1,9446.84
1196,621,4,3,7087.88
1197,621,16,3,12872.23
1198,622,1,2,480.82
1199,623,24,1,5120.57
1200,624,22,1,1573.63
1201,624,9,1,13101.14
1202,625,4,2,7557.31
1203,625,19,1,1751.19
1204,626,9,1,13113.42
1205,628,6,1,28068.21
1206,628,10,2,14023.85
1207,628,15,1,4686.2
1208,629,3,1,3275.85
1209,629,11,1,17356.48
1210,630,19,1,2047.02
1211,631,7,1,2311.14
1212,631,17,3,1079.54
1213,632,11,1,21302.01
1214,632,23,2,9577.98
1215,633,6,1,21501.42
1216,633,12,1,13349.29
1217,633,11,2,19355.0
1218,634,23,1,9304.29
1219,635,10,1,13622.59
1220,635,21,1,4889.36
1221,637,17,1,1123.96
1222,637,7,2,2319.32
1223,638,7,1,2122.38
1224,638,18,1,720.14
1225,638,8,1,9566.94
1226,642,10,1,17629.16
1227,642,17,2,1218.25
1228,643,16,1,12626.59
1229,643,1,1,487.13
1230,643,3,1,3536.87
1231,644,17,1,1141.04
1232,644,20,1,986.37
1233,644,12,1,12242.13
1234,644,19,1,1998.23
1235,645,13,1,11722.33
1236,645,6,3,25875.72
1237,646,10,1,14462.1
1238,646,8,2,8346.66
1239,646,20,3,1313.83
1240,647,13,1,10169.29
1241,648,13,1,8985.68
1242,648,10,2,17219.55
1243,649,15,1,4461.45
1244,650,20,2,989.37
1245,651,13,1,10771.6
1246,652,5,1,584.68
1247,652,25,1,13948.81
1248,653,7,1,2467.58
1249,654,5,1,617.74
1250,654,17,1,1124.64
1251,655,24,1,5372.19
1252,655,22,2,1286.83
1253,655,14,1,9752.91
1254,656,18,1,782.43
1255,657,1,1,512.4
1256,657,7,1,2316.9
1257,657,25,2,16070.02
1258,658,1,1,420.27
1259,658,10,1,15736.79
1260,659,25,1,16534.42
1261,659,18,2,705.34
1262,659,3,2,4221.19
1263,660,19,1,2021.68
1264,661,21,1,5944.82
1265,662,25,1,14862.92
1266,662,16,2,12398.65
1267,663,13,1,9628.41
1268,664,24,1,5483.38
1269,664,4,1,6057.67
1270,665,11,1,19799.64
1271,665,24,2,4975.66
1272,666,18,1,668.87
1273,667,2,1,891.85
1274,668,5,2,528.98
1275,669,7,2,2515.45
1276,670,14,1,9622.56
1277,670,18,1,811.48
1278,670,2,1,983.96
1279,671,1,1,514.7
1280,675,21,1,6425.02
1281,675,12,1,13694.46
1282,676,8,1,8931.99
1283,676,22,1,1377.43
1284,677,6,1,21391.21
1285,677,3,1,3226.36
1286,678,11,1,16814.57
1287,679,23,1,8366.97
1288,679,25,1,15220.61
1289,681,25,1,15685.37
1290,682,22,1,1355.99
1291,682,23,1,8628.8
1292,683,21,1,4881.83
1293,683,2,1,854.26
1294,684,22,1,1536.74
1295,684,7,1,2480.61
1296,685,5,1,640.19
1297,685,19,1,1743.67
1298,686,18,1,749.76
1299,686,25,2,14224.62
1300,687,19,1,1806.16
1301,687,15,1,4771.21
1302,688,16,1,10550.7
1303,688,3,1,4254.3
1304,688,1,1,414.48
1305,689,17,1,1338.27
1306,689,11,1,21727.54
1307,689,8,1,8507.42
1308,689,15,1,4528.26
1309,690,11,1,20089.69
1310,690,7,1,2604.23
1311,691,3,1,4297.7
1312,691,22,1,1521.88
1313,691,23,1,9581.87
1314,691,11,1,16817.7
1315,692,23,1,9205.25
1316,692,3,1,3889.88
1317,693,6,1,28390.84
1318,693,1,1,501.2
1319,694,22,1,1467.72
1320,695,13,1,8912.96
1321,695,7,1,2354.9
1322,696,10,1,16382.81
1323,696,22,1,1549.46
1324,697,23,1,10751.06
1325,697,3,1,4331.03
1326,698,24,1,5096.71
1327,698,25,1,16179.99
1328,699,24,1,4836.85
1329,700,22,1,1387.41
1330,700,13,2,11554.39
1331,701,14,1,10082.62
1332,701,12,1,12849.61
1333,702,7,1,2262.85
1334,702,9,2,11448.17
1335,703,2,1,766.79
1336,703,12,1,14539.34
1337,705,12,3,12621.99
1338,706,5,1,560.84
1339,706,3,1,4189.31
1340,707,14,1,8397.97
1341,707,7,1,2167.8
1342,708,22,2,1656.95
1343,709,1,1,421.03
1344,709,18,1,706.72
1345,709,2,2,790.12
1346,710,6,1,27551.58
1347,710,7,1,2121.59
1348,711,9,1,12989.34
1349,712,23,2,9120.45
1350,712,22,1,1559.51
1351,712,16,3,10763.97
1352,712,12,1,11300.5
1353,713,24,1,4914.89
1354,713,23,1,9600.49
1355,713,3,1,3339.97
1356,714,14,1,9298.47
1357,714,12,1,13173.87
1358,715,3,2,4133.3
1359,716,16,1,11115.45
1360,716,12,1,11748.84
1361,717,16,2,13195.08
1362,717,21,1,5310.81
1363,718,14,1,10144.65
1364,719,7,1,2092.64
1365,720,20,1,1067.22
1366,720,9,3,10840.29
1367,721,8,1,7917.33
1368,723,5,1,616.5
1369,724,17,1,1038.82
1370,724,24,1,4509.8
1371,725,10,1,15857.7
1372,725,23,1,10378.16
1373,725,19,2,2197.97
1374,726,20,1,1294.44
1375,726,24,1,4916.63
1376,726,8,1,8452.19
1377,727,9,1,11805.64
1378,728,12,1,12863.01
1379,729,14,1,8652.22
1380,729,19,1,1981.63
1381,729,21,1,5920.56
1382,730,19,2,1984.12
1383,731,22,1,1428.52
1384,731,20,1,1040.94
1385,733,3,1,4017.7
1386,734,25,2,16116.37
1387,734,22,1,1654.34
1388,735,24,1,4655.42
1389,736,14,1,8165.69
1390,736,12,1,12137.93
1391,737,16,2,12518.74
1392,739,19,1,1759.22
1393,740,11,1,18818.76
1394,741,7,2,2244.85
1395,741,22,1,1317.01
1396,742,19,1,2222.65
1397,742,2,2,966.54
1398,742,8,1,8411.24
1399,742,18,1,796.07
1400,743,22,1,1602.01
1401,744,17,1,1328.33
1402,745,5,2,582.45
1403,746,17,3,1189.41
1404,746,14,1,10266.82
1405,746,20,3,1016.11
1406,747,12,1,12014.3
1407,747,22,2,1434.07
1408,747,3,1,3857.59
1409,748,18,1,813.73
1410,749,14,1,8867.38
1411,749,25,1,16453.1
1412,750,15,1,4506.27
1413,750,22,1,1509.78
1414,751,5,1,621.02
1415,752,19,1,1784.12
1416,752,21,1,5760.97
1417,752,12,1,12279.98
1418,753,9,1,13274.15
1419,754,23,2,10434.73
1420,754,10,1,16091.81
1421,754,2,1,828.73
1422,755,2,1,892.98
1423,756,7,1,2586.85
1424,756,20,1,991.56
1425,757,22,2,1648.36
1426,757,19,1,1816.12
1427,758,9,2,12251.38
1428,758,21,1,6115.99
1429,758,3,1,3368.46
1430,759,1,1,427.79
1431,760,7,1,2292.25
1432,760,1,2,430.76
1433,761,6,1,28650.46
1434,761,9,1,13842.28
1435,762,25,1,17656.3
1436,762,13,1,11229.25
1437,762,22,1,1400.08
1438,762,7,3,2666.16
1439,763,22,1,1551.07
1440,764,12,1,11772.28
1441,764,21,2,6398.44
1442,764,20,1,995.32
1443,765,15,1,4747.68
1444,766,15,1,4276.29
1445,766,20,2,1116.76
1446,766,2,1,792.94
1447,768,25,1,13912.69
1448,770,16,1,13264.43
1449,771,8,1,8897.43
1450,771,21,1,5780.72
1451,771,24,2,4205.92
1452,772,9,1,12228.59
1453,773,2,1,923.88
1454,774,11,1,19283.66
1455,774,20,1,1245.93
1456,774,6,1,22005.53
1457,774,19,1,1926.08
1458,775,23,2,8750.67
1459,775,14,1,10235.43
1460,776,2,1,858.34
1461,777,3,1,3862.57
1462,777,20,1,1014.23
1463,777,5,1,642.3
1464,777,12,2,12127.24
1465,778,13,1,11033.07
1466,778,24,1,5425.98
1467,778,23,1,8696.34
1468,779,2,1,961.8
1469,780,18,1,635.05
1470,780,3,1,4295.11
1471,780,12,1,13661.58
1472,781,21,1,5058.72
1473,781,13,1,10221.03
1474,781,16,1,11345.29
1475,781,9,1,13072.2
1476,782,16,1,12204.98
1477,782,7,2,2423.72
1478,782,12,1,14378.76
1479,783,15,1,3898.89
1480,784,3,1,3910.32
1481,784,2,1,829.22
1482,785,21,1,6183.44
1483,785,1,1,523.2
1484,785,6,2,22251.04
1485,785,16,1,11537.95
1486,786,8,2,9437.95
1487,786,24,1,4203.25
1488,787,3,2,3338.32
1489,787,2,2,921.01
1490,788,12,1,13390.98
1491,789,24,1,5364.51
1492,790,9,1,13326.99
1493,790,4,2,6442.52
1494,791,5,2,557.78
1495,791,3,1,3446.45
1496,791,1,1,508.55
1497,792,3,1,4270.3
1498,792,12,2,12814.63
1499,793,7,1,2255.31
1500,795,21,1,4867.93
1501,796,16,1,10938.75
1502,796,23,1,10732.31
1503,796,12,2,14776.29
1504,799,3,1,3860.23
1505,800,11,1,19669.68
1506,800,4,1,7930.59
1507,801,14,3,9959.08
1508,801,8,1,8554.25
1509,802,20,2,1000.67
1510,802,22,1,1431.4
1511,802,18,1,843.78
1512,803,21,2,5115.36
1513,803,22,1,1373.64
1514,803,19,1,2011.65
1515,803,23,2,10747.88
1516,804,24,1,5129.7
1517,804,23,1,10474.34
1518,805,12,1,14536.08
1519,807,6,1,23521.07
1520,808,5,1,574.63
1521,808,8,1,7875.01
1522,808,2,1,856.95
1523,809,18,1,690.34
1524,809,23,2,10834.91
1525,809,10,1,16874.3
1526,810,18,2,781.43
1527,811,12,1,12918.0
1528,811,9,1,14245.05
1529,812,16,1,11439.78
1530,812,4,1,7495.64
1531,813,15,1,4895.55
1532,813,4,1,6377.92
1533,814,6,1,22734.71
1534,815,22,2,1489.31
1535,815,8,1,9390.32
1536,816,5,1,695.56
1537,816,7,2,2358.83
1538,817,1,1,526.28
1539,817,8,1,9099.59
1540,817,21,1,5085.28
1541,818,11,1,20921.43
1542,818,23,1,8924.88
1543,818,12,2,13942.17
1544,818,18,1,684.65
1545,819,24,1,4873.32
1546,819,18,1,819.59
1547,820,19,1,2231.14
1548,821,4,1,6863.12
1549,821,7,1,2578.4
1550,822,12,1,11525.54
1551,822,24,3,4396.26
1552,822,8,2,8583.59
1553,822,11,1,22210.8
1554,823,10,1,17399.64
1555,824,8,1,9004.23
1556,824,4,1,6444.57
1557,826,24,1,5045.28
1558,826,8,1,7298.93
1559,826,7,1,2331.74
1560,827,8,1,9540.57
1561,828,13,1,11609.36
1562,828,21,1,6352.07
1563,829,23,1,8859.87
1564,829,22,1,1682.95
1565,829,13,2,11180.5
1566,831,24,1,4418.8
1567,831,3,1,3979.98
1568,832,15,1,4779.67
1569,832,8,1,7511.61
1570,833,2,1,748.29
1571,833,9,1,12645.21
1572,833,17,2,1149.53
1573,833,8,1,8556.23
1574,834,15,1,4497.65
1575,834,8,1,7295.92
1576,834,4,1,7143.47
1577,835,17,1,1273.92
1578,835,23,2,10346.12
1579,835,8,3,9370.66
1580,835,1,2,493.21
1581,836,13,1,9282.87
1582,837,22,2,1471.45
1583,837,13,1,11450.7
1584,838,23,1,9280.51
1585,838,9,1,11878.23
1586,838,2,1,905.21
1587,838,12,1,11731.44
1588,839,19,1,2003.6
1589,839,9,1,11647.05
1590,839,24,1,4689.76
1591,840,3,1,4143.65
1592,840,6,1,25745.57
1593,840,25,2,13319.83
1594,841,13,1,8877.82
1595,843,10,1,16442.85
1596,843,15,1,4861.15
1597,843,21,1,5566.65
1598,845,3,1,3551.57
1599,845,15,1,4642.18
1600,845,21,2,5153.76
1601,846,7,1,2768.56
1602,846,12,2,13891.56
1603,847,13,1,11237.09
1604,847,11,1,16707.63
1605,848,14,1,9734.96
1606,848,16,1,11785.53
1607,848,13,1,11193.81
1608,849,4,1,6881.97
1609,849,2,1,820.09
1610,849,8,1,7636.07
1611,850,8,1,7928.52
1612,852,11,2,22111.72
1613,853,1,2,497.42
1614,853,17,2,1085.73
1615,854,15,1,4259.94
1616,854,13,2,11664.59
1617,854,11,1,18735.6
1618,855,19,1,2170.73
1619,855,14,1,9656.91
1620,856,11,1,18091.29
1621,857,15,2,4756.41
1622,857,25,1,16946.78
1623,857,21,1,5497.11
1624,858,18,1,734.7
1625,858,24,1,4618.67
1626,859,20,3,1314.16
1627,859,1,1,483.33
1628,861,2,1,886.47
1629,861,18,1,709.59
1630,862,21,1,6256.18
1631,862,6,2,24695.6
1632,863,1,1,453.7
1633,863,6,1,28245.75
1634,864,1,1,405.88
1635,864,4,1,7317.69
1636,865,11,1,16892.29
1637,865,3,2,3598.76
1638,866,21,1,4902.83
1639,866,7,2,2353.3
1640,867,3,1,4134.46
1641,868,18,1,704.76
1642,869,22,1,1701.06
1643,871,17,1,1394.04
1644,871,6,1,24123.42
1645,872,6,1,25549.33
1646,872,17,1,1124.97
1647,872,12,2,13662.64
1648,872,21,1,5221.92
1649,873,22,1,1424.64
1650,875,4,1,6527.26
1651,876,14,1,10491.75
1652,876,7,1,2590.39
1653,877,25,1,16600.72
1654,877,9,1,12216.12
1655,878,1,1,427.83
1656,878,11,2,20337.09
1657,878,9,1,12811.88
1658,879,15,1,4434.01
1659,879,8,1,9505.4
1660,880,23,1,8984.1
1661,881,18,1,771.96
1662,881,3,1,4107.27
1663,882,6,2,21858.38
1664,882,17,1,1346.46
1665,882,11,1,16800.22
1666,884,15,1,3867.4
1667,884,22,1,1520.43
1668,885,3,2,3566.93
1669,885,5,2,565.12
1670,885,7,1,2414.63
1671,887,9,3,13831.35
1672,888,8,1,9362.47
1673,889,20,2,1158.6
1674,890,21,1,5578.58
1675,891,5,1,610.2
1676,892,17,1,1384.61
1677,892,20,2,1078.55
1678,893,14,1,9786.47
1679,893,17,1,1394.77
1680,894,24,3,4891.48
1681,894,17,2,1327.16
1682,894,5,2,569.72
1683,895,25,1,17710.58
1684,895,3,1,4091.85
1685,895,10,1,14925.46
1686,896,12,1,14317.3
1687,896,3,1,4072.81
1688,898,15,1,4403.48
1689,898,11,1,21616.52
1690,899,22,1,1379.64
1691,900,13,2,9905.29
1692,900,19,1,2004.32
1693,900,4,1,7473.26
1694,901,15,1,4219.25
1695,901,21,1,6200.99
1696,902,6,1,23851.38
1697,902,19,2,1806.22
1698,902,22,2,1431.56
1699,902,10,3,17611.7
1700,903,19,1,1876.46
1701,904,17,1,1386.64
1702,904,22,1,1552.63
1703,905,16,1,12720.47
1704,905,14,1,8509.31
1705,906,16,1,13712.81
1706,907,2,3,877.54
1707,907,22,1,1313.13
1708,908,8,1,8539.36
1709,908,13,1,9701.32
1710,909,21,1,6120.21
1711,910,9,1,12125.56
1712,910,5,1,661.56
1713,910,23,2,10120.5
1714,911,17,1,1151.41
1715,911,1,1,464.59
1716,912,24,1,5410.62
1717,912,7,1,2272.03
1718,913,13,1,8899.18
1719,914,25,1,15134.24
1720,914,6,1,26419.53
1721,914,9,1,13350.73
1722,916,15,2,4064.12
1723,916,7,1,2369.87
1724,918,3,1,4072.68
1725,918,19,1,1716.17
1726,918,12,1,13893.34
1727,918,2,1,871.47
1728,919,24,2,4350.58
1729,920,9,1,14097.17
1730,920,18,1,754.3
1731,921,2,1,813.94
1732,921,14,1,8592.11
1733,923,12,1,13964.81
1734,923,19,2,1852.39
1735,924,16,1,12802.21
1736,924,11,2,20474.09
1737,925,9,1,10686.19
1738,925,14,2,10203.2
1739,925,5,1,678.07
1740,926,16,1,12588.12
1741,926,17,1,1222.68
1742,927,23,1,8666.92
1743,927,14,2,9958.33
1744,927,7,1,2586.99
1745,927,21,2,5246.83
1746,928,21,1,5998.45
1747,928,25,1,17718.14
1748,929,15,1,3792.05
1749,929,17,1,1110.74
1750,930,17,2,1312.53
1751,930,8,1,8928.3
1752,931,6,1,21772.15
1753,931,22,1,1643.49
1754,932,22,1,1446.41
1755,933,22,1,1429.06
1756,933,1,2,450.68
1757,934,11,1,18751.85
1758,934,18,1,789.95
1759,935,11,1,20480.55
1760,935,25,1,16437.66
1761,936,12,1,11590.45
1762,937,24,1,5534.42
1763,938,22,1,1614.78
1764,938,14,3,8283.06
1765,939,12,1,13176.98
1766,940,24,1,4433.95
1767,940,5,1,682.64
1768,940,3,1,3975.96
1769,943,12,1,11584.32
1770,944,19,2,2204.42
1771,944,24,2,4960.62
1772,944,13,1,11030.07
1773,944,9,2,11294.78
1774,946,10,2,14077.25
1775,946,3,2,3975.81
1776,946,24,1,5083.83
1777,948,5,2,636.93
1778,948,19,1,2235.21
1779,949,18,2,718.16
1780,951,12,1,12129.65
1781,951,24,1,4206.36
1782,952,6,1,22402.64
1783,952,22,1,1333.06
1784,952,1,1,498.44
1785,952,11,1,17258.17
1786,953,9,1,11822.61
1787,953,25,1,17744.11
1788,954,5,1,610.02
1789,955,17,1,1087.49
1790,955,15,2,4910.17
1791,955,5,1,518.83
1792,956,22,1,1338.16
1793,957,11,1,20590.09
1794,957,2,1,748.12
1795,957,18,1,781.25
1796,958,21,1,5587.96
1797,958,19,2,2189.26
1798,959,25,1,16425.76
1799,959,17,1,1221.02
1800,960,6,2,26831.29
1801,960,23,1,10141.69
1802,962,24,1,4407.96
1803,962,21,1,6486.31
1804,962,11,1,18342.65
1805,962,12,1,14265.0
1806,963,22,1,1544.07
1807,963,9,1,11499.75
1808,966,23,1,9042.78
1809,968,16,2,11194.95
1810,969,14,1,9402.28
1811,970,13,1,8814.94
1812,970,3,1,3259.1
1813,970,6,1,23083.68
1814,970,9,3,13455.14
1815,971,23,2,8484.85
1816,972,12,1,13738.39
1817,973,25,1,16391.89
1818,973,9,1,13100.57
1819,974,1,1,539.14
1820,975,5,2,540.34
1821,975,23,1,10384.42
1822,977,3,1,4275.75
1823,977,2,1,815.97
1824,977,13,1,9946.25
1825,977,7,1,2533.74
1826,978,10,1,14489.95
1827,978,24,3,4697.03
1828,979,18,2,724.15
1829,980,4,1,6502.79
1830,980,7,1,2140.61
1831,981,5,1,677.95
1832,982,17,1,1159.01
1833,982,22,1,1500.66
1834,983,6,1,23169.56
1835,984,17,1,1054.55
1836,985,21,1,6380.38
1837,986,2,2,889.4
1838,986,25,1,15343.28
1839,987,22,1,1354.93
1840,987,4,1,6025.36
1841,987,10,1,16497.28
1842,988,19,1,1741.59
1843,988,14,1,10146.11
1844,989,17,1,1252.48
1845,989,8,1,9240.21
1846,990,13,1,10246.68
1847,991,17,1,1132.36
1848,991,2,1,773.12
1849,991,18,1,787.52
1850,991,15,1,3698.24
1851,992,10,1,15231.95
1852,993,21,1,5874.75
1853,994,13,1,11715.23
1854,994,20,1,1294.04
1855,994,10,1,17323.09
1856,994,4,1,7972.33
1857,996,25,1,13868.86
1858,997,15,1,4811.82
1859,997,7,3,2325.99
1860,999,1,2,408.8
1861,1000,14,2,7897.46
1862,1000,23,1,9386.16
1863,1000,21,1,5090.33
1864,1000,17,1,1229.27
1865,1001,18,2,766.15
1866,1001,11,1,21856.01
1867,1001,6,1,27198.53
1868,1001,8,1,8088.85
1869,1002,10,1,16153.65
1870,1002,25,1,16335.05
1871,1003,10,1,16794.79
1872,1004,11,3,22142.25
1873,1004,15,2,4577.48
1874,1004,24,1,4173.89
1875,1005,8,1,8559.97
1876,1005,16,1,11058.01
1877,1005,20,1,1172.32
1878,1005,12,1,12671.62
1879,1006,22,2,1532.18
1880,1006,23,1,10999.07
1881,1006,1,1,440.5
1882,1007,10,1,14958.9
1883,1008,7,1,2397.02
1884,1008,4,1,7862.18
1885,1010,19,2,1802.4
1886,1010,13,1,9246.5
1887,1011,6,1,27420.18
1888,1011,21,1,4886.25
1889,1012,15,1,4531.98
1890,1012,1,1,412.46
1891,1013,1,2,403.22
1892,1013,19,2,1850.17
1893,1015,25,1,14230.0
1894,1017,9,1,13234.47
1895,1018,12,1,14922.61
1896,1018,13,2,9384.17
1897,1018,1,1,469.91
1898,1018,5,1,668.61
1899,1019,25,1,16558.4
1900,1020,17,1,1190.24
1901,1020,19,1,1951.56
1902,1020,24,1,4872.6
1903,1021,15,1,4591.98
1904,1021,16,1,10368.53
1905,1022,13,1,10177.47
1906,1022,4,2,8029.06
1907,1022,11,2,20188.2
1908,1023,1,1,412.92
1909,1025,24,1,4811.94
1910,1025,10,1,14206.05
1911,1025,5,2,520.71
1912,1026,11,1,18897.57
1913,1026,22,1,1660.99
1914,1027,9,1,12123.95
1915,1027,12,2,14210.34
1916,1028,16,2,10715.03
1917,1028,19,2,2187.0
1918,1029,3,1,3404.56
1919,1030,7,1,2407.42
1920,1032,24,1,5571.05
1921,1032,21,2,5414.3
1922,1032,22,1,1408.22
1923,1033,3,1,3751.66
1924,1033,7,1,2638.76
1925,1033,12,2,14828.25
1926,1034,3,1,3596.52
1927,1035,8,1,8566.41
1928,1037,12,2,11924.01
1929,1038,7,1,2522.7
1930,1039,8,1,7545.14
1931,1039,16,1,11697.87
1932,1041,25,1,14361.07
1933,1041,5,1,575.18
1934,1041,13,1,10620.04
1935,1042,5,1,522.21
1936,1043,8,1,9381.18
1937,1043,9,2,13582.96
1938,1043,7,1,2213.32
1939,1044,25,1,14747.31
1940,1044,7,2,2458.99
1941,1044,12,1,13687.98
1942,1045,18,1,795.57
1943,1045,9,1,13993.12
1944,1046,21,1,5321.67
1945,1047,14,2,8365.84
1946,1049,3,2,4063.39
1947,1050,22,2,1623.42
1948,1050,5,1,691.22
1949,1052,7,1,2214.28
1950,1052,9,1,13943.43
1951,1053,18,1,647.65
1952,1054,3,1,3502.36
1953,1055,10,1,14876.51
1954,1055,21,2,4830.59
1955,1055,24,1,5012.02
1956,1056,20,1,1139.55
1957,1057,8,1,9406.8
1958,1057,4,1,5998.7
1959,1058,2,1,920.29
1960,1058,12,1,14774.28
1961,1059,7,1,2122.62
1962,1059,10,1,17607.25
1963,1060,13,1,9649.7
1964,1061,18,1,663.29
1965,1061,4,2,7932.8
1966,1061,11,1,20104.39
1967,1062,21,3,5119.36
1968,1062,2,1,757.81
1969,1062,19,1,1901.61
1970,1063,8,1,9022.71
1971,1063,12,1,13830.9
1972,1063,17,1,1179.59
1973,1063,19,1,1802.12
1974,1064,17,1,1038.88
1975,1064,1,1,534.71
1976,1064,19,1,1726.83
1977,1065,6,1,26724.49
1978,1065,24,1,4228.19
1979,1065,2,1,877.95
1980,1065,1,1,445.46
1981,1066,18,1,843.75
1982,1067,21,2,5471.79
1983,1067,2,1,922.2
1984,1067,17,1,1045.72
1985,1069,24,1,4208.29
1986,1069,18,1,672.84
1987,1070,5,1,587.51
1988,1070,17,1,1363.16
1989,1070,25,1,13978.42
1990,1071,12,1,13469.62
1991,1072,10,3,14870.3
1992,1073,11,1,17190.61
1993,1073,5,1,545.46
1994,1074,24,1,4646.94
1995,1074,5,1,544.39
1996,1074,20,1,1260.14
1997,1075,11,1,18534.28
1998,1075,19,1,1686.98
1999,1076,5,1,677.44
2000,1076,17,1,1131.96
2001,1077,5,1,653.77
2002,1077,8,1,7332.07
2003,1077,12,1,12678.36
2004,1078,24,1,4561.36
2005,1078,2,1,989.64
2006,1078,16,1,12889.8
2007,1079,14,1,10089.28
2008,1080,8,1,8471.25
2009,1081,6,1,27394.54
2010,1081,3,1,3643.83
2011,1081,15,1,4603.51
2012,1082,19,1,1853.09
2013,1082,7,1,2591.1
2014,1082,14,1,10277.64
2015,1082,10,2,14897.43
2016,1083,2,1,921.13
2017,1083,24,1,4969.33
2018,1084,23,3,10559.45
2019,1085,11,1,20868.94
2020,1086,15,1,4273.98
2021,1086,12,1,14782.59
2022,1087,20,1,1099.12
2023,1088,20,1,1023.94
2024,1088,7,3,2407.34
2025,1088,3,1,4013.46
2026,1088,13,2,9000.91
2027,1089,21,2,6057.47
2028,1089,25,1,17693.96
2029,1090,17,1,1280.07
2030,1090,14,2,10214.68
2031,1091,22,1,1338.71
2032,1092,21,1,5629.97
2033,1092,4,1,8013.0
2034,1092,24,1,4529.87
2035,1093,20,1,1086.76
2036,1093,5,1,619.25
2037,1093,4,2,6165.74
2038,1093,7,2,2407.19
2039,1094,11,1,19213.53
2040,1095,14,1,9762.23
2041,1095,9,2,12495.23
2042,1095,19,2,1783.1
2043,1096,5,1,549.33
2044,1096,8,1,8398.31
2045,1096,9,2,12341.0
2046,1097,19,1,1797.68
2047,1097,16,1,13415.12
2048,1098,1,1,442.56
2049,1099,15,2,4899.04
2050,1099,17,2,1250.02
2051,1099,7,2,2382.93
2052,1099,2,1,903.21
2053,1100,3,1,4304.7
2054,1102,2,3,806.94
2055,1102,12,1,13352.19
2056,1102,15,1,3741.23
2057,1103,19,1,1729.17
2058,1104,5,1,540.84
2059,1105,22,1,1276.66
2060,1105,25,1,16913.61
2061,1106,21,1,5227.23
2062,1107,8,1,7249.08
2063,1108,1,2,431.49
2064,1109,14,1,10522.66
2065,1110,6,1,22662.77
2066,1110,24,1,5173.11
2067,1111,8,1,7744.32
2068,1112,1,1,462.73
2069,1113,19,2,1745.22
2070,1114,23,1,8862.86
2071,1114,25,1,14104.41
2072,1114,9,1,12801.21
2073,1114,4,1,6567.18
2074,1115,1,1,462.4
2075,1116,24,2,4265.89
2076,1116,15,1,4886.96
2077,1117,1,1,454.99
2078,1117,19,1,2223.29
2079,1118,22,3,1609.56
2080,1118,17,3,1366.59
2081,1118,14,1,8831.47
2082,1119,12,1,14522.8
2083,1119,4,1,6868.62
2084,1120,14,2,9075.02
2085,1120,4,1,7015.8
2086,1121,25,1,15528.31
2087,1121,4,2,7983.2
2088,1122,14,1,10036.49
2089,1122,7,2,2544.42
2090,1122,21,1,6405.51
2091,1123,9,1,11640.54
2092,1124,25,2,16091.16
2093,1124,20,1,1312.21
2094,1125,24,1,4456.81
2095,1125,20,1,1139.6
2096,1126,23,1,10996.18
2097,1126,15,1,4467.33
2098,1127,10,2,16063.3
2099,1129,5,2,578.42
2100,1129,13,1,10136.2
2101,1130,16,1,11022.97
2102,1130,17,1,1148.77
2103,1131,15,1,4361.99
2104,1132,4,1,6911.12
2105,1132,25,1,15803.03
2106,1132,7,1,2596.53
2107,1133,23,1,9057.69
2108,1133,2,1,950.29
2109,1134,3,1,3830.11
2110,1136,6,1,26074.76
2111,1137,1,1,425.83
2112,1137,15,2,4236.45
2113,1137,20,1,1069.49
2114,1138,12,1,13686.53
2115,1138,23,1,10738.87
2116,1139,23,1,10620.3
2117,1139,10,1,14422.23
2118,1139,20,2,1076.59
2119,1139,21,1,5227.37
2120,1140,24,1,5415.79
2121,1140,3,1,3983.5
2122,1140,15,1,3974.02
2123,1140,6,1,22234.77
2124,1141,21,1,5395.47
2125,1141,12,2,13582.89
2126,1142,21,1,6235.17
2127,1142,20,2,1195.05
2128,1142,3,1,3668.37
2129,1143,12,2,13470.12
2130,1144,9,2,11400.26
2131,1144,1,1,507.48
2132,1145,17,2,1054.37
2133,1146,10,1,17936.6
2134,1146,12,1,13843.04
2135,1147,7,3,2502.0
2136,1147,25,1,17129.53
2137,1148,8,1,7471.35
2138,1148,5,1,604.77
2139,1149,17,1,1290.16
2140,1149,21,1,5292.11
2141,1150,9,1,11400.85
2142,1151,5,1,610.36
2143,1151,24,2,4367.58
2144,1153,13,2,10754.05
2145,1153,2,3,774.86
2146,1153,24,1,4280.35
2147,1153,15,1,4594.95
2148,1154,9,1,11815.94
2149,1154,21,2,4884.21
2150,1154,8,2,8491.9
2151,1155,9,1,14176.15
2152,1156,24,1,4860.2
2153,1156,7,1,2665.74
2154,1157,13,1,9570.01
2155,1158,12,1,12885.92
2156,1158,16,1,13553.01
2157,1159,2,1,750.22
2158,1159,5,1,677.05
2159,1159,9,2,13510.58
2160,1160,9,1,11374.24
2161,1161,4,2,6436.36
2162,1162,9,1,13178.12
2163,1162,21,1,5501.05
2164,1163,16,1,10932.49
2165,1164,25,1,14029.03
2166,1164,21,1,6364.76
2167,1165,4,1,7149.46
2168,1165,25,1,13681.71
2169,1166,11,1,17082.91
2170,1166,24,1,4474.07
2171,1167,24,1,4802.5
2172,1168,9,1,14090.54
2173,1169,8,1,9268.8
2174,1169,16,2,13709.96
2175,1169,18,1,841.08
2176,1170,22,2,1627.17
2177,1171,19,1,2215.15
2178,1171,15,1,4476.19
2179,1173,11,1,21091.24
2180,1174,21,3,6112.04
2181,1174,25,2,14461.25
2182,1175,21,1,5085.07
2183,1175,12,1,12515.88
2184,1175,14,1,8957.93
2185,1176,18,1,760.29
2186,1176,3,1,3974.1
2187,1176,7,1,2290.96
2188,1177,19,1,1862.44
2189,1177,25,1,16671.08
2190,1178,15,2,4247.96
2191,1179,11,1,19938.0
2192,1179,10,1,16028.35
2193,1179,23,1,8280.2
2194,1179,19,1,1723.36
2195,1181,10,2,13931.86
2196,1181,2,1,886.45
2197,1181,25,1,16047.89
2198,1181,17,1,1213.54
2199,1182,18,1,843.6
2200,1183,19,1,2063.38
2201,1183,1,2,408.89
2202,1184,9,1,13101.49
2203,1185,7,1,2193.21
2204,1185,15,1,4539.02
2205,1185,19,1,2147.74
2206,1186,19,2,1694.08
2207,1187,7,1,2256.85
2208,1187,22,1,1596.16
2209,1188,8,1,9606.53
2210,1189,4,1,7508.98
2211,1190,1,1,403.8
2212,1190,7,1,2479.27
2213,1190,5,2,658.21
2214,1191,1,1,441.12
2215,1191,18,1,633.74
2216,1192,24,1,4882.41
2217,1192,16,1,10493.08
2218,1193,3,1,3560.99
2219,1193,14,1,9353.68
2220,1194,5,1,539.31
2221,1194,23,2,10914.19
2222,1194,3,1,4106.82
2223,1195,9,1,12167.81
2224,1195,15,1,4148.4
2225,1196,24,1,4520.65
2226,1196,16,2,13596.34
2227,1197,7,1,2420.01
2228,1197,16,1,13093.09
2229,1198,7,2,2183.2
2230,1198,3,1,3831.12
2231,1198,4,1,6318.58
2232,1198,22,1,1581.1
2233,1199,1,1,525.87
2234,1199,25,1,14979.21
2235,1199,20,2,1276.96
2236,1200,15,1,4577.89
2237,1200,8,2,8992.78
2238,1200,21,1,5691.5
2239,1202,23,1,10206.89
2240,1203,3,1,3350.27
2241,1203,7,1,2104.1
2242,1204,6,1,22664.06
2243,1205,15,2,4080.4
2244,1206,16,2,12507.66
2245,1208,3,2,3969.13
2246,1209,11,3,18780.45
2247,1209,17,1,1328.44
2248,1209,18,1,806.31
2249,1209,2,1,838.83
2250,1210,5,1,564.06
2251,1210,12,1,12724.81
2252,1210,17,2,1115.36
2253,1211,21,1,5193.94
2254,1211,20,1,987.84
2255,1211,25,2,16537.76
2256,1211,24,1,4820.05
2257,1212,19,2,2155.16
2258,1212,5,1,556.18
2259,1213,14,1,10227.87
2260,1213,5,1,542.29
2261,1214,20,1,1241.28
2262,1215,1,1,516.09
2263,1215,24,3,5286.58
2264,1215,22,3,1652.4
2265,1216,16,2,10241.15
2266,1216,1,1,454.31
2267,1216,22,2,1506.25
2268,1217,10,1,15111.27
2269,1217,2,1,800.38
2270,1218,19,1,2028.02
2271,1218,4,1,7895.68
2272,1219,21,1,5993.18
2273,1219,7,2,2471.65
2274,1220,12,2,13731.45
2275,1221,22,1,1633.83
2276,1222,18,1,689.53
2277,1222,7,3,2509.04
2278,1222,16,1,12212.76
2279,1224,17,1,1316.38
2280,1225,10,1,14919.49
2281,1226,10,1,16506.53
2282,1226,21,1,6332.03
2283,1227,15,2,4717.91
2284,1227,9,1,11421.9
2285,1227,17,2,1255.0
2286,1228,9,1,10892.55
2287,1228,19,1,1761.78
2288,1229,3,1,3956.11
2289,1230,19,1,2132.68
2290,1230,18,1,835.49
2291,1231,16,1,12963.23
2292,1231,25,1,16012.83
2293,1231,5,1,624.1
2294,1231,13,1,9301.06
2295,1232,3,2,3594.92
2296,1232,25,1,17566.0
2297,1233,22,1,1667.29
2298,1234,10,1,13799.15
2299,1235,16,1,11099.46
2300,1236,15,1,4334.54
2301,1236,17,1,1215.34
2302,1236,16,1,10420.96
2303,1237,19,1,1862.59
2304,1237,22,1,1515.24
2305,1238,2,2,966.88
2306,1238,15,1,4624.25
2307,1238,3,2,3570.64
2308,1239,10,1,15105.61
2309,1240,22,1,1380.96
2310,1240,25,2,14762.45
2311,1240,11,1,19905.55
2312,1243,20,1,1142.01
2313,1243,3,1,4221.64
2314,1244,6,1,22238.55
2315,1245,20,1,1063.7
2316,1246,16,2,10881.44
2317,1246,10,1,16852.43
2318,1247,22,1,1632.97
2319,1247,9,1,11034.53
2320,1247,7,1,2525.79
2321,1248,1,1,541.06
2322,1248,13,1,10977.59
2323,1249,24,2,4930.48
2324,1250,25,1,16814.38
2325,1250,24,1,4721.59
2326,1251,14,1,9444.78
2327,1251,13,1,10268.91
2328,1253,21,2,5562.73
2329,1253,5,1,567.68
2330,1253,2,2,963.27
2331,1254,17,1,1222.94
2332,1255,17,1,1062.35
2333,1255,24,1,4157.03
2334,1255,20,1,1048.92
2335,1256,4,1,6299.86
2336,1257,15,1,4859.27
2337,1257,16,1,12782.0
2338,1258,3,1,3575.61
2339,1259,6,1,22010.65
2340,1260,18,1,687.41
2341,1260,12,1,11857.69
2342,1260,9,2,10727.93
2343,1262,14,2,9195.65
2344,1263,14,1,8944.09
2345,1263,4,1,7670.34
2346,1264,23,1,9158.6
2347,1266,5,1,520.09
2348,1266,8,1,7519.03
2349,1266,15,1,4203.64
2350,1266,3,1,3242.25
2351,1267,12,1,12899.68
2352,1267,9,1,12140.97
2353,1267,15,2,4819.04
2354,1268,4,1,7174.83
2355,1268,24,1,5515.4
2356,1269,23,1,11046.76
2357,1270,20,1,1007.15
2358,1271,9,1,12242.98
2359,1271,20,1,1088.61
2360,1272,19,1,1741.44
2361,1273,1,1,491.82
2362,1274,5,1,534.12
2363,1274,4,2,7281.31
2364,1275,24,1,4830.64
2365,1275,25,1,17047.12
2366,1276,16,1,13453.3
2367,1277,11,1,22428.99
2368,1277,15,2,4801.96
2369,1277,9,1,12126.03
2370,1278,14,1,9056.92
2371,1278,11,1,21210.89
2372,1279,4,1,6002.33
2373,1279,8,1,9068.16
2374,1280,13,1,9082.54
2375,1280,15,2,4218.07
2376,1280,14,2,10075.71
2377,1281,22,1,1575.92
2378,1282,18,2,829.75
2379,1282,16,1,12800.44
2380,1283,9,1,12703.33
2381,1283,15,1,3904.71
2382,1284,13,1,9402.23
2383,1284,17,1,1355.94
2384,1285,2,1,989.63
2385,1285,1,1,465.77
2386,1285,11,2,21360.03
2387,1285,8,1,7313.61
2388,1287,11,1,21129.53
2389,1287,2,2,816.39
2390,1287,10,1,16419.78
2391,1287,20,1,1104.21
2392,1288,12,1,15040.33
2393,1289,17,2,1293.82
2394,1290,8,1,7675.71
2395,1290,2,1,885.47
2396,1292,6,2,22807.21
2397,1292,12,2,13326.69
2398,1292,11,1,19102.4
2399,1294,12,1,12901.72
2400,1295,13,1,10445.62
2401,1296,15,1,3869.4
2402,1296,25,1,17767.14
2403,1297,7,1,2452.9
2404,1297,16,1,13146.98
2405,1298,21,1,4894.29
2406,1298,9,1,11257.89
2407,1299,7,1,2769.95
2408,1300,14,1,7985.54
2409,1300,7,2,2138.04
2410,1300,4,1,7206.35
2411,1301,25,1,17551.04
2412,1301,21,1,6215.71
2413,1302,9,1,13204.66
2414,1303,11,2,21660.84
2415,1304,16,3,13168.68
2416,1304,8,2,9039.24
2417,1305,11,1,16768.95
2418,1306,22,1,1407.51
2419,1306,21,1,5586.02
2420,1307,8,1,8733.19
2421,1307,25,2,13443.22
2422,1308,1,2,489.89
2423,1309,13,1,10505.7
2424,1310,23,1,8882.57
2425,1311,21,1,6360.51
2426,1311,17,1,1159.55
2427,1312,23,1,10234.86
2428,1313,15,1,4856.86
2429,1313,14,1,9787.08
2430,1313,9,1,11501.18
2431,1313,8,1,8787.89
2432,1314,16,2,11168.33
2433,1314,17,2,1320.49
2434,1314,5,1,542.62
2435,1314,22,1,1545.7
2436,1315,17,1,1092.22
2437,1315,21,1,5402.64
2438,1316,3,2,3999.76
2439,1316,15,2,4467.66
2440,1317,15,2,4324.57
2441,1318,12,1,14452.38
2442,1318,24,1,4850.88
2443,1319,6,3,27677.32
2444,1319,20,1,990.4
2445,1321,14,2,9041.63
2446,1321,17,2,1276.77
2447,1322,24,2,4271.32
2448,1322,23,1,10232.98
2449,1323,16,2,11161.23
2450,1323,7,2,2300.76
2451,1324,6,1,25338.39
2452,1325,2,1,764.47
2453,1325,5,1,527.05
2454,1326,5,2,692.82
2455,1328,20,1,1033.9
2456,1328,8,1,9596.51
2457,1328,23,1,9591.15
2458,1330,23,1,9705.14
2459,1330,1,1,500.34
2460,1330,19,1,1990.71
2461,1330,22,1,1631.88
2462,1332,11,1,18730.36
2463,1332,5,1,675.23
2464,1333,10,1,16701.86
2465,1333,25,1,17502.52
2466,1333,2,1,916.39
2467,1333,24,1,5296.61
2468,1334,12,2,12696.41
2469,1334,17,1,1339.31
2470,1335,16,1,12441.21
2471,1335,22,1,1679.95
2472,1335,17,2,1312.9
2473,1336,4,2,6951.61
2474,1336,25,1,17452.85
2475,1337,2,1,997.7
2476,1337,14,1,9206.75
2477,1338,25,1,15978.91
2478,1339,8,1,8835.15
2479,1340,16,1,11173.37
2480,1340,13,1,11062.17
2481,1340,18,2,770.97
2482,1341,21,2,5475.27
2483,1342,17,1,1233.15
2484,1342,13,1,9181.14
2485,1343,13,1,11484.3
2486,1344,19,1,2135.7
2487,1346,25,2,17152.77
2488,1346,7,1,2347.44
2489,1347,8,2,8092.33
2490,1347,23,1,8973.16
2491,1347,22,1,1298.66
2492,1348,13,1,11044.31
2493,1348,2,1,982.44
2494,1349,14,1,9297.37
2495,1349,8,1,8767.35
2496,1349,5,1,539.33
2497,1350,22,2,1541.89
2498,1350,23,1,10315.66
2499,1351,10,2,17178.75
2500,1352,17,2,1067.74
2501,1352,19,1,2003.97
2502,1353,9,1,13366.42
2503,1353,7,1,2689.02
2504,1354,5,2,659.43
2505,1355,6,1,26004.52
2506,1355,9,1,13840.01
2507,1355,23,1,8557.86
2508,1355,22,1,1630.15
2509,1356,6,2,26677.49
2510,1357,7,3,2301.93
2511,1358,19,1,2126.06
2512,1359,17,2,1069.74
2513,1359,4,3,6149.05
2514,1359,24,2,5177.76
2515,1359,13,2,11307.9
2516,1361,9,1,12166.54
2517,1362,17,1,1372.19
2518,1362,20,2,1279.84
2519,1362,1,1,461.43
2520,1363,11,1,20254.41
2521,1363,13,1,11088.44
2522,1364,4,1,6502.97
2523,1364,15,1,4799.03
2524,1365,20,1,1097.68
2525,1367,9,1,10983.24
2526,1367,7,2,2157.59
2527,1368,9,1,11524.91
2528,1368,10,2,15558.94
2529,1368,18,1,789.38
2530,1370,15,1,4326.22
2531,1372,5,1,635.45
2532,1373,16,1,11634.83
2533,1373,24,2,4542.95
2534,1373,9,1,13300.73
2535,1374,9,1,13140.72
2536,1374,4,1,6830.09
2537,1375,14,1,10181.19
2538,1376,19,1,2172.25
2539,1377,9,1,13400.63
2540,1378,24,2,4829.19
2541,1378,18,1,836.55
2542,1379,7,1,2412.89
2543,1379,6,1,23764.36
2544,1379,18,1,699.56
2545,1380,13,1,11628.05
2546,1380,12,1,14912.43
2547,1380,21,1,5806.16
2548,1381,10,1,14824.5
2549,1381,7,1,2698.97
2550,1382,14,2,10068.38
2551,1382,7,1,2394.6
2552,1383,16,2,11041.56
2553,1383,22,2,1499.15
2554,1383,4,1,6908.95
2555,1384,10,1,17357.27
2556,1386,21,3,5516.32
2557,1386,17,2,1111.69
2558,1387,2,1,909.85
2559,1387,16,2,10794.97
2560,1388,1,1,445.51
2561,1388,12,1,14075.06
2562,1390,2,1,913.85
2563,1390,8,1,9172.16
2564,1390,5,1,651.39
2565,1392,21,1,5781.85
2566,1393,7,1,2133.71
2567,1393,24,1,4624.85
2568,1393,23,1,8928.48
2569,1394,16,2,13129.06
2570,1394,15,1,4338.99
2571,1394,24,1,5131.74
2572,1395,2,1,1002.38
2573,1395,5,1,687.84
2574,1395,6,1,25865.09
2575,1395,22,1,1440.47
2576,1396,17,1,1123.61
2577,1396,24,1,5544.23
2578,1397,18,1,804.0
2579,1397,20,1,984.28
2580,1398,5,2,595.23
2581,1399,23,1,8891.02
2582,1400,16,1,12866.84
2583,1401,22,1,1265.24
2584,1401,4,1,6128.89
2585,1402,14,1,8718.46
2586,1402,20,1,1102.01
2587,1402,21,1,5057.96
2588,1403,20,1,1023.45
2589,1404,25,2,15099.79
2590,1405,2,1,896.22
2591,1405,10,1,14081.07
2592,1408,21,1,6017.13
2593,1408,15,1,4835.01
2594,1408,17,1,1202.29
2595,1408,5,2,691.14
2596,1409,23,1,9607.45
2597,1409,3,1,3695.25
2598,1409,20,2,1019.79
2599,1410,19,1,1775.3
2600,1410,11,1,20820.5
2601,1411,8,3,7783.27
2602,1413,20,3,1102.91
2603,1414,1,1,440.27
2604,1415,23,1,8556.01
2605,1415,9,1,11875.15
2606,1416,9,1,11846.35
2607,1417,12,1,13307.26
2608,1417,14,1,10498.16
2609,1418,24,1,4368.66
2610,1418,2,1,846.01
2611,1419,9,2,13009.57
2612,1419,15,3,4038.35
2613,1419,17,1,1067.82
2614,1420,3,2,3453.43
2615,1420,15,2,4856.61
2616,1422,25,2,17414.55
2617,1424,12,1,13966.64
2618,1424,13,1,11287.49
2619,1425,17,1,1356.97
2620,1425,22,1,1631.55
2621,1426,17,1,1240.44
2622,1427,2,1,947.96
2623,1429,7,2,2687.04
2624,1430,14,1,10320.36
2625,1431,22,1,1313.23
2626,1432,3,1,3554.82
2627,1432,20,3,1026.06
2628,1432,7,2,2596.76
2629,1432,17,2,1136.96
2630,1433,3,1,4140.97
2631,1433,21,1,6406.17
2632,1434,4,1,7160.17
2633,1434,14,2,8722.09
2634,1436,7,1,2489.17
2635,1436,16,3,13099.09
2636,1437,11,1,20671.17
2637,1437,12,1,13289.47
2638,1438,22,2,1357.21
2639,1438,3,1,3904.59
2640,1438,2,2,980.91
2641,1438,10,1,17392.56
2642,1439,4,1,6686.54
2643,1439,9,2,11083.24
2644,1440,16,2,12756.28
2645,1440,14,1,9534.03
2646,1440,3,1,3902.66
2647,1441,7,1,2527.52
2648,1442,17,1,1258.02
2649,1443,14,1,8847.19
2650,1443,13,1,11207.52
2651,1444,15,1,3779.3
2652,1445,23,1,10809.89
2653,1445,7,2,2739.55
2654,1446,20,1,1315.89
2655,1447,24,1,5480.19
2656,1447,20,1,1197.58
2657,1447,9,1,13161.64
2658,1448,17,1,1393.28
2659,1448,6,1,21339.93
2660,1448,3,1,4015.92
2661,1449,6,1,26854.86
2662,1449,10,1,17290.62
2663,1449,4,1,6163.63
2664,1450,2,1,949.43
2665,1450,11,1,18570.93
2666,1450,23,2,11091.93
2667,1450,14,1,8630.63
2668,1451,23,1,10483.89
2669,1453,16,1,12351.38
2670,1453,5,1,634.66
2671,1453,21,1,5670.71
2672,1453,7,2,2623.55
2673,1454,4,1,6864.11
2674,1454,21,1,6188.75
2675,1456,9,1,12497.65
2676,1456,16,1,11347.86
2677,1457,19,2,1939.88
2678,1458,19,1,2019.63
2679,1458,21,1,5521.7
2680,1459,17,1,1372.96
2681,1460,22,1,1654.53
2682,1460,20,1,1079.89
2683,1461,1,1,454.2
2684,1461,13,1,9408.65
2685,1461,22,2,1327.55
2686,1461,17,1,1130.72
2687,1462,23,2,10527.95
2688,1462,19,1,2226.43
2689,1462,20,2,1160.55
2690,1463,22,1,1333.56
2691,1464,9,1,12448.39
2692,1464,12,2,13084.1
2693,1464,6,1,25562.48
2694,1464,3,1,3797.98
2695,1465,13,1,11256.43
2696,1466,24,1,4228.25
2697,1467,7,1,2287.44
2698,1468,5,1,644.77
2699,1468,20,1,1120.72
2700,1469,18,1,794.93
2701,1469,22,1,1501.45
2702,1469,13,2,11057.69
2703,1469,14,1,8059.83
2704,1470,22,1,1478.74
2705,1470,13,1,9917.15
2706,1471,16,1,13282.54
2707,1471,3,1,3498.57
2708,1472,10,1,15760.75
2709,1472,12,1,12059.01
2710,1472,19,2,2061.78
2711,1473,14,1,9151.65
2712,1474,13,1,10715.01
2713,1474,10,1,14830.22
2714,1475,10,1,17327.21
2715,1475,21,1,5709.5
2716,1476,4,2,6039.5
2717,1477,7,1,2383.51
2718,1479,16,1,10705.7
2719,1479,12,1,13790.99
2720,1479,15,1,4814.87
2721,1480,18,1,828.36
2722,1481,25,1,14117.04
2723,1481,14,1,9338.71
2724,1481,16,1,11517.22
2725,1481,2,1,780.64
2726,1482,25,2,14350.74
2727,1482,11,1,18856.84
2728,1482,5,2,572.33
2729,1483,18,1,771.08
2730,1483,10,1,16286.33
2731,1483,5,2,684.08
2732,1484,19,1,2235.45
2733,1485,20,1,1064.09
2734,1486,6,1,24846.81
2735,1486,11,1,18895.17
2736,1486,2,1,964.71
2737,1487,7,1,2090.49
2738,1487,14,2,9010.4
2739,1488,19,1,1979.94
2740,1488,23,1,8489.4
2741,1488,24,1,4966.11
2742,1489,21,2,6355.64
2743,1490,23,2,9438.96
2744,1490,12,1,14720.19
2745,1490,21,2,4950.6
2746,1490,14,1,10493.04
2747,1491,4,1,6493.11
2748,1491,12,1,14149.52
2749,1491,6,1,23912.1
2750,1492,8,1,8740.02
2751,1493,6,2,22921.62
2752,1494,24,1,4196.14
2753,1494,1,1,458.81
2754,1494,7,1,2340.91
2755,1495,6,1,26316.94
2756,1496,4,1,7361.65
2757,1497,18,1,642.89
2758,1498,18,1,689.46
2759,1498,12,1,14938.13
2760,1499,17,1,1364.6
2761,1500,1,1,445.77
2762,1501,3,1,3901.04
2763,1501,11,1,22261.09
2764,1502,8,1,7819.08
2765,1502,7,1,2243.31
2766,1503,19,1,1848.41
2767,1503,7,2,2451.49
2768,1503,24,1,5098.24
2769,1503,4,1,6170.85
2770,1504,17,1,1350.21
2771,1504,13,1,9290.84
2772,1504,3,2,3343.23
2773,1506,19,2,1827.73
2774,1507,16,1,13241.37
2775,1508,4,1,7473.98
2776,1508,24,3,5522.81
2777,1509,3,2,4246.65
2778,1509,19,1,2209.48
2779,1509,11,2,20354.35
2780,1509,14,1,10246.32
2781,1510,5,2,577.14
2782,1511,17,2,1294.59
2783,1512,1,2,505.49
2784,1514,22,2,1523.87
2785,1515,25,3,14931.44
2786,1516,25,1,17753.07
2787,1517,4,1,7635.56
2788,1517,14,3,10478.86
2789,1518,19,1,2201.45
2790,1519,10,2,17160.27
2791,1519,16,1,13119.06
2792,1520,18,2,632.83
2793,1520,15,1,4813.44
2794,1520,1,1,424.2
2795,1521,21,2,6395.39
2796,1521,14,1,9850.4
2797,1522,21,1,5259.61
2798,1523,6,1,22711.71
2799,1524,3,1,4085.02
2800,1524,5,1,545.76
2801,1524,16,1,11206.34
2802,1524,14,1,9634.89
2803,1525,9,1,12369.13
2804,1525,3,2,3329.14
2805,1526,20,1,1011.88
2806,1527,7,1,2292.12
2807,1527,1,1,509.19
2808,1527,11,1,21388.82
2809,1527,16,1,12726.99
2810,1528,17,1,1267.07
2811,1529,17,1,1122.56
2812,1531,4,1,7849.38
2813,1531,21,1,5338.41
2814,1532,15,2,4751.52
2815,1532,7,2,2350.59
2816,1532,9,1,11514.51
2817,1533,1,1,414.2
2818,1534,9,1,12126.46
2819,1534,7,1,2168.15
2820,1534,20,1,990.89
2821,1534,13,2,9735.15
2822,1535,17,1,1091.11
2823,1535,10,1,17363.51
2824,1536,20,2,1151.09
2825,1536,23,1,10656.44
2826,1537,12,1,11765.18
2827,1537,7,1,2656.76
2828,1538,19,1,1928.62
2829,1538,10,2,14871.38
2830,1539,25,1,14172.37
2831,1540,4,1,6306.13
2832,1541,8,1,8178.97
2833,1541,15,1,3863.35
2834,1543,22,1,1437.58
2835,1543,6,2,27380.51
2836,1543,1,1,493.28
2837,1545,14,1,10466.65
2838,1545,6,1,21712.59
2839,1547,1,2,457.6
2840,1548,2,1,857.53
2841,1549,25,1,13464.86
2842,1549,24,1,4454.23
2843,1550,7,1,2496.33
2844,1550,15,1,4221.03
2845,1550,14,1,10305.99
2846,1550,3,1,4195.26
2847,1551,6,1,25991.37
2848,1551,23,2,9858.88
2849,1551,21,2,5251.11
2850,1552,15,1,4863.56
2851,1553,12,1,12616.45
2852,1553,3,1,3663.43
2853,1553,20,1,1015.43
2854,1554,10,1,13615.26
2855,1555,4,1,6712.37
2856,1556,13,1,9853.63
2857,1556,10,3,16082.71
2858,1556,5,1,544.85
2859,1557,11,2,17019.62
2860,1558,14,1,8661.36
2861,1559,23,1,9954.01
2862,1559,8,1,7588.76
2863,1560,16,1,12699.2
2864,1560,2,2,895.09
2865,1560,14,1,8300.68
2866,1561,13,2,9593.22
2867,1562,14,1,9739.23
2868,1562,12,1,12514.76
2869,1563,21,1,5910.71
2870,1563,3,1,3905.58
2871,1564,6,2,28624.98
2872,1564,7,2,2276.36
2873,1564,15,1,4203.15
2874,1565,22,2,1472.23
2875,1565,12,1,11436.3
2876,1566,2,2,801.86
2877,1567,13,1,11709.01
2878,1567,17,1,1209.96
2879,1568,7,1,2197.61
2880,1568,9,1,14012.47
2881,1568,12,1,14612.8
2882,1569,1,2,440.66
2883,1569,13,1,10706.9
2884,1570,17,2,1084.11
2885,1571,8,1,7146.7
2886,1571,11,1,18088.71
2887,1572,3,1,3883.4
2888,1573,17,1,1304.29
2889,1573,4,1,7786.18
2890,1573,13,1,9906.93
2891,1574,15,1,4874.65
2892,1574,22,1,1692.61
2893,1574,12,1,13205.46
2894,1575,20,1,989.5
2895,1576,23,1,9258.63
2896,1577,4,1,7073.78
2897,1577,11,1,17389.34
2898,1578,15,1,4801.21
2899,1578,5,1,663.99
2900,1578,21,1,4966.5
2901,1580,12,1,12150.15
2902,1581,2,2,836.07
2903,1582,15,2,4590.86
2904,1583,25,1,14372.89
2905,1583,14,1,10092.93
2906,1583,3,1,4115.26
2907,1584,7,1,2242.27
2908,1584,5,1,685.88
2909,1584,19,1,1982.23
2910,1585,16,1,13400.94
2911,1585,3,1,3644.46
2912,1586,23,1,8841.52
2913,1586,14,1,8976.01
2914,1586,9,1,13596.52
2915,1587,12,1,13478.14
2916,1591,6,1,27371.67
2917,1592,1,1,460.64
2918,1592,5,1,518.48
2919,1592,19,1,1832.41
2920,1593,13,1,11076.67
2921,1593,19,1,1711.71
2922,1595,6,1,24566.57
2923,1596,21,1,6181.17
2924,1596,11,2,19044.09
2925,1597,15,3,4388.55
2926,1597,22,1,1349.39
2927,1598,21,1,5683.25
2928,1599,6,1,24384.38
2929,1599,22,2,1458.38
2930,1600,23,2,9006.94
2931,1600,8,1,9362.71
2932,1600,22,1,1360.32
2933,1601,18,1,807.72
2934,1602,6,1,24175.91
2935,1602,22,1,1662.06
2936,1602,23,1,9232.65
2937,1603,3,1,3774.32
2938,1604,13,1,11226.94
2939,1605,18,1,812.05
2940,1606,2,1,811.62
2941,1607,20,3,1293.29
2942,1608,2,1,869.0
2943,1609,12,1,12965.55
2944,1609,2,2,945.27
2945,1609,23,1,9931.57
2946,1610,24,1,4506.72
2947,1610,17,1,1374.0
2948,1611,25,2,17772.13
2949,1611,3,1,4077.55
2950,1612,12,1,14817.71
2951,1612,21,2,5512.33
2952,1613,19,1,2135.98
2953,1613,23,1,10739.28
2954,1614,23,1,10673.82
2955,1614,21,1,5369.2
2956,1614,11,2,17498.48
2957,1614,3,1,3911.68
2958,1615,1,2,458.87
2959,1615,2,1,977.02
2960,1616,13,1,10853.22
2961,1616,9,1,11397.29
2962,1616,3,1,3824.56
2963,1617,20,1,1042.89
2964,1618,22,1,1433.31
2965,1618,11,2,19898.26
2966,1620,10,1,14885.98
2967,1620,23,3,8354.8
2968,1621,25,1,16318.8
2969,1622,14,1,9349.4
2970,1622,22,1,1692.69
2971,1623,4,2,6553.93
2972,1624,16,2,12046.82
2973,1624,13,1,9634.32
2974,1625,16,1,10664.43
2975,1625,1,2,523.47
2976,1625,2,1,809.24
2977,1626,8,3,8845.28
2978,1626,6,1,23063.52
2979,1627,13,1,10434.51
2980,1627,5,1,621.13
2981,1628,14,1,9742.88
2982,1628,1,1,472.76
2983,1629,18,2,652.88
2984,1629,20,2,1263.25
2985,1629,12,1,12688.91
2986,1630,24,1,4579.36
2987,1630,9,1,13664.34
2988,1630,16,1,11394.0
2989,1632,11,3,20377.03
2990,1633,22,1,1404.91
2991,1634,8,1,8405.68
2992,1634,21,1,5405.38
2993,1635,15,1,4681.33
2994,1636,12,1,14272.15
2995,1637,17,1,1243.21
2996,1638,1,1,492.65
2997,1638,21,3,5882.62
2998,1639,9,1,11821.08
2999,1640,14,1,9449.25
3000,1641,21,1,5039.7
3001,1642,14,2,9480.39
3002,1642,17,3,1184.58
3003,1643,22,1,1677.26
3004,1643,2,2,907.14
3005,1643,3,1,3609.35
3006,1644,14,1,10369.94
3007,1644,3,1,3715.34
3008,1646,7,1,2074.59
3009,1646,5,1,667.5
3010,1646,10,1,15341.94
3011,1647,9,1,12581.89
3012,1647,17,1,1358.98
3013,1647,1,1,493.53
3014,1648,14,1,8811.14
3015,1649,6,1,21353.96
3016,1649,25,1,14414.87
3017,1649,13,1,11639.73
3018,1650,18,1,666.55
3019,1651,15,1,4730.25
3020,1651,17,2,1188.55
3021,1651,25,2,13572.21
3022,1651,18,1,826.65
3023,1652,1,1,533.37
3024,1652,14,1,8098.17
3025,1652,10,3,14200.36
3026,1652,19,1,1902.94
3027,1653,6,1,23740.93
3028,1653,11,1,20192.94
3029,1654,14,2,7897.72
3030,1655,21,2,6312.74
3031,1655,16,1,12988.2
3032,1656,14,1,9092.05
3033,1656,1,2,492.82
3034,1658,19,2,1891.94
3035,1658,21,1,6302.65
3036,1661,21,1,4856.41
3037,1662,20,1,1012.57
3038,1662,24,1,5417.42
3039,1663,12,1,12310.3
3040,1663,10,1,17126.34
3041,1663,20,1,1248.57
3042,1664,18,2,683.89
3043,1664,3,1,3490.59
3044,1665,13,1,10645.45
3045,1666,22,1,1316.31
3046,1666,4,2,7785.69
3047,1667,9,3,10786.42
3048,1667,5,1,696.27
3049,1667,4,1,6720.24
3050,1668,22,3,1398.4
3051,1668,16,2,12361.06
3052,1669,2,1,790.21
3053,1670,20,1,1261.49
3054,1671,9,1,11404.57
3055,1672,4,1,6960.63
3056,1672,22,2,1545.8
3057,1672,8,2,7307.65
3058,1674,5,1,681.73
3059,1675,23,1,9779.33
3060,1675,10,1,17703.89
3061,1676,5,1,605.02
3062,1676,1,2,454.87
3063,1678,2,1,769.67
3064,1679,14,1,9648.03
3065,1679,19,1,1776.73
3066,1679,1,1,405.72
3067,1680,7,1,2435.85
3068,1680,24,1,4546.67
3069,1680,15,1,3695.23
3070,1681,23,1,9335.52
3071,1681,15,1,4660.82
3072,1681,2,1,799.95
3073,1682,5,2,633.4
3074,1682,15,3,3894.05
3075,1682,1,1,461.84
3076,1683,14,1,9517.15
3077,1683,13,1,9224.19
3078,1684,4,1,7468.3
3079,1684,17,1,1174.66
3080,1685,18,1,797.13
3081,1686,12,1,14488.38
3082,1686,15,1,3966.12
3083,1687,7,1,2385.47
3084,1688,23,1,8509.45
3085,1688,21,3,5845.73
3086,1688,2,1,912.19
3087,1689,17,1,1134.73
3088,1689,5,1,595.4
3089,1689,22,1,1300.44
3090,1690,11,2,20391.23
3091,1690,23,1,10558.54
3092,1690,13,1,8975.31
3093,1691,15,1,4309.39
3094,1692,9,1,12688.29
3095,1692,12,2,14604.72
3096,1693,24,1,4514.62
3097,1693,4,1,6087.76
3098,1694,1,2,477.36
3099,1694,11,1,19937.41
3100,1694,2,2,866.81
3101,1695,11,1,20158.23
3102,1695,15,1,4768.54
3103,1696,17,1,1106.66
3104,1696,18,1,740.32
3105,1697,3,1,3526.93
3106,1697,21,1,6272.75
3107,1697,4,1,7904.18
3108,1698,22,1,1482.03
3109,1698,25,1,13573.79
3110,1699,6,2,28533.27
3111,1699,1,1,514.36
3112,1699,15,1,4819.39
3113,1700,1,1,537.39
3114,1701,3,1,3973.08
3115,1701,15,1,4715.92
3116,1701,14,1,8582.07
3117,1701,8,1,7811.65
3118,1702,7,1,2166.22
3119,1702,22,1,1370.45
3120,1702,11,1,17065.65
3121,1702,2,1,929.02
3122,1704,14,1,9715.14
3123,1704,4,1,6530.23
3124,1704,10,1,17984.82
3125,1705,20,1,1064.97
3126,1705,13,1,10693.54
3127,1705,24,2,4679.45
3128,1706,20,2,1100.75
3129,1707,15,1,4066.48
3130,1707,8,1,7299.95
3131,1708,21,1,5548.43
3132,1708,15,1,4957.29
3133,1709,5,1,638.62
3134,1709,11,2,20257.36
3135,1710,7,1,2375.8
3136,1710,6,1,23986.21
3137,1711,1,2,492.24
3138,1712,9,2,13055.15
3139,1712,19,2,2001.18
3140,1713,17,1,1102.09
3141,1713,5,1,625.17
3142,1714,3,1,4119.26
3143,1714,18,2,790.86
3144,1715,21,2,6015.79
3145,1716,12,1,14755.3
3146,1717,18,1,829.19
3147,1717,25,3,17811.73
3148,1717,9,1,13933.21
3149,1718,23,1,8471.48
3150,1719,11,1,17359.54
3151,1720,4,1,8048.94
3152,1721,19,1,2167.96
3153,1721,4,1,6248.62
3154,1721,7,2,2326.36
3155,1721,22,1,1470.19
3156,1722,22,1,1600.4
3157,1722,8,3,8659.01
3158,1722,9,2,14087.34
3159,1723,1,1,525.74
3160,1724,22,1,1420.25
3161,1724,8,1,7309.03
3162,1724,4,1,7643.78
3163,1725,8,1,7472.53
3164,1725,15,1,4455.45
3165,1726,21,1,5339.12
3166,1726,5,1,681.29
3167,1726,20,1,1063.04
3168,1728,1,1,413.39
3169,1730,5,1,624.8
3170,1731,18,2,641.18
3171,1731,10,1,16889.19
3172,1732,23,1,9835.74
3173,1733,13,1,10879.34
3174,1733,3,1,4215.12
3175,1733,18,1,761.63
3176,1733,10,1,14433.4
3177,1734,9,1,11313.68
3178,1735,25,1,13885.57
3179,1736,24,1,4940.8
3180,1736,4,1,6405.05
3181,1737,9,1,12988.14
3182,1737,25,1,14648.36
3183,1738,11,1,18070.96
3184,1738,13,1,11697.14
3185,1739,1,2,426.96
3186,1739,2,1,864.99
3187,1740,13,3,10311.49
3188,1740,12,1,12717.16
3189,1741,5,1,564.51
3190,1741,3,1,4200.75
3191,1741,16,1,13642.79
3192,1743,7,2,2656.29
3193,1744,3,1,3228.47
3194,1745,25,1,16518.77
3195,1746,1,1,535.81
3196,1747,4,1,6767.63
3197,1747,13,2,8844.14
3198,1748,18,2,787.04
3199,1748,25,2,14645.22
3200,1749,6,1,25583.12
3201,1749,15,1,4895.31
3202,1749,12,1,15180.64
3203,1750,5,1,690.04
3204,1750,22,1,1343.99
3205,1751,10,1,15921.72
3206,1752,9,2,11829.99
3207,1752,4,1,7086.34
3208,1753,3,1,3667.66
3209,1753,11,1,21624.81
3210,1754,4,1,7478.54
3211,1754,14,1,9153.45
3212,1754,7,1,2075.35
3213,1755,15,2,4739.32
3214,1756,9,1,12027.76
3215,1757,15,1,4199.05
3216,1759,24,1,5002.53
3217,1759,1,1,529.9
3218,1760,11,1,20243.14
3219,1760,9,1,12681.66
3220,1760,17,1,1329.42
3221,1762,2,2,892.04
3222,1762,4,1,7895.7
3223,1763,15,1,4239.92
3224,1763,21,1,5212.12
3225,1763,13,1,11580.71
3226,1764,4,1,6897.17
3227,1765,21,1,5084.7
3228,1766,13,2,9404.17
3229,1767,11,1,17742.73
3230,1768,16,1,10356.31
3231,1768,17,1,1182.47
3232,1770,4,3,6830.92
3233,1770,12,1,15031.45
3234,1770,3,1,3982.62
3235,1771,11,1,20620.16
3236,1771,21,1,4830.04
3237,1773,12,1,13416.57
3238,1773,24,1,4211.39
3239,1774,6,1,26953.68
3240,1774,5,1,662.17
3241,1775,6,1,24455.82
3242,1776,25,1,17019.04
3243,1776,11,1,18694.34
3244,1777,18,1,766.6
3245,1778,12,1,13653.52
3246,1778,25,1,14531.73
3247,1779,16,1,13171.78
3248,1779,6,1,21855.96
3249,1780,4,1,7763.29
3250,1780,19,1,1917.42
3251,1781,16,1,11522.07
3252,1781,24,2,5555.79
3253,1782,5,1,636.8
3254,1782,16,1,11123.12
3255,1782,23,1,8625.59
3256,1783,2,1,873.23
3257,1783,4,1,6321.54
3258,1784,12,2,12761.53
3259,1785,2,2,856.33
3260,1785,24,1,4499.89
3261,1786,3,1,4338.63
3262,1786,18,1,794.48
3263,1787,25,1,15932.53
3264,1787,16,1,12974.05
3265,1788,5,1,670.89
3266,1789,18,1,782.13
3267,1789,19,1,2030.8
3268,1790,15,1,4597.99
3269,1791,7,1,2577.51
3270,1791,18,2,678.64
3271,1792,2,2,931.89
3272,1792,13,1,11295.13
3273,1793,3,1,4314.44
3274,1793,18,1,664.91
3275,1794,16,1,12805.38
3276,1794,15,1,4056.81
3277,1795,14,1,10033.27
3278,1795,18,1,745.2
3279,1795,9,1,11511.1
3280,1796,13,1,8904.52
3281,1797,10,1,14427.56
3282,1799,25,1,14818.47
3283,1799,6,1,26233.41
3284,1801,10,1,17526.85
3285,1801,11,1,18885.37
3286,1801,25,1,13822.87
3287,1802,22,1,1332.22
3288,1803,20,3,1097.3
3289,1804,1,1,466.8
3290,1804,11,1,22355.23
3291,1805,12,1,14782.73
3292,1805,22,1,1540.77
3293,1805,14,1,8343.91
3294,1806,18,1,804.63
3295,1807,21,1,5343.44
3296,1807,14,2,8420.96
3297,1808,16,1,11867.73
3298,1808,15,1,4045.72
3299,1808,24,1,5195.57
3300,1809,12,1,14531.36
3301,1809,10,2,15659.23
3302,1809,6,2,21779.32
3303,1810,22,1,1636.49
3304,1810,6,1,26903.55
3305,1810,14,2,9034.23
3306,1811,4,1,6429.34
3307,1811,24,1,4421.39
3308,1812,7,2,2553.58
3309,1812,25,1,16459.11
3310,1813,2,1,961.62
3311,1814,19,1,2102.86
3312,1815,9,1,10738.79
3313,1816,20,2,1136.22
3314,1817,3,1,3853.06
3315,1817,22,1,1477.6
3316,1817,1,2,460.52
3317,1817,17,2,1317.34
3318,1818,12,1,11604.52
3319,1818,25,2,16405.1
3320,1819,1,1,541.74
3321,1819,8,1,7786.23
3322,1820,18,1,837.57
3323,1821,19,2,2013.73
3324,1823,8,1,8080.86
3325,1823,1,1,416.69
3326,1823,17,1,1344.64
3327,1823,13,1,10845.46
3328,1824,8,1,7351.35
3329,1824,2,1,821.1
3330,1824,20,2,1054.7
3331,1824,23,1,8348.43
3332,1825,1,1,535.68
3333,1826,21,1,5144.41
3334,1826,3,1,3396.1
3335,1827,7,2,2146.71
3336,1828,3,2,3470.82
3337,1828,4,1,7460.94
3338,1828,20,1,1010.55
3339,1829,8,1,8888.88
3340,1829,20,1,1235.91
3341,1829,4,1,6940.36
3342,1830,5,1,680.41
3343,1832,16,1,13334.49
3344,1833,15,2,4306.68
3345,1834,18,1,820.03
3346,1834,16,1,11018.99
3347,1834,19,1,2139.77
3348,1835,21,1,5777.67
3349,1835,24,1,4215.04
3350,1836,5,1,552.05
3351,1836,6,1,22840.16
3352,1836,16,1,10940.72
3353,1837,12,1,11320.33
3354,1837,19,1,1865.1
3355,1837,24,3,5089.88
3356,1838,2,2,854.97
3357,1838,20,1,1267.53
3358,1841,2,1,847.72
3359,1842,3,2,4318.42
3360,1842,23,1,10959.08
3361,1844,16,1,12088.22
3362,1844,10,2,18089.79
3363,1844,25,3,15649.7
3364,1845,3,2,3446.6
3365,1845,23,1,9402.1
3366,1845,18,1,848.47
3367,1845,12,3,13379.79
3368,1846,19,2,1998.57
3369,1846,23,2,8396.21
3370,1847,15,2,4954.87
3371,1848,8,1,8733.48
3372,1849,16,1,12128.79
3373,1849,1,3,532.51
3374,1849,2,3,790.91
3375,1850,22,1,1460.25
3376,1851,16,2,13060.4
3377,1851,8,1,7181.53
3378,1852,7,1,2665.15
3379,1852,25,1,17176.34
3380,1853,23,1,8455.33
3381,1854,15,1,4109.79
3382,1854,9,1,11751.99
3383,1855,2,1,750.82
3384,1855,16,1,12482.5
3385,1856,12,2,11838.41
3386,1856,19,1,2234.7
3387,1856,4,1,6343.52
3388,1857,10,1,15349.27
3389,1858,14,1,9593.41
3390,1858,6,1,22024.52
3391,1858,13,1,11608.96
3392,1858,8,2,9505.04
3393,1859,3,1,4127.52
3394,1859,15,3,4882.73
3395,1859,24,2,5566.54
3396,1860,13,3,10793.37
3397,1861,2,2,822.39
3398,1861,8,2,9367.75
3399,1861,9,1,11123.9
3400,1861,23,1,10656.33
3401,1862,12,1,14901.08
3402,1863,3,1,4254.7
3403,1863,9,1,11259.79
3404,1864,25,1,16696.59
3405,1864,15,1,4850.2
3406,1865,19,1,1981.72
3407,1865,5,1,594.29
3408,1866,6,1,27464.72
3409,1866,5,2,682.28
3410,1866,25,1,14725.65
3411,1866,8,1,8512.93
3412,1867,18,1,746.91
3413,1868,19,1,2158.2
3414,1869,1,1,408.71
3415,1870,25,2,16623.89
3416,1871,12,1,14730.36
3417,1871,20,1,1117.86
3418,1871,2,1,805.17
3419,1872,5,1,537.36
3420,1873,20,1,1201.35
3421,1873,7,1,2106.12
3422,1874,16,2,13610.23
3423,1874,14,1,9642.62
3424,1874,13,2,9218.1
3425,1875,14,1,8193.09
3426,1876,13,2,10233.24
3427,1877,7,1,2189.96
3428,1877,6,2,24544.51
3429,1878,4,1,6912.16
3430,1879,4,1,6274.99
3431,1880,20,1,1211.67
3432,1881,18,1,660.28
3433,1881,4,1,7371.81
3434,1883,22,2,1431.0
3435,1883,2,1,941.15
3436,1883,15,1,4251.87
3437,1884,19,1,2077.73
3438,1884,12,1,12245.57
3439,1885,15,3,4272.72
3440,1885,24,1,4745.38
3441,1886,20,1,1285.13
3442,1887,17,1,1131.97
3443,1887,4,1,6300.73
3444,1887,20,1,1216.93
3445,1887,14,1,8150.27
3446,1888,8,1,7885.16
3447,1888,23,1,8417.74
3448,1888,19,1,2104.04
3449,1888,4,1,6160.82
3450,1889,5,1,582.6
3451,1890,9,1,11575.82
3452,1891,25,1,15506.72
3453,1891,16,1,13379.86
3454,1891,10,1,18220.51
3455,1893,14,3,9358.19
3456,1894,22,2,1410.07
3457,1894,25,1,16775.79
3458,1894,21,1,6401.47
3459,1895,21,2,5624.92
3460,1895,20,1,1065.91
3461,1895,9,1,12003.17
3462,1895,15,1,4322.72
3463,1896,3,1,3482.93
3464,1896,23,1,11071.43
3465,1896,18,1,710.64
3466,1897,23,1,9754.94
3467,1897,13,1,9774.04
3468,1899,1,1,436.68
3469,1900,15,1,4072.95
3470,1900,2,1,951.83
3471,1901,4,1,7715.4
3472,1901,14,3,10339.49
3473,1902,7,1,2075.72
3474,1903,4,1,6596.1
3475,1903,15,1,4293.56
3476,1904,14,1,9407.86
3477,1904,24,2,5358.0
3478,1905,22,1,1539.88
3479,1905,9,1,10778.43
3480,1906,19,3,2241.26
3481,1906,23,1,10315.21
3482,1907,10,1,15218.75
3483,1908,22,1,1378.89
3484,1909,8,1,8757.04
3485,1909,14,1,9384.62
3486,1909,20,2,1237.11
3487,1909,7,1,2670.55
3488,1910,2,1,1005.7
3489,1910,9,1,12916.82
3490,1910,7,1,2201.76
3491,1912,4,2,5999.87
3492,1913,4,1,7231.03
3493,1913,6,1,25360.05
3494,1913,11,1,22429.96
3495,1913,3,3,3993.59
3496,1914,11,2,21746.65
3497,1916,7,1,2543.74
3498,1917,3,1,3731.96
3499,1917,14,1,9613.35
3500,1918,4,1,7740.6
3501,1918,25,2,15799.85
3502,1918,11,1,19839.7
3503,1919,8,2,9269.67
3504,1919,25,1,14613.75
3505,1921,11,2,21718.51
3506,1922,8,1,8393.39
3507,1922,24,1,5310.34
3508,1923,1,1,539.71
3509,1924,13,2,11019.7
3510,1924,10,3,13640.29
3511,1925,6,2,24363.7
3512,1926,5,1,533.52
3513,1927,2,1,864.46
3514,1928,5,1,599.32
3515,1928,8,1,9187.81
3516,1928,19,1,2142.61
3517,1928,14,1,8207.73
3518,1929,1,2,404.63
3519,1929,16,2,12923.42
3520,1930,2,1,998.52
3521,1931,25,2,14659.91
3522,1932,12,1,14935.2
3523,1933,1,1,407.96
3524,1933,19,1,2054.82
3525,1934,19,2,1856.96
3526,1934,7,1,2778.26
3527,1935,3,1,4162.14
3528,1936,18,1,798.59
3529,1936,21,1,5916.93
3530,1936,19,1,1856.54
3531,1937,4,2,6494.02
3532,1937,17,1,1248.18
3533,1938,16,1,10589.75
3534,1938,6,1,24819.83
3535,1939,16,1,13293.56
3536,1939,14,2,9336.04
3537,1940,13,1,9323.8
3538,1940,16,1,11144.23
3539,1941,17,1,1054.03
3540,1941,13,1,9605.13
3541,1941,1,1,471.18
3542,1942,22,1,1429.87
3543,1942,20,1,1293.99
3544,1942,24,1,5264.41
3545,1943,1,2,460.2
3546,1944,22,2,1400.68
3547,1945,9,1,12782.49
3548,1946,17,1,1298.03
3549,1947,7,1,2557.05
3550,1947,5,1,599.51
3551,1947,10,3,13604.37
3552,1948,6,1,23537.82
3553,1948,11,1,17392.57
3554,1949,12,1,12511.33
3555,1950,17,1,1040.07
3556,1950,3,1,4220.23
3557,1950,18,1,698.0
3558,1951,14,1,8782.73
3559,1952,15,1,4383.2
3560,1953,4,1,7744.7
3561,1954,24,1,4311.9
3562,1954,1,1,474.01
3563,1954,14,1,9579.31
3564,1955,22,1,1271.63
3565,1955,3,1,3350.43
3566,1956,19,1,1948.65
3567,1956,13,1,10658.65
3568,1956,8,1,8460.7
3569,1957,13,1,9261.45
3570,1957,21,1,5314.76
3571,1958,1,2,440.83
3572,1958,17,1,1202.78
3573,1958,5,1,577.57
3574,1959,7,1,2312.9
3575,1959,17,1,1048.56
3576,1959,18,1,722.79
3577,1960,22,1,1583.95
3578,1960,12,2,14255.48
3579,1961,15,2,4133.68
3580,1961,19,2,1834.36
3581,1962,11,2,18819.14
3582,1962,5,1,547.37
3583,1963,15,2,3700.46
3584,1963,18,1,678.49
3585,1964,20,1,1111.38
3586,1964,15,1,4289.73
3587,1965,23,1,9816.12
3588,1965,4,1,6868.7
3589,1965,21,1,4965.62
3590,1965,15,1,4286.39
3591,1966,25,1,13625.8
3592,1967,8,1,8702.39
3593,1967,18,1,754.85
3594,1968,12,1,13450.68
3595,1968,7,1,2527.69
3596,1969,6,1,27580.47
3597,1970,18,2,767.52
3598,1971,24,1,4748.51
3599,1971,25,1,14831.15
3600,1971,1,1,537.93
3601,1972,8,2,8992.98
3602,1972,19,1,1882.33
3603,1973,9,1,12840.46
3604,1974,25,1,16591.32
3605,1975,24,2,5201.95
3606,1975,10,1,16533.95
3607,1976,24,1,4284.86
3608,1976,9,2,11777.38
3609,1977,19,1,2152.41
3610,1977,17,1,1321.66
3611,1978,10,3,17529.53
3612,1978,13,1,10087.49
3613,1978,7,1,2651.74
3614,1979,2,1,850.26
3615,1979,1,1,416.3
3616,1980,20,1,1095.3
3617,1980,21,1,5046.6
3618,1981,5,2,616.45
3619,1982,14,1,8847.27
3620,1982,2,1,819.22
3621,1982,13,1,9325.73
3622,1983,16,1,11454.25
3623,1984,7,2,2329.84
3624,1984,23,1,8801.64
3625,1985,2,1,908.21
3626,1986,18,1,657.45
3627,1987,22,1,1569.45
3628,1988,17,1,1362.3
3629,1988,22,1,1606.47
3630,1989,18,1,763.69
3631,1989,19,1,2243.65
3632,1990,3,1,4218.78
3633,1990,20,1,1188.31
3634,1990,18,2,762.6
3635,1991,2,2,857.5
3636,1991,19,2,1835.11
3637,1992,21,1,5264.39
3638,1992,9,1,10798.52
3639,1993,7,1,2133.22
3640,1994,25,3,14514.55
3641,1995,8,1,8168.48
3642,1996,9,1,13233.81
3643,1996,7,1,2683.83
3644,1996,19,1,2033.81
3645,1997,21,2,6450.0
3646,1997,4,1,6511.38
3647,1999,21,2,5321.52
3648,1999,2,1,1007.17
3649,2000,9,1,12409.25
3650,2000,19,1,1889.5
3651,2000,11,2,20142.39
3652,2001,8,1,7957.39
3653,2001,12,1,14496.08
3654,2002,21,2,5492.99
3655,2002,5,2,612.53
3656,2003,18,1,658.56
3657,2004,17,1,1198.91
3658,2005,1,1,484.67
3659,2005,18,1,688.3
3660,2006,2,1,892.72
3661,2006,7,1,2718.83
3662,2008,24,1,5193.14
3663,2008,8,3,8669.04
3664,2008,2,1,956.52
3665,2009,8,1,8245.83
3666,2010,13,1,10366.02
3667,2010,4,1,6789.13
3668,2012,8,1,8683.23
3669,2013,19,1,2042.45
3670,2014,2,2,964.64
3671,2014,6,3,24554.88
3672,2014,10,2,15025.97
3673,2014,25,1,13266.95
3674,2015,5,1,559.95
3675,2015,24,1,5503.52
3676,2015,12,1,14451.01
3677,2016,12,1,11530.84
3678,2016,23,2,10960.44
3679,2018,15,2,4889.34
3680,2018,8,2,8451.41
3681,2018,22,1,1594.15
3682,2018,21,1,5184.58
3683,2019,15,2,3857.07
3684,2019,17,1,1092.98
3685,2020,2,1,950.27
3686,2021,18,1,760.32
3687,2021,11,1,21518.53
3688,2022,15,1,4753.36
3689,2023,13,3,11183.55
3690,2023,21,1,5422.15
3691,2023,24,1,4493.7
3692,2023,4,1,6344.15
3693,2024,12,2,14154.36
3694,2025,21,1,4859.75
3695,2025,11,1,17579.04
3696,2026,21,2,4836.43
3697,2026,6,1,22909.13
3698,2027,14,1,9856.24
3699,2027,20,2,1192.72
3700,2027,23,1,10177.65
3701,2027,7,2,2367.65
3702,2028,6,1,28268.34
3703,2028,25,1,16336.34
3704,2028,4,1,6386.09
3705,2029,3,1,3576.07
3706,2030,11,1,20534.92
3707,2030,4,1,6458.58
3708,2031,4,1,7017.77
3709,2032,18,1,810.55
3710,2032,24,1,5057.05
3711,2032,4,1,6825.4
3712,2033,22,1,1423.31
3713,2034,15,1,3767.47
3714,2035,14,1,10368.04
3715,2035,16,1,12990.88
3716,2035,25,1,17202.84
3717,2036,1,1,457.68
3718,2037,15,1,4832.58
3719,2038,14,1,8685.5
3720,2038,6,1,28306.31
3721,2039,23,2,9494.38
3722,2039,10,1,16070.84
3723,2040,10,1,15348.42
3724,2041,19,1,1971.31
3725,2041,20,1,1108.66
3726,2042,24,1,4654.81
3727,2042,14,1,8165.34
3728,2044,25,1,14208.01
3729,2044,10,1,15116.23
3730,2044,11,2,22032.12
3731,2045,6,1,27755.19
3732,2045,15,1,4053.48
3733,2045,12,1,13300.63
3734,2046,4,1,6705.76
3735,2046,21,1,5550.05
3736,2046,6,1,22281.27
3737,2049,23,1,10696.51
3738,2050,23,1,11001.77
3739,2050,25,1,17181.57
3740,2051,7,1,2100.78
3741,2052,8,1,9086.71
3742,2052,21,1,5828.52
3743,2053,4,1,6020.55
3744,2053,21,1,5995.01
3745,2053,25,2,14343.71
3746,2053,8,1,7983.05
3747,2054,1,1,542.27
3748,2054,19,1,1694.19
3749,2055,9,1,11115.42
3750,2055,25,1,14970.84
3751,2056,22,1,1318.53
3752,2057,16,1,12267.71
3753,2057,10,1,15672.64
3754,2057,22,1,1539.62
3755,2058,15,1,4488.51
3756,2061,2,1,905.47
3757,2061,24,2,5370.52
3758,2062,19,3,1667.68
3759,2063,17,1,1144.44
3760,2063,16,1,11420.45
3761,2064,4,2,7999.52
3762,2065,7,1,2222.39
3763,2065,14,2,9970.57
3764,2065,16,1,11443.45
3765,2066,18,3,681.15
3766,2066,1,1,476.72
3767,2067,4,2,7577.82
3768,2067,25,1,14422.89
3769,2068,8,2,7321.5
3770,2069,19,2,2014.81
3771,2069,15,1,4478.33
3772,2069,8,2,8379.54
3773,2070,20,1,1123.4
3774,2070,7,1,2283.71
3775,2071,3,1,3788.1
3776,2072,4,1,7567.54
3777,2072,1,3,503.9
3778,2072,20,2,1058.68
3779,2073,24,3,4759.73
3780,2073,9,1,12861.06
3781,2074,10,2,13909.87
3782,2075,12,1,13012.31
3783,2075,2,1,978.48
3784,2075,8,1,9016.6
3785,2077,10,2,15720.05
3786,2078,25,1,15338.55
3787,2079,25,1,16678.17
3788,2080,4,3,6814.99
3789,2081,13,1,10079.62
3790,2082,3,1,3657.1
3791,2082,25,2,16794.56
3792,2082,9,2,10743.51
3793,2083,15,1,4346.83
3794,2084,1,3,441.63
3795,2084,16,1,11635.31
3796,2085,1,1,409.6
3797,2085,11,1,22415.23
3798,2085,16,1,12184.4
3799,2087,7,3,2413.45
3800,2087,18,1,764.86
3801,2087,16,2,10344.33
3802,2088,6,3,22643.85
3803,2088,15,1,4051.86
3804,2089,18,3,639.64
3805,2089,13,1,10921.59
3806,2089,9,1,11610.53
3807,2090,6,1,26700.53
3808,2090,12,1,12490.66
3809,2090,13,1,10003.44
3810,2090,17,1,1263.86
3811,2091,3,1,3319.65
3812,2091,18,1,725.88
3813,2092,13,1,8936.2
3814,2093,19,1,1723.02
3815,2093,16,1,11750.87
3816,2094,8,1,8163.41
3817,2094,7,1,2361.98
3818,2095,11,2,21602.04
3819,2096,7,1,2101.77
3820,2096,19,1,2191.17
3821,2097,5,1,525.49
3822,2098,4,2,7395.52
3823,2098,8,1,8582.6
3824,2098,1,1,417.28
3825,2099,20,1,1260.87
3826,2100,24,1,4717.98
3827,2101,21,1,5640.96
3828,2101,4,2,7204.75
3829,2101,13,1,10578.75
3830,2103,3,1,3410.19
3831,2103,22,1,1603.23
3832,2104,6,2,24830.48
3833,2104,10,1,13824.24
3834,2104,11,2,17684.26
3835,2105,11,1,19932.6
3836,2105,1,1,473.48
3837,2106,24,1,5334.99
3838,2107,5,2,605.36
3839,2107,8,1,7452.39
3840,2108,17,1,1125.27
3841,2108,20,1,1001.65
3842,2108,5,1,628.58
3843,2108,21,1,5827.8
3844,2109,25,2,16530.11
3845,2110,20,1,1179.37
3846,2111,21,1,5667.03
3847,2111,22,2,1635.92
3848,2112,5,1,550.2
3849,2112,22,1,1293.76
3850,2112,18,1,698.65
3851,2113,9,2,13511.24
3852,2113,4,1,7166.62
3853,2114,25,1,13954.31
3854,2114,24,1,4254.23
3855,2114,18,2,841.6
3856,2115,20,1,1234.35
3857,2116,2,1,890.08
3858,2117,16,1,10313.37
3859,2117,4,1,8028.58
3860,2118,7,1,2350.19
3861,2118,18,1,824.03
3862,2118,20,2,1002.49
3863,2119,5,3,560.66
3864,2119,12,1,14350.77
3865,2120,19,1,2086.44
3866,2120,10,1,14513.31
3867,2120,14,1,8350.13
3868,2122,1,1,461.7
3869,2123,17,1,1314.68
3870,2124,19,1,2223.45
3871,2124,21,1,5613.01
3872,2125,16,1,12059.74
3873,2125,14,2,9032.64
3874,2125,3,1,3581.07
3875,2126,16,1,13399.82
3876,2127,24,1,4822.58
3877,2128,3,1,3787.15
3878,2129,9,1,13416.49
3879,2129,3,2,3840.74
3880,2130,20,1,1201.52
3881,2130,3,1,3315.88
3882,2130,7,1,2106.41
3883,2130,23,1,10758.56
3884,2131,13,1,10150.13
3885,2131,6,1,25703.34
3886,2131,12,2,12348.94
3887,2132,10,1,15141.98
3888,2132,5,1,635.6
3889,2132,16,1,10475.19
3890,2133,3,1,3672.09
3891,2133,14,1,7962.69
3892,2134,10,1,13904.11
3893,2134,1,1,411.02
3894,2134,11,2,21238.57
3895,2135,22,1,1398.94
3896,2135,4,2,6888.3
3897,2136,12,1,13987.21
3898,2136,17,1,1124.6
3899,2137,3,1,3595.82
3900,2139,22,3,1500.71
3901,2139,7,2,2475.54
3902,2139,8,2,9554.75
3903,2140,24,1,5144.11
3904,2140,9,1,11647.53
3905,2140,2,1,960.9
3906,2140,25,1,14515.24
3907,2141,8,1,8828.58
3908,2142,17,2,1365.37
3909,2142,20,1,1030.55
3910,2142,1,1,512.1
3911,2143,16,1,12754.02
3912,2143,6,2,24860.1
3913,2144,16,2,13005.05
3914,2145,16,1,10609.08
3915,2146,1,1,449.02
3916,2146,22,1,1367.19
3917,2146,11,1,21221.63
3918,2147,13,1,8748.19
3919,2148,17,1,1260.17
3920,2148,16,1,12022.2
3921,2148,13,1,9577.95
3922,2149,1,1,474.23
3923,2149,6,1,24752.4
3924,2150,5,1,582.73
3925,2152,25,1,13256.51
3926,2152,13,1,9473.86
3927,2152,11,1,17369.19
3928,2153,13,1,11026.76
3929,2153,8,1,7932.53
3930,2154,25,1,15495.05
3931,2154,11,1,20902.98
3932,2154,3,1,4192.34
3933,2154,4,1,7315.1
3934,2155,7,1,2627.42
3935,2155,9,1,13970.35
3936,2155,15,1,3911.44
3937,2156,21,1,4955.52
3938,2156,16,1,11338.98
3939,2157,13,2,9044.16
3940,2157,8,2,7594.71
3941,2157,10,1,14271.28
3942,2158,21,2,5046.94
3943,2158,15,1,4035.43
3944,2159,12,1,14052.43
3945,2159,21,1,5863.2
3946,2160,12,1,13535.62
3947,2160,14,1,9289.25
3948,2160,22,1,1619.36
3949,2161,11,1,16781.75
3950,2161,9,1,12435.78
3951,2162,10,1,16782.2
3952,2162,23,1,9319.35
3953,2162,14,2,10449.07
3954,2163,19,1,1767.7
3955,2163,2,1,896.45
3956,2164,21,1,5884.49
3957,2164,6,1,25817.11
3958,2164,24,3,4483.16
3959,2165,21,1,5013.85
3960,2166,21,2,5448.99
3961,2168,21,1,5905.75
3962,2168,9,1,12982.78
3963,2168,17,1,1224.65
3964,2168,11,2,22397.59
3965,2169,4,1,7392.51
3966,2170,17,1,1054.11
3967,2171,1,1,435.86
3968,2171,24,2,5443.09
3969,2172,13,1,9018.16
3970,2172,5,1,675.24
3971,2172,9,2,13798.81
3972,2172,2,1,957.17
3973,2173,11,1,20326.83
3974,2173,5,1,613.18
3975,2174,18,1,682.26
3976,2174,5,2,656.68
3977,2174,15,1,4906.48
3978,2175,17,1,1116.62
3979,2175,23,3,10907.63
3980,2175,18,2,712.53
3981,2176,21,2,5388.36
3982,2177,22,1,1441.33
3983,2177,18,1,683.15
3984,2178,5,1,601.6
3985,2178,3,2,3621.06
3986,2179,3,1,3712.94
3987,2179,24,1,5118.07
3988,2179,16,1,11932.44
3989,2180,6,1,27173.73
3990,2180,5,1,660.02
3991,2181,8,1,7468.81
3992,2181,20,1,1167.98
3993,2181,22,3,1619.8
3994,2182,8,1,7237.09
3995,2182,23,1,9205.04
3996,2182,4,1,7528.74
3997,2183,20,1,1049.43
3998,2184,7,2,2534.63
3999,2184,13,1,11634.31
4000,2184,2,1,792.66
4001,2185,3,2,4219.46
4002,2185,14,1,9497.53
4003,2186,3,1,4049.45
4004,2187,22,1,1477.39
4005,2187,4,1,7161.95
4006,2187,2,1,931.36
4007,2187,8,1,9586.74
4008,2188,2,1,886.63
4009,2189,4,1,7439.03
4010,2191,24,1,4849.26
4011,2191,23,1,10845.63
4012,2192,16,1,11628.53
4013,2193,11,1,21050.79
4014,2193,3,2,4252.23
4015,2194,25,3,14446.9
4016,2194,6,1,21757.23
4017,2195,20,2,1034.09
4018,2195,25,1,16433.85
4019,2196,25,1,14091.19
4020,2197,15,1,4928.66
4021,2197,8,1,8304.66
4022,2198,18,1,633.19
4023,2201,14,1,8427.01
4024,2201,11,1,21495.19
4025,2201,22,1,1281.6
4026,2202,1,1,462.93
4027,2202,19,1,1906.39
4028,2202,7,1,2480.63
4029,2203,21,2,5991.86
4030,2203,6,1,26483.52
4031,2204,25,1,13819.66
4032,2204,22,1,1413.89
4033,2204,9,1,11693.53
4034,2204,21,2,5958.08
4035,2205,3,1,4083.62
4036,2206,1,1,508.33
4037,2206,2,1,947.77
4038,2207,1,2,414.04
4039,2208,11,2,19943.71
4040,2208,25,1,13372.16
4041,2209,9,1,13347.1
4042,2209,7,1,2610.81
4043,2210,4,1,7504.19
4044,2211,20,1,1046.34
4045,2212,11,1,20183.16
4046,2213,11,3,20049.71
4047,2214,6,1,23282.06
4048,2215,21,1,5651.35
4049,2215,15,3,4219.17
4050,2216,9,2,13203.98
4051,2216,11,1,21017.95
4052,2217,9,1,11814.7
4053,2217,3,1,3321.82
4054,2217,12,2,13731.03
4055,2218,8,1,7188.65
4056,2218,14,1,9893.9
4057,2218,11,2,18401.02
4058,2219,4,1,7484.98
4059,2219,7,1,2104.74
4060,2220,22,1,1376.78
4061,2220,24,1,5326.12
4062,2221,24,1,4825.2
4063,2221,6,1,28001.33
4064,2222,8,1,9534.32
4065,2222,14,1,8431.08
4066,2222,16,1,13095.48
4067,2223,6,1,24050.62
4068,2223,11,1,20353.81
4069,2224,23,1,9478.66
4070,2224,6,1,22405.33
4071,2224,22,2,1409.81
4072,2225,4,1,6814.59
4073,2225,7,2,2115.99
4074,2226,21,1,6324.79
4075,2226,2,1,875.64
4076,2227,24,1,5030.47
4077,2227,1,1,512.3
4078,2228,6,1,22925.37
4079,2229,6,1,25686.23
4080,2229,1,1,450.18
4081,2230,20,1,1247.76
4082,2230,17,1,1109.77
4083,2231,18,1,726.09
4084,2232,20,1,1084.47
4085,2232,4,1,7802.05
4086,2232,3,1,3376.68
4087,2233,8,1,7396.59
4088,2233,11,2,19618.21
4089,2234,21,1,5237.84
4090,2234,25,1,13897.74
4091,2234,13,2,11754.74
4092,2235,24,1,4232.16
4093,2235,5,1,593.53
4094,2236,18,1,821.41
4095,2236,14,1,8011.08
4096,2237,21,1,5981.88
4097,2237,13,1,11271.18
4098,2237,22,2,1490.63
4099,2237,1,1,516.15
4100,2238,19,1,1852.52
4101,2239,17,1,1236.8
4102,2240,11,1,16810.42
4103,2241,6,1,22251.63
4104,2241,25,1,14861.47
4105,2242,7,1,2568.98
4106,2243,6,1,24517.75
4107,2243,8,2,9510.9
4108,2243,1,1,486.97
4109,2245,11,1,18354.29
4110,2245,4,2,6033.84
4111,2246,7,2,2099.33
4112,2246,24,1,4921.54
4113,2247,22,2,1503.52
4114,2248,2,2,798.8
4115,2248,10,2,17481.72
4116,2248,24,1,5257.78
4117,2249,4,1,6557.97
4118,2249,24,1,4432.64
4119,2250,16,1,11178.9
4120,2251,11,1,21255.57
4121,2252,13,1,9974.41
4122,2253,8,1,9508.47
4123,2253,13,1,8752.86
4124,2254,1,1,426.34
4125,2255,25,1,13625.28
4126,2256,3,1,3566.83
4127,2256,16,2,12960.69
4128,2256,12,1,14110.29
4129,2257,16,1,11050.86
4130,2257,23,2,8753.32
4131,2257,25,1,15691.73
4132,2258,3,2,4228.02
4133,2258,16,1,11003.45
4134,2258,17,2,1389.37
4135,2259,13,1,9649.01
4136,2261,6,1,27867.7
4137,2262,2,1,962.98
4138,2262,19,2,2228.73
4139,2262,23,3,8328.27
4140,2263,1,1,492.08
4141,2263,16,2,10957.7
4142,2264,11,1,17804.83
4143,2265,19,1,1829.94
4144,2265,8,1,8030.35
4145,2266,4,1,5987.33
4146,2266,15,2,4927.46
4147,2266,9,3,13704.27
4148,2267,7,1,2445.77
4149,2267,9,1,13367.84
4150,2269,3,1,4266.25
4151,2269,21,1,5402.33
4152,2269,9,1,12343.41
4153,2270,11,1,20722.11
4154,2270,8,1,9100.94
4155,2270,5,2,629.78
4156,2270,24,2,4234.21
4157,2271,19,1,1671.91
4158,2271,12,1,14315.35
4159,2271,18,1,709.12
4160,2271,16,1,11599.14
4161,2272,22,2,1698.77
4162,2272,23,1,9025.56
4163,2273,12,1,14641.29
4164,2273,7,1,2397.03
4165,2275,19,1,2134.04
4166,2275,1,1,415.81
4167,2275,12,1,14548.55
4168,2275,25,1,17796.32
4169,2276,14,1,10286.58
4170,2276,23,1,9123.67
4171,2276,13,1,11530.69
4172,2277,18,3,828.95
4173,2278,16,2,11721.01
4174,2278,8,1,9125.43
4175,2280,4,2,7795.86
4176,2280,18,2,697.78
4177,2280,11,2,16914.93
4178,2281,2,1,821.03
4179,2281,8,1,7270.16
4180,2283,14,1,9091.11
4181,2283,9,1,12416.25
4182,2283,3,1,3591.34
4183,2284,4,1,6405.21
4184,2285,12,1,13617.01
4185,2285,21,1,5371.91
4186,2286,13,1,10583.46
4187,2286,20,1,1039.38
4188,2287,16,3,13762.56
4189,2287,4,1,7942.77
4190,2287,19,1,2140.34
4191,2288,5,1,642.5
4192,2288,20,2,1037.38
4193,2289,11,1,19289.21
4194,2290,12,1,13333.9
4195,2290,10,1,17946.33
4196,2290,16,1,12738.52
4197,2291,5,1,588.4
4198,2291,2,1,981.97
4199,2291,22,2,1367.22
4200,2291,8,1,7398.79
4201,2292,23,2,9025.43
4202,2292,24,1,4145.91
4203,2292,9,3,13904.8
4204,2293,13,1,9543.72
4205,2293,7,1,2257.53
4206,2294,14,1,9227.44
4207,2294,13,1,9293.47
4208,2294,4,1,6767.73
4209,2295,20,1,1230.68
4210,2296,4,2,6977.91
4211,2296,6,1,24841.37
4212,2297,1,1,477.84
4213,2297,16,1,10929.33
4214,2297,21,1,6325.29
4215,2297,11,1,19135.87
4216,2298,3,2,3403.34
4217,2298,16,1,12088.92
4218,2299,22,1,1283.59
4219,2300,14,2,9082.6
4220,2300,4,2,7884.29
4221,2301,19,1,1808.96
4222,2302,9,1,13365.34
4223,2302,1,1,498.77
4224,2302,19,1,2124.17
4225,2303,24,3,5115.47
4226,2304,11,1,21202.41
4227,2304,17,1,1043.78
4228,2304,10,1,13800.77
4229,2305,20,2,1121.95
4230,2305,6,1,28107.4
4231,2305,21,1,6060.16
4232,2306,8,3,8901.49
4233,2306,2,1,844.5
4234,2306,22,1,1661.75
4235,2306,19,2,1840.34
4236,2307,10,3,15782.89
4237,2307,6,2,26718.89
4238,2308,11,1,20230.5
4239,2308,17,3,1265.34
4240,2309,3,1,3557.27
4241,2310,11,1,20192.97
4242,2310,12,1,13610.34
4243,2310,14,1,10180.99
4244,2311,6,1,27513.8
4245,2311,9,1,11127.71
4246,2311,10,1,14874.34
4247,2312,11,1,21166.29
4248,2314,8,1,7718.2
4249,2314,4,2,6398.36
4250,2314,18,1,741.2
4251,2315,15,1,4306.11
4252,2315,9,2,13250.02
4253,2316,3,1,3249.66
4254,2317,2,3,859.98
4255,2317,3,1,4065.51
4256,2317,15,1,4296.08
4257,2318,10,2,17216.13
4258,2318,7,2,2475.94
4259,2318,20,1,1297.51
4260,2319,6,2,24354.17
4261,2319,20,1,1272.56
4262,2319,14,1,8245.0
4263,2320,12,2,12360.03
4264,2321,20,1,1045.53
4265,2321,4,1,7996.22
4266,2324,6,1,23236.4
4267,2324,19,1,1830.95
4268,2326,16,1,13219.08
4269,2326,7,3,2297.43
4270,2327,23,1,10661.78
4271,2328,13,1,10268.2
4272,2328,21,1,5714.64
4273,2328,20,1,1153.69
4274,2329,6,2,24411.95
4275,2329,9,1,11026.3
4276,2330,10,1,15717.08
4277,2331,17,1,1244.14
4278,2331,7,1,2576.54
4279,2332,24,1,5367.17
4280,2333,10,1,14999.5
4281,2333,16,1,12713.76
4282,2334,22,1,1676.99
4283,2335,20,1,1003.65
4284,2335,15,1,4064.36
4285,2336,17,1,1092.51
4286,2337,25,2,13394.5
4287,2337,23,1,9403.6
4288,2338,22,1,1336.9
4289,2338,11,1,17683.08
4290,2338,5,2,518.93
4291,2339,11,1,21544.85
4292,2341,25,1,16048.39
4293,2341,2,2,1001.3
4294,2341,22,2,1408.91
4295,2342,1,1,528.07
4296,2342,24,1,4348.44
4297,2343,3,2,3455.06
4298,2343,19,1,2171.43
4299,2343,9,1,11502.28
4300,2343,22,2,1541.6
4301,2344,22,2,1267.22
4302,2346,4,1,7269.18
4303,2346,7,1,2128.24
4304,2346,9,2,10791.04
4305,2347,20,1,1178.59
4306,2347,24,1,5553.19
4307,2347,11,1,20795.81
4308,2347,15,1,3867.49
4309,2349,5,2,627.17
4310,2349,7,1,2579.52
4311,2350,12,2,15106.52
4312,2351,4,2,7802.55
4313,2351,6,1,28469.3
4314,2352,25,1,16483.8
4315,2352,17,1,1101.33
4316,2353,18,1,742.75
4317,2354,10,1,17951.47
4318,2354,25,1,17817.95
4319,2355,10,1,16222.66
4320,2355,17,1,1351.25
4321,2357,16,1,12225.7
4322,2358,25,1,16834.02
4323,2358,4,1,5987.05
4324,2358,19,1,2108.9
4325,2359,21,2,5544.89
4326,2359,9,1,10954.72
4327,2360,8,2,8565.16
4328,2360,3,1,4315.61
4329,2360,15,2,3848.59
4330,2361,19,1,2032.98
4331,2361,23,1,10417.99
4332,2362,17,1,1333.07
4333,2362,9,1,12753.77
4334,2363,10,1,14195.98
4335,2363,9,2,10783.12
4336,2364,3,1,3972.98
4337,2364,20,1,1133.0
4338,2365,7,1,2543.32
4339,2365,13,1,9246.05
4340,2365,24,1,4454.61
4341,2366,14,1,9757.33
4342,2367,16,1,12733.97
4343,2367,13,1,9469.58
4344,2367,12,1,13743.64
4345,2368,8,2,7727.36
4346,2368,19,1,1950.94
4347,2368,14,1,9440.81
4348,2369,2,1,813.24
4349,2370,7,1,2295.41
4350,2371,25,3,15918.32
4351,2372,1,1,511.46
4352,2372,19,1,1749.33
4353,2373,19,1,1799.39
4354,2373,16,1,13671.35
4355,2373,21,2,6060.04
4356,2374,22,1,1513.93
4357,2374,17,2,1219.44
4358,2375,7,1,2682.91
4359,2375,23,1,8348.3
4360,2375,24,1,4262.7
4361,2375,17,2,1143.83
4362,2376,22,3,1435.77
4363,2376,24,1,4548.71
4364,2377,19,1,1782.81
4365,2377,4,1,8036.7
4366,2377,24,1,4800.92
4367,2378,1,1,464.37
4368,2379,12,1,14311.97
4369,2379,1,3,405.28
4370,2380,23,1,10011.56
4371,2380,12,1,14554.06
4372,2381,23,1,10335.93
4373,2381,20,1,1188.36
4374,2381,7,1,2505.66
4375,2382,4,1,6047.14
4376,2382,12,1,11431.12
4377,2383,7,1,2668.22
4378,2384,1,1,521.13
4379,2384,20,2,1285.41
4380,2384,2,1,755.03
4381,2385,17,3,1088.62
4382,2385,13,2,10720.65
4383,2385,16,3,10682.01
4384,2385,25,1,15681.8
4385,2386,9,1,14086.33
4386,2388,8,1,7399.2
4387,2388,18,1,793.89
4388,2389,19,1,2017.59
4389,2389,2,1,948.27
4390,2389,4,1,6033.91
4391,2390,11,1,20391.46
4392,2392,19,3,1938.3
4393,2392,14,1,10065.18
4394,2393,13,1,9341.83
4395,2393,5,2,667.04
4396,2394,17,1,1217.31
4397,2395,20,1,1040.79
4398,2395,23,1,10008.71
4399,2396,20,1,1303.61
4400,2396,10,1,13985.25
4401,2396,15,1,4153.27
4402,2397,21,1,5126.65
4403,2397,15,2,4267.87
4404,2398,1,1,488.26
4405,2398,4,1,7766.72
4406,2399,21,1,4831.39
4407,2400,24,2,5039.18
4408,2400,9,1,11258.1
4409,2400,25,3,16913.89
4410,2401,8,1,8208.43
4411,2401,24,1,5351.46
4412,2403,1,1,418.95
4413,2403,23,1,9160.31
4414,2403,22,1,1596.73
4415,2403,12,1,11709.56
4416,2404,18,2,834.64
4417,2404,17,2,1195.01
4418,2406,1,1,438.58
4419,2407,4,2,7473.47
4420,2408,11,1,18218.15
4421,2409,15,2,3861.28
4422,2409,6,1,24789.66
4423,2409,11,1,18558.0
4424,2409,20,1,1028.51
4425,2410,15,1,4336.46
4426,2411,24,1,5294.3
4427,2411,13,1,9730.28
4428,2411,14,1,10214.1
4429,2414,9,1,13944.89
4430,2414,11,1,18228.74
4431,2416,19,1,1862.75
4432,2416,2,1,876.6
4433,2417,6,1,24645.04
4434,2418,5,2,621.79
4435,2418,23,1,9480.81
4436,2418,3,1,3546.12
4437,2419,8,1,8306.37
4438,2419,3,2,4308.25
4439,2420,22,1,1599.46
4440,2420,6,1,23347.08
4441,2420,10,1,17364.6
4442,2421,21,2,5663.31
4443,2421,23,1,11021.3
4444,2421,25,2,15652.57
4445,2421,11,1,20177.13
4446,2424,19,1,2232.49
4447,2424,2,1,900.54
4448,2425,3,1,3579.95
4449,2425,1,1,418.33
4450,2426,17,1,1252.89
4451,2427,7,1,2789.63
4452,2428,11,1,20359.23
4453,2428,25,1,15392.66
4454,2428,1,1,462.32
4455,2429,24,1,5458.61
4456,2430,7,1,2754.9
4457,2431,11,1,18592.23
4458,2432,8,2,8607.19
4459,2432,17,1,1287.86
4460,2432,20,1,1135.42
4461,2433,23,1,9370.81
4462,2433,20,1,1033.18
4463,2434,25,1,17567.86
4464,2434,16,1,13775.44
4465,2434,22,1,1655.01
4466,2435,20,2,1188.41
4467,2435,13,1,11132.3
4468,2436,25,1,14179.7
4469,2436,23,1,9765.79
4470,2438,6,1,26539.82
4471,2438,22,2,1603.05
4472,2439,8,2,7998.2
4473,2439,22,2,1535.91
4474,2440,12,1,12948.25
4475,2441,1,1,474.28
4476,2442,11,1,22027.96
4477,2442,25,1,17762.74
4478,2443,14,1,8416.58
4479,2443,15,1,4191.38
4480,2444,9,1,11015.25
4481,2445,9,1,12944.85
4482,2446,10,1,14156.0
4483,2446,19,2,1669.49
4484,2449,15,1,4618.25
4485,2449,22,2,1386.65
4486,2451,9,1,14084.59
4487,2452,18,1,737.3
4488,2452,6,1,21913.01
4489,2453,25,2,14837.18
4490,2453,13,1,9209.85
4491,2453,20,1,1160.63
4492,2454,12,1,11585.92
4493,2454,19,1,2044.68
4494,2454,15,1,3951.27
4495,2455,13,1,11606.97
4496,2456,17,2,1272.03
4497,2458,19,1,2210.79
4498,2458,18,1,674.66
4499,2459,20,1,980.69
4500,2459,23,2,10974.39
4501,2460,24,1,4867.06
4502,2460,14,1,9287.82
4503,2461,10,2,16471.25
4504,2461,19,1,1875.93
4505,2461,25,1,13432.29
4506,2461,14,1,10261.75
4507,2462,17,1,1239.56
4508,2462,14,1,10471.03
4509,2462,25,1,17068.66
4510,2463,5,1,661.58
4511,2463,20,1,1229.61
4512,2465,16,1,12551.95
4513,2465,2,1,925.54
4514,2466,21,1,6378.84
4515,2466,7,1,2476.1
4516,2467,17,2,1354.09
4517,2467,21,2,6196.44
4518,2468,7,3,2710.23
4519,2469,1,3,491.8
4520,2469,8,1,8419.62
4521,2470,21,1,5106.38
4522,2470,2,1,917.77
4523,2470,13,2,11366.07
4524,2471,22,1,1387.12
4525,2471,18,2,828.36
4526,2471,4,2,6698.4
4527,2473,14,1,9633.64
4528,2474,19,1,2051.9
4529,2474,12,1,13181.04
4530,2474,21,1,5863.84
4531,2475,1,1,451.07
4532,2475,18,1,761.33
4533,2476,17,1,1121.19
4534,2476,3,1,3958.49
4535,2476,7,1,2681.51
4536,2477,3,2,3280.13
4537,2477,23,1,10250.54
4538,2478,24,1,4751.29
4539,2478,20,3,1207.06
4540,2478,9,1,12054.78
4541,2479,9,1,10601.26
4542,2479,3,1,3423.15
4543,2479,21,1,6322.96
4544,2480,25,1,16144.6
4545,2480,11,1,19881.73
4546,2481,11,1,19748.95
4547,2481,12,2,13903.98
4548,2481,10,1,16984.83
4549,2483,9,1,13178.56
4550,2483,4,2,7837.26
4551,2483,7,1,2408.1
4552,2484,16,1,12401.29
4553,2484,1,2,442.51
4554,2485,5,1,592.18
4555,2485,10,1,14382.81
4556,2486,9,1,14070.54
4557,2486,18,1,706.81
4558,2486,5,1,548.64
4559,2487,20,2,1290.33
4560,2487,6,1,25241.12
4561,2488,5,3,578.09
4562,2488,7,1,2753.04
4563,2488,20,3,1185.92
4564,2489,14,3,10494.28
4565,2489,24,1,5049.8
4566,2490,6,1,22975.43
4567,2490,17,1,1198.76
4568,2491,8,1,8119.86
4569,2491,12,1,14749.45
4570,2491,6,1,25312.48
4571,2492,23,1,9204.37
4572,2492,8,1,8647.57
4573,2492,11,1,19669.88
4574,2492,13,2,11330.0
4575,2493,24,1,5420.53
4576,2493,12,1,13740.85
4577,2494,14,2,7988.8
4578,2494,1,1,455.36
4579,2494,20,1,1078.1
4580,2495,6,2,26831.81
4581,2496,25,3,16173.62
4582,2497,17,2,1344.43
4583,2498,8,1,8900.25
4584,2498,24,1,5192.77
4585,2499,20,1,1041.36
4586,2499,5,1,549.38
4587,2499,19,1,1938.42
4588,2500,1,1,434.2
4589,2500,13,1,9382.03
4590,2501,17,1,1118.84
4591,2501,23,1,9809.86
4592,2502,2,1,759.38
4593,2503,13,1,9653.35
4594,2503,15,2,4564.76
4595,2505,2,1,980.11
4596,2507,3,1,3416.51
4597,2507,2,1,847.11
4598,2507,11,2,21788.41
4599,2508,1,1,418.51
4600,2508,22,3,1415.41
4601,2509,8,1,8104.5
4602,2509,18,2,826.13
4603,2510,19,1,1841.36
4604,2510,21,1,6416.12
4605,2510,25,1,13543.87
4606,2511,5,1,531.68
4607,2511,6,1,24382.46
4608,2511,24,1,4550.74
4609,2512,23,2,8559.68
4610,2512,16,1,12578.23
4611,2513,14,1,8785.24
4612,2513,1,1,463.7
4613,2514,22,1,1701.27
4614,2515,24,1,4563.48
4615,2515,2,1,858.53
4616,2515,4,3,6001.02
4617,2516,10,2,16206.22
4618,2516,25,1,14726.85
4619,2517,1,1,523.55
4620,2517,19,1,2154.53
4621,2517,13,1,8856.54
4622,2517,3,1,3878.02
4623,2518,3,1,3870.39
4624,2518,9,1,13565.37
4625,2520,23,2,9194.83
4626,2521,21,1,5584.49
4627,2521,19,1,1790.89
4628,2521,9,1,12321.61
4629,2522,18,1,714.14
4630,2522,12,1,14902.95
4631,2523,5,1,530.31
4632,2523,16,1,10698.81
4633,2524,12,1,12085.34
4634,2524,1,1,451.6
4635,2524,13,1,10026.59
4636,2525,7,1,2497.66
4637,2526,12,3,13631.63
4638,2527,17,1,1182.86
4639,2528,24,2,5306.84
4640,2529,3,1,4041.43
4641,2529,21,3,5840.92
4642,2530,8,1,9277.9
4643,2530,24,1,4841.86
4644,2531,13,2,11361.54
4645,2532,20,2,1232.16
4646,2532,2,3,983.17
4647,2533,2,1,774.01
4648,2533,4,1,6203.65
4649,2533,17,1,1252.2
4650,2534,4,1,6084.9
4651,2534,24,1,5387.76
4652,2536,17,2,1240.83
4653,2536,10,1,15634.34
4654,2538,20,1,1055.52
4655,2539,13,2,9456.78
4656,2539,5,2,520.38
4657,2541,3,1,3940.24
4658,2541,1,1,439.16
4659,2542,2,1,768.42
4660,2542,16,1,11593.67
4661,2542,11,1,18078.45
4662,2543,12,1,12476.38
4663,2543,16,1,12731.8
4664,2544,17,3,1314.06
4665,2544,4,2,8009.01
4666,2545,15,1,4082.07
4667,2545,17,1,1055.59
4668,2545,4,1,6133.9
4669,2546,14,1,9367.57
4670,2546,23,1,11094.04
4671,2546,18,1,756.76
4672,2546,7,1,2389.03
4673,2547,21,1,5382.8
4674,2548,17,1,1344.05
4675,2550,10,2,17058.19
4676,2551,25,1,16019.37
4677,2551,1,1,491.77
4678,2552,11,2,17151.81
4679,2553,9,1,13530.76
4680,2554,3,1,3618.87
4681,2554,23,3,10626.49
4682,2555,10,2,17986.82
4683,2555,13,2,10227.72
4684,2555,1,2,529.07
4685,2556,17,1,1330.92
4686,2556,24,1,5312.46
4687,2556,3,1,3884.18
4688,2556,7,2,2739.9
4689,2557,25,1,17069.41
4690,2557,3,1,3734.04
4691,2557,22,1,1465.32
4692,2557,12,1,12576.11
4693,2559,13,1,9943.51
4694,2559,20,1,1091.59
4695,2559,7,1,2187.2
4696,2559,5,1,666.08
4697,2560,6,1,26234.98
4698,2561,4,1,6207.12
4699,2562,21,2,5956.02
4700,2562,2,1,776.04
4701,2563,6,3,26636.61
4702,2563,3,1,3792.0
4703,2563,5,2,589.45
4704,2563,17,1,1216.15
4705,2564,7,1,2520.3
4706,2565,22,1,1283.94
4707,2565,24,2,5222.31
4708,2566,6,1,22454.14
4709,2566,16,1,13436.98
4710,2567,11,1,18349.3
4711,2567,23,1,8444.21
4712,2568,1,2,488.37
4713,2568,24,1,5500.25
4714,2569,1,1,463.13
4715,2569,14,2,7936.25
4716,2570,16,1,11865.97
4717,2570,2,1,749.81
4718,2571,23,1,10885.99
4719,2572,16,1,11523.74
4720,2572,11,1,19447.37
4721,2572,1,1,464.67
4722,2573,10,1,15235.31
4723,2573,2,1,890.86
4724,2574,5,1,633.53
4725,2574,6,2,27262.71
4726,2574,21,1,5068.56
4727,2575,4,1,7127.61
4728,2576,16,1,10261.9
4729,2576,2,1,803.46
4730,2577,13,2,11103.55
4731,2578,2,1,803.2
4732,2579,11,1,22101.08
4733,2580,24,1,4513.32
4734,2580,16,1,10498.18
4735,2582,20,2,1134.72
4736,2583,7,1,2309.15
4737,2584,7,1,2241.54
4738,2584,17,1,1372.21
4739,2584,22,1,1626.82
4740,2584,12,2,14931.87
4741,2585,6,1,26171.6
4742,2585,12,2,14398.63
4743,2586,18,1,787.19
4744,2587,13,1,11260.99
4745,2587,24,1,4783.29
4746,2588,21,1,4905.07
4747,2589,8,1,9288.3
4748,2589,19,1,1846.96
4749,2589,25,1,14021.03
4750,2589,15,1,4334.2
4751,2590,22,1,1531.52
4752,2591,7,1,2546.47
4753,2592,14,1,10421.41
4754,2593,14,1,7991.25
4755,2594,17,1,1232.4
4756,2595,1,2,486.02
4757,2595,16,1,10606.73
4758,2595,20,1,1090.73
4759,2597,17,1,1116.41
4760,2597,20,1,1023.42
4761,2597,4,2,7170.65
4762,2597,21,1,5489.75
4763,2598,1,1,428.54
4764,2598,21,1,5396.12
4765,2598,13,1,8923.67
4766,2598,15,1,4135.05
4767,2599,8,2,9491.85
4768,2600,22,1,1496.51
4769,2602,16,1,11354.94
4770,2603,6,1,27874.73
4771,2603,8,1,9243.65
4772,2604,1,2,432.83
4773,2604,20,1,1249.81
4774,2604,23,1,10368.01
4775,2605,1,2,491.57
4776,2605,7,1,2357.51
4777,2606,21,1,4924.22
4778,2607,8,1,7343.66
4779,2607,18,2,821.83
4780,2607,5,1,632.9
4781,2608,10,1,14269.7
4782,2608,2,1,857.53
4783,2609,11,1,17077.58
4784,2609,20,1,1026.25
4785,2609,10,1,16012.04
4786,2610,19,1,1703.46
4787,2610,25,1,17042.34
4788,2610,3,2,4132.59
4789,2611,19,1,1691.21
4790,2612,22,1,1578.86
4791,2612,21,2,5843.09
4792,2613,3,1,3464.65
4793,2613,20,1,1311.2
4794,2614,14,2,9857.23
4795,2615,14,1,8001.72
4796,2616,1,3,434.08
4797,2616,25,1,16822.64
4798,2617,19,1,1824.78
4799,2618,20,1,1218.36
4800,2618,24,1,4385.21
4801,2618,25,1,16278.88
4802,2618,10,1,15442.28
4803,2619,6,1,24121.97
4804,2619,15,1,4264.67
4805,2620,14,1,8505.36
4806,2620,7,1,2611.43
4807,2621,7,2,2258.66
4808,2621,18,1,814.01
4809,2622,2,1,824.13
4810,2622,9,1,11124.18
4811,2623,23,1,9504.02
4812,2623,17,1,1340.4
4813,2624,12,1,12105.78
4814,2624,22,1,1604.47
4815,2624,24,1,4221.2
4816,2625,3,1,3913.17
4817,2625,5,1,605.46
4818,2626,14,1,10067.45
4819,2627,4,1,7455.35
4820,2628,20,3,1297.48
4821,2628,11,2,21544.53
4822,2630,19,1,1775.52
4823,2631,18,1,682.39
4824,2632,11,1,21129.9
4825,2632,23,1,8503.11
4826,2633,22,1,1593.5
4827,2634,4,1,7768.46
4828,2634,25,1,13816.02
4829,2635,1,2,499.04
4830,2635,23,1,9366.24
4831,2636,2,1,776.42
4832,2636,14,1,8865.26
4833,2637,13,3,9202.72
4834,2637,1,1,437.28
4835,2637,3,1,3858.89
4836,2637,16,2,11279.7
4837,2638,24,2,4892.45
4838,2638,7,1,2461.28
4839,2639,24,2,4289.97
4840,2640,14,1,8862.03
4841,2641,20,1,1281.02
4842,2641,18,1,841.81
4843,2642,4,2,7894.67
4844,2643,9,1,10842.66
4845,2643,5,1,558.02
4846,2644,2,1,765.1
4847,2644,3,1,3384.77
4848,2645,1,1,525.71
4849,2647,19,1,1754.23
4850,2647,3,1,3861.08
4851,2648,21,1,6485.49
4852,2648,12,1,12797.14
4853,2649,11,1,17822.74
4854,2650,25,1,16446.86
4855,2650,19,1,1912.29
4856,2650,5,1,596.71
4857,2651,11,1,19473.73
4858,2652,20,1,1253.0
4859,2652,11,3,19733.65
4860,2653,12,1,12086.94
4861,2653,8,1,7206.93
4862,2653,10,1,16561.96
4863,2654,21,1,6472.47
4864,2654,1,1,427.5
4865,2655,14,1,9087.14
4866,2655,8,1,7878.95
4867,2656,14,1,9873.34
4868,2656,21,1,4851.81
4869,2657,24,1,4392.15
4870,2657,12,2,13744.29
4871,2657,11,2,17648.32
4872,2659,12,1,12245.65
4873,2659,13,1,8873.72
4874,2659,11,2,20107.44
4875,2659,6,1,22955.52
4876,2660,15,1,4769.41
4877,2660,10,2,15913.74
4878,2662,16,1,12743.01
4879,2662,18,1,789.4
4880,2662,14,1,7834.69
4881,2663,6,1,25732.46
4882,2663,9,1,12496.24
4883,2663,1,1,408.78
4884,2664,23,1,8696.43
4885,2664,19,2,2195.85
4886,2665,17,1,1218.08
4887,2665,20,1,1146.84
4888,2665,9,1,11172.24
4889,2666,18,1,691.03
4890,2667,7,1,2509.03
4891,2667,14,1,7982.52
4892,2668,13,1,9088.71
4893,2668,24,1,5174.88
4894,2670,24,1,5325.88
4895,2671,16,1,12787.91
4896,2671,8,1,7589.46
4897,2672,3,1,3320.67
4898,2673,10,1,15433.26
4899,2674,15,1,3709.4
4900,2674,3,1,3718.45
4901,2675,5,1,635.86
4902,2675,9,2,14014.52
4903,2676,5,1,661.43
4904,2677,21,2,4983.9
4905,2677,5,1,581.15
4906,2679,10,1,16846.0
4907,2679,13,1,11048.96
4908,2679,9,1,12217.76
4909,2680,24,1,5472.02
4910,2680,4,1,7710.31
4911,2681,21,1,6486.39
4912,2681,18,1,668.78
4913,2682,4,1,6798.74
4914,2682,13,2,11259.73
4915,2683,16,1,11631.42
4916,2683,18,1,762.09
4917,2684,8,2,9509.53
4918,2684,20,2,1037.23
4919,2685,9,2,12651.41
4920,2686,16,1,11198.83
4921,2686,22,1,1498.55
4922,2686,25,2,13447.56
4923,2687,5,1,666.05
4924,2687,19,3,2245.0
4925,2688,9,1,10669.98
4926,2689,1,2,467.72
4927,2689,14,1,10437.68
4928,2689,5,1,619.72
4929,2690,9,1,11370.81
4930,2691,11,1,22199.4
4931,2691,7,1,2687.73
4932,2692,11,1,19799.81
4933,2692,23,1,8304.88
4934,2692,24,1,5549.6
4935,2693,4,1,6317.16
4936,2693,19,1,2162.23
4937,2694,22,1,1589.41
4938,2695,15,2,4376.96
4939,2695,22,3,1495.44
4940,2696,10,1,13760.28
4941,2696,7,1,2137.68
4942,2697,20,1,1116.62
4943,2697,23,1,9241.12
4944,2697,24,1,4147.26
4945,2697,5,1,642.5
4946,2698,10,1,15732.14
4947,2698,21,1,6345.66
4948,2699,11,1,17113.1
4949,2699,12,2,13610.8
4950,2699,14,1,8719.5
4951,2700,20,1,1054.33
4952,2700,14,1,8805.39
4953,2701,19,2,1861.63
4954,2703,5,1,573.22
4955,2704,13,1,9017.2
4956,2704,14,1,9436.98
4957,2704,3,1,4140.68
4958,2705,17,1,1169.06
4959,2705,13,2,9589.42
4960,2705,6,1,26051.61
4961,2706,11,1,20678.82
4962,2706,15,1,3978.26
4963,2706,6,1,22464.6
4964,2706,2,1,908.57
4965,2707,19,1,1836.97
4966,2707,7,2,2620.81
4967,2708,10,2,14007.45
4968,2708,9,1,11273.83
4969,2709,1,1,468.26
4970,2709,6,1,25552.19
4971,2710,16,1,12936.47
4972,2710,1,1,476.36
4973,2711,20,1,1311.7
4974,2711,3,1,3627.19
4975,2712,9,2,11882.05
4976,2712,11,1,16952.94
4977,2713,10,1,14384.23
4978,2713,1,1,499.09
4979,2714,5,1,669.42
4980,2714,16,1,13028.65
4981,2715,12,1,15104.92
4982,2716,25,1,15946.11
4983,2716,18,1,752.65
4984,2716,11,1,21675.46
4985,2716,5,1,541.81
4986,2718,17,1,1133.16
4987,2719,11,2,17106.87
4988,2719,24,1,4778.42
4989,2720,25,1,17702.23
4990,2721,25,1,16339.29
4991,2721,14,3,10172.19
4992,2722,14,1,8131.64
4993,2722,25,1,14705.09
4994,2723,10,2,13779.87
4995,2723,20,1,1077.6
4996,2723,8,1,8060.32
4997,2724,10,1,15593.85
4998,2724,13,1,8988.67
4999,2725,4,2,6920.99
5000,2725,25,3,15613.19
5001,2725,24,1,4875.08
5002,2726,2,2,932.0
5003,2726,23,1,10553.71
5004,2727,23,2,9439.68
5005,2727,7,1,2324.95
5006,2728,21,1,5881.46
5007,2728,16,1,10802.42
5008,2729,11,1,21501.37
5009,2729,13,1,10730.92
5010,2730,6,1,27102.46
5011,2730,20,1,1056.98
5012,2731,20,1,1077.65
5013,2731,16,1,11398.1
5014,2731,5,3,645.42
5015,2732,6,1,26615.69
5016,2732,21,2,5653.14
5017,2733,12,1,13134.78
5018,2733,7,3,2709.92
5019,2734,23,1,11030.62
5020,2734,3,2,4057.23
5021,2735,23,3,9023.19
5022,2735,9,1,11105.95
5023,2735,20,1,1232.64
5024,2736,16,1,13310.52
5025,2736,6,1,26720.37
5026,2736,7,1,2501.8
5027,2736,17,1,1387.85
5028,2737,20,1,1219.14
5029,2737,25,1,13642.09
5030,2739,15,1,4957.45
5031,2739,17,1,1143.19
5032,2740,12,2,14985.01
5033,2740,20,1,1024.79
5034,2741,16,1,12629.3
5035,2741,5,1,636.26
5036,2741,14,1,9632.74
5037,2742,7,1,2081.46
5038,2742,21,1,6195.75
5039,2743,5,2,695.78
5040,2743,22,2,1443.48
5041,2744,22,1,1311.24
5042,2744,17,1,1321.04
5043,2745,6,1,28156.36
5044,2746,14,1,9208.75
5045,2748,9,2,12494.24
5046,2748,5,1,631.56
5047,2748,3,1,3732.73
5048,2749,6,1,21870.31
5049,2749,5,2,650.99
5050,2750,16,2,13681.02
5051,2751,22,1,1614.86
5052,2751,1,1,463.17
5053,2751,20,2,1250.09
5054,2752,17,1,1285.59
5055,2752,25,3,15408.43
5056,2754,12,1,11713.12
5057,2755,23,2,10637.76
5058,2756,24,1,4724.24
5059,2756,10,3,14402.98
5060,2757,19,1,1868.12
5061,2757,14,1,10086.22
5062,2757,1,1,503.94
5063,2757,24,1,4562.6
5064,2758,21,1,6066.51
5065,2758,1,1,536.98
5066,2758,20,1,1267.47
5067,2758,5,1,617.25
5068,2759,2,1,779.95
5069,2759,4,1,7981.87
5070,2760,21,1,5794.76
5071,2761,22,1,1626.5
5072,2762,6,1,27961.42
5073,2763,3,2,3267.8
5074,2763,4,1,6317.68
5075,2764,20,2,1183.1
5076,2765,25,1,14642.43
5077,2765,11,1,19587.23
5078,2766,8,2,9085.66
5079,2766,13,1,9259.45
5080,2766,5,1,673.18
5081,2767,13,1,9994.89
5082,2767,3,3,3361.41
5083,2767,25,3,16681.44
5084,2767,17,1,1347.9
5085,2768,9,3,11403.69
5086,2769,14,2,10184.65
5087,2769,22,3,1588.16
5088,2769,17,1,1052.68
5089,2770,15,1,4143.21
5090,2770,8,1,8429.42
5091,2771,16,1,12438.07
5092,2771,22,2,1419.46
5093,2771,25,1,13512.74
5094,2771,12,1,13071.58
5095,2772,17,1,1248.1
5096,2772,4,1,7553.73
5097,2772,1,3,462.42
5098,2773,18,1,847.82
5099,2773,24,2,5530.56
5100,2774,18,2,812.23
5101,2774,3,2,3271.83
5102,2775,8,2,8809.26
5103,2775,5,2,611.17
5104,2775,19,1,1876.89
5105,2775,9,1,10772.36
5106,2776,13,1,9245.89
5107,2776,2,1,999.83
5108,2777,3,1,3334.69
5109,2778,2,1,818.97
5110,2778,18,1,845.78
5111,2780,5,1,580.51
5112,2781,16,1,11388.83
5113,2782,19,1,1743.71
5114,2783,17,1,1093.52
5115,2784,19,1,2218.43
5116,2786,13,1,9398.93
5117,2787,16,1,11828.63
5118,2787,3,1,3855.08
5119,2787,14,2,10464.06
5120,2788,17,1,1320.96
5121,2789,14,1,9224.83
5122,2789,2,1,805.9
5123,2790,6,1,25698.63
5124,2790,23,1,10549.57
5125,2791,12,1,12417.06
5126,2791,17,1,1203.3
5127,2791,14,1,7917.2
5128,2791,5,1,575.71
5129,2792,24,2,4159.57
5130,2792,7,1,2527.79
5131,2792,8,1,8290.15
5132,2793,24,1,5470.83
5133,2794,13,1,8955.47
5134,2794,20,2,1181.94
5135,2794,24,1,4974.78
5136,2794,16,1,10697.79
5137,2796,22,1,1546.97
5138,2797,23,1,8313.02
5139,2797,9,1,12567.34
5140,2798,6,1,28257.33
5141,2798,4,1,6991.23
5142,2799,11,1,19334.18
5143,2799,7,1,2262.26
5144,2799,15,1,4035.82
5145,2800,18,1,656.47
5146,2800,19,1,2003.81
5147,2801,10,1,13899.8
5148,2801,2,1,937.54
5149,2802,25,1,16494.42
5150,2802,13,1,10675.59
5151,2802,8,1,9133.73
5152,2803,20,1,1079.42
5153,2803,4,1,6234.23
5154,2803,24,1,4883.31
5155,2803,22,2,1495.43
5156,2804,1,1,472.88
5157,2804,17,1,1366.36
5158,2805,3,3,3233.41
5159,2805,21,1,5475.19
5160,2805,24,1,4501.43
5161,2806,16,1,12187.37
5162,2806,14,1,9356.11
5163,2806,6,1,23177.02
5164,2806,3,1,3778.3
5165,2807,2,2,837.43
5166,2807,5,1,654.7
5167,2808,22,1,1650.55
5168,2809,18,1,644.11
5169,2809,2,2,802.0
5170,2809,19,1,1678.87
5171,2810,17,1,1217.06
5172,2810,10,1,16172.11
5173,2810,20,1,1256.35
5174,2810,4,1,7590.36
5175,2811,3,1,4038.67
5176,2811,14,1,9368.71
5177,2812,13,1,9455.89
5178,2812,24,1,4340.36
5179,2812,2,1,859.47
5180,2813,6,1,28384.86
5181,2813,14,1,8190.46
5182,2813,24,1,5394.09
5183,2814,20,1,1190.57
5184,2814,22,2,1562.9
5185,2814,13,1,10857.44
5186,2815,12,1,13341.33
5187,2815,8,1,7567.21
5188,2816,24,1,4142.5
5189,2816,14,1,9809.03
5190,2816,11,2,21727.78
5191,2816,4,2,7926.15
5192,2817,16,1,11611.99
5193,2817,9,1,10945.04
5194,2817,14,1,8077.65
5195,2819,20,1,1265.51
5196,2820,16,1,11832.64
5197,2821,17,1,1229.38
5198,2821,10,1,14812.92
5199,2822,21,1,5101.78
5200,2824,3,1,3250.13
5201,2824,12,1,12227.41
5202,2824,9,1,12830.23
5203,2825,16,1,11488.76
5204,2825,11,1,21349.85
5205,2825,12,1,11420.66
5206,2825,21,1,5471.4
5207,2826,18,1,743.92
5208,2826,3,1,4260.56
5209,2826,16,2,12775.37
5210,2827,8,1,9169.06
5211,2827,14,1,9261.25
5212,2827,4,1,7849.93
5213,2828,14,3,8138.18
5214,2829,10,1,16312.77
5215,2830,6,1,24309.25
5216,2830,9,2,12488.86
5217,2830,25,3,16973.44
5218,2831,4,1,6811.33
5219,2832,4,1,7697.84
5220,2832,2,1,785.56
5221,2833,19,1,1995.84
5222,2833,12,1,12568.9
5223,2834,10,1,13817.29
5224,2834,15,1,4802.67
5225,2835,17,1,1051.74
5226,2836,12,2,11294.05
5227,2836,8,2,8585.46
5228,2837,16,1,12774.04
5229,2838,17,2,1107.74
5230,2838,10,2,13628.26
5231,2839,16,1,11316.99
5232,2839,4,1,7830.5
5233,2839,25,1,17326.74
5234,2840,13,1,11072.03
5235,2840,4,1,7307.98
5236,2840,5,1,594.53
5237,2841,9,3,12543.89
5238,2841,14,1,9986.08
5239,2841,19,1,2039.73
5240,2842,25,1,16805.21
5241,2843,21,1,6122.92
5242,2844,23,1,8412.32
5243,2844,5,1,657.18
5244,2845,14,1,8148.39
5245,2845,9,1,11094.41
5246,2845,20,1,1095.27
5247,2846,24,2,4461.73
5248,2846,23,1,9254.65
5249,2846,4,1,6052.85
5250,2847,19,2,1797.98
5251,2848,21,2,5364.41
5252,2849,4,1,6764.67
5253,2850,7,1,2517.93
5254,2850,4,2,6663.45
5255,2851,17,1,1102.65
5256,2851,6,1,26463.49
5257,2852,7,1,2073.67
5258,2852,15,1,4605.19
5259,2853,1,1,507.52
5260,2854,11,1,18722.82
5261,2855,24,1,4276.29
5262,2855,1,1,495.88
5263,2855,7,1,2074.32
5264,2855,4,1,6597.36
5265,2856,5,1,556.07
5266,2857,14,2,8546.03
5267,2857,15,1,4669.38
5268,2858,12,1,14998.6
5269,2858,20,1,1234.0
5270,2859,1,1,512.92
5271,2860,11,2,21841.39
5272,2860,3,1,3515.35
5273,2861,25,1,13279.28
5274,2861,21,1,5977.73
5275,2861,12,1,11611.89
5276,2862,21,1,5215.32
5277,2862,25,1,15984.15
5278,2862,12,2,13404.97
5279,2862,22,1,1595.86
5280,2863,9,1,10811.36
5281,2863,2,1,983.52
5282,2864,2,1,864.68
5283,2865,11,3,20979.12
5284,2865,15,1,4101.9
5285,2865,24,1,4705.89
5286,2865,12,1,15159.05
5287,2866,6,1,27385.31
5288,2866,8,1,9078.64
5289,2867,7,1,2555.53
5290,2868,4,1,6892.85
5291,2869,8,1,9196.03
5292,2870,5,1,663.39
5293,2870,8,1,9273.54
5294,2870,12,1,13411.4
5295,2871,12,2,12061.01
5296,2871,16,2,12203.23
5297,2872,13,1,10781.85
5298,2872,11,2,18000.26
5299,2872,14,1,9537.6
5300,2873,3,1,3652.02
5301,2874,13,1,11153.35
5302,2875,16,1,10828.19
5303,2875,8,3,9280.72
5304,2876,24,1,5554.35
5305,2876,25,2,15242.14
5306,2876,10,1,13622.48
5307,2877,13,1,10117.25
5308,2879,2,1,935.99
5309,2879,20,1,1117.33
5310,2879,15,1,3990.57
5311,2880,13,1,9942.31
5312,2880,7,1,2220.87
5313,2881,21,1,6250.12
5314,2882,23,1,9174.65
5315,2883,2,1,908.32
5316,2884,21,3,4882.48
5317,2884,22,1,1483.55
5318,2884,10,2,17980.74
5319,2885,22,1,1590.44
5320,2885,4,2,6012.11
5321,2887,24,1,5381.57
5322,2887,15,2,4107.06
5323,2887,25,1,15258.85
5324,2887,8,2,9527.05
5325,2888,5,2,520.07
5326,2888,20,1,1290.49
5327,2888,12,2,11283.11
5328,2888,21,1,5816.24
5329,2889,16,1,11232.67
5330,2889,11,1,22159.09
5331,2889,2,1,1004.08
5332,2889,18,1,723.06
5333,2890,12,1,12741.59
5334,2891,22,1,1689.62
5335,2891,1,2,432.04
5336,2891,25,1,13694.76
5337,2892,2,1,785.82
5338,2893,6,1,22786.78
5339,2893,3,3,4283.06
5340,2893,14,1,9931.66
5341,2893,17,1,1101.89
5342,2894,18,1,670.35
5343,2894,20,1,1025.77
5344,2894,2,1,975.75
5345,2895,23,1,8315.09
5346,2895,15,1,4785.28
5347,2896,7,2,2768.64
5348,2896,4,1,6465.07
5349,2897,12,1,14020.26
5350,2898,16,3,10889.56
5351,2898,7,1,2778.86
5352,2899,25,2,13651.2
5353,2900,23,2,9112.86
5354,2900,19,1,1911.96
5355,2901,9,1,10806.06
5356,2901,2,1,987.57
5357,2902,16,1,12076.49
5358,2902,11,1,19604.35
5359,2903,11,2,20418.54
5360,2903,20,1,1271.87
5361,2903,8,1,9580.72
5362,2903,22,1,1453.9
5363,2904,8,2,8288.94
5364,2904,21,2,5256.24
5365,2905,13,2,9036.31
5366,2905,10,1,16544.82
5367,2905,18,1,736.55
5368,2905,9,1,11295.04
5369,2906,15,1,3830.22
5370,2906,11,1,21282.14
5371,2906,14,1,8788.23
5372,2906,23,1,8368.18
5373,2907,16,1,11149.31
5374,2907,17,1,1046.12
5375,2908,12,1,12213.76
5376,2909,14,2,9263.09
5377,2909,1,1,407.33
5378,2910,6,3,25609.31
5379,2910,15,1,4396.89
5380,2911,10,1,17476.06
5381,2913,7,1,2568.82
5382,2913,22,1,1462.12
5383,2914,21,1,5322.03
5384,2914,11,1,18440.39
5385,2916,15,1,3716.42
5386,2916,6,1,27415.32
5387,2917,6,1,27141.71
5388,2917,22,1,1279.54
5389,2917,14,1,7900.66
5390,2918,5,1,686.27
5391,2918,20,1,985.12
5392,2918,17,1,1326.6
5393,2919,16,1,12967.05
5394,2920,9,1,13657.78
5395,2920,11,1,21321.42
5396,2921,11,1,20380.71
5397,2921,13,1,11411.95
5398,2922,3,1,3689.27
5399,2923,17,1,1341.44
5400,2923,21,1,6361.68
5401,2923,10,1,17817.08
5402,2923,15,2,4726.02
5403,2924,13,1,9211.16
5404,2925,16,2,10647.4
5405,2925,6,2,22138.67
5406,2926,8,2,8752.0
5407,2926,3,1,4244.11
5408,2927,18,1,823.52
5409,2928,13,1,10808.2
5410,2928,12,1,13800.01
5411,2929,4,2,6437.89
5412,2929,21,2,6203.04
5413,2929,19,1,1825.39
5414,2930,11,1,20470.67
5415,2930,24,1,4374.84
5416,2930,7,2,2495.63
5417,2932,12,2,11755.53
5418,2932,3,2,3383.32
5419,2932,17,1,1249.5
5420,2933,3,1,3789.78
5421,2933,17,1,1122.0
5422,2933,11,1,17871.04
5423,2933,10,1,14761.5
5424,2934,6,1,25482.21
5425,2934,8,2,8927.91
5426,2935,9,1,13793.24
5427,2935,8,1,8581.54
5428,2936,16,1,10533.72
5429,2937,6,1,21358.2
5430,2937,1,1,464.04
5431,2937,10,1,13580.46
5432,2937,4,1,7688.29
5433,2938,22,1,1354.73
5434,2938,15,3,4074.34
5435,2939,21,1,5753.77
5436,2940,11,1,18727.59
5437,2940,9,1,11046.54
5438,2940,19,1,1908.78
5439,2941,23,1,9943.18
5440,2941,5,2,578.36
5441,2942,11,1,18119.77
5442,2942,25,1,16988.3
5443,2942,22,1,1597.98
5444,2943,19,1,1748.89
5445,2943,9,1,10972.44
5446,2943,13,1,10436.53
5447,2944,10,1,15681.59
5448,2944,11,1,18201.27
5449,2945,18,1,821.02
5450,2945,20,1,1141.63
5451,2945,22,1,1562.73
5452,2946,3,1,3373.92
5453,2946,12,1,13043.3
5454,2946,13,1,11356.88
5455,2946,19,1,1766.57
5456,2947,25,1,16537.8
5457,2948,20,1,988.74
5458,2949,4,1,7288.55
5459,2949,14,1,10214.26
5460,2949,24,2,5373.72
5461,2949,7,1,2465.63
5462,2950,24,1,5312.01
5463,2951,9,1,13213.07
5464,2951,24,1,5196.12
5465,2951,10,1,16429.82
5466,2952,22,1,1469.59
5467,2952,1,2,510.37
5468,2953,12,1,13829.76
5469,2954,10,1,18093.48
5470,2954,15,1,3764.11
5471,2954,9,3,11531.37
5472,2955,20,3,1226.73
5473,2955,23,1,8929.33
5474,2956,9,1,10811.1
5475,2956,17,2,1045.59
5476,2958,3,1,4013.23
5477,2959,6,2,25012.12
5478,2959,14,1,8175.17
5479,2959,5,3,538.8
5480,2959,18,1,749.37
5481,2960,10,1,18130.34
5482,2960,23,1,9229.2
5483,2961,22,1,1430.03
5484,2961,5,1,673.1
5485,2961,14,1,9653.07
5486,2961,2,2,896.69
5487,2962,1,1,428.92
5488,2962,5,1,550.04
5489,2962,3,1,3767.5
5490,2963,14,1,9438.95
5491,2964,3,2,3239.42
5492,2964,15,1,3756.23
5493,2964,8,2,7196.99
5494,2965,10,1,17817.68
5495,2965,3,3,3226.95
5496,2966,15,1,4308.23
5497,2968,22,1,1662.77
5498,2968,12,2,14089.26
5499,2969,1,1,413.84
5500,2970,22,1,1531.34
5501,2971,6,1,26805.17
5502,2971,15,1,4412.18
5503,2971,23,1,8363.39
5504,2972,22,1,1327.52
5505,2975,21,1,6400.45
5506,2975,10,1,17947.26
5507,2976,18,1,807.27
5508,2976,20,2,1044.97
5509,2976,5,1,577.67
5510,2977,23,1,10536.81
5511,2977,19,1,2071.82
5512,2978,12,1,14030.31
5513,2978,2,1,878.76
5514,2978,6,1,27921.68
5515,2979,22,1,1616.03
5516,2980,22,1,1608.9
5517,2981,8,2,8409.8
5518,2981,13,1,10819.42
5519,2981,20,1,1168.71
5520,2982,7,2,2717.76
5521,2982,3,1,3309.93
5522,2982,21,1,4997.32
5523,2983,11,2,19596.75
5524,2984,10,1,17731.82
5525,2985,21,2,6368.25
5526,2985,24,1,4666.93
5527,2986,19,1,2014.01
5528,2987,20,1,1122.64
5529,2987,2,1,767.19
5530,2988,1,1,511.95
5531,2989,14,1,9983.26
5532,2989,25,2,13654.69
5533,2989,18,1,766.32
5534,2989,1,3,410.23
5535,2992,20,2,1250.26
5536,2993,4,2,6709.51
5537,2994,3,1,3444.86
5538,2994,5,1,621.35
5539,2994,20,2,1078.16
5540,2996,17,1,1337.5
5541,2996,18,1,738.44
5542,2996,4,2,7515.03
5543,2997,3,3,4211.68
5544,2997,2,1,919.34
5545,2997,14,2,10224.35
5546,2997,12,1,11781.02
5547,2998,16,1,13315.28
5548,2998,12,1,11671.2
5549,2999,22,2,1676.75
5550,2999,13,2,9036.41
5551,3000,19,1,1798.44
5552,3001,15,2,4938.2
5553,3001,22,1,1374.91
5554,3002,9,1,13809.54
5555,3003,19,1,1871.21
5556,3004,8,2,7190.79
5557,3004,2,1,839.26
5558,3005,23,1,10375.5
5559,3006,25,1,17045.37
5560,3006,16,1,11535.46
5561,3007,12,1,12854.69
5562,3008,2,1,967.29
5563,3011,16,1,12439.33
5564,3011,11,1,18643.18
5565,3012,17,2,1112.93
5566,3012,8,1,8308.51
5567,3012,19,1,2132.0
5568,3013,23,1,10033.14
5569,3014,24,1,4492.78
5570,3015,23,1,9317.65
5571,3016,24,3,4614.34
5572,3017,23,1,8461.92
5573,3017,3,1,3673.57
5574,3018,15,1,4920.9
5575,3018,23,2,10281.96
5576,3019,20,2,1289.2
5577,3019,1,1,517.16
5578,3019,21,1,6427.93
5579,3020,22,1,1672.02
5580,3020,25,2,17378.87
5581,3020,9,2,13911.64
5582,3021,20,2,1299.28
5583,3021,12,1,14255.08
5584,3021,4,1,7761.33
5585,3022,25,1,13928.0
5586,3022,13,1,10929.32
5587,3023,21,1,5466.95
5588,3023,5,1,693.53
5589,3023,20,1,1245.46
5590,3023,7,1,2789.92
5591,3024,20,1,1245.37
5592,3025,9,1,12570.08
5593,3025,8,2,8047.81
5594,3025,24,1,4790.53
5595,3026,9,1,10944.14
5596,3027,2,1,949.12
5597,3027,14,2,9082.25
5598,3028,9,1,11136.21
5599,3028,4,1,7054.59
5600,3028,12,1,13112.63
5601,3028,19,1,2080.5
5602,3029,18,2,662.38
5603,3029,25,1,15539.83
5604,3030,19,2,2235.5
5605,3031,7,2,2481.99
5606,3032,17,1,1253.9
5607,3032,18,3,734.23
5608,3032,2,2,921.44
5609,3033,9,1,10944.16
5610,3034,20,1,1076.86
5611,3035,12,1,12896.91
5612,3035,17,3,1070.77
5613,3035,2,1,865.13
5614,3036,24,1,4327.61
5615,3037,7,1,2556.82
5616,3037,20,3,1246.96
5617,3039,9,2,12048.8
5618,3039,15,1,4776.99
5619,3041,14,1,10536.15
5620,3042,21,1,5305.42
5621,3043,13,3,9584.0
5622,3043,5,1,583.61
5623,3043,21,1,5486.91
5624,3044,18,1,692.9
5625,3044,11,1,20559.48
5626,3044,23,2,10652.12
5627,3045,20,1,1236.66
5628,3045,18,1,725.81
5629,3045,14,2,9782.35
5630,3046,17,1,1058.99
5631,3047,6,1,23099.24
5632,3047,18,1,770.41
5633,3048,12,1,12381.04
5634,3048,18,1,849.74
5635,3049,2,1,757.77
5636,3049,6,1,24240.21
5637,3049,7,1,2253.56
5638,3050,2,1,808.23
5639,3050,4,1,7627.65
5640,3050,16,1,11081.56
5641,3051,19,1,2102.89
5642,3052,17,2,1222.56
5643,3052,8,2,8735.45
5644,3052,22,1,1649.53
5645,3053,23,2,9650.41
5646,3053,13,1,10846.77
5647,3053,18,2,665.62
5648,3053,24,1,4250.28
5649,3054,22,1,1298.54
5650,3055,8,1,8106.79
5651,3055,24,1,5556.17
5652,3055,18,1,733.6
5653,3056,25,1,17144.18
5654,3056,17,1,1052.51
5655,3057,15,1,3690.8
5656,3057,5,1,616.66
5657,3058,15,2,4414.31
5658,3058,17,2,1054.65
5659,3058,14,1,10289.09
5660,3059,24,1,4876.05
5661,3060,7,1,2670.97
5662,3061,9,2,13453.98
5663,3062,16,1,13216.55
5664,3062,9,1,10823.9
5665,3065,15,1,4862.45
5666,3067,4,1,6915.11
5667,3067,25,1,15114.64
5668,3068,18,1,749.48
5669,3068,16,2,11569.2
5670,3069,11,1,17780.64
5671,3069,7,1,2198.86
5672,3070,11,1,18092.97
5673,3071,7,2,2321.79
5674,3071,8,1,8290.72
5675,3071,25,1,16099.73
5676,3072,5,1,608.9
5677,3073,17,1,1096.39
5678,3073,5,1,623.28
5679,3074,10,1,16253.16
5680,3074,1,2,478.82
5681,3076,21,2,5714.27
5682,3077,21,1,6379.1
5683,3077,3,1,3446.66
5684,3077,2,1,843.98
5685,3078,1,1,531.66
5686,3079,9,2,13026.4
5687,3080,11,1,20556.18
5688,3080,3,1,4018.8
5689,3080,24,1,4235.44
5690,3081,16,1,13006.35
5691,3081,8,2,8930.7
5692,3081,23,1,8762.95
5693,3082,7,1,2353.91
5694,3083,8,1,8089.85
5695,3083,10,2,16617.71
5696,3084,15,1,4287.37
5697,3084,16,3,10851.04
5698,3084,22,1,1443.04
5699,3085,18,2,693.92
5700,3086,23,1,8702.97
5701,3086,16,1,11771.69
5702,3088,12,1,14259.93
5703,3088,20,1,1275.35
5704,3089,12,1,13949.74
5705,3089,23,1,8550.34
5706,3089,21,1,6319.03
5707,3090,2,2,813.41
5708,3091,12,1,13098.71
5709,3091,6,1,22031.23
5710,3092,24,1,4403.92
5711,3092,22,1,1415.8
5712,3093,12,1,11852.18
5713,3094,22,1,1364.8
5714,3094,11,3,19497.12
5715,3095,4,1,8032.2
5716,3095,15,1,4236.5
5717,3095,11,1,19304.56
5718,3096,7,1,2611.8
5719,3096,16,1,10375.71
5720,3097,19,1,2047.31
5721,3097,21,1,6043.47
5722,3098,7,1,2753.22
5723,3098,16,1,11962.84
5724,3098,6,1,23098.39
5725,3099,5,2,552.32
5726,3099,8,1,9047.6
5727,3100,19,2,1827.48
5728,3100,8,1,8986.59
5729,3100,13,1,10377.24
5730,3101,19,1,2125.88
5731,3101,12,1,13987.24
5732,3101,4,1,7618.36
5733,3102,14,3,9667.96
5734,3102,2,2,753.35
5735,3102,16,1,11974.28
5736,3103,4,1,7928.96
5737,3103,20,1,1277.82
5738,3103,9,1,11291.62
5739,3104,1,1,484.58
5740,3105,3,1,4297.55
5741,3106,9,2,11284.5
5742,3106,18,1,719.86
5743,3107,4,1,7847.08
5744,3108,16,1,11692.8
5745,3109,22,1,1288.77
5746,3109,23,1,9071.23
5747,3109,20,1,1194.64
5748,3109,17,2,1274.65
5749,3110,3,2,4036.71
5750,3111,2,2,903.6
5751,3111,14,1,8859.15
5752,3111,21,1,5024.04
5753,3112,9,1,10734.64
5754,3112,22,1,1297.78
5755,3113,20,1,1210.65
5756,3114,12,1,13183.19
5757,3114,6,2,24484.23
5758,3114,25,1,16876.59
5759,3115,2,2,795.64
5760,3116,3,2,3831.84
5761,3116,13,2,9418.51
5762,3116,25,1,13529.14
5763,3118,13,1,9823.55
5764,3119,17,1,1056.89
5765,3120,19,1,2208.43
5766,3120,13,1,10394.43
5767,3121,5,3,654.27
5768,3121,12,1,12463.21
5769,3122,22,1,1289.42
5770,3122,9,3,11557.1
5771,3123,7,1,2077.19
5772,3123,23,1,10117.15
5773,3124,4,2,7876.25
5774,3124,6,1,27675.1
5775,3124,25,1,13814.97
5776,3125,1,1,531.07
5777,3125,10,2,17711.62
5778,3126,18,1,725.65
5779,3126,14,1,9616.07
5780,3126,19,1,1952.3
5781,3127,14,1,9207.48
5782,3128,10,1,13880.2
5783,3129,18,1,723.73
5784,3129,24,1,5297.84
5785,3130,24,1,4314.62
5786,3130,7,2,2303.92
5787,3131,17,1,1051.92
5788,3131,7,1,2478.28
5789,3132,14,1,8308.01
5790,3133,8,1,7316.47
5791,3133,13,1,10306.58
5792,3134,13,1,10757.49
5793,3134,15,1,4263.71
5794,3135,25,1,13318.87
5795,3135,7,1,2589.46
5796,3136,4,1,8019.79
5797,3136,23,1,10026.43
5798,3137,11,1,21314.71
5799,3137,15,3,4166.05
5800,3138,1,1,411.29
5801,3139,14,1,9910.36
5802,3139,5,2,667.78
5803,3139,21,1,5560.22
5804,3140,25,2,16057.06
5805,3140,17,1,1320.12
5806,3141,9,1,13836.14
5807,3141,21,1,6114.2
5808,3141,3,1,3606.28
5809,3141,22,2,1286.88
5810,3142,12,1,14167.62
5811,3143,5,2,637.31
5812,3144,16,1,11538.21
5813,3145,20,2,1043.46
5814,3145,2,1,805.6
5815,3146,24,1,4781.98
5816,3146,12,1,13805.09
5817,3146,6,1,27343.92
5818,3147,2,1,937.29
5819,3147,12,1,13832.91
5820,3148,9,1,13399.22
5821,3148,11,1,19607.02
5822,3148,18,2,715.26
5823,3150,25,1,16314.2
5824,3150,22,1,1528.09
5825,3151,21,1,5043.77
5826,3151,15,1,4892.58
5827,3152,14,1,8160.39
5828,3153,8,1,9134.72
5829,3153,18,1,633.68
5830,3154,4,1,6867.47
5831,3154,20,1,1203.04
5832,3155,16,1,10771.38
5833,3155,10,1,14399.54
5834,3155,2,1,862.04
5835,3156,19,1,1973.02
5836,3156,21,2,5598.85
5837,3157,15,1,3710.91
5838,3157,1,1,454.84
5839,3157,7,3,2712.74
5840,3158,1,1,460.18
5841,3159,12,1,12127.06
5842,3160,18,1,751.14
5843,3161,6,1,24207.48
5844,3162,20,2,1059.97
5845,3162,16,1,13750.68
5846,3162,4,1,6504.75
5847,3163,17,1,1333.83
5848,3163,7,1,2633.12
5849,3164,17,1,1360.51
5850,3164,7,1,2393.76
5851,3165,13,1,10889.87
5852,3165,23,1,10534.52
5853,3166,15,2,4918.16
5854,3166,23,1,9495.99
5855,3167,21,2,5370.15
5856,3167,15,2,4179.06
5857,3168,4,1,6345.25
5858,3168,19,2,2046.95
5859,3168,2,1,965.29
5860,3168,16,2,10683.92
5861,3169,17,1,1110.74
5862,3169,4,1,6947.68
5863,3170,9,1,12506.67
5864,3170,13,1,10163.23
5865,3171,18,1,752.15
5866,3171,6,3,24653.53
5867,3173,7,3,2097.94
5868,3173,23,1,10148.04
5869,3174,9,3,11356.46
5870,3174,21,1,5615.86
5871,3174,19,1,2203.47
5872,3175,8,1,9020.66
5873,3175,9,2,11710.98
5874,3176,22,3,1274.6
5875,3177,6,2,25055.47
5876,3177,23,1,10796.0
5877,3178,11,2,17329.27
5878,3178,7,1,2771.84
5879,3178,9,1,11225.35
5880,3179,21,1,4992.73
5881,3180,2,1,812.96
5882,3180,6,2,24346.11
5883,3180,15,3,4620.62
5884,3181,18,2,679.42
5885,3182,14,1,10444.22
5886,3182,15,1,3833.52
5887,3183,10,2,13934.77
5888,3183,3,1,3941.25
5889,3183,12,2,14368.57
5890,3183,14,1,9414.72
5891,3184,24,1,4914.84
5892,3184,2,1,797.33
5893,3185,6,1,26246.87
5894,3185,8,2,7499.36
5895,3185,1,1,412.01
5896,3186,24,1,4194.66
5897,3186,5,1,632.88
5898,3187,22,3,1583.57
5899,3187,15,2,4634.08
5900,3187,25,1,16592.73
5901,3188,5,1,594.4
5902,3189,18,1,758.71
5903,3189,16,1,12592.87
5904,3192,23,1,8584.99
5905,3193,16,1,11421.11
5906,3193,19,2,1838.8
5907,3194,14,1,8508.35
5908,3194,23,1,10840.47
5909,3194,1,1,465.17
5910,3194,21,1,6299.01
5911,3195,8,1,8335.13
5912,3195,5,1,685.19
5913,3195,19,1,2078.87
5914,3195,22,1,1603.72
5915,3196,4,1,5989.82
5916,3197,14,2,8338.94
5917,3197,9,1,11714.05
5918,3198,3,1,3420.38
5919,3199,7,1,2612.53
5920,3200,25,1,13799.19
5921,3201,12,1,14044.7
5922,3201,14,1,10142.78
5923,3203,24,2,5347.83
5924,3203,8,1,8098.51
5925,3203,1,1,508.67
5926,3204,12,1,15176.02
5927,3205,5,1,642.39
5928,3205,7,1,2397.66
5929,3206,22,1,1491.87
5930,3206,5,3,615.68
5931,3207,4,1,6955.68
5932,3207,2,1,906.51
5933,3207,17,1,1164.18
5934,3209,15,1,4203.48
5935,3209,20,1,1015.99
5936,3210,2,2,923.58
5937,3211,8,2,7728.32
5938,3212,23,1,9728.77
5939,3212,7,1,2611.51
5940,3213,2,2,796.89
5941,3213,11,1,19308.87
5942,3214,21,1,6308.51
5943,3214,16,1,10659.98
5944,3215,17,2,1268.97
5945,3215,5,1,554.28
5946,3216,20,2,1093.72
5947,3217,24,1,5376.63
5948,3218,3,1,3349.45
5949,3219,4,1,7411.78
5950,3220,1,1,469.16
5951,3220,18,1,657.12
5952,3220,17,1,1052.34
5953,3221,24,2,4456.71
5954,3221,22,1,1692.76
5955,3222,2,1,783.59
5956,3222,4,2,6520.58
5957,3222,23,1,9904.34
5958,3223,22,2,1598.09
5959,3224,2,2,855.77
5960,3224,4,1,7198.41
5961,3225,13,1,10388.35
5962,3226,21,1,5145.55
5963,3226,14,1,8594.62
5964,3227,20,3,990.96
5965,3228,16,2,10388.32
5966,3229,6,1,23140.11
5967,3229,23,2,9221.76
5968,3229,21,1,5013.02
5969,3229,16,3,12404.77
5970,3230,4,2,6141.52
5971,3230,13,1,9207.43
5972,3231,7,1,2411.28
5973,3231,16,1,11010.67
5974,3231,15,1,4503.02
5975,3232,18,1,683.09
5976,3232,17,1,1311.92
5977,3233,11,1,19330.31
5978,3234,13,1,10502.14
5979,3235,5,2,559.6
5980,3235,9,1,10758.63
5981,3235,22,1,1687.86
5982,3236,3,1,3741.14
5983,3236,9,1,12219.96
5984,3237,23,1,8285.23
5985,3237,25,1,15337.32
5986,3238,17,1,1290.26
5987,3238,16,1,12672.38
5988,3239,10,1,13838.16
5989,3240,8,1,9318.29
5990,3241,14,2,9616.88
5991,3242,13,1,10869.55
5992,3243,16,1,13357.32
5993,3243,18,1,819.62
5994,3243,19,2,2201.12
5995,3244,18,1,717.33
5996,3244,15,1,4187.47
5997,3245,6,1,25038.71
5998,3245,21,1,5993.4
5999,3246,12,1,11434.91
6000,3247,22,2,1481.85
6001,3247,6,1,25026.54
6002,3248,22,2,1506.34
6003,3248,11,1,17320.05
6004,3248,12,1,13787.78
6005,3250,18,1,708.05
6006,3251,10,1,15964.01
6007,3253,9,1,10851.29
6008,3254,13,1,10555.32
6009,3254,19,1,1956.93
6010,3254,9,1,12790.57
6011,3255,17,1,1286.59
6012,3255,3,2,3236.5
6013,3255,21,1,6349.77
6014,3256,9,1,10845.47
6015,3256,24,1,4978.75
6016,3257,17,1,1147.19
6017,3257,16,1,13317.99
6018,3257,1,1,454.3
6019,3257,11,1,21592.89
6020,3258,25,1,15615.71
6021,3258,8,1,7512.43
6022,3259,5,1,643.28
6023,3259,12,1,13711.06
6024,3260,17,1,1131.67
6025,3261,11,3,18819.63
6026,3262,5,2,599.29
6027,3263,13,1,10344.94
6028,3263,1,1,409.41
6029,3264,4,1,6222.11
6030,3264,7,2,2436.55
6031,3265,13,2,10649.8
6032,3266,21,1,5706.72
6033,3266,14,3,9098.37
6034,3267,17,1,1233.06
6035,3267,6,1,24208.71
6036,3268,13,1,11613.0
6037,3268,19,1,1740.79
6038,3269,11,1,19842.38
6039,3269,9,1,12540.52
6040,3269,15,1,4241.59
6041,3270,18,1,704.1
6042,3271,12,1,11637.75
6043,3271,5,1,648.15
6044,3272,7,3,2318.4
6045,3272,10,1,16414.76
6046,3273,17,2,1392.37
6047,3273,25,2,14746.82
6048,3273,15,2,4609.93
6049,3274,5,1,539.16
6050,3275,1,1,452.44
6051,3275,25,2,14401.82
6052,3277,13,1,9953.92
6053,3277,2,1,816.81
6054,3278,8,1,8708.81
6055,3278,18,1,744.03
6056,3279,8,1,8893.39
6057,3279,11,1,21424.27
6058,3279,6,2,27201.22
6059,3280,12,1,12893.57
6060,3280,3,1,3548.11
6061,3281,14,1,10026.08
6062,3282,12,1,11656.64
6063,3282,22,1,1598.38
6064,3282,23,1,8906.84
6065,3282,24,1,4359.91
6066,3283,9,1,11797.06
6067,3283,5,1,689.92
6068,3283,2,1,846.53
6069,3284,16,1,12445.29
6070,3285,20,3,1295.8
6071,3286,18,1,775.64
6072,3286,11,1,22399.68
6073,3286,24,1,4222.19
6074,3286,17,1,1126.01
6075,3287,10,1,17563.42
6076,3287,9,2,11294.62
6077,3288,18,1,632.82
6078,3288,5,2,612.08
6079,3288,9,1,12685.2
6080,3290,23,1,8293.8
6081,3291,17,2,1105.04
6082,3292,21,1,4953.8
6083,3292,20,2,1098.89
6084,3294,1,1,530.5
6085,3294,11,1,21400.31
6086,3296,8,1,8852.79
6087,3296,18,1,678.33
6088,3296,15,1,4721.61
6089,3296,12,1,13981.88
6090,3297,20,2,1060.4
6091,3297,21,1,5011.81
6092,3299,13,2,10646.1
6093,3300,20,2,1306.53
6094,3300,5,1,551.11
6095,3301,17,1,1331.69
6096,3301,23,1,9088.95
6097,3302,3,1,3928.29
6098,3302,22,1,1281.24
6099,3302,19,1,1731.21
6100,3303,11,1,17040.0
6101,3304,16,1,13492.08
6102,3304,14,2,7996.23
6103,3304,21,1,5320.46
6104,3305,4,1,6960.52
6105,3305,2,1,907.93
6106,3306,16,1,11381.06
6107,3306,13,1,10541.31
6108,3307,25,1,17788.11
6109,3307,21,1,5081.58
6110,3308,19,1,1859.18
6111,3309,6,1,26592.5
6112,3310,20,1,986.23
6113,3310,7,1,2277.92
6114,3310,10,1,16094.62
6115,3311,5,2,536.29
6116,3311,15,1,4784.73
6117,3312,7,1,2472.98
6118,3312,6,1,23140.17
6119,3312,13,2,8907.07
6120,3313,23,1,9884.97
6121,3314,5,1,541.53
6122,3315,17,1,1133.25
6123,3315,3,2,3770.28
6124,3316,6,2,25764.94
6125,3316,22,2,1508.47
6126,3317,23,1,10952.53
6127,3317,14,1,9971.51
6128,3318,4,1,6419.89
6129,3318,25,1,16961.44
6130,3318,5,1,586.94
6131,3318,21,2,4878.9
6132,3319,2,1,887.85
6133,3319,11,1,17275.3
6134,3320,9,1,12281.86
6135,3320,17,1,1278.4
6136,3321,19,1,2002.6
6137,3321,1,1,447.98
6138,3322,4,1,7517.9
6139,3322,10,1,16132.16
6140,3322,17,2,1381.71
6141,3323,15,1,4698.06
6142,3324,16,1,10821.36
6143,3325,1,1,492.07
6144,3325,13,1,11215.79
6145,3326,13,1,10201.56
6146,3326,21,1,5600.22
6147,3327,23,2,8918.81
6148,3328,15,1,4910.45
6149,3329,10,1,13869.41
6150,3330,17,1,1055.43
6151,3332,13,2,10051.0
6152,3332,1,1,507.08
6153,3334,25,1,13512.43
6154,3334,13,3,11741.62
6155,3334,4,1,7648.21
6156,3334,7,1,2191.55
6157,3335,16,1,11915.36
6158,3336,6,1,22376.39
6159,3337,17,1,1287.9
6160,3337,1,1,448.15
6161,3338,7,1,2304.87
6162,3338,4,1,7056.25
6163,3339,14,1,10423.69
6164,3339,8,2,7166.81
6165,3339,6,1,22090.93
6166,3340,17,1,1078.37
6167,3341,7,1,2348.67
6168,3341,18,2,679.04
6169,3342,10,2,14406.52
6170,3343,6,1,25067.6
6171,3343,18,1,678.76
6172,3345,11,1,18573.31
6173,3345,13,1,10253.9
6174,3345,24,1,5338.53
6175,3346,3,1,3645.26
6176,3346,5,1,618.85
6177,3347,5,2,689.08
6178,3347,16,1,12950.21
6179,3348,13,1,10007.59
6180,3348,12,2,12228.99
6181,3349,2,1,755.43
6182,3349,3,1,3246.88
6183,3349,16,1,12212.39
6184,3350,15,2,4868.9
6185,3351,23,2,8957.88
6186,3351,13,1,9133.03
6187,3352,22,1,1289.18
6188,3353,11,1,22349.09
6189,3354,1,1,524.6
6190,3354,5,1,608.44
6191,3355,10,1,18210.5
6192,3356,12,1,14190.19
6193,3358,4,1,7862.71
6194,3358,10,1,15463.63
6195,3359,15,1,4526.45
6196,3359,20,1,1285.82
6197,3359,9,2,12831.08
6198,3360,21,1,5546.38
6199,3360,10,2,15775.11
6200,3360,7,1,2178.58
6201,3361,19,1,2073.54
6202,3361,1,2,534.83
6203,3362,12,1,11457.22
6204,3362,21,2,4881.38
6205,3362,8,1,8175.1
6206,3363,8,1,7517.65
6207,3363,16,1,13151.09
6208,3363,19,1,2239.81
6209,3364,23,2,8942.72
6210,3366,22,1,1294.63
6211,3366,11,1,16846.41
6212,3366,4,1,6836.64
6213,3367,15,1,3854.9
6214,3367,16,1,12152.09
6215,3368,20,1,1216.21
6216,3369,24,1,4370.3
6217,3369,3,1,3344.32
6218,3370,8,2,7331.41
6219,3370,13,2,9186.64
6220,3370,22,2,1465.23
6221,3371,6,1,21296.09
6222,3371,11,1,22116.48
6223,3371,5,1,626.89
6224,3372,18,1,847.23
6225,3373,22,1,1299.18
6226,3373,5,1,601.98
6227,3375,20,1,1128.47
6228,3375,10,3,16654.42
6229,3375,7,2,2344.1
6230,3376,6,1,22082.48
6231,3376,19,1,1864.77
6232,3376,14,1,8864.62
6233,3377,8,2,7252.38
6234,3377,1,1,488.02
6235,3377,7,3,2118.8
6236,3378,9,3,13033.57
6237,3378,25,1,17499.08
6238,3379,14,1,10107.85
6239,3379,16,1,12825.81
6240,3380,2,2,778.22
6241,3380,24,1,5531.57
6242,3380,1,1,532.14
6243,3382,8,1,7666.23
6244,3382,22,1,1660.56
6245,3382,21,1,5668.91
6246,3383,23,1,8392.26
6247,3383,10,1,16773.01
6248,3383,20,1,1011.76
6249,3384,25,1,17442.57
6250,3385,3,1,3932.42
6251,3386,20,1,1184.32
6252,3386,9,1,11708.12
6253,3387,23,3,8460.72
6254,3388,22,2,1532.55
6255,3389,15,1,4148.18
6256,3389,6,3,22688.8
6257,3391,4,1,7299.62
6258,3391,24,1,4742.44
6259,3391,5,1,683.7
6260,3392,2,1,846.19
6261,3392,4,1,6014.14
6262,3393,9,1,13399.15
6263,3393,21,1,5017.68
6264,3393,25,2,17030.22
6265,3395,9,1,12832.2
6266,3395,18,1,754.42
6267,3395,3,1,4055.69
6268,3396,17,2,1197.4
6269,3397,1,1,438.78
6270,3397,7,1,2597.28
6271,3398,17,1,1127.55
6272,3399,14,1,8313.26
6273,3399,25,1,16209.86
6274,3399,24,1,4803.41
6275,3400,21,1,5007.97
6276,3400,25,1,17164.75
6277,3402,18,1,704.19
6278,3402,23,1,9773.13
6279,3402,22,1,1445.48
6280,3403,5,1,590.94
6281,3404,18,1,657.15
6282,3404,15,1,3797.04
6283,3405,7,1,2769.6
6284,3405,17,1,1357.68
6285,3408,21,1,6063.91
6286,3408,16,1,10394.46
6287,3408,5,1,685.36
6288,3409,18,1,663.93
6289,3409,22,1,1531.27
6290,3409,24,1,4690.92
6291,3409,7,1,2709.0
6292,3410,11,1,21936.68
6293,3411,18,1,835.84
6294,3411,7,2,2518.08
6295,3412,1,1,451.29
6296,3412,12,1,12113.11
6297,3412,23,1,8403.12
6298,3413,16,2,11825.19
6299,3413,25,1,17324.01
6300,3414,3,1,3303.52
6301,3415,22,1,1491.32
6302,3416,4,1,6381.89
6303,3416,13,1,11524.46
6304,3416,12,1,11799.73
6305,3417,4,1,7854.2
6306,3417,25,1,15148.72
6307,3417,13,1,9666.65
6308,3418,14,1,8616.97
6309,3419,3,1,3242.29
6310,3419,14,1,8645.52
6311,3420,14,1,7944.21
6312,3421,3,1,3728.08
6313,3422,2,2,936.87
6314,3422,14,1,9338.97
6315,3423,2,1,988.0
6316,3425,18,2,756.97
6317,3426,21,2,4861.74
6318,3426,24,2,5393.75
6319,3427,10,1,15413.42
6320,3428,16,1,13037.74
6321,3428,8,1,7137.63
6322,3428,5,1,568.7
6323,3428,18,1,834.75
6324,3429,17,1,1247.99
6325,3429,21,1,4831.13
6326,3429,10,2,14833.36
6327,3429,5,1,559.7
6328,3430,24,2,5348.65
6329,3431,19,1,1870.04
6330,3431,12,1,12688.19
6331,3431,5,1,523.81
6332,3432,11,1,18055.45
6333,3432,18,1,712.83
6334,3433,24,1,5399.64
6335,3433,8,1,8248.49
6336,3433,23,2,8448.79
6337,3433,6,1,28534.86
6338,3434,9,1,11373.92
6339,3434,10,1,16814.32
6340,3434,24,1,5376.35
6341,3435,23,1,9765.63
6342,3435,12,1,11605.45
6343,3436,2,1,798.42
6344,3436,11,2,20664.46
6345,3436,13,1,9252.23
6346,3436,15,1,4073.59
6347,3437,25,1,16468.83
6348,3438,16,1,12937.06
6349,3438,19,1,2036.2
6350,3439,4,1,6059.79
6351,3439,3,2,3839.14
6352,3439,7,1,2391.76
6353,3441,13,1,9391.46
6354,3441,12,1,11493.68
6355,3442,6,1,28356.23
6356,3442,16,1,13598.47
6357,3443,19,1,2037.95
6358,3443,14,1,10311.91
6359,3443,13,1,9159.2
6360,3444,21,1,5388.63
6361,3445,6,2,26394.4
6362,3445,18,3,668.6
6363,3446,20,1,1092.42
6364,3446,16,1,11304.92
6365,3447,6,1,25448.35
6366,3447,23,1,10940.89
6367,3448,5,1,617.96
6368,3448,7,2,2316.57
6369,3448,2,2,987.75
6370,3448,22,1,1603.04
6371,3450,12,1,11886.63
6372,3452,7,1,2771.04
6373,3453,13,1,9915.74
6374,3453,23,1,9544.21
6375,3454,7,1,2078.75
6376,3456,24,1,4960.76
6377,3456,8,1,9490.68
6378,3456,1,2,519.6
6379,3457,23,1,10066.51
6380,3459,18,2,684.06
6381,3459,1,1,524.26
6382,3459,16,1,10961.76
6383,3459,24,1,4891.09
6384,3460,3,2,4171.59
6385,3460,10,1,17978.27
6386,3461,21,1,5671.16
6387,3462,5,1,622.19
6388,3463,6,1,23419.55
6389,3464,9,1,13225.05
6390,3464,16,1,12885.74
6391,3465,21,2,5096.16
6392,3465,25,2,14632.66
6393,3465,16,1,13033.71
6394,3465,1,1,489.68
6395,3466,25,1,17389.05
6396,3467,18,1,808.98
6397,3467,24,1,4378.3
6398,3468,22,1,1407.34
6399,3468,21,1,5941.72
6400,3469,22,1,1616.85
6401,3470,16,3,12951.8
6402,3470,5,1,522.64
6403,3471,22,3,1292.47
6404,3472,6,1,27014.22
6405,3473,17,2,1199.62
6406,3473,4,1,6816.87
6407,3473,18,3,682.4
6408,3474,25,2,17357.83
6409,3474,6,1,23061.04
6410,3475,18,1,729.16
6411,3475,10,1,18276.87
6412,3475,25,2,14632.07
6413,3475,20,2,1120.85
6414,3476,24,2,4478.5
6415,3476,19,2,2196.4
6416,3477,19,1,2159.3
6417,3478,1,1,462.15
6418,3479,2,1,976.51
6419,3480,18,1,734.85
6420,3481,23,2,8959.81
6421,3482,25,1,14640.54
6422,3482,4,1,7871.82
6423,3483,22,1,1365.52
6424,3483,25,2,13938.29
6425,3483,11,1,22446.43
6426,3484,21,1,5590.15
6427,3484,7,1,2548.79
6428,3485,10,1,14867.42
6429,3485,1,1,459.22
6430,3485,11,2,21662.67
6431,3486,9,2,12398.09
6432,3487,11,1,20098.75
6433,3487,25,1,17368.93
6434,3488,13,3,9661.26
6435,3489,15,3,4337.76
6436,3489,7,1,2231.21
6437,3489,1,1,502.2
6438,3490,8,1,8614.43
6439,3490,16,2,13697.02
6440,3491,3,1,3739.93
6441,3491,8,2,8769.8
6442,3492,19,1,2212.74
6443,3493,25,1,15338.54
6444,3494,4,2,6962.08
6445,3494,25,2,15201.22
6446,3494,10,1,15169.22
6447,3495,22,1,1493.54
6448,3495,3,1,4066.77
6449,3496,5,2,555.15
6450,3496,13,1,8758.77
6451,3497,17,1,1140.26
6452,3497,3,1,4314.86
6453,3498,25,1,14679.04
6454,3498,3,2,4339.85
6455,3498,14,1,8736.32
6456,3499,21,1,5501.12
6457,3500,21,1,4994.54
6458,3500,5,1,640.36
6459,3500,17,3,1142.06
6460,3501,16,1,10469.01
6461,3502,12,1,14981.97
6462,3502,15,1,4142.66
6463,3503,10,1,15999.3
6464,3503,14,1,9756.72
6465,3504,11,1,21964.31
6466,3504,24,1,5448.17
6467,3504,14,1,8824.88
6468,3504,4,1,7601.4
6469,3505,18,2,736.69
6470,3505,22,1,1605.95
6471,3505,14,1,8485.23
6472,3507,24,1,4367.9
6473,3507,22,1,1642.71
6474,3508,18,2,767.37
6475,3509,18,3,769.43
6476,3509,6,1,21430.09
6477,3509,19,1,1681.91
6478,3509,14,1,7943.78
6479,3510,22,1,1429.18
6480,3510,23,3,10925.83
6481,3510,5,1,628.55
6482,3511,1,1,485.18
6483,3511,6,1,26338.45
6484,3513,19,2,1998.63
6485,3513,6,1,26931.02
6486,3513,20,1,1034.74
6487,3514,25,1,17629.69
6488,3514,24,1,4566.77
6489,3514,3,1,3415.14
6490,3514,23,1,10514.34
6491,3515,12,1,15078.17
6492,3515,22,1,1517.93
6493,3516,21,2,5338.35
6494,3517,22,2,1538.94
6495,3517,20,1,1155.56
6496,3518,3,1,4067.56
6497,3518,20,1,1108.29
6498,3518,8,1,7690.9
6499,3518,10,1,13792.01
6500,3519,21,2,5932.8
6501,3519,16,1,11177.7
6502,3520,2,1,973.97
6503,3520,9,1,13485.61
6504,3521,15,1,4861.25
6505,3522,9,1,14030.22
6506,3523,22,1,1265.7
6507,3523,20,1,1273.14
6508,3524,23,3,10493.5
6509,3525,11,1,19020.97
6510,3526,6,1,28050.28
6511,3527,21,2,5073.8
6512,3527,2,2,804.74
6513,3528,10,1,18240.36
6514,3528,17,1,1278.26
6515,3529,15,1,4020.27
6516,3529,21,1,6407.33
6517,3529,25,1,16232.59
6518,3530,22,1,1618.07
6519,3530,7,1,2476.67
6520,3531,22,3,1281.7
6521,3531,11,1,20855.47
6522,3531,6,1,27472.03
6523,3531,17,1,1376.49
6524,3532,25,1,14784.43
6525,3532,10,1,17647.11
6526,3532,11,1,19831.45
6527,3533,11,1,22178.55
6528,3534,4,1,7477.28
6529,3535,15,1,4111.69
6530,3535,22,1,1305.98
6531,3535,17,2,1324.14
6532,3536,11,2,19118.82
6533,3536,1,1,441.74
6534,3536,19,2,2091.77
6535,3537,6,1,28155.96
6536,3538,8,1,7787.49
6537,3539,21,1,6446.54
6538,3540,20,2,1068.85
6539,3541,7,2,2311.95
6540,3541,10,1,16466.5
6541,3542,14,1,9397.49
6542,3542,19,1,2220.24
6543,3543,7,2,2440.5
6544,3543,19,1,1875.19
6545,3544,2,1,976.3
6546,3545,19,1,2038.45
6547,3546,21,3,5184.73
6548,3547,7,1,2592.41
6549,3547,11,1,19659.48
6550,3547,5,1,685.17
6551,3547,13,1,10621.52
6552,3548,3,1,4116.46
6553,3548,24,1,4760.64
6554,3549,6,2,21807.58
6555,3549,4,1,6041.46
6556,3550,2,2,962.68
6557,3552,8,1,7971.14
6558,3553,20,1,1049.94
6559,3553,19,1,1777.66
6560,3554,20,1,1053.52
6561,3554,2,1,941.26
6562,3554,17,1,1078.84
6563,3555,21,1,6131.7
6564,3556,13,1,9638.05
6565,3556,8,1,8969.5
6566,3557,8,1,7773.55
6567,3557,17,2,1128.35
6568,3557,9,1,10922.58
6569,3558,7,1,2418.32
6570,3559,24,1,4592.32
6571,3560,2,1,979.83
6572,3560,8,1,8322.14
6573,3560,5,1,586.72
6574,3562,1,1,439.46
6575,3562,4,1,7762.36
6576,3564,13,1,11618.82
6577,3564,22,1,1510.27
6578,3564,11,1,21067.01
6579,3565,8,1,9248.52
6580,3565,24,1,4808.13
6581,3566,18,2,806.79
6582,3566,17,1,1137.67
6583,3566,25,1,14487.64
6584,3567,16,1,12818.9
6585,3568,2,1,854.32
6586,3568,11,2,21387.17
6587,3569,20,1,1068.87
6588,3569,3,1,3663.35
6589,3569,19,1,1671.76
6590,3569,25,1,15053.29
6591,3571,16,1,10545.38
6592,3572,16,2,12016.91
6593,3572,1,1,420.05
6594,3573,18,1,836.19
6595,3573,5,1,609.64
6596,3574,6,2,27689.49
6597,3575,2,2,904.04
6598,3575,3,2,3905.7
6599,3575,16,1,11563.53
6600,3576,25,2,17682.54
6601,3576,5,1,695.03
6602,3576,3,1,4288.56
6603,3577,3,2,3492.96
6604,3577,23,1,11086.79
6605,3578,25,1,16598.26
6606,3578,22,1,1406.82
6607,3579,13,1,8842.61
6608,3580,8,1,7440.52
6609,3580,12,1,11890.18
6610,3581,1,1,481.08
6611,3582,12,1,12538.4
6612,3582,22,1,1476.76
6613,3582,7,2,2441.7
6614,3583,16,1,11616.65
6615,3584,2,1,942.88
6616,3584,14,1,9755.72
6617,3585,18,1,710.4
6618,3586,9,1,11710.08
6619,3588,25,2,13562.39
6620,3590,5,2,527.74
6621,3591,14,2,10019.81
6622,3591,16,1,13426.82
6623,3592,2,1,758.03
6624,3592,15,1,4284.94
6625,3593,18,1,804.09
6626,3593,4,1,6682.32
6627,3594,2,1,867.67
6628,3594,18,1,694.51
6629,3595,2,1,764.65
6630,3596,13,1,9969.2
6631,3596,3,1,3871.47
6632,3596,7,1,2495.81
6633,3597,4,1,6491.98
6634,3598,13,1,8824.45
6635,3599,17,1,1146.47
6636,3600,14,1,9320.56
6637,3600,6,1,21381.95
6638,3601,10,1,17403.74
6639,3602,17,1,1153.01
6640,3603,18,1,703.41
6641,3604,2,1,873.76
6642,3604,16,1,10702.0
6643,3605,2,1,759.96
6644,3606,1,2,421.28
6645,3607,16,1,10771.65
6646,3607,23,1,10546.94
6647,3607,1,1,438.89
6648,3608,3,1,4192.68
6649,3608,5,1,646.78
6650,3608,12,1,12487.98
6651,3609,16,1,10999.1
6652,3610,16,1,12713.93
6653,3610,21,1,5462.09
6654,3610,25,1,13620.1
6655,3612,24,2,5202.57
6656,3612,16,1,11116.99
6657,3613,14,1,8412.59
6658,3613,20,2,988.85
6659,3615,6,1,23913.39
6660,3615,14,1,9051.84
6661,3615,11,1,22382.76
6662,3616,4,1,7647.0
6663,3617,6,2,27690.41
6664,3618,20,1,1216.63
6665,3618,24,1,4361.8
6666,3619,12,1,13543.04
6667,3619,14,1,10081.02
6668,3620,4,2,6049.79
6669,3620,16,1,13628.35
6670,3621,10,1,15011.34
6671,3621,15,1,4382.19
6672,3621,22,1,1345.08
6673,3622,20,1,1150.62
6674,3622,17,1,1378.05
6675,3622,5,1,531.06
6676,3623,13,2,9397.39
6677,3624,14,1,7889.17
6678,3625,6,2,23095.09
6679,3625,21,2,5542.6
6680,3626,6,1,27271.84
6681,3626,3,1,3323.29
6682,3627,8,1,8196.07
6683,3627,1,1,431.78
6684,3628,16,2,10480.63
6685,3628,22,1,1413.17
6686,3628,19,2,1974.64
6687,3628,11,1,21258.52
6688,3629,21,3,5208.68
6689,3629,16,1,12450.28
6690,3629,19,1,1812.47
6691,3630,22,1,1467.81
6692,3631,5,1,691.92
6693,3631,21,1,5277.63
6694,3632,24,2,5145.02
6695,3632,2,1,748.1
6696,3632,23,1,8387.63
6697,3633,10,1,13748.67
6698,3634,3,1,4168.49
6699,3634,22,1,1367.28
6700,3634,15,1,4215.4
6701,3634,24,1,4153.14
6702,3635,4,1,7149.05
6703,3635,20,2,1315.13
6704,3636,1,1,471.51
6705,3637,6,2,21313.78
6706,3637,10,1,17679.6
6707,3637,20,1,1290.01
6708,3638,14,2,8094.86
6709,3638,19,1,1817.29
6710,3639,22,1,1655.73
6711,3639,14,1,9628.76
6712,3640,4,1,6147.88
6713,3641,4,1,6337.33
6714,3641,22,2,1485.89
6715,3642,22,1,1344.73
6716,3642,14,1,9155.38
6717,3642,10,1,16411.09
6718,3643,11,2,18364.96
6719,3644,7,1,2543.02
6720,3644,21,1,6197.31
6721,3644,12,2,13174.67
6722,3644,6,1,26432.89
6723,3645,12,1,12719.39
6724,3645,17,1,1161.47
6725,3645,15,1,3905.66
6726,3647,2,1,813.27
6727,3647,8,1,9300.8
6728,3647,19,1,1885.65
6729,3647,1,1,415.11
6730,3648,19,1,1847.61
6731,3649,20,1,1063.19
6732,3649,8,2,7955.14
6733,3649,13,1,11406.97
6734,3650,13,1,10499.85
6735,3650,5,1,619.48
6736,3650,25,1,14650.78
6737,3651,4,2,7115.85
6738,3652,11,1,18201.66
6739,3653,20,1,1199.64
6740,3653,10,1,16078.79
6741,3654,8,1,8470.82
6742,3654,18,2,839.05
6743,3655,18,1,746.68
6744,3656,16,1,13432.55
6745,3656,12,1,12049.91
6746,3656,18,1,789.19
6747,3657,15,1,4613.48
6748,3657,18,3,702.5
6749,3657,20,2,1300.72
6750,3658,20,2,1006.98
6751,3658,21,2,5082.15
6752,3658,25,1,14253.79
6753,3660,20,1,1190.78
6754,3660,15,1,4313.3
6755,3660,7,1,2293.86
6756,3661,14,1,8973.4
6757,3661,4,1,7089.7
6758,3663,8,2,8818.94
6759,3663,19,1,1700.52
6760,3664,14,1,8923.95
6761,3664,23,1,9316.96
6762,3665,11,1,17946.63
6763,3665,19,1,1978.73
6764,3666,1,2,404.85
6765,3666,22,1,1476.04
6766,3668,18,1,721.87
6767,3668,8,1,8968.2
6768,3669,1,1,516.89
6769,3669,17,2,1223.59
6770,3670,16,1,11115.77
6771,3672,24,1,5131.39
6772,3672,1,1,480.5
6773,3673,4,1,7506.88
6774,3673,14,1,8881.11
6775,3673,16,2,10622.38
6776,3673,7,2,2281.84
6777,3674,9,2,14011.35
6778,3674,6,1,23474.25
6779,3676,1,1,465.67
6780,3676,7,1,2133.18
6781,3676,23,1,10760.68
6782,3677,2,1,846.64
6783,3677,17,1,1311.78
6784,3678,2,1,996.24
6785,3678,23,3,9386.15
6786,3680,19,1,1999.92
6787,3680,11,1,19759.49
6788,3681,19,1,1829.12
6789,3681,11,1,16922.12
6790,3683,4,1,6844.34
6791,3684,7,1,2584.35
6792,3684,25,1,14491.67
6793,3684,23,1,9546.39
6794,3684,9,1,13073.16
6795,3685,22,2,1516.69
6796,3685,13,1,9105.24
6797,3685,3,3,3220.67
6798,3685,19,1,1734.44
6799,3686,21,1,5531.21
6800,3686,23,1,8796.54
6801,3686,22,1,1580.94
6802,3687,13,1,10061.98
6803,3688,18,1,823.5
6804,3689,12,1,12086.53
6805,3689,10,2,15370.06
6806,3690,17,1,1116.78
6807,3690,13,1,8863.61
6808,3690,25,1,15989.74
6809,3691,11,1,18123.26
6810,3691,3,2,3340.24
6811,3691,5,1,644.64
6812,3692,23,1,9557.24
6813,3692,3,2,3462.48
6814,3692,10,1,15901.01
6815,3693,1,1,510.25
6816,3694,13,1,9210.58
6817,3695,25,2,13520.14
6818,3695,7,1,2137.24
6819,3696,23,2,8766.17
6820,3696,2,1,931.65
6821,3697,8,3,8499.99
6822,3697,5,1,525.43
6823,3697,14,1,10238.03
6824,3698,1,1,531.06
6825,3698,23,1,10373.83
6826,3698,24,1,5434.71
6827,3699,16,1,11283.35
6828,3700,3,1,3435.87
6829,3701,19,1,2088.13
6830,3701,24,2,4373.97
6831,3701,17,1,1258.23
6832,3701,21,1,6423.86
6833,3702,5,1,652.52
6834,3702,13,1,10267.78
6835,3703,7,1,2770.97
6836,3703,8,2,8613.16
6837,3703,20,1,1298.26
6838,3704,22,1,1267.53
6839,3704,15,1,4327.17
6840,3704,7,1,2523.59
6841,3704,1,1,516.83
6842,3706,21,3,4922.58
6843,3706,8,1,7456.18
6844,3706,9,1,12480.2
6845,3707,18,2,814.37
6846,3707,23,2,11157.82
6847,3707,13,1,9426.76
6848,3708,2,1,950.23
6849,3708,10,2,13686.87
6850,3708,1,2,528.63
6851,3709,7,1,2486.45
6852,3709,4,1,6461.81
6853,3709,6,1,26597.97
6854,3710,4,2,6562.58
6855,3710,25,1,13720.38
6856,3711,4,1,7153.25
6857,3711,11,1,21858.06
6858,3711,2,1,781.02
6859,3712,11,3,18071.12
6860,3712,17,1,1381.72
6861,3713,1,1,432.07
6862,3713,18,1,719.97
6863,3713,15,1,4686.01
6864,3714,8,1,8031.92
6865,3715,24,1,4583.38
6866,3715,17,2,1205.56
6867,3715,8,1,7501.42
6868,3716,12,1,12646.31
6869,3716,17,1,1389.85
6870,3717,5,1,696.08
6871,3718,16,1,11967.76
6872,3718,14,1,9380.66
6873,3718,3,2,3655.44
6874,3718,1,2,512.06
6875,3719,5,1,577.89
6876,3720,12,2,14666.56
6877,3721,2,1,974.66
6878,3721,1,1,529.94
6879,3722,19,1,2058.25
6880,3722,8,1,9233.32
6881,3722,1,1,514.47
6882,3722,2,1,872.22
6883,3723,14,1,8531.47
6884,3723,24,2,4857.45
6885,3724,24,1,5560.3
6886,3725,4,1,7415.32
6887,3726,23,1,8836.84
6888,3726,15,2,3744.48
6889,3727,7,1,2214.65
6890,3727,13,1,9813.57
6891,3728,25,1,13568.1
6892,3729,6,1,21734.3
6893,3729,13,1,9105.82
6894,3729,5,1,522.16
6895,3730,6,1,26483.23
6896,3730,14,1,9756.33
6897,3730,12,1,11701.26
6898,3730,20,1,1249.37
6899,3731,22,1,1434.55
6900,3731,14,1,8300.65
6901,3731,24,1,4632.73
6902,3732,3,1,3772.85
6903,3732,14,1,10444.47
6904,3732,13,1,10892.41
6905,3733,19,1,2095.8
6906,3734,17,1,1297.85
6907,3734,23,2,9558.83
6908,3734,21,1,5212.17
6909,3734,7,1,2414.34
6910,3735,18,1,760.06
6911,3735,25,1,16434.18
6912,3735,1,1,420.26
6913,3735,2,1,987.73
6914,3736,4,2,6167.04
6915,3736,22,1,1473.66
6916,3736,16,2,13376.38
6917,3736,6,1,25855.96
6918,3737,6,1,24184.1
6919,3739,8,1,7743.83
6920,3740,1,1,520.28
6921,3741,5,2,641.5
6922,3741,25,1,14924.45
6923,3741,21,2,5763.57
6924,3742,3,1,3999.91
6925,3742,21,1,5497.8
6926,3742,13,1,11094.37
6927,3743,1,1,438.34
6928,3744,4,1,8024.03
6929,3744,14,1,9686.93
6930,3745,14,2,9961.0
6931,3745,10,1,14890.71
6932,3745,11,1,21957.5
6933,3746,24,1,4824.44
6934,3746,23,1,8960.44
6935,3748,2,1,903.13
6936,3749,2,1,833.0
6937,3749,9,1,12258.35
6938,3749,3,1,4285.87
6939,3750,2,2,916.03
6940,3750,15,1,3682.56
6941,3750,4,1,7536.77
6942,3750,19,2,1846.99
6943,3751,13,1,9516.2
6944,3752,14,1,9589.24
6945,3752,21,1,5627.53
6946,3752,6,1,24968.59
6947,3753,13,1,9416.78
6948,3755,25,2,15087.77
6949,3757,16,2,12088.2
6950,3757,11,1,16725.03
6951,3758,22,2,1375.95
6952,3758,17,1,1319.27
6953,3758,7,1,2747.11
6954,3759,20,1,1266.52
6955,3759,12,1,13085.64
6956,3760,19,1,1697.13
6957,3761,5,1,631.22
6958,3763,23,3,9571.65
6959,3763,4,1,6126.53
6960,3764,22,1,1476.76
6961,3764,19,1,1795.35
6962,3764,10,1,15205.05
6963,3765,23,1,8371.85
6964,3766,12,1,13873.48
6965,3766,25,1,14205.72
6966,3766,9,1,10848.32
6967,3767,9,1,13924.71
6968,3768,20,1,1059.96
6969,3769,12,1,11338.08
6970,3769,7,1,2199.21
6971,3769,16,1,13504.6
6972,3769,13,2,10695.72
6973,3770,2,1,919.67
6974,3770,20,3,1247.48
6975,3770,4,1,6339.85
6976,3771,15,1,3837.92
6977,3772,6,1,23220.18
6978,3773,4,1,7257.09
6979,3773,6,1,23354.59
6980,3774,21,1,6032.59
6981,3775,15,1,3732.84
6982,3775,17,2,1301.52
6983,3776,20,1,1250.33
6984,3776,1,1,509.75
6985,3776,19,3,1862.35
6986,3777,3,1,3233.18
6987,3777,22,1,1689.62
6988,3777,5,1,618.95
6989,3777,21,1,6338.29
6990,3778,22,2,1326.14
6991,3778,13,1,9625.02
6992,3779,22,1,1655.68
6993,3779,18,1,703.09
6994,3780,10,1,15003.08
6995,3780,1,1,425.8
6996,3781,16,1,13352.62
6997,3782,20,1,1179.36
6998,3783,16,1,11789.69
6999,3784,12,2,12927.1
7000,3784,21,1,6057.34
7001,3784,18,1,681.6
7002,3784,11,1,20257.76
7003,3785,24,1,5006.21
7004,3786,22,1,1619.06
7005,3786,7,2,2094.19
7006,3787,22,2,1628.83
7007,3787,2,1,895.93
7008,3787,24,1,4225.51
7009,3788,22,1,1585.41
7010,3789,24,1,4930.16
7011,3789,9,3,12432.52
7012,3790,12,1,13732.98
7013,3790,6,1,22249.45
7014,3791,24,1,4174.41
7015,3792,23,2,8505.29
7016,3792,16,1,10941.08
7017,3792,9,1,12160.07
7018,3792,19,1,1916.95
7019,3793,21,1,6445.31
7020,3793,7,1,2385.0
7021,3794,11,1,16759.39
7022,3794,7,1,2747.13
7023,3795,19,1,2157.53
7024,3796,12,1,15050.1
7025,3796,15,1,4292.12
7026,3797,1,1,471.23
7027,3797,10,2,14468.04
7028,3797,15,2,4114.33
7029,3797,9,1,11035.24
7030,3798,2,1,955.81
7031,3799,20,1,1083.67
7032,3799,8,1,8092.22
7033,3800,15,1,4795.64
7034,3800,14,1,9864.65
7035,3800,4,1,6362.11
7036,3801,2,1,927.98
7037,3801,18,1,774.51
7038,3802,22,1,1552.49
7039,3803,15,1,3922.85
7040,3803,2,2,936.5
7041,3804,6,2,24556.64
7042,3804,1,1,433.15
7043,3804,18,1,718.31
7044,3806,25,1,15373.26
7045,3806,10,1,13913.84
7046,3806,24,1,5471.19
7047,3806,5,2,520.55
7048,3807,10,1,17727.25
7049,3807,1,1,476.06
7050,3808,3,1,3327.01
7051,3809,4,2,6824.04
7052,3809,11,2,20973.18
7053,3809,20,1,1115.97
7054,3810,2,1,868.59
7055,3811,6,1,24788.97
7056,3811,15,1,4480.58
7057,3812,5,1,594.33
7058,3812,18,2,806.46
7059,3812,17,1,1380.78
7060,3812,14,1,10103.78
7061,3813,16,1,11092.88
7062,3813,1,2,406.92
7063,3814,2,2,755.48
7064,3815,17,1,1238.89
7065,3815,9,2,14153.61
7066,3816,13,2,10628.98
7067,3816,21,1,6081.85
7068,3817,16,1,13114.52
7069,3819,10,1,17444.37
7070,3819,12,1,13374.53
7071,3819,17,2,1181.98
7072,3820,25,1,15823.54
7073,3820,6,1,21586.83
7074,3821,3,1,3533.21
7075,3822,22,1,1690.53
7076,3822,13,1,9711.54
7077,3822,2,1,826.9
7078,3825,17,1,1114.0
7079,3825,16,1,13585.17
7080,3825,5,1,522.03
7081,3826,19,1,2239.46
7082,3827,6,1,25972.15
7083,3827,23,1,9621.9
7084,3828,3,1,3333.02
7085,3829,21,1,5172.41
7086,3830,10,3,15835.25
7087,3831,2,1,925.86
7088,3831,20,1,979.16
7089,3831,11,1,20219.13
7090,3832,15,1,4225.13
7091,3832,17,1,1273.19
7092,3833,19,1,2236.93
7093,3833,22,2,1623.4
7094,3835,11,1,19521.71
7095,3835,15,1,4925.27
7096,3835,6,1,27963.16
7097,3836,20,1,1176.79
7098,3836,11,1,19461.85
7099,3836,17,1,1162.06
7100,3837,11,1,17160.06
7101,3837,3,1,3744.27
7102,3838,14,1,9332.05
7103,3838,1,1,521.73
7104,3838,6,1,23076.14
7105,3839,3,1,3966.41
7106,3840,19,1,1676.59
7107,3841,14,1,10019.26
7108,3841,16,3,10778.55
7109,3841,13,1,9708.1
7110,3843,5,1,580.2
7111,3843,18,1,740.09
7112,3844,21,2,5295.52
7113,3845,5,2,606.88
7114,3845,9,1,13309.72
7115,3846,3,1,3577.29
7116,3847,23,1,8284.13
7117,3847,2,1,767.81
7118,3848,6,1,23671.91
7119,3849,13,2,9218.32
7120,3850,10,1,15679.19
7121,3850,4,1,5985.92
7122,3851,12,1,14616.17
7123,3851,1,1,450.27
7124,3852,24,2,5238.78
7125,3854,19,1,2114.63
7126,3854,16,1,10788.71
7127,3854,23,1,10838.24
7128,3855,21,1,4991.65
7129,3856,6,1,28408.3
7130,3856,23,1,9324.63
7131,3856,19,1,2023.88
7132,3857,22,1,1573.08
7133,3858,17,2,1307.05
7134,3859,10,1,13861.63
7135,3860,17,1,1075.92
7136,3861,20,1,991.57
7137,3861,9,1,13678.95
7138,3862,20,1,1315.73
7139,3862,12,2,11735.44
7140,3863,15,1,4438.09
7141,3864,8,1,9173.09
7142,3864,7,1,2521.58
7143,3864,14,2,9729.31
7144,3865,4,1,6833.91
7145,3865,2,1,869.04
7146,3866,4,1,6597.51
7147,3867,19,1,2160.62
7148,3867,21,1,6331.73
7149,3869,1,1,515.53
7150,3869,3,2,3714.32
7151,3870,24,1,5073.43
7152,3870,4,2,7705.26
7153,3871,13,1,9766.2
7154,3871,19,1,2143.28
7155,3871,10,1,17356.48
7156,3872,25,1,15310.92
7157,3872,10,1,14207.66
7158,3872,8,1,7691.99
7159,3872,7,1,2717.9
7160,3873,9,1,11409.6
7161,3873,17,3,1160.32
7162,3875,12,1,13330.79
7163,3875,9,1,11087.7
7164,3876,2,1,846.45
7165,3876,23,1,8615.17
7166,3877,17,1,1196.13
7167,3877,23,2,9711.58
7168,3877,12,1,14976.28
7169,3878,18,2,645.98
7170,3878,7,1,2415.54
7171,3879,5,1,645.44
7172,3879,3,2,3966.15
7173,3880,21,1,5595.63
7174,3880,17,2,1223.66
7175,3880,7,1,2074.21
7176,3881,20,2,1267.1
7177,3881,21,1,6353.52
7178,3881,10,1,16026.54
7179,3882,13,1,11165.7
7180,3882,24,1,4216.4
7181,3883,1,1,496.27
7182,3883,8,1,8439.63
7183,3883,25,1,15778.54
7184,3884,17,1,1065.33
7185,3884,10,1,16065.94
7186,3885,12,1,11424.9
7187,3885,9,1,12489.15
7188,3885,4,1,7849.54
7189,3886,11,2,19133.68
7190,3886,13,1,9238.05
7191,3886,5,2,569.0
7192,3886,25,1,16783.63
7193,3887,21,1,5741.85
7194,3887,5,2,612.59
7195,3887,12,1,14504.8
7196,3888,5,1,553.5
7197,3889,11,2,20883.12
7198,3889,5,1,540.44
7199,3890,25,2,16558.52
7200,3890,22,1,1309.35
7201,3890,10,2,14299.71
7202,3891,19,1,2027.52
7203,3891,15,1,3929.02
7204,3891,10,1,15226.67
7205,3892,10,1,15827.14
7206,3892,3,1,4065.12
7207,3893,12,1,14070.47
7208,3893,23,2,9636.95
7209,3893,25,1,17205.24
7210,3894,17,1,1129.15
7211,3894,21,1,5249.91
7212,3895,19,1,1910.48
7213,3895,12,1,14225.41
7214,3895,18,3,689.12
7215,3896,1,1,463.76
7216,3896,24,1,5129.24
7217,3896,21,1,5081.4
7218,3897,11,1,20700.52
7219,3898,25,3,15925.51
7220,3899,23,1,9519.79
7221,3899,22,1,1448.51
7222,3899,4,2,7598.38
7223,3900,25,1,16256.41
7224,3901,11,1,22224.82
7225,3902,7,2,2782.97
7226,3902,23,2,8835.31
7227,3903,13,1,10567.95
7228,3904,12,1,12190.12
7229,3904,14,1,9655.22
7230,3905,18,2,758.26
7231,3906,6,2,23028.7
7232,3906,23,3,8643.18
7233,3906,4,1,7018.21
7234,3907,14,2,9495.25
7235,3907,19,1,2013.8
7236,3907,8,1,8679.63
7237,3908,21,1,5153.02
7238,3909,11,1,19816.65
7239,3910,16,1,13741.65
7240,3910,22,1,1629.86
7241,3910,17,2,1098.93
7242,3911,19,1,1953.35
7243,3912,11,1,18168.89
7244,3912,19,1,1717.98
7245,3914,23,1,8760.44
7246,3914,1,1,437.16
7247,3914,17,2,1209.51
7248,3915,2,1,967.82
7249,3915,4,2,7565.42
7250,3916,22,1,1399.18
7251,3916,25,1,16544.92
7252,3916,14,2,8869.98
7253,3916,15,1,4632.1
7254,3917,11,1,17288.63
7255,3917,7,1,2250.27
7256,3918,2,1,837.58
7257,3918,4,1,7154.39
7258,3919,20,1,1126.79
7259,3919,5,1,527.27
7260,3921,9,1,11843.96
7261,3921,6,3,23915.52
7262,3922,9,1,11825.05
7263,3922,3,1,4174.44
7264,3923,5,2,627.94
7265,3924,7,2,2330.75
7266,3924,20,1,1242.61
7267,3925,14,2,8398.95
7268,3925,13,1,10490.76
7269,3926,4,1,6569.93
7270,3926,25,1,15225.24
7271,3926,16,1,11776.72
7272,3927,17,1,1129.6
7273,3927,25,1,15489.83
7274,3928,25,1,13627.04
7275,3929,4,1,6921.54
7276,3929,1,1,481.98
7277,3930,5,1,524.77
7278,3930,10,2,14338.2
7279,3930,11,1,22391.55
7280,3931,21,1,5120.23
7281,3932,20,1,990.31
7282,3932,23,1,8297.22
7283,3933,9,1,12326.83
7284,3933,11,1,16949.5
7285,3934,16,1,10377.39
7286,3934,17,1,1145.71
7287,3934,19,2,1714.24
7288,3935,11,1,22312.36
7289,3936,4,2,7739.18
7290,3936,2,1,932.15
7291,3936,21,1,5278.82
7292,3936,14,1,8737.06
7293,3937,19,1,1863.41
7294,3938,8,3,8621.62
7295,3938,10,1,15839.01
7296,3938,12,1,14785.15
7297,3938,19,1,1884.36
7298,3939,2,1,841.26
7299,3940,19,2,1954.35
7300,3940,16,2,10699.12
7301,3941,8,1,8526.13
7302,3942,15,1,4032.93
7303,3942,6,1,25019.85
7304,3943,10,1,14968.96
7305,3944,18,1,787.95
7306,3944,8,1,9592.32
7307,3945,3,1,3935.6
7308,3945,15,1,4113.67
7309,3945,22,1,1384.01
7310,3945,8,1,9528.9
7311,3946,13,3,9161.01
7312,3946,1,1,441.48
7313,3947,24,1,4449.43
7314,3948,11,2,19027.71
7315,3949,10,1,14268.39
7316,3949,4,1,6344.42
7317,3949,20,1,1151.77
7318,3950,20,1,1312.14
7319,3950,10,1,18218.81
7320,3951,14,2,9791.43
7321,3951,13,1,8801.72
7322,3952,22,1,1497.32
7323,3952,25,1,17065.08
7324,3952,11,1,16884.33
7325,3953,23,1,9719.06
7326,3954,13,1,11636.62
7327,3955,14,1,9649.01
7328,3955,6,1,26798.35
7329,3955,17,1,1131.59
7330,3955,2,1,816.62
7331,3957,21,1,6055.25
7332,3957,17,1,1180.15
7333,3957,10,2,14359.61
7334,3957,2,1,986.53
7335,3958,18,1,761.0
7336,3958,15,1,4871.9
7337,3958,13,1,10663.41
7338,3959,16,1,10368.78
7339,3959,2,2,980.55
7340,3960,13,3,9978.62
7341,3961,15,1,3879.59
7342,3962,3,1,3356.21
7343,3962,25,2,14984.62
7344,3962,8,1,9352.61
7345,3963,10,1,18164.83
7346,3963,11,1,21960.44
7347,3964,8,1,7577.74
7348,3964,9,1,12300.52
7349,3965,11,1,21707.47
7350,3965,21,1,4986.25
7351,3965,4,1,7354.15
7352,3966,24,1,5296.27
7353,3966,9,1,12109.52
7354,3967,10,1,16949.62
7355,3967,11,2,17836.45
7356,3968,18,1,742.82
7357,3968,1,2,445.61
7358,3969,16,3,13333.94
7359,3969,4,1,6805.75
7360,3970,14,1,7896.69
7361,3970,9,1,10650.96
7362,3970,15,1,3973.63
7363,3970,22,2,1333.99
7364,3971,3,1,3685.84
7365,3971,23,1,10935.82
7366,3971,11,2,18022.93
7367,3971,20,1,1194.38
7368,3973,24,3,4827.12
7369,3974,4,1,6010.82
7370,3974,24,1,4230.33
7371,3974,13,1,9948.84
7372,3974,6,1,25529.99
7373,3975,23,1,9324.26
7374,3976,10,1,17734.41
7375,3976,1,1,417.7
7376,3976,18,1,715.16
7377,3977,24,1,4888.92
7378,3978,9,3,12832.84
7379,3978,18,1,816.97
7380,3979,14,1,10411.28
7381,3979,1,2,460.75
7382,3982,10,1,14431.65
7383,3983,16,1,10708.66
7384,3983,19,1,2006.81
7385,3984,2,1,842.34
7386,3984,20,1,1225.35
7387,3984,18,1,781.1
7388,3985,18,2,792.39
7389,3986,4,1,6843.12
7390,3987,24,2,5141.1
7391,3987,3,1,3942.87
7392,3987,14,1,9141.37
7393,3987,15,1,3721.92
7394,3988,22,1,1640.72
7395,3989,19,3,2187.83
7396,3990,11,1,20071.39
7397,3991,20,1,1254.46
7398,3992,6,1,23548.97
7399,3993,22,1,1272.22
7400,3994,9,2,12430.71
7401,3994,1,1,503.81
7402,3996,23,1,9293.63
7403,3996,11,1,16885.02
7404,3997,14,1,10304.09
7405,3998,17,1,1281.87
7406,3998,4,1,6067.44
7407,3999,21,1,6402.51
7408,3999,25,1,15683.79
7409,4000,21,1,5333.83
7410,4000,10,2,16162.17
7411,4001,24,1,5412.37
7412,4002,18,1,720.9
7413,4002,3,1,4333.48
7414,4002,25,1,16607.65
7415,4003,18,2,676.68
7416,4003,13,1,9529.02
7417,4004,15,1,4238.52
7418,4004,24,1,5471.29
7419,4004,18,1,669.74
7420,4005,21,1,5502.72
7421,4005,20,2,1142.34
7422,4005,18,1,696.08
7423,4005,15,2,4879.58
7424,4006,12,1,11990.94
7425,4006,10,1,17241.29
7426,4006,16,1,13383.29
7427,4007,13,1,10662.69
7428,4007,18,2,778.9
7429,4007,12,1,15174.92
7430,4008,16,1,10406.16
7431,4008,1,1,467.77
7432,4009,19,2,1953.35
7433,4010,9,1,11860.05
7434,4011,24,2,4871.23
7435,4011,7,1,2144.58
7436,4012,16,1,11117.99
7437,4012,1,1,445.77
7438,4012,9,3,11513.11
7439,4014,24,1,4899.11
7440,4014,14,1,8005.39
7441,4014,5,2,539.0
7442,4015,6,1,23213.76
7443,4016,14,1,9153.45
7444,4016,5,1,627.42
7445,4016,3,1,3918.56
7446,4017,3,2,3307.59
7447,4017,20,1,1015.87
7448,4018,1,1,491.05
7449,4018,12,2,12908.72
7450,4019,6,1,28468.15
7451,4019,8,1,8017.94
7452,4020,25,1,17760.28
7453,4021,22,2,1667.01
7454,4022,7,1,2743.83
7455,4022,5,2,684.78
7456,4023,12,2,11396.67
7457,4024,21,2,4984.18
7458,4024,18,1,665.13
7459,4026,12,1,14992.11
7460,4026,2,1,889.86
7461,4027,14,1,8190.06
7462,4028,14,1,9712.12
7463,4028,13,1,10415.07
7464,4029,11,1,20766.78
7465,4029,2,1,931.58
7466,4030,14,1,10007.24
7467,4030,11,1,19517.47
7468,4030,8,1,9132.12
7469,4031,21,1,6083.35
7470,4032,23,1,8311.26
7471,4032,14,2,9787.09
7472,4032,24,1,5025.84
7473,4033,1,1,442.99
7474,4034,10,1,16923.42
7475,4035,4,1,7278.23
7476,4036,5,3,676.0
7477,4039,9,1,10942.76
7478,4039,20,1,1124.53
7479,4039,13,1,9616.15
7480,4040,12,1,11637.44
7481,4040,24,1,4463.12
7482,4041,7,1,2221.85
7483,4042,23,1,9522.28
7484,4043,16,1,11130.48
7485,4043,18,1,754.13
7486,4043,8,1,9485.95
7487,4043,13,1,10637.33
7488,4044,2,2,966.0
7489,4045,12,2,14356.39
7490,4046,4,1,6148.02
7491,4046,21,2,5164.46
7492,4047,20,2,1154.56
7493,4047,24,1,4215.35
7494,4048,25,1,15864.49
7495,4049,18,2,796.64
7496,4050,19,1,2167.69
7497,4050,4,1,7183.8
7498,4051,9,1,12298.52
7499,4051,10,1,17357.49
7500,4051,2,1,783.9
7501,4052,4,2,7539.42
7502,4052,2,1,866.38
7503,4053,24,2,4404.65
7504,4054,12,1,14955.93
7505,4054,11,2,16902.26
7506,4055,1,1,457.95
7507,4055,13,1,9176.13
7508,4055,8,3,8230.27
7509,4055,7,3,2594.88
7510,4056,15,1,4880.15
7511,4056,1,1,414.75
7512,4056,8,2,7705.67
7513,4057,15,2,4249.06
7514,4058,19,1,1667.98
7515,4058,24,1,4753.48
7516,4058,14,2,9957.94
7517,4059,9,1,11015.72
7518,4060,11,2,19401.85
7519,4060,23,1,10533.18
7520,4061,13,1,11507.01
7521,4062,12,2,13062.26
7522,4062,13,1,10331.17
7523,4062,11,1,19776.59
7524,4063,1,1,466.65
7525,4063,16,2,12031.52
7526,4064,6,1,23458.44
7527,4064,4,1,7327.78
7528,4066,24,2,4366.56
7529,4066,21,1,5025.57
7530,4067,17,1,1367.16
7531,4068,20,1,1259.81
7532,4069,23,3,10570.06
7533,4069,18,1,637.86
7534,4069,12,1,14162.85
7535,4069,3,1,4303.76
7536,4070,1,1,420.35
7537,4070,19,1,1790.59
7538,4071,15,1,3708.07
7539,4071,3,1,3418.26
7540,4072,14,1,8839.98
7541,4072,6,1,24059.05
7542,4073,22,1,1504.89
7543,4074,6,2,22194.16
7544,4074,8,1,7296.58
7545,4074,15,1,4330.87
7546,4076,24,1,4596.96
7547,4077,8,1,8607.82
7548,4077,21,1,6254.17
7549,4078,4,1,7868.94
7550,4078,6,1,25609.77
7551,4078,19,1,1987.04
7552,4079,24,2,5226.82
7553,4079,14,1,9072.53
7554,4079,3,1,4112.07
7555,4080,4,1,6308.63
7556,4080,12,1,14524.61
7557,4081,8,1,7428.33
7558,4081,2,1,871.58
7559,4082,23,1,9855.66
7560,4082,10,1,15670.15
7561,4083,20,1,1201.77
7562,4083,4,1,7884.01
7563,4084,6,1,28044.32
7564,4085,10,1,13954.77
7565,4085,8,1,7242.64
7566,4085,22,1,1521.8
7567,4085,6,1,27964.17
7568,4086,11,1,19570.23
7569,4086,12,1,12499.32
7570,4087,19,1,1837.48
7571,4087,25,1,13686.13
7572,4088,7,1,2299.41
7573,4088,6,1,27594.46
7574,4089,11,2,22057.38
7575,4089,23,1,9606.97
7576,4089,2,2,996.01
7577,4089,4,1,7034.49
7578,4090,15,2,4094.51
7579,4090,10,1,18265.46
7580,4090,12,1,14684.66
7581,4090,3,1,3758.31
7582,4091,2,1,865.7
7583,4091,22,1,1515.93
7584,4091,5,1,547.45
7585,4092,7,1,2170.42
7586,4092,5,1,575.45
7587,4094,1,1,410.8
7588,4094,3,1,3588.26
7589,4094,24,1,4401.26
7590,4095,14,1,9660.82
7591,4095,8,1,8384.34
7592,4096,8,1,7738.8
7593,4096,18,1,669.69
7594,4096,14,1,9711.11
7595,4097,11,1,21458.27
7596,4097,7,1,2232.05
7597,4098,2,1,750.37
7598,4099,9,1,12488.18
7599,4100,23,1,8281.72
7600,4100,19,2,2059.94
7601,4101,25,1,16568.45
7602,4101,10,1,13754.05
7603,4102,10,1,15732.1
7604,4102,19,1,1822.42
7605,4103,11,2,22443.72
7606,4104,5,1,688.13
7607,4104,18,1,702.59
7608,4105,11,1,20563.33
7609,4105,5,3,581.73
7610,4106,18,1,751.1
7611,4107,21,1,6166.58
7612,4107,6,2,24181.97
7613,4108,1,1,416.7
7614,4108,2,1,956.12
7615,4109,14,1,9301.91
7616,4110,3,2,3496.01
7617,4111,12,1,12260.45
7618,4111,10,1,15700.84
7619,4112,10,1,16710.11
7620,4112,22,1,1350.24
7621,4113,8,1,8429.75
7622,4113,20,2,983.4
7623,4114,20,1,978.6
7624,4115,10,1,16135.7
7625,4116,13,1,9538.71
7626,4116,10,1,16176.0
7627,4116,20,1,1131.41
7628,4117,14,2,10333.02
7629,4117,25,1,15934.59
7630,4118,12,1,11842.36
7631,4119,1,1,532.23
7632,4119,22,1,1468.49
7633,4119,16,1,13687.67
7634,4119,21,2,4970.75
7635,4120,1,1,529.36
7636,4120,5,1,536.71
7637,4120,4,1,7838.61
7638,4121,13,1,9681.75
7639,4121,8,1,7865.71
7640,4122,19,1,1905.64
7641,4122,8,1,9389.83
7642,4122,14,2,9034.87
7643,4123,22,2,1325.0
7644,4124,4,1,7432.72
7645,4125,15,2,4161.94
7646,4126,9,1,11125.32
7647,4126,14,1,9864.8
7648,4127,19,1,1781.92
7649,4127,15,1,3888.88
7650,4127,17,3,1336.96
7651,4128,16,1,11094.44
7652,4128,13,2,11063.41
7653,4129,4,1,5998.13
7654,4129,14,1,8463.83
7655,4129,6,1,22649.75
7656,4130,25,1,16676.91
7657,4130,7,1,2616.38
7658,4131,17,2,1391.18
7659,4131,14,1,8709.11
7660,4132,5,2,632.19
7661,4132,20,1,1079.99
7662,4135,15,1,4307.67
7663,4135,22,2,1655.94
7664,4136,5,1,597.79
7665,4136,21,2,6303.83
7666,4137,17,2,1282.71
7667,4138,25,2,15756.42
7668,4138,19,1,1943.75
7669,4140,23,1,10450.65
7670,4140,14,1,9310.93
7671,4141,16,2,10582.25
7672,4142,10,1,16263.57
7673,4142,7,1,2142.66
7674,4143,2,2,872.46
7675,4143,7,1,2234.27
7676,4144,15,2,4136.29
7677,4144,4,1,6151.54
7678,4145,1,1,514.2
7679,4145,22,1,1441.17
7680,4145,10,1,16779.61
7681,4146,10,1,17029.02
7682,4147,1,1,427.47
7683,4148,8,1,7457.11
7684,4148,18,1,704.07
7685,4148,20,1,1162.9
7686,4149,2,1,943.68
7687,4149,7,1,2274.59
7688,4149,20,1,1062.49
7689,4149,17,2,1368.22
7690,4150,6,1,27131.18
7691,4151,22,1,1438.95
7692,4151,11,2,19957.64
7693,4151,19,1,2025.47
7694,4152,16,2,13382.02
7695,4152,22,1,1669.48
7696,4152,5,1,610.31
7697,4153,17,2,1052.81
7698,4153,13,1,9265.67
7699,4153,19,1,1768.77
7700,4154,6,1,27234.89
7701,4154,21,2,4883.0
7702,4154,19,2,1855.53
7703,4155,24,1,4529.74
7704,4155,4,2,6255.06
7705,4156,18,1,660.72
7706,4157,24,2,4829.94
7707,4157,4,1,7518.73
7708,4158,14,2,9976.66
7709,4159,25,3,15955.41
7710,4159,5,1,649.93
7711,4160,24,1,5370.5
7712,4161,21,1,5732.05
7713,4162,4,1,6590.64
7714,4162,6,1,25853.79
7715,4163,9,1,10627.39
7716,4163,8,1,9135.46
7717,4163,18,1,668.96
7718,4164,23,1,8524.08
7719,4164,18,1,712.16
7720,4165,14,1,9839.75
7721,4165,6,1,22147.43
7722,4165,5,1,649.45
7723,4166,4,1,8005.68
7724,4166,19,1,2044.4
7725,4166,15,1,4835.67
7726,4167,18,2,692.62
7727,4167,16,1,13127.45
7728,4168,9,1,14233.62
7729,4169,10,1,14516.8
7730,4169,8,1,7388.47
7731,4170,21,1,5620.64
7732,4171,23,1,10160.16
7733,4171,10,1,15914.41
7734,4172,13,1,10144.31
7735,4173,12,2,11547.24
7736,4173,15,1,3682.43
7737,4173,4,1,6799.17
7738,4173,19,1,1842.16
7739,4174,16,1,11986.47
7740,4175,4,2,7709.35
7741,4175,9,1,14224.57
7742,4176,19,1,1847.23
7743,4176,7,1,2763.63
7744,4176,17,1,1201.65
7745,4177,7,1,2188.5
7746,4177,15,1,4742.08
7747,4178,19,2,2029.32
7748,4178,20,1,1199.79
7749,4179,21,1,5104.37
7750,4179,5,1,554.01
7751,4180,10,1,16240.18
7752,4180,24,2,5227.38
7753,4180,6,1,22454.2
7754,4181,12,1,13805.12
7755,4181,3,1,4126.54
7756,4182,14,1,9505.82
7757,4183,19,1,1881.82
7758,4183,21,1,4918.37
7759,4184,17,2,1053.44
7760,4184,20,1,1220.59
7761,4185,17,2,1188.82
7762,4185,6,1,25643.55
7763,4186,2,2,779.61
7764,4186,16,1,12641.3
7765,4186,8,1,7675.27
7766,4187,14,1,9547.42
7767,4188,19,1,2077.28
7768,4188,23,1,8284.14
7769,4189,5,1,642.87
7770,4189,3,1,3521.53
7771,4190,12,1,12018.44
7772,4191,3,1,4140.15
7773,4191,10,1,16913.9
7774,4192,23,1,10570.2
7775,4193,8,1,9345.97
7776,4193,5,1,559.25
7777,4193,13,2,10381.77
7778,4193,25,1,16898.68
7779,4194,20,1,1301.52
7780,4194,13,2,9095.02
7781,4195,13,1,10986.82
7782,4196,21,1,6087.79
7783,4196,6,1,25098.2
7784,4196,13,1,11360.98
7785,4197,20,2,1208.91
7786,4197,6,1,24820.46
7787,4197,7,2,2661.41
7788,4198,18,1,639.23
7789,4198,9,1,14028.46
7790,4199,17,1,1251.38
7791,4199,2,1,996.91
7792,4200,18,1,750.46
7793,4201,2,1,810.88
7794,4201,15,1,3882.91
7795,4202,5,1,639.84
7796,4202,17,1,1271.93
7797,4202,11,2,19858.14
7798,4203,17,1,1141.12
7799,4203,21,2,5761.37
7800,4204,24,1,4753.14
7801,4204,23,1,10507.42
7802,4205,18,1,635.44
7803,4206,14,1,8347.57
7804,4206,22,1,1535.75
7805,4206,1,1,422.56
7806,4207,24,1,4424.55
7807,4207,15,1,4097.84
7808,4208,10,1,16710.1
7809,4209,5,1,613.55
7810,4209,25,1,16003.01
7811,4210,24,1,4246.32
7812,4210,14,1,9883.64
7813,4211,9,1,12242.98
7814,4212,8,1,8691.24
7815,4212,18,1,760.07
7816,4212,23,1,10404.52
7817,4212,4,1,6335.41
7818,4213,8,1,7473.69
7819,4213,16,1,12432.96
7820,4213,17,1,1040.29
7821,4215,14,1,10214.24
7822,4215,1,1,417.18
7823,4215,3,2,3221.38
7824,4216,15,1,4341.86
7825,4216,20,1,1118.36
7826,4217,21,2,4851.03
7827,4217,14,1,8504.36
7828,4218,20,1,1004.81
7829,4218,18,1,704.68
7830,4219,15,1,4096.69
7831,4219,21,1,5985.08
7832,4220,9,1,12703.78
7833,4220,17,1,1177.29
7834,4221,25,1,16940.8
7835,4221,10,1,14054.34
7836,4222,14,1,9218.84
7837,4222,2,2,939.42
7838,4222,22,2,1434.02
7839,4223,15,2,3912.28
7840,4224,17,1,1108.39
7841,4225,20,2,1018.06
7842,4226,12,1,12350.55
7843,4226,5,1,577.4
7844,4227,7,2,2478.39
7845,4227,13,1,9387.98
7846,4228,18,2,757.32
7847,4228,12,3,13586.49
7848,4228,15,2,3851.1
7849,4229,18,1,807.8
7850,4229,11,2,21959.05
7851,4229,9,1,13419.66
7852,4231,2,1,845.16
7853,4232,8,1,7871.87
7854,4232,19,1,1972.4
7855,4233,16,1,10475.26
7856,4233,10,2,14801.02
7857,4233,15,1,3890.18
7858,4233,23,1,9071.27
7859,4234,15,1,4360.73
7860,4234,17,1,1157.49
7861,4235,10,1,16672.27
7862,4235,13,1,9795.83
7863,4235,11,1,22257.9
7864,4235,1,1,503.94
7865,4236,3,2,3817.43
7866,4237,21,1,6106.4
7867,4237,3,2,3544.08
7868,4238,22,1,1660.19
7869,4238,3,1,3316.82
7870,4239,7,1,2444.84
7871,4239,14,1,9636.86
7872,4240,9,1,13674.04
7873,4241,5,1,606.87
7874,4241,15,1,4188.99
7875,4241,8,1,7380.0
7876,4243,25,1,13481.06
7877,4244,5,1,582.53
7878,4244,13,1,9388.18
7879,4245,17,1,1385.27
7880,4246,7,1,2763.47
7881,4246,19,1,2136.99
7882,4246,15,1,4304.29
7883,4247,20,3,1174.18
7884,4247,22,2,1475.1
7885,4247,1,2,478.98
7886,4247,10,1,14501.18
7887,4248,4,1,6441.24
7888,4248,23,1,10712.2
7889,4248,25,1,16662.23
7890,4248,7,1,2358.32
7891,4249,11,2,17392.21
7892,4249,17,1,1332.67
7893,4250,23,3,9395.26
7894,4250,18,2,734.88
7895,4250,5,1,542.86
7896,4251,11,1,17534.03
7897,4251,15,1,4581.33
7898,4251,13,1,9641.01
7899,4252,24,1,5543.05
7900,4252,25,2,13392.85
7901,4254,14,1,9367.53
7902,4254,21,2,5730.36
7903,4254,23,1,9136.42
7904,4255,5,1,615.82
7905,4255,10,1,17958.73
7906,4256,21,1,5230.73
7907,4256,6,1,23572.12
7908,4257,14,2,9409.41
7909,4257,22,1,1365.36
7910,4257,2,1,792.85
7911,4258,21,1,6130.71
7912,4259,4,1,6188.67
7913,4260,18,2,843.67
7914,4261,23,1,10980.63
7915,4261,12,2,11653.33
7916,4262,22,2,1455.94
7917,4263,22,2,1467.4
7918,4264,7,1,2472.69
7919,4264,2,1,825.98
7920,4265,21,2,6083.09
7921,4265,14,2,10035.52
7922,4266,18,1,652.41
7923,4266,1,2,434.59
7924,4266,13,2,10608.44
7925,4267,23,2,10430.44
7926,4267,22,1,1661.74
7927,4268,25,2,17756.84
7928,4268,12,1,13305.71
7929,4269,11,1,21766.08
7930,4269,21,1,5217.9
7931,4270,15,1,3690.09
7932,4270,2,1,920.67
7933,4270,14,2,8923.76
7934,4270,21,1,5330.36
7935,4271,5,3,540.85
7936,4271,1,1,473.09
7937,4271,24,1,4713.55
7938,4272,9,1,13624.53
7939,4272,1,1,512.52
7940,4273,20,2,1002.4
7941,4273,16,1,11448.34
7942,4273,12,1,13202.08
7943,4274,7,1,2709.6
7944,4275,23,1,10091.98
7945,4275,4,1,6325.11
7946,4276,25,1,15308.15
7947,4276,21,1,6461.99
7948,4277,13,1,9147.32
7949,4277,3,1,3795.88
7950,4278,4,2,6374.62
7951,4278,19,1,2144.02
7952,4279,2,3,958.73
7953,4279,4,1,7144.69
7954,4279,7,1,2328.57
7955,4280,21,1,5160.38
7956,4280,15,1,3980.39
7957,4280,25,1,17690.7
7958,4281,25,1,13285.47
7959,4281,13,2,9798.86
7960,4281,11,1,20893.72
7961,4282,7,1,2528.81
7962,4282,8,2,7294.82
7963,4283,23,1,10242.59
7964,4283,13,2,10560.83
7965,4284,14,1,9596.12
7966,4284,23,2,9690.96
7967,4285,15,1,4438.22
7968,4287,21,1,5534.55
7969,4287,7,1,2649.16
7970,4287,12,2,13032.33
7971,4287,10,1,16954.7
7972,4288,14,2,8849.96
7973,4289,1,2,417.58
7974,4289,23,1,10077.62
7975,4290,23,2,10540.5
7976,4290,16,1,12574.83
7977,4291,21,1,6376.27
7978,4291,14,1,9176.16
7979,4291,1,1,442.42
7980,4291,12,1,13537.0
7981,4292,17,1,1321.4
7982,4292,9,1,13458.26
7983,4293,21,1,6174.88
7984,4293,25,1,13337.46
7985,4293,20,1,1257.58
7986,4295,11,1,19228.94
7987,4295,13,2,8761.83
7988,4296,4,1,7553.59
7989,4296,14,1,8918.93
7990,4296,1,1,432.09
7991,4297,25,1,16258.24
7992,4297,12,1,11598.98
7993,4297,8,1,7338.24
7994,4297,19,1,2244.93
7995,4299,14,1,9961.55
7996,4299,20,1,1032.05
7997,4299,3,2,3621.34
7998,4300,9,1,12531.78
7999,4301,18,1,851.86
8000,4303,15,2,3915.43
8001,4304,21,1,6276.75
8002,4304,8,1,9310.72
8003,4304,4,2,7640.73
8004,4305,6,3,23378.22
8005,4305,25,1,17358.6
8006,4306,19,1,2009.46
8007,4306,21,3,5667.8
8008,4307,15,1,4334.29
8009,4308,17,1,1308.42
8010,4308,7,1,2744.36
8011,4308,1,1,540.42
8012,4309,2,1,816.04
8013,4309,18,1,666.25
8014,4309,12,1,12472.41
8015,4309,17,2,1132.59
8016,4310,9,1,12420.29
8017,4311,17,1,1045.4
8018,4311,21,1,5356.77
8019,4311,8,1,8782.67
8020,4312,23,1,8649.32
8021,4312,13,1,11304.3
8022,4312,7,1,2783.27
8023,4312,5,1,574.3
8024,4313,4,2,6220.64
8025,4314,21,1,4846.11
8026,4314,5,1,600.48
8027,4314,24,1,4479.85
8028,4316,15,1,4886.21
8029,4316,6,2,25578.47
8030,4317,8,1,7883.3
8031,4318,22,1,1307.1
8032,4318,7,3,2118.66
8033,4319,4,1,7351.22
8034,4320,12,1,13468.55
8035,4322,25,1,14455.36
8036,4322,8,1,8890.95
8037,4323,17,1,1217.63
8038,4324,4,1,8041.62
8039,4324,14,1,8394.46
8040,4324,6,1,21465.93
8041,4324,1,3,441.75
8042,4327,25,1,16555.49
8043,4329,13,2,10197.02
8044,4329,2,1,787.07
8045,4330,12,1,14565.76
8046,4330,18,1,755.37
8047,4330,23,3,10312.94
8048,4330,19,1,2146.64
8049,4331,6,1,26074.59
8050,4331,5,2,575.08
8051,4331,18,2,723.0
8052,4332,18,2,804.47
8053,4333,19,2,2141.44
8054,4334,20,1,979.31
8055,4334,24,1,5246.18
8056,4334,14,1,8988.95
8057,4336,22,1,1659.29
8058,4337,22,2,1482.66
8059,4338,1,1,411.21
8060,4338,3,1,4232.35
8061,4339,16,2,11101.71
8062,4339,25,1,14725.29
8063,4340,4,2,6938.82
8064,4341,15,1,4418.86
8065,4341,6,1,22261.93
8066,4342,25,2,16800.71
8067,4342,6,1,25523.73
8068,4343,4,1,6333.85
8069,4344,2,2,768.12
8070,4345,16,1,12331.36
8071,4346,17,1,1068.6
8072,4346,10,1,14477.52
8073,4346,9,1,14080.62
8074,4346,25,1,17198.28
8075,4347,23,1,9634.53
8076,4347,4,1,7378.22
8077,4348,4,1,7104.77
8078,4349,1,1,540.28
8079,4349,3,1,3766.08
8080,4349,5,1,538.56
8081,4350,23,2,8558.32
8082,4350,9,1,10815.19
8083,4350,1,1,523.48
8084,4350,4,1,6249.36
8085,4351,9,1,12680.05
8086,4351,4,1,6296.49
8087,4352,14,3,8327.03
8088,4353,24,1,4153.94
8089,4353,18,1,836.75
8090,4354,15,1,4589.5
8091,4354,6,1,22105.81
8092,4354,19,1,1761.92
8093,4355,15,1,4287.01
8094,4357,21,2,4831.76
8095,4357,5,1,530.8
8096,4358,1,1,472.63
8097,4358,25,3,17340.14
8098,4358,12,1,13231.31
8099,4359,21,1,6491.2
8100,4359,14,2,9825.21
8101,4359,18,1,809.61
8102,4361,3,1,4131.12
8103,4362,5,1,662.57
8104,4362,21,1,5403.7
8105,4362,7,1,2146.83
8106,4362,12,1,11441.05
8107,4363,25,2,16175.98
8108,4363,22,1,1479.77
8109,4364,12,1,14842.14
8110,4365,11,1,19867.66
8111,4365,10,2,14841.46
8112,4366,13,1,10114.98
8113,4367,9,1,13154.21
8114,4368,19,2,1723.2
8115,4368,15,1,4740.18
8116,4369,6,2,25955.02
8117,4370,24,1,4428.06
8118,4371,25,1,14796.03
8119,4371,17,1,1357.44
8120,4372,13,1,10403.86
8121,4372,5,1,624.3
8122,4373,7,1,2261.29
8123,4373,12,1,13882.92
8124,4373,21,1,5384.66
8125,4374,1,1,477.54
8126,4375,7,1,2744.73
8127,4375,8,1,7827.91
8128,4376,7,1,2359.07
8129,4376,12,1,15175.45
8130,4377,8,1,7405.47
8131,4378,2,1,752.18
8132,4379,25,1,14845.82
8133,4380,25,1,17362.71
8134,4380,3,1,4178.51
8135,4380,4,1,6097.9
8136,4380,15,1,3855.82
8137,4382,22,2,1518.64
8138,4383,2,1,936.92
8139,4383,22,1,1317.67
8140,4383,4,2,6395.99
8141,4384,12,1,12779.68
8142,4384,23,1,10387.62
8143,4385,11,1,22132.13
8144,4386,9,2,14135.05
8145,4386,12,2,12507.78
8146,4386,6,1,28630.53
8147,4386,2,2,764.25
8148,4387,6,1,27668.49
8149,4387,11,1,17704.13
8150,4387,2,2,819.55
8151,4388,8,1,9482.4
8152,4388,4,1,6869.13
8153,4389,5,1,628.47
8154,4390,22,1,1346.67
8155,4390,16,1,13784.72
8156,4391,9,2,14203.36
8157,4392,9,2,12988.83
8158,4392,19,2,1965.85
8159,4392,25,1,15185.45
8160,4393,1,2,452.56
8161,4394,19,1,1686.78
8162,4394,3,1,4113.27
8163,4396,21,1,5749.6
8164,4396,18,1,804.69
8165,4396,24,2,5107.28
8166,4397,1,1,417.31
8167,4399,13,1,10273.31
8168,4399,20,1,1069.41
8169,4399,17,1,1251.09
8170,4399,18,1,733.0
8171,4400,8,1,8082.35
8172,4400,5,2,596.38
8173,4400,18,1,676.37
8174,4401,8,1,8164.89
8175,4401,24,1,4971.67
8176,4402,24,1,4373.5
8177,4404,1,1,512.36
8178,4404,23,3,9842.5
8179,4404,3,1,3252.32
8180,4405,4,1,7669.79
8181,4406,20,1,1008.58
8182,4408,7,1,2626.4
8183,4408,11,1,20225.9
8184,4409,24,1,4767.79
8185,4410,20,1,1190.44
8186,4410,12,1,14516.7
8187,4410,10,2,16762.56
8188,4411,20,1,1068.95
8189,4411,15,1,4042.34
8190,4412,17,1,1343.19
8191,4412,22,1,1389.34
8192,4413,22,1,1437.3
8193,4414,17,1,1245.25
8194,4414,9,1,13401.75
8195,4414,8,1,7805.4
8196,4415,7,1,2540.71
8197,4416,8,1,9441.29
8198,4416,17,2,1318.8
8199,4417,1,1,464.72
8200,4418,23,2,10510.01
8201,4418,16,1,13052.21
8202,4419,2,1,843.23
8203,4420,20,2,1037.51
8204,4420,13,1,10182.24
8205,4421,19,1,2195.96
8206,4421,11,1,17487.76
8207,4421,5,1,620.61
8208,4421,25,1,14370.49
8209,4422,21,1,6136.79
8210,4422,11,1,21253.6
8211,4423,24,1,4414.63
8212,4424,16,1,10796.65
8213,4425,24,2,4840.87
8214,4426,7,1,2719.52
8215,4426,5,1,591.92
8216,4427,21,2,4871.63
8217,4427,8,1,8569.45
8218,4427,7,2,2171.95
8219,4427,15,1,4117.72
8220,4428,24,1,4624.82
8221,4429,18,2,742.08
8222,4429,19,1,2138.5
8223,4430,14,2,9417.87
8224,4431,5,1,583.92
8225,4431,9,1,11781.75
8226,4432,3,1,3601.49
8227,4432,6,1,22959.35
8228,4432,24,2,4742.3
8229,4433,13,1,9231.79
8230,4433,1,1,419.39
8231,4433,6,2,25784.07
8232,4433,4,2,6659.87
8233,4434,23,1,10405.93
8234,4434,3,1,3229.86
8235,4435,13,1,9372.41
8236,4435,24,1,4559.25
8237,4436,2,1,1006.93
8238,4437,12,1,13986.65
8239,4437,2,1,932.01
8240,4438,12,2,11893.73
8241,4438,5,1,528.99
8242,4439,17,1,1262.94
8243,4441,24,1,4155.32
8244,4441,18,1,691.48
8245,4441,11,2,22074.93
8246,4441,7,1,2387.25
8247,4442,12,1,14918.32
8248,4442,21,1,4971.31
8249,4442,6,1,21672.97
8250,4443,13,1,8941.85
8251,4443,19,1,2182.3
8252,4443,25,1,14371.5
8253,4444,23,1,10420.85
8254,4445,5,1,643.1
8255,4445,14,1,9707.93
8256,4445,2,1,877.49
8257,4445,9,1,14218.49
8258,4447,15,1,3874.21
8259,4447,20,1,1291.83
8260,4448,10,1,13881.42
8261,4448,5,1,660.27
8262,4449,12,1,13501.27
8263,4449,1,1,492.38
8264,4449,15,2,4557.13
8265,4449,8,1,8112.36
8266,4450,13,1,11072.97
8267,4450,8,1,8023.47
8268,4450,10,1,14946.54
8269,4452,21,1,4982.85
8270,4452,6,1,27888.35
8271,4453,8,1,8575.62
8272,4453,16,1,12835.33
8273,4453,23,2,10810.68
8274,4454,7,1,2284.01
8275,4454,22,3,1596.51
8276,4454,11,1,18957.76
8277,4455,23,1,9147.56
8278,4456,11,1,19370.45
8279,4457,12,1,12531.86
8280,4457,1,1,506.1
8281,4457,10,1,15167.16
8282,4458,4,1,6035.12
8283,4458,24,1,4491.21
8284,4459,16,1,10440.67
8285,4459,10,1,14599.04
8286,4460,1,2,523.23
8287,4461,21,1,5199.07
8288,4461,3,1,3871.4
8289,4461,17,1,1081.04
8290,4461,12,1,12468.25
8291,4463,25,2,15908.02
8292,4463,16,1,12595.96
8293,4463,6,1,22110.22
8294,4463,14,1,9709.84
8295,4464,10,1,17169.92
8296,4464,7,1,2084.18
8297,4464,23,1,10320.84
8298,4465,19,1,1918.54
8299,4465,22,1,1321.12
8300,4466,14,1,9729.26
8301,4467,14,1,9192.44
8302,4467,4,1,6809.24
8303,4468,11,1,18670.98
8304,4468,7,1,2312.76
8305,4468,5,1,625.07
8306,4469,4,1,6216.18
8307,4471,1,1,464.37
8308,4472,12,1,14614.5
8309,4473,12,1,14965.99
8310,4474,17,2,1171.59
8311,4474,3,1,3288.53
8312,4474,10,1,15479.1
8313,4474,15,1,4524.83
8314,4475,6,3,22462.01
8315,4475,4,1,7213.17
8316,4475,1,1,519.4
8317,4475,15,1,4156.98
8318,4476,11,1,16750.51
8319,4476,24,1,5496.28
8320,4477,16,1,13737.54
8321,4478,21,3,5619.97
8322,4479,11,1,20517.28
8323,4479,9,1,12910.85
8324,4479,24,1,5550.76
8325,4479,5,2,666.95
8326,4480,3,1,3979.24
8327,4480,24,1,4909.26
8328,4481,25,3,13999.41
8329,4482,21,1,6453.44
8330,4482,5,1,683.62
8331,4482,11,2,18407.24
8332,4483,10,1,15554.37
8333,4483,6,2,21289.54
8334,4483,13,1,11156.82
8335,4484,3,2,3470.29
8336,4484,15,1,4095.12
8337,4484,2,3,930.36
8338,4484,20,1,1284.87
8339,4485,1,1,508.41
8340,4485,2,1,793.19
8341,4486,22,1,1356.74
8342,4486,19,1,2157.51
8343,4487,10,1,17533.95
8344,4487,18,1,782.75
8345,4487,15,2,3724.53
8346,4488,25,1,15471.9
8347,4489,23,1,10466.12
8348,4489,3,2,4160.23
8349,4490,23,1,10440.71
8350,4491,4,1,7745.22
8351,4491,1,3,525.37
8352,4491,8,1,8169.79
8353,4492,11,1,20615.14
8354,4492,9,1,11786.36
8355,4493,20,2,1315.8
8356,4493,10,1,16611.99
8357,4494,1,1,531.23
8358,4495,14,2,8764.38
8359,4496,6,1,26821.86
8360,4497,12,1,14858.61
8361,4497,4,1,7409.92
8362,4498,9,1,13846.07
8363,4499,6,1,25912.28
8364,4499,16,3,13413.68
8365,4499,20,2,1303.31
8366,4500,13,1,9948.42
8367,4500,22,1,1528.24
8368,4501,15,1,3737.81
8369,4501,1,1,537.18
8370,4502,6,1,22767.55
8371,4502,20,2,1237.87
8372,4502,22,1,1545.63
8373,4503,2,1,832.4
8374,4504,13,2,9192.54
8375,4504,7,2,2357.07
8376,4505,22,1,1511.36
8377,4506,4,1,6303.84
8378,4507,4,1,7351.12
8379,4507,22,2,1516.15
8380,4508,17,1,1194.78
8381,4509,16,1,11331.1
8382,4509,14,1,9663.81
8383,4509,8,1,9009.0
8384,4510,24,1,5541.4
8385,4511,23,1,8767.08
8386,4511,25,1,16239.79
8387,4512,16,1,13192.4
8388,4512,3,1,3810.61
8389,4513,22,1,1490.27
8390,4513,16,1,12769.06
8391,4514,25,1,15489.39
8392,4514,11,1,19692.19
8393,4515,10,1,17811.82
8394,4515,18,1,734.55
8395,4515,12,1,14069.32
8396,4516,3,1,3317.92
8397,4516,13,1,10994.84
8398,4517,22,1,1451.68
8399,4518,12,1,11725.29
8400,4518,25,1,13983.13
8401,4518,24,1,5433.48
8402,4520,12,2,13859.99
8403,4521,23,1,10198.59
8404,4522,18,1,746.85
8405,4523,19,1,1836.29
8406,4523,9,1,10595.04
8407,4523,11,3,18281.85
8408,4524,10,1,14607.63
8409,4525,2,1,768.37
8410,4526,19,1,1820.54
8411,4526,14,1,10369.49
8412,4526,11,1,18874.64
8413,4527,25,1,17568.75
8414,4528,17,1,1091.25
8415,4528,20,1,1122.59
8416,4528,12,1,14802.38
8417,4528,22,3,1301.05
8418,4529,10,1,15233.5
8419,4529,8,1,8524.38
8420,4530,23,1,10800.52
8421,4530,24,1,4982.35
8422,4531,11,2,18117.52
8423,4531,3,1,3223.47
8424,4531,21,2,5134.89
8425,4532,6,1,26057.24
8426,4532,12,1,13843.91
8427,4532,5,1,674.31
8428,4533,25,1,13471.34
8429,4533,22,1,1497.78
8430,4533,6,2,23884.0
8431,4533,17,1,1073.83
8432,4534,24,1,5297.62
8433,4534,1,1,530.37
8434,4535,12,1,15085.25
8435,4536,12,1,11783.52
8436,4536,17,1,1246.43
8437,4537,21,1,6403.16
8438,4537,22,1,1339.48
8439,4537,8,1,8244.61
8440,4538,14,1,10473.32
8441,4538,11,1,19782.88
8442,4539,1,1,522.58
8443,4539,25,1,15180.72
8444,4539,8,1,9169.64
8445,4540,5,1,605.35
8446,4541,18,1,699.55
8447,4541,21,2,5187.29
8448,4541,9,1,12365.36
8449,4542,11,1,17025.08
8450,4542,7,2,2395.92
8451,4542,9,2,10987.88
8452,4542,22,1,1373.11
8453,4543,21,1,6133.73
8454,4543,15,1,4677.86
8455,4544,10,1,17699.64
8456,4544,1,1,470.42
8457,4545,4,1,6008.36
8458,4545,15,1,3924.28
8459,4546,24,1,4719.7
8460,4547,16,1,11103.87
8461,4548,10,1,17435.56
8462,4549,3,2,3506.4
8463,4549,19,1,2033.27
8464,4550,18,1,704.64
8465,4550,3,1,4278.85
8466,4550,5,1,525.81
8467,4550,6,1,26704.12
8468,4551,8,1,8033.38
8469,4551,14,1,9318.23
8470,4551,10,1,14280.8
8471,4552,4,1,7110.2
8472,4553,9,2,11541.98
8473,4553,16,1,12780.71
8474,4553,14,1,8588.93
8475,4554,21,1,5017.09
8476,4555,9,1,11449.25
8477,4555,5,1,671.03
8478,4556,14,3,10159.24
8479,4556,4,1,6547.17
8480,4556,16,2,10751.38
8481,4557,13,2,9243.33
8482,4557,14,1,10171.52
8483,4558,24,2,5301.41
8484,4558,18,1,744.58
8485,4558,3,1,3573.99
8486,4559,15,1,4758.06
8487,4559,3,1,3375.24
8488,4560,11,1,20326.49
8489,4561,17,1,1303.24
8490,4561,6,2,25046.61
8491,4562,19,1,1843.27
8492,4562,21,2,5676.92
8493,4563,13,1,8757.92
8494,4563,20,1,1300.23
8495,4564,3,1,4158.28
8496,4564,8,1,8168.86
8497,4564,21,1,6402.41
8498,4565,2,1,886.58
8499,4565,20,1,1253.44
8500,4566,17,1,1140.3
8501,4566,11,1,21912.56
8502,4567,21,1,5268.42
8503,4567,6,1,28245.47
8504,4568,20,3,1083.26
8505,4569,17,1,1272.15
8506,4569,18,2,785.63
8507,4569,11,2,20155.6
8508,4570,1,2,466.1
8509,4571,23,1,10918.29
8510,4571,22,1,1470.49
8511,4571,18,2,768.75
8512,4572,15,3,4008.51
8513,4572,2,1,820.39
8514,4573,24,2,4310.37
8515,4573,11,1,19258.62
8516,4574,14,1,9209.72
8517,4575,25,1,14333.63
8518,4575,14,1,9519.13
8519,4576,13,2,9633.14
8520,4576,20,2,1120.44
8521,4577,17,1,1268.59
8522,4577,13,1,11397.96
8523,4578,4,1,6418.74
8524,4579,17,1,1367.31
8525,4579,10,1,14373.87
8526,4579,20,1,1035.58
8527,4579,25,1,15569.6
8528,4580,14,1,9088.44
8529,4582,22,1,1567.92
8530,4582,11,1,17061.72
8531,4583,5,1,546.44
8532,4583,25,1,16169.97
8533,4585,11,2,20816.59
8534,4585,17,1,1159.06
8535,4585,1,1,417.69
8536,4586,3,1,4188.6
8537,4586,13,2,9356.43
8538,4587,13,1,10915.22
8539,4588,10,1,14798.49
8540,4590,15,1,3956.47
8541,4590,13,1,9481.71
8542,4591,22,1,1511.89
8543,4591,16,1,12456.79
8544,4592,17,1,1124.55
8545,4593,14,1,8995.23
8546,4593,3,2,3299.81
8547,4593,20,1,1192.82
8548,4593,9,1,12185.13
8549,4594,2,1,901.84
8550,4594,23,1,8420.25
8551,4597,3,1,3533.12
8552,4597,21,1,5747.5
8553,4598,19,1,1737.9
8554,4599,24,1,4956.85
8555,4599,9,1,13016.31
8556,4599,2,1,930.27
8557,4600,17,1,1302.51
8558,4601,19,3,1761.29
8559,4602,15,1,4627.62
8560,4603,10,2,16129.11
8561,4603,4,1,6980.78
8562,4603,7,2,2485.53
8563,4604,17,1,1081.43
8564,4604,23,2,9369.94
8565,4604,11,1,21048.07
8566,4604,10,1,14273.37
8567,4605,5,1,549.63
8568,4605,20,1,1095.11
8569,4605,13,1,11112.11
8570,4606,19,1,1810.74
8571,4607,3,1,3920.87
8572,4607,4,1,7346.16
8573,4608,2,1,948.05
8574,4609,3,1,3996.78
8575,4611,25,1,16933.3
8576,4611,9,1,12749.34
8577,4611,11,1,17583.56
8578,4612,19,1,2180.16
8579,4613,3,1,4114.5
8580,4613,22,1,1396.21
8581,4613,20,1,1153.09
8582,4615,8,1,8340.04
8583,4615,21,1,5052.04
8584,4616,16,1,10581.25
8585,4616,8,1,8331.2
8586,4618,2,1,954.51
8587,4619,22,1,1418.55
8588,4620,5,1,533.21
8589,4621,10,1,16023.72
8590,4622,16,1,11681.73
8591,4622,19,3,2025.87
8592,4623,10,1,16625.78
8593,4623,3,1,4079.69
8594,4624,13,1,11280.46
8595,4624,18,1,827.27
8596,4624,14,2,8290.12
8597,4624,10,1,17889.77
8598,4625,9,1,13840.59
8599,4625,21,1,5131.23
8600,4626,20,1,1071.99
8601,4626,3,1,4154.99
8602,4627,19,1,1772.64
8603,4627,23,1,9773.87
8604,4628,19,2,1722.42
8605,4628,20,1,1280.35
8606,4628,3,1,4036.13
8607,4629,9,1,12415.29
8608,4629,23,1,10008.77
8609,4629,24,2,4615.89
8610,4630,5,1,543.0
8611,4631,17,1,1348.06
8612,4631,22,1,1529.21
8613,4632,3,2,3547.53
8614,4632,24,2,4875.25
8615,4633,4,1,7927.71
8616,4633,11,1,17266.53
8617,4634,25,2,14273.94
8618,4634,16,1,12079.43
8619,4635,8,1,9384.86
8620,4635,2,1,865.51
8621,4636,23,1,10971.51
8622,4637,10,2,17805.25
8623,4637,4,1,6900.22
8624,4637,8,1,8033.99
8625,4637,2,1,803.67
8626,4638,7,1,2476.0
8627,4639,10,1,15971.56
8628,4639,20,1,1124.5
8629,4639,25,1,14456.93
8630,4639,16,2,13253.71
8631,4640,13,1,10932.97
8632,4640,21,1,4973.92
8633,4641,9,2,11248.73
8634,4641,19,1,1683.76
8635,4641,25,1,13988.83
8636,4641,24,1,4480.09
8637,4642,25,2,13480.94
8638,4642,13,2,10792.87
8639,4642,5,2,658.6
8640,4643,19,1,2131.9
8641,4643,17,3,1279.83
8642,4645,3,1,4018.69
8643,4645,18,1,634.58
8644,4646,21,1,5202.14
8645,4646,6,1,26565.77
8646,4646,14,1,8250.61
8647,4647,23,1,11072.02
8648,4648,10,1,17235.41
8649,4648,16,2,11217.11
8650,4649,9,3,11547.76
8651,4649,6,1,22578.88
8652,4649,14,1,8770.43
8653,4650,5,2,638.0
8654,4650,17,1,1071.79
8655,4651,10,1,16113.53
8656,4651,1,1,460.17
8657,4651,8,1,7295.51
8658,4652,14,1,8890.84
8659,4652,6,1,24226.63
8660,4652,3,1,4112.66
8661,4654,17,1,1159.1
8662,4655,19,1,2092.25
8663,4655,17,1,1106.77
8664,4656,12,1,15003.72
8665,4657,11,1,19351.57
8666,4658,4,1,6044.78
8667,4658,16,1,12997.43
8668,4659,15,1,4082.62
8669,4659,24,1,4643.47
8670,4660,5,1,616.83
8671,4662,25,1,14863.13
8672,4662,7,1,2690.95
8673,4662,2,1,876.95
8674,4662,12,1,12888.06
8675,4663,18,2,818.59
8676,4663,19,1,2127.46
8677,4664,20,1,1240.92
8678,4664,22,2,1431.58
8679,4665,16,2,12373.58
8680,4665,7,1,2738.51
8681,4665,5,1,633.04
8682,4666,3,1,4269.75
8683,4666,19,1,1999.47
8684,4667,12,1,12761.03
8685,4667,16,1,11571.2
8686,4668,20,1,1054.5
8687,4669,25,1,14353.02
8688,4669,20,1,1047.59
8689,4670,16,1,11227.22
8690,4670,18,1,774.17
8691,4671,14,2,8587.37
8692,4672,3,1,3271.87
8693,4673,14,1,8662.7
8694,4674,24,1,5035.66
8695,4675,6,1,24123.37
8696,4675,20,1,1019.06
8697,4676,19,2,2168.15
8698,4676,5,3,533.72
8699,4676,21,2,4849.12
8700,4676,2,1,915.45
8701,4677,1,2,532.46
8702,4678,7,1,2392.15
8703,4678,18,1,714.08
8704,4679,14,1,8714.15
8705,4680,23,1,8851.67
8706,4680,5,1,592.19
8707,4681,1,2,469.15
8708,4681,3,2,4147.39
8709,4681,18,1,806.99
8710,4682,15,1,4594.94
8711,4682,20,1,1286.92
8712,4683,17,1,1179.21
8713,4683,20,1,1314.09
8714,4684,19,1,1839.87
8715,4684,13,2,8777.26
8716,4685,1,1,528.56
8717,4686,10,1,17204.73
8718,4686,23,1,8382.69
8719,4686,4,1,7340.55
8720,4686,11,2,17064.15
8721,4687,3,1,4309.2
8722,4688,10,1,15362.52
8723,4689,10,1,13659.53
8724,4690,9,1,14216.67
8725,4691,2,1,865.23
8726,4691,20,1,1261.14
8727,4691,8,2,7242.9
8728,4691,11,1,21411.78
8729,4692,1,1,489.33
8730,4692,10,1,17507.97
8731,4692,20,1,1313.18
8732,4693,23,1,10003.93
8733,4693,19,1,2243.3
8734,4693,11,1,18006.54
8735,4694,6,2,24429.49
8736,4695,6,1,24047.01
8737,4696,13,1,11200.89
8738,4696,10,1,15142.47
8739,4696,4,2,6082.28
8740,4696,22,1,1682.42
8741,4697,7,1,2478.81
8742,4698,9,1,11718.23
8743,4698,18,1,722.28
8744,4699,7,1,2072.41
8745,4699,1,1,419.54
8746,4699,8,2,7386.41
8747,4700,5,2,549.32
8748,4700,3,2,3351.03
8749,4701,9,1,13068.66
8750,4701,7,1,2361.69
8751,4702,13,1,9429.92
8752,4702,16,1,10434.69
8753,4702,15,3,4153.02
8754,4703,4,1,6661.89
8755,4703,25,1,17175.78
8756,4703,10,2,17750.34
8757,4704,25,1,15978.84
8758,4704,14,1,10455.2
8759,4704,3,2,3989.9
8760,4705,8,2,9043.6
8761,4705,12,1,11337.2
8762,4705,20,1,1249.08
8763,4705,5,1,584.4
8764,4707,11,1,20317.63
8765,4707,14,1,9599.39
8766,4708,10,1,15939.65
8767,4708,14,2,8320.57
8768,4709,5,1,588.97
8769,4709,11,1,20534.0
8770,4709,3,1,4184.38
8771,4710,15,1,4759.32
8772,4710,16,3,10844.11
8773,4711,11,1,19606.37
8774,4712,14,1,9928.11
8775,4712,1,1,425.87
8776,4713,12,2,12398.25
8777,4715,8,1,7960.22
8778,4715,17,1,1331.36
8779,4715,18,1,836.23
8780,4716,21,2,5830.14
8781,4716,17,2,1353.54
8782,4718,14,1,10118.28
8783,4718,25,2,14603.09
8784,4718,15,1,4043.82
8785,4719,18,2,793.76
8786,4719,6,1,21755.4
8787,4722,16,1,13410.8
8788,4723,6,2,22537.37
8789,4724,16,2,11749.94
8790,4725,1,1,444.61
8791,4725,15,2,4638.55
8792,4725,21,1,6413.94
8793,4726,12,1,13909.86
8794,4727,15,1,4806.56
8795,4728,5,1,677.33
8796,4729,14,2,8574.96
8797,4729,18,1,839.23
8798,4730,22,1,1536.24
8799,4730,24,1,4849.75
8800,4730,1,1,532.26
8801,4731,7,1,2580.8
8802,4731,15,1,3797.19
8803,4732,18,1,842.85
8804,4733,16,3,12376.83
8805,4733,25,1,14307.46
8806,4733,6,1,24263.56
8807,4734,8,1,9248.4
8808,4735,18,1,847.87
8809,4736,19,1,1890.05
8810,4737,9,1,13743.91
8811,4737,25,1,16547.82
8812,4737,3,1,4149.2
8813,4738,21,2,5574.37
8814,4738,4,2,6078.7
8815,4739,18,1,737.29
8816,4739,20,1,1284.67
8817,4739,11,1,20630.6
8818,4740,7,2,2236.16
8819,4740,8,1,7898.68
8820,4741,10,1,17346.94
8821,4741,7,3,2298.57
8822,4741,11,1,19054.05
8823,4742,3,1,3988.03
8824,4744,8,1,9007.5
8825,4744,23,1,9222.03
8826,4744,16,2,12778.63
8827,4744,6,1,25363.12
8828,4745,3,2,3543.68
8829,4745,12,1,15107.59
8830,4746,19,1,1853.53
8831,4746,22,1,1270.17
8832,4747,15,1,4584.31
8833,4748,14,1,9914.82
8834,4748,15,1,4825.45
8835,4749,16,1,12356.19
8836,4750,9,1,12755.99
8837,4750,13,2,11530.87
8838,4751,23,1,8400.0
8839,4751,9,1,13487.16
8840,4752,8,1,7773.0
8841,4752,25,1,17270.52
8842,4752,9,1,13901.06
8843,4752,23,1,10395.73
8844,4753,2,1,862.07
8845,4753,25,1,15927.86
8846,4753,18,2,773.07
8847,4754,25,1,17438.41
8848,4755,16,1,12412.29
8849,4755,5,1,602.59
8850,4756,2,1,863.13
8851,4756,23,1,8553.25
8852,4757,24,1,5233.08
8853,4757,3,1,4247.28
8854,4757,19,1,2080.51
8855,4758,18,2,641.99
8856,4759,20,1,1254.47
8857,4759,5,1,641.1
8858,4759,25,1,13726.39
8859,4760,17,1,1169.34
8860,4760,7,3,2583.2
8861,4760,14,1,7945.11
8862,4760,20,1,1162.22
8863,4761,10,1,16709.65
8864,4762,18,1,695.35
8865,4762,8,2,7353.61
8866,4762,1,1,457.38
8867,4762,10,1,14821.98
8868,4763,4,2,6292.13
8869,4763,8,1,7462.36
8870,4765,14,1,8049.41
8871,4765,12,1,14059.06
8872,4766,2,1,813.07
8873,4766,8,1,7185.72
8874,4767,13,2,11590.22
8875,4767,17,1,1255.21
8876,4768,9,2,14043.85
8877,4769,11,1,20645.9
8878,4769,25,1,15742.37
8879,4770,18,1,677.03
8880,4770,6,1,25397.73
8881,4770,22,1,1400.82
8882,4770,21,1,5272.12
8883,4771,4,1,6940.26
8884,4771,21,3,4923.07
8885,4771,16,2,10825.13
8886,4773,20,1,1106.91
8887,4773,15,1,4321.14
8888,4774,3,1,3300.0
8889,4774,20,1,1243.88
8890,4775,14,1,8886.12
8891,4776,8,1,8348.16
8892,4776,12,1,12729.67
8893,4778,13,1,11187.53
8894,4778,3,1,3613.86
8895,4779,15,2,4643.19
8896,4780,20,1,1264.76
8897,4780,8,1,8051.99
8898,4780,13,1,11376.8
8899,4781,23,1,8899.12
8900,4781,3,1,3665.71
8901,4781,8,1,7581.54
8902,4783,1,1,501.49
8903,4784,22,1,1320.77
8904,4785,7,1,2711.26
8905,4785,11,1,19377.09
8906,4785,2,1,939.28
8907,4785,22,1,1702.17
8908,4786,1,1,469.49
8909,4787,13,1,11344.38
8910,4788,1,1,485.13
8911,4788,7,2,2184.02
8912,4789,8,1,7249.48
8913,4789,18,2,849.61
8914,4790,7,2,2373.33
8915,4790,15,1,4132.58
8916,4791,22,2,1394.16
8917,4791,20,3,1047.35
8918,4792,17,1,1372.04
8919,4792,1,1,538.44
8920,4793,17,1,1339.47
8921,4793,6,2,24302.96
8922,4793,1,1,452.22
8923,4793,13,1,11533.39
8924,4794,10,2,17318.82
8925,4794,21,1,5808.09
8926,4794,9,1,12936.2
8927,4795,25,1,14760.21
8928,4795,16,1,10344.3
8929,4796,16,1,11162.8
8930,4796,12,1,14242.3
8931,4797,16,1,11461.53
8932,4797,24,1,4625.88
8933,4798,16,1,12803.17
8934,4800,21,1,5084.98
8935,4801,24,1,4517.85
8936,4801,16,1,11843.47
8937,4802,5,1,669.59
8938,4802,16,1,12384.34
8939,4802,18,1,847.53
8940,4802,1,2,525.41
8941,4804,3,1,3536.59
8942,4805,12,2,11781.92
8943,4807,15,1,4342.1
8944,4807,7,1,2071.44
8945,4807,5,1,647.68
8946,4807,2,1,944.88
8947,4809,23,1,9568.95
8948,4810,25,1,14982.76
8949,4810,19,1,2044.44
8950,4810,24,1,4254.6
8951,4810,12,1,14253.34
8952,4812,23,1,8806.03
8953,4813,8,1,7844.75
8954,4814,24,3,5321.08
8955,4814,16,1,11901.46
8956,4815,10,1,13675.79
8957,4815,20,1,1272.76
8958,4815,17,3,1390.88
8959,4816,4,1,6579.15
8960,4817,18,1,793.42
8961,4817,14,1,8188.88
8962,4817,11,1,18127.88
8963,4818,21,1,5471.42
8964,4819,19,1,2054.04
8965,4819,2,2,831.27
8966,4820,5,2,534.01
8967,4820,25,1,16292.16
8968,4821,6,1,27211.74
8969,4821,23,1,10723.9
8970,4822,22,3,1269.68
8971,4823,7,1,2784.83
8972,4824,7,1,2184.02
8973,4825,17,2,1059.37
8974,4825,25,2,17676.04
8975,4826,22,1,1339.7
8976,4826,4,1,6633.27
8977,4826,5,1,612.62
8978,4827,2,3,865.01
8979,4828,7,2,2709.4
8980,4828,17,1,1394.9
8981,4829,14,1,8818.82
8982,4829,9,1,11581.72
8983,4829,18,1,747.59
8984,4830,22,1,1331.96
8985,4830,23,1,10009.65
8986,4830,1,1,503.63
8987,4831,19,1,2040.07
8988,4833,15,2,3947.91
8989,4833,8,1,7700.91
8990,4833,5,1,558.11
8991,4834,6,1,25025.65
8992,4834,18,1,653.19
8993,4834,21,2,5295.38
8994,4835,21,2,5065.91
8995,4835,22,1,1273.25
8996,4836,4,2,7099.88
8997,4837,21,1,6334.62
8998,4838,1,1,524.58
8999,4838,9,1,11166.76
9000,4839,23,1,10330.35
9001,4839,12,1,13571.23
9002,4840,17,2,1309.64
9003,4841,16,1,11121.55
9004,4841,9,1,10996.99
9005,4842,14,2,8832.13
9006,4842,4,1,7411.72
9007,4843,1,1,522.67
9008,4845,14,1,8203.02
9009,4846,14,1,8801.14
9010,4846,4,1,6706.95
9011,4847,20,1,1129.77
9012,4847,8,1,8166.87
9013,4849,3,1,3857.44
9014,4849,21,1,5957.32
9015,4849,22,1,1662.15
9016,4850,16,1,13606.54
9017,4851,13,1,10712.44
9018,4851,23,2,10708.29
9019,4852,1,1,490.09
9020,4852,10,1,14043.06
9021,4854,15,1,4487.37
9022,4854,4,2,6793.7
9023,4854,11,1,17247.13
9024,4854,24,2,4852.01
9025,4855,18,1,641.75
9026,4856,4,1,7981.38
9027,4856,22,1,1674.64
9028,4857,22,3,1330.47
9029,4859,19,1,1849.32
9030,4859,1,1,509.1
9031,4860,5,1,681.97
9032,4860,2,1,842.82
9033,4860,1,1,518.09
9034,4860,3,1,3909.3
9035,4861,19,1,2142.64
9036,4861,17,1,1375.68
9037,4861,12,1,11871.0
9038,4861,22,1,1465.96
9039,4862,21,1,4890.87
9040,4862,10,2,13703.98
9041,4863,1,1,453.08
9042,4863,7,1,2077.25
9043,4864,17,1,1209.1
9044,4864,5,2,636.58
9045,4864,19,1,1667.91
9046,4865,4,2,6853.15
9047,4865,19,2,2017.48
9048,4866,10,1,17070.22
9049,4866,20,1,1254.62
9050,4867,13,1,11267.88
9051,4868,9,2,11038.28
9052,4868,19,1,1807.71
9053,4868,18,1,684.71
9054,4868,5,1,639.44
9055,4869,1,1,486.11
9056,4870,4,1,7173.28
9057,4871,3,3,3732.73
9058,4871,16,1,11466.31
9059,4871,21,2,6333.32
9060,4871,9,1,12225.93
9061,4872,19,1,2158.81
9062,4873,4,1,7134.88
9063,4874,15,3,4126.77
9064,4874,13,1,9278.41
9065,4874,23,1,9868.43
9066,4876,8,1,8075.89
9067,4877,3,2,3788.31
9068,4877,8,1,8103.03
9069,4878,11,1,17824.18
9070,4878,1,1,489.28
9071,4879,3,1,4063.92
9072,4879,22,1,1276.61
9073,4880,9,2,13779.64
9074,4880,7,1,2476.86
9075,4881,25,1,14942.25
9076,4882,22,2,1594.21
9077,4883,11,1,16710.32
9078,4883,6,2,23978.98
9079,4883,3,1,3517.09
9080,4884,13,1,8857.25
9081,4884,21,1,5826.0
9082,4884,16,2,12999.19
9083,4884,14,1,9793.24
9084,4885,4,2,6121.34
9085,4886,18,1,636.03
9086,4886,11,1,20800.33
9087,4888,23,3,11142.09
9088,4888,12,1,13458.26
9089,4889,10,1,16206.13
9090,4890,8,1,8049.67
9091,4890,21,1,5390.59
9092,4891,8,1,9194.92
9093,4891,10,2,18172.03
9094,4891,21,1,5025.83
9095,4894,12,2,13403.73
9096,4896,12,1,13823.73
9097,4897,24,1,5288.12
9098,4897,15,1,3859.78
9099,4898,14,1,9549.72
9100,4898,3,1,3238.18
9101,4898,17,2,1053.17
9102,4898,12,2,14149.7
9103,4899,3,1,3403.55
9104,4900,5,1,566.42
9105,4900,13,1,8886.04
9106,4901,21,1,6067.78
9107,4901,14,2,10300.52
9108,4901,8,2,9320.15
9109,4902,13,1,9348.26
9110,4902,1,2,460.45
9111,4902,18,1,846.4
9112,4903,9,1,13504.79
9113,4903,15,1,4909.33
9114,4903,25,1,16674.11
9115,4904,13,2,11673.75
9116,4905,24,1,5076.67
9117,4906,24,1,4873.52
9118,4907,15,3,3742.45
9119,4907,12,1,13840.06
9120,4908,20,1,1097.72
9121,4908,16,1,12963.66
9122,4908,23,2,8805.68
9123,4909,14,1,8307.69
9124,4911,5,1,667.01
9125,4912,3,1,4165.53
9126,4912,1,1,426.18
9127,4912,16,2,10855.66
9128,4913,12,1,14003.36
9129,4915,7,1,2474.67
9130,4915,4,1,6094.41
9131,4916,3,1,3445.09
9132,4916,19,1,1706.01
9133,4916,16,1,12284.65
9134,4917,24,1,5572.89
9135,4919,21,1,5220.34
9136,4919,16,1,11386.14
9137,4919,15,2,3728.39
9138,4919,25,1,15557.16
9139,4920,21,1,5880.65
9140,4920,25,1,17314.59
9141,4921,16,1,11079.23
9142,4922,10,1,14757.54
9143,4922,14,1,10013.38
9144,4922,5,1,696.13
9145,4922,20,1,1125.15
9146,4923,21,1,6475.94
9147,4924,4,2,6494.03
9148,4925,16,2,10914.74
9149,4925,17,3,1281.75
9150,4925,18,2,833.17
9151,4925,12,1,12747.44
9152,4926,17,2,1129.55
9153,4927,3,1,4323.35
9154,4928,18,1,703.09
9155,4928,13,1,10216.29
9156,4930,17,1,1165.04
9157,4931,10,1,16190.53
9158,4931,12,1,12255.57
9159,4932,15,1,3846.91
9160,4933,6,1,28413.97
9161,4934,21,1,5270.01
9162,4935,3,1,4271.13
9163,4935,17,1,1316.18
9164,4937,10,1,14033.33
9165,4937,13,2,10697.03
9166,4937,15,2,3716.6
9167,4939,11,1,18456.6
9168,4939,10,1,13636.25
9169,4939,18,1,653.52
9170,4939,24,1,4175.39
9171,4940,16,1,11938.98
9172,4941,24,1,4530.57
9173,4941,9,3,13744.45
9174,4942,18,1,769.5
9175,4942,19,1,2081.75
9176,4943,14,1,8039.7
9177,4943,9,1,12019.7
9178,4944,14,1,8754.08
9179,4945,16,1,10548.87
9180,4945,23,1,8976.02
9181,4945,14,2,7995.2
9182,4946,2,1,751.49
9183,4946,8,1,8222.61
9184,4946,9,1,13174.46
9185,4947,17,1,1088.68
9186,4948,5,2,619.51
9187,4948,17,1,1121.11
9188,4949,25,1,13878.18
9189,4949,11,1,21640.54
9190,4950,11,2,21111.31
9191,4950,5,2,659.94
9192,4951,24,2,4744.41
9193,4952,18,1,736.8
9194,4953,15,1,4241.35
9195,4953,4,1,6395.05
9196,4954,4,1,6455.39
9197,4955,11,1,18651.65
9198,4955,24,1,5071.87
9199,4956,4,1,6389.87
9200,4956,12,1,13091.05
9201,4956,8,1,8847.77
9202,4957,11,1,22164.17
9203,4958,1,2,542.3
9204,4958,23,3,9158.94
9205,4958,13,1,9264.53
9206,4959,10,1,14782.53
9207,4960,16,2,10801.51
9208,4960,3,2,3505.32
9209,4960,9,1,13828.73
9210,4961,13,1,10206.93
9211,4961,10,1,14962.52
9212,4962,14,2,10278.43
9213,4962,3,1,3494.68
9214,4963,19,1,2018.21
9215,4963,25,3,16911.95
9216,4963,13,1,11619.23
9217,4964,13,1,9853.02
9218,4964,14,2,8391.5
9219,4965,5,1,554.83
9220,4965,20,1,1100.97
9221,4966,11,2,19872.31
9222,4966,15,1,4019.23
9223,4966,10,1,13967.84
9224,4967,13,2,9576.49
9225,4967,3,1,4331.78
9226,4967,20,1,1076.88
9227,4968,25,1,14499.85
9228,4968,13,2,10931.62
9229,4968,15,1,3796.82
9230,4969,12,1,13728.51
9231,4969,5,1,607.34
9232,4969,22,1,1580.91
9233,4969,16,1,12070.95
9234,4971,5,2,684.82
9235,4972,20,1,1308.08
9236,4974,20,1,1195.99
9237,4974,5,1,640.83
9238,4975,21,1,5197.23
9239,4975,16,1,10767.4
9240,4976,23,1,9284.5
9241,4976,25,2,13566.42
9242,4976,24,2,4484.71
9243,4977,7,1,2728.5
9244,4977,16,1,10437.8
9245,4978,14,1,10196.16
9246,4978,6,1,21284.81
9247,4978,3,1,4136.8
9248,4978,13,2,9493.3
9249,4979,16,1,13679.65
9250,4979,4,1,6770.23
9251,4980,19,2,2128.41
9252,4980,12,1,12346.65
9253,4980,22,1,1674.3
9254,4980,5,1,558.87
9255,4981,23,1,11020.31
9256,4982,11,1,22361.98
9257,4986,15,1,4552.99
9258,4987,7,1,2219.81
9259,4988,14,3,10255.79
9260,4988,10,1,15249.84
9261,4988,15,1,4926.39
9262,4989,9,1,14241.32
9263,4989,4,1,7286.9
9264,4990,1,1,452.13
9265,4991,1,1,464.03
9266,4992,9,1,11057.91
9267,4993,21,1,5589.47
9268,4994,16,1,13724.14
9269,4995,3,1,4117.41
9270,4995,24,1,5289.41
9271,4995,23,1,9832.7
9272,4995,19,2,1995.8
9273,4996,8,1,8741.98
9274,4996,22,1,1551.02
9275,4996,4,1,6153.25
9276,4996,21,2,6433.04
9277,4997,12,1,13318.05
9278,4997,23,1,9547.85
9279,4998,25,1,17014.37
9280,4999,11,1,18832.04
9281,4999,5,2,626.43
9282,5000,22,2,1582.91
9283,5000,1,1,456.54
9284,5000,4,1,6796.46
9285,5001,8,1,7492.99
9286,5001,20,1,1186.6
9287,5002,14,2,10368.67
9288,5003,19,1,1729.75
9289,5003,6,1,28633.53
9290,5003,3,2,3830.37
9291,5003,22,1,1631.98
9292,5004,5,2,633.94
9293,5005,20,1,1016.24
9294,5006,11,2,17670.52
9295,5006,23,3,10176.78
9296,5006,4,1,7549.65
9297,5007,22,1,1462.85
9298,5008,18,1,678.06
9299,5008,4,2,8025.98
9300,5009,22,1,1490.96
9301,5009,11,1,21259.35
9302,5009,3,1,3630.25
9303,5009,5,1,678.62
9304,5010,18,1,841.74
9305,5011,17,1,1131.86
9306,5012,17,1,1314.5
9307,5013,22,1,1570.78
9308,5015,4,3,7701.95
9309,5017,3,3,3816.2
9310,5018,17,1,1216.97
9311,5020,2,1,961.31
9312,5020,4,1,7737.56
9313,5021,6,2,27220.21
9314,5021,20,1,1285.12
9315,5021,11,1,17524.22
9316,5022,15,2,3910.65
9317,5022,3,1,4320.05
9318,5022,24,1,4399.64
9319,5022,22,1,1457.31
9320,5023,13,1,11284.65
9321,5023,3,1,3894.56
9322,5023,4,1,6112.57
9323,5024,25,2,15310.68
9324,5025,20,1,1245.42
9325,5026,21,1,6476.99
9326,5026,3,1,4250.14
9327,5027,10,1,17475.67
9328,5027,4,1,6369.82
9329,5028,25,1,15447.07
9330,5028,22,1,1454.4
9331,5029,7,2,2154.75
9332,5029,4,2,6403.5
9333,5030,14,1,9795.43
9334,5030,22,1,1342.05
9335,5030,3,2,3692.45
9336,5031,12,2,14428.83
9337,5031,13,2,9764.53
9338,5031,6,1,22006.23
9339,5032,5,1,627.07
9340,5033,18,2,698.74
9341,5033,8,1,8705.03
9342,5034,23,1,9338.92
9343,5035,3,1,3553.76
9344,5035,18,2,751.56
9345,5036,24,1,4763.6
9346,5036,17,1,1288.57
9347,5037,4,1,6870.78
9348,5038,4,1,6248.35
9349,5038,10,1,17337.28
9350,5039,17,1,1370.46
9351,5040,7,1,2184.39
9352,5042,4,1,7248.2
9353,5042,7,1,2137.33
9354,5042,3,1,3525.82
9355,5042,12,1,11441.85
9356,5043,16,2,13683.53
9357,5043,21,1,5719.5
9358,5043,8,1,8403.72
9359,5043,18,1,743.61
9360,5045,1,1,532.46
9361,5046,1,1,474.28
9362,5046,2,2,999.2
9363,5046,15,1,4391.59
9364,5047,14,1,10045.33
9365,5048,9,1,11174.64
9366,5048,20,1,1073.86
9367,5049,14,1,8451.25
9368,5049,9,1,13060.05
9369,5050,22,1,1556.28
9370,5051,11,1,17435.81
9371,5051,9,1,13070.71
9372,5052,3,1,3367.41
9373,5053,12,1,11677.45
9374,5053,8,1,8013.81
9375,5054,21,1,6254.83
9376,5055,15,1,4153.46
9377,5055,12,1,12694.65
9378,5056,9,1,12173.34
9379,5057,20,2,1161.84
9380,5057,21,2,5205.61
9381,5057,22,1,1410.91
9382,5057,11,1,21030.19
9383,5058,25,1,15723.66
9384,5058,4,1,6154.55
9385,5059,16,1,10246.28
9386,5059,12,1,12956.11
9387,5059,24,2,4917.34
9388,5060,13,1,8983.97
9389,5060,18,1,786.38
9390,5060,25,1,17587.15
9391,5060,12,1,11972.9
9392,5061,17,1,1091.3
9393,5062,1,1,529.98
9394,5063,13,1,8808.34
9395,5063,7,1,2756.62
9396,5064,16,1,11735.18
9397,5064,23,2,9092.96
9398,5064,5,1,640.6
9399,5065,3,2,3223.69
9400,5065,12,1,11588.98
9401,5067,14,1,9711.78
9402,5068,8,2,9126.04
9403,5068,11,1,22145.37
9404,5068,7,1,2642.82
9405,5068,22,1,1377.85
9406,5069,24,1,4768.11
9407,5069,21,1,6244.49
9408,5070,2,1,901.07
9409,5070,5,1,567.33
9410,5070,7,1,2097.16
9411,5071,23,1,9814.22
9412,5071,16,1,10364.66
9413,5071,9,1,11822.08
9414,5071,10,1,16225.89
9415,5072,10,1,18270.84
9416,5073,1,1,461.92
9417,5073,25,1,16628.68
9418,5073,14,1,8749.41
9419,5074,19,1,1804.83
9420,5075,11,1,19735.89
9421,5076,10,2,15803.58
9422,5076,14,1,8254.2
9423,5076,17,1,1293.03
9424,5077,18,1,736.33
9425,5079,23,1,9477.6
9426,5081,11,2,17761.15
9427,5081,17,1,1069.12
9428,5082,13,2,9843.54
9429,5082,11,1,21785.04
9430,5082,9,1,14104.51
9431,5082,4,1,7461.6
9432,5083,14,2,8340.07
9433,5083,17,1,1187.85
9434,5083,19,1,1801.48
9435,5083,1,1,465.28
9436,5084,13,1,8970.31
9437,5085,5,1,665.49
9438,5086,16,1,12441.15
9439,5086,24,1,5567.92
9440,5086,21,2,4864.46
9441,5087,11,2,18126.98
9442,5088,8,1,8486.13
9443,5088,18,1,812.88
9444,5089,23,1,8354.19
9445,5090,6,1,24375.09
9446,5090,10,2,15100.15
9447,5091,12,2,11277.38
9448,5091,22,1,1654.95
9449,5093,22,1,1533.04
9450,5093,24,1,5316.22
9451,5094,16,1,11591.94
9452,5094,17,1,1134.87
9453,5094,25,1,15603.1
9454,5096,7,2,2084.18
9455,5096,20,1,1263.69
9456,5096,12,1,13709.75
9457,5096,25,1,13312.75
9458,5098,20,1,1113.22
9459,5099,11,1,16801.54
9460,5099,18,1,752.23
9461,5100,11,1,21679.21
9462,5100,21,1,6041.58
9463,5101,9,2,11228.97
9464,5101,24,1,5308.56
9465,5101,25,2,15369.99
9466,5101,18,2,844.22
9467,5102,12,1,11871.78
9468,5102,11,1,18467.2
9469,5102,16,1,10894.16
9470,5103,11,1,17038.09
9471,5103,13,1,10375.85
9472,5103,24,1,5569.32
9473,5104,18,1,717.38
9474,5104,2,1,860.49
9475,5104,11,2,22251.61
9476,5106,4,1,7814.83
9477,5107,1,2,413.29
9478,5108,6,2,22556.75
9479,5108,17,1,1239.68
9480,5108,11,1,19650.3
9481,5109,2,1,863.7
9482,5109,19,1,1896.83
9483,5109,5,1,543.95
9484,5110,25,1,16053.98
9485,5112,7,1,2469.31
9486,5112,18,1,750.02
9487,5112,24,1,4734.28
9488,5113,12,1,11752.9
9489,5113,9,1,13661.5
9490,5114,14,1,8693.68
9491,5114,16,2,11024.62
9492,5115,22,2,1630.12
9493,5115,7,3,2252.92
9494,5115,15,2,4510.61
9495,5115,3,1,3802.33
9496,5116,10,1,15180.39
9497,5116,16,1,10860.53
9498,5117,5,1,542.64
9499,5117,12,1,13052.31
9500,5117,7,1,2757.32
9501,5118,7,1,2716.2
9502,5118,6,1,25210.26
9503,5118,5,1,663.92
9504,5119,20,3,1194.26
9505,5119,12,1,12544.75
9506,5119,9,1,12929.53
9507,5119,11,1,18021.41
9508,5120,4,1,7418.86
9509,5121,17,1,1283.21
9510,5122,7,1,2387.4
9511,5122,12,1,13265.62
9512,5124,16,2,11757.04
9513,5126,24,3,5219.09
9514,5127,13,1,10454.76
9515,5128,25,1,13355.48
9516,5129,23,2,10531.26
9517,5129,14,1,7895.33
9518,5129,8,1,9415.25
9519,5129,9,1,13811.82
9520,5130,17,1,1219.54
9521,5130,12,1,12591.49
9522,5130,3,2,3622.59
9523,5130,7,1,2350.91
9524,5131,11,1,17798.64
9525,5131,18,1,829.57
9526,5131,21,1,5478.23
9527,5132,19,1,2027.75
9528,5133,22,1,1447.36
9529,5133,18,1,719.58
9530,5134,18,1,648.31
9531,5135,14,1,9443.57
9532,5135,12,2,14738.42
9533,5135,24,1,4392.44
9534,5136,11,1,19581.18
9535,5136,2,1,852.55
9536,5136,6,1,24774.09
9537,5136,23,1,9879.58
9538,5137,7,1,2134.84
9539,5138,17,1,1369.7
9540,5138,21,1,6386.16
9541,5138,5,1,659.9
9542,5139,10,1,16760.51
9543,5140,17,1,1350.24
9544,5140,5,1,643.97
9545,5140,16,1,12233.51
9546,5141,22,1,1286.09
9547,5141,6,2,21278.57
9548,5142,14,1,9462.59
9549,5143,21,1,4957.93
9550,5143,24,1,5222.91
9551,5143,4,1,7862.49
9552,5143,6,2,25174.11
9553,5144,19,1,1740.76
9554,5144,16,1,11487.64
9555,5144,13,2,10262.09
9556,5144,23,2,9550.35
9557,5145,17,1,1145.15
9558,5145,8,1,8097.01
9559,5146,20,1,1264.19
9560,5146,25,3,13539.44
9561,5146,21,1,5443.84
9562,5147,4,1,7169.76
9563,5147,21,1,6234.33
9564,5148,1,1,452.68
9565,5148,5,1,656.82
9566,5148,15,1,4085.53
9567,5149,11,1,17689.9
9568,5151,6,1,26102.41
9569,5152,22,1,1538.25
9570,5152,11,3,21426.97
9571,5153,9,2,11919.44
9572,5154,1,1,433.45
9573,5154,24,1,5562.74
9574,5155,16,1,13086.52
9575,5155,2,1,778.51
9576,5156,9,1,11268.56
9577,5156,23,1,8472.91
9578,5157,15,2,4602.89
9579,5157,13,1,11466.71
9580,5157,1,1,515.63
9581,5158,19,1,2241.43
9582,5158,7,1,2603.38
9583,5158,11,1,18608.42
9584,5159,22,2,1673.49
9585,5159,19,1,1888.76
9586,5160,7,1,2130.35
9587,5161,23,2,10258.56
9588,5161,1,2,511.08
9589,5161,25,1,14738.55
9590,5161,5,1,680.06
9591,5162,1,2,455.98
9592,5162,22,1,1633.63
9593,5162,18,1,820.55
9594,5162,23,1,10147.06
9595,5163,14,1,8671.32
9596,5163,3,1,3250.89
9597,5164,23,1,10297.16
9598,5164,2,1,806.18
9599,5164,24,1,5354.15
9600,5164,22,1,1288.23
9601,5165,16,1,10909.25
9602,5165,2,1,799.76
9603,5166,3,1,4154.61
9604,5166,7,2,2596.53
9605,5167,18,2,642.65
9606,5167,9,2,11041.14
9607,5168,4,1,7570.45
9608,5168,2,1,923.88
9609,5168,13,1,10673.84
9610,5168,21,1,5917.28
9611,5169,2,2,862.8
9612,5170,14,1,8056.99
9613,5170,19,1,1767.8
9614,5171,19,1,1892.85
9615,5172,9,1,11582.05
9616,5173,11,1,19581.34
9617,5173,15,1,4315.78
9618,5173,12,2,11410.87
9619,5174,14,1,8945.62
9620,5175,1,1,404.14
9621,5176,11,1,19247.69
9622,5176,16,3,10859.97
9623,5177,23,1,9511.69
9624,5177,11,1,16808.42
9625,5178,9,2,13992.39
9626,5178,10,3,14456.94
9627,5179,24,1,5179.71
9628,5180,8,2,7767.46
9629,5181,25,1,17213.13
9630,5181,7,2,2399.36
9631,5181,15,1,4092.8
9632,5182,6,1,21720.59
9633,5185,1,2,477.89
9634,5185,25,1,16354.88
9635,5185,2,2,764.27
9636,5186,5,3,534.82
9637,5187,21,1,5956.18
9638,5187,5,1,546.54
9639,5187,13,1,10306.36
9640,5188,15,1,4694.27
9641,5189,6,1,22646.48
9642,5189,18,1,849.94
9643,5189,17,1,1250.48
9644,5189,22,1,1647.0
9645,5190,12,1,12453.7
9646,5191,23,1,8919.21
9647,5192,3,1,4282.27
9648,5192,14,1,8432.95
9649,5192,7,1,2477.34
9650,5192,20,1,1127.85
9651,5193,23,1,9240.07
9652,5193,19,1,1959.65
9653,5193,20,1,1111.08
9654,5194,4,2,6437.81
9655,5194,1,1,409.1
9656,5194,15,1,4726.59
9657,5195,8,3,7143.53
9658,5195,24,1,4300.66
9659,5196,15,1,4357.98
9660,5196,13,1,9280.19
9661,5197,6,1,28080.33
9662,5198,5,1,567.63
9663,5198,23,1,10282.43
9664,5199,1,1,491.3
9665,5200,23,1,9954.36
9666,5200,3,1,4320.74
